{
"type": "FeatureCollection",
"name": "at-discovered",
"crs": { "type": "name", "properties": { "name": "urn:ogc:def:crs:OGC:1.3:CRS84" } },
"features": [
{ "type": "Feature", "properties": { "stop_id": "osm-way-29990822", "name": "Parkplatz Urisee" }, "geometry": { "type": "Polygon", "coordinates": [ [ [ 10.7371584, 47.5007944 ], [ 10.7369036, 47.501185 ], [ 10.7366535, 47.5015685 ], [ 10.7364727, 47.5016228 ], [ 10.7363325, 47.5016576 ], [ 10.7363021, 47.5015405 ], [ 10.7362666, 47.5014909 ], [ 10.7362585, 47.5014452 ], [ 10.7367232, 47.500709 ], [ 10.7367863, 47.5006628 ], [ 10.73686, 47.5006241 ], [ 10.7369976, 47.5006358 ], [ 10.7370569, 47.5006668 ], [ 10.7371064, 47.5006926 ], [ 10.7371584, 47.5007944 ] ] ] } },
{ "type": "Feature", "properties": { "stop_id": "osm-way-35323434", "name": "Raststation Ansfelden Nord" }, "geometry": { "type": "Polygon", "coordinates": [ [ [ 14.2828477, 48.2142075 ], [ 14.2828089, 48.2140694 ], [ 14.2827551, 48.2138981 ], [ 14.2824125, 48.2137407 ], [ 14.2817187, 48.2134575 ], [ 14.2812071, 48.2132394 ], [ 14.2804535, 48.2129178 ], [ 14.2795197, 48.2125079 ], [ 14.2793539, 48.2124334 ], [ 14.2793092, 48.2124855 ], [ 14.2792376, 48.2125789 ], [ 14.2791854, 48.2126776 ], [ 14.2791267, 48.2127935 ], [ 14.2790172, 48.2129398 ], [ 14.2790428, 48.2129545 ], [ 14.2795884, 48.2138565 ], [ 14.2796382, 48.2139214 ], [ 14.2801023, 48.2142655 ], [ 14.2801827, 48.21432 ], [ 14.2802766, 48.2143656 ], [ 14.280412, 48.2143729 ], [ 14.2821904, 48.2150957 ], [ 14.2821323, 48.2151531 ], [ 14.2823669, 48.2152108 ], [ 14.2826933, 48.2152708 ], [ 14.2832485, 48.2153745 ], [ 14.2835022, 48.215411 ], [ 14.2846335, 48.2154434 ], [ 14.2848183, 48.2153004 ], [ 14.2849148, 48.2151998 ], [ 14.2849452, 48.2151647 ], [ 14.2849738, 48.2151325 ], [ 14.284955, 48.2151088 ], [ 14.284698, 48.2150114 ], [ 14.2840045, 48.2147529 ], [ 14.282917, 48.2142866 ], [ 14.2828477, 48.2142075 ] ] ] } },
{ "type": "Feature", "properties": { "stop_id": "osm-way-35323435", "name": "Raststation Ansfelden Süd" }, "geometry": { "type": "Polygon", "coordinates": [ [ [ 14.2811027, 48.2127474 ], [ 14.2809635, 48.2123553 ], [ 14.2808891, 48.2122715 ], [ 14.2806705, 48.2121853 ], [ 14.2805768, 48.2121071 ], [ 14.2805626, 48.2120219 ], [ 14.2806548, 48.2119319 ], [ 14.2807947, 48.2118579 ], [ 14.280923, 48.2117743 ], [ 14.2810217, 48.2116861 ], [ 14.2811127, 48.2115855 ], [ 14.2811969, 48.2114823 ], [ 14.2812471, 48.2114279 ], [ 14.2812732, 48.2114058 ], [ 14.2813219, 48.2114012 ], [ 14.2813744, 48.2114026 ], [ 14.2815178, 48.2114437 ], [ 14.28163, 48.2114707 ], [ 14.2817487, 48.2114895 ], [ 14.2818807, 48.2114992 ], [ 14.2821517, 48.2115166 ], [ 14.2823265, 48.2115217 ], [ 14.282527, 48.2115218 ], [ 14.2828321, 48.211505 ], [ 14.2830862, 48.2114912 ], [ 14.2831441, 48.2114961 ], [ 14.2831905, 48.2115173 ], [ 14.2832263, 48.2115737 ], [ 14.2832515, 48.211632 ], [ 14.2833024, 48.2116909 ], [ 14.2833777, 48.2117613 ], [ 14.2834472, 48.2118129 ], [ 14.283503, 48.2118448 ], [ 14.2835465, 48.2118706 ], [ 14.2835742, 48.2119144 ], [ 14.2835788, 48.2119455 ], [ 14.2835456, 48.2119842 ], [ 14.2836029, 48.2120121 ], [ 14.2836926, 48.2120219 ], [ 14.2837641, 48.2119797 ], [ 14.283832, 48.2119564 ], [ 14.2838723, 48.2119506 ], [ 14.2839127, 48.211953 ], [ 14.2841101, 48.2120081 ], [ 14.2844779, 48.212126 ], [ 14.2846518, 48.2121961 ], [ 14.2847986, 48.2122785 ], [ 14.2849017, 48.2123504 ], [ 14.285013, 48.212453 ], [ 14.2851123, 48.2125853 ], [ 14.2851702, 48.2126901 ], [ 14.2851998, 48.2128076 ], [ 14.2852081, 48.2129668 ], [ 14.2852008, 48.2131475 ], [ 14.2851663, 48.213673 ], [ 14.2851448, 48.2139813 ], [ 14.2851502, 48.2141261 ], [ 14.285128, 48.2141564 ], [ 14.2850955, 48.2141779 ], [ 14.2850283, 48.2141924 ], [ 14.2848505, 48.2141269 ], [ 14.2847409, 48.2141182 ], [ 14.2844545, 48.2141623 ], [ 14.2842715, 48.2141526 ], [ 14.2811027, 48.2127474 ] ] ] } },
{ "type": "Feature", "properties": { "stop_id": "osm-way-35980516", "name": "Weißenbach" }, "geometry": { "type": "Polygon", "coordinates": [ [ [ 13.7980957, 46.6450925 ], [ 13.7989047, 46.6446086 ], [ 13.7989935, 46.6444374 ], [ 13.7990734, 46.6443151 ], [ 13.7992382, 46.644146 ], [ 13.7989591, 46.6443112 ], [ 13.7989658, 46.6443364 ], [ 13.7989271, 46.6443789 ], [ 13.7980358, 46.6448933 ], [ 13.7979259, 46.6449482 ], [ 13.7978993, 46.6449436 ], [ 13.7976605, 46.645083 ], [ 13.7977695, 46.6450813 ], [ 13.7979176, 46.6450596 ], [ 13.7980957, 46.6450925 ] ] ] } },
{ "type": "Feature", "properties": { "stop_id": "osm-way-42216901", "name": "Raststation Deutsch-Wagram" }, "geometry": { "type": "Polygon", "coordinates": [ [ [ 16.5147591, 48.3128613 ], [ 16.5139225, 48.3111469 ], [ 16.5143683, 48.3094234 ], [ 16.514752, 48.3093562 ], [ 16.5149902, 48.309363 ], [ 16.5152588, 48.3094145 ], [ 16.5167516, 48.3099281 ], [ 16.5168271, 48.3099834 ], [ 16.5179929, 48.3123234 ], [ 16.5179944, 48.3123994 ], [ 16.5179667, 48.3124577 ], [ 16.5179169, 48.3125131 ], [ 16.5178257, 48.3125612 ], [ 16.5177302, 48.3125946 ], [ 16.514878, 48.312934 ], [ 16.5147591, 48.3128613 ] ] ] } },
{ "type": "Feature", "properties": { "stop_id": "osm-way-42217069", "name": "Raststation Hochleithen" }, "geometry": { "type": "Polygon", "coordinates": [ [ [ 16.5489042, 48.4276827 ], [ 16.547329, 48.4252275 ], [ 16.5477145, 48.4251162 ], [ 16.5474833, 48.4245851 ], [ 16.547621, 48.4245441 ], [ 16.5477066, 48.4245899 ], [ 16.5478518, 48.4246096 ], [ 16.5480383, 48.4246202 ], [ 16.5483324, 48.4246766 ], [ 16.5485155, 48.4246245 ], [ 16.5503277, 48.4272161 ], [ 16.5503521, 48.4273253 ], [ 16.5503181, 48.4274092 ], [ 16.5501912, 48.4274903 ], [ 16.5498137, 48.4276389 ], [ 16.5492429, 48.4277846 ], [ 16.5490689, 48.4277782 ], [ 16.5489042, 48.4276827 ] ] ] } },
{ "type": "Feature", "properties": { "stop_id": "osm-way-46158787", "name": "Rastplatz Potzneusiedl" }, "geometry": { "type": "Polygon", "coordinates": [ [ [ 16.9628076, 48.0338561 ], [ 16.9631491, 48.0338788 ], [ 16.963554, 48.033766 ], [ 16.9639419, 48.0333863 ], [ 16.9643649, 48.0327772 ], [ 16.9641483, 48.0323644 ], [ 16.9622392, 48.0316491 ], [ 16.9620199, 48.0319125 ], [ 16.9616032, 48.0317646 ], [ 16.9615833, 48.0318273 ], [ 16.9613871, 48.0320729 ], [ 16.96123, 48.0321531 ], [ 16.9607983, 48.0318553 ], [ 16.9607073, 48.0317489 ], [ 16.9606709, 48.0314755 ], [ 16.9607299, 48.0312871 ], [ 16.9602133, 48.031433 ], [ 16.9599685, 48.0316745 ], [ 16.9598989, 48.0320061 ], [ 16.9601825, 48.0324713 ], [ 16.9603359, 48.0326785 ], [ 16.9604773, 48.0328102 ], [ 16.9609861, 48.0331698 ], [ 16.9623277, 48.0336753 ], [ 16.9628076, 48.0338561 ] ] ] } },
{ "type": "Feature", "properties": { "stop_id": "osm-way-47027527", "name": "Raststation Zöbern" }, "geometry": { "type": "Polygon", "coordinates": [ [ [ 16.1168025, 47.5434116 ], [ 16.1160017, 47.5430436 ], [ 16.1159438, 47.5429266 ], [ 16.115899, 47.5428361 ], [ 16.1155883, 47.5418914 ], [ 16.115553, 47.541784 ], [ 16.1156767, 47.5416285 ], [ 16.1157154, 47.54158 ], [ 16.1157435, 47.5415446 ], [ 16.1175889, 47.5425247 ], [ 16.1189543, 47.5430044 ], [ 16.1188824, 47.5430335 ], [ 16.11864, 47.5431316 ], [ 16.1183704, 47.5432408 ], [ 16.1183241, 47.5432595 ], [ 16.1169915, 47.5433927 ], [ 16.1168025, 47.5434116 ] ] ] } },
{ "type": "Feature", "properties": { "stop_id": "osm-way-47029582", "name": "Raststation Völkermarkt" }, "geometry": { "type": "Polygon", "coordinates": [ [ [ 14.5927066, 46.6802492 ], [ 14.5937898, 46.6791783 ], [ 14.594154, 46.6793133 ], [ 14.5955248, 46.6788034 ], [ 14.5963814, 46.6789609 ], [ 14.5974303, 46.6795783 ], [ 14.5969544, 46.6798162 ], [ 14.5964499, 46.680042 ], [ 14.595496, 46.6808234 ], [ 14.5952376, 46.6809474 ], [ 14.5945813, 46.6810215 ], [ 14.5927066, 46.6802492 ] ] ] } },
{ "type": "Feature", "properties": { "stop_id": "osm-way-47029995", "name": "Raststation St. Pölten" }, "geometry": { "type": "Polygon", "coordinates": [ [ [ 15.5565333, 48.1776506 ], [ 15.55619, 48.177665 ], [ 15.5559942, 48.1776855 ], [ 15.555793, 48.1777025 ], [ 15.5555329, 48.1777133 ], [ 15.5550876, 48.1776981 ], [ 15.5537881, 48.1777151 ], [ 15.5531806, 48.1777365 ], [ 15.5523491, 48.1777768 ], [ 15.552219, 48.1775156 ], [ 15.5521965, 48.177466 ], [ 15.5521479, 48.1773584 ], [ 15.5520936, 48.1772384 ], [ 15.5523011, 48.1771789 ], [ 15.5525115, 48.1770662 ], [ 15.5524312, 48.1767915 ], [ 15.552362, 48.1765542 ], [ 15.5523491, 48.1765104 ], [ 15.5526611, 48.17648 ], [ 15.5530994, 48.1764145 ], [ 15.5531185, 48.1765253 ], [ 15.5546618, 48.1764754 ], [ 15.5546817, 48.1760224 ], [ 15.5547134, 48.1759238 ], [ 15.5547778, 48.1758701 ], [ 15.554873, 48.1758156 ], [ 15.5549811, 48.1757911 ], [ 15.5550648, 48.1757912 ], [ 15.5555972, 48.1757919 ], [ 15.5561444, 48.1757901 ], [ 15.5561579, 48.1757405 ], [ 15.5562356, 48.1757481 ], [ 15.5562885, 48.1757927 ], [ 15.5563609, 48.1758179 ], [ 15.5564502, 48.1758254 ], [ 15.5565132, 48.1758156 ], [ 15.5565749, 48.1757708 ], [ 15.5566795, 48.1756966 ], [ 15.5568498, 48.1756224 ], [ 15.5570403, 48.1755544 ], [ 15.5570523, 48.1754346 ], [ 15.5573989, 48.1753614 ], [ 15.5577889, 48.1754225 ], [ 15.5584301, 48.1755576 ], [ 15.5586152, 48.1756055 ], [ 15.5588315, 48.1756717 ], [ 15.5590157, 48.175719 ], [ 15.5592048, 48.175753 ], [ 15.5596608, 48.1757941 ], [ 15.5601181, 48.1758486 ], [ 15.5608845, 48.1758862 ], [ 15.5610032, 48.1758826 ], [ 15.5610092, 48.1758956 ], [ 15.5610194, 48.1759192 ], [ 15.5610296, 48.1759428 ], [ 15.5610348, 48.175956 ], [ 15.5614934, 48.1759018 ], [ 15.5615142, 48.1758791 ], [ 15.5615598, 48.1758737 ], [ 15.5616309, 48.1758791 ], [ 15.5625838, 48.1760263 ], [ 15.5628017, 48.1760731 ], [ 15.5628647, 48.1761429 ], [ 15.5630538, 48.1762243 ], [ 15.5631901, 48.1763098 ], [ 15.5632965, 48.1764022 ], [ 15.563385, 48.1765033 ], [ 15.5634548, 48.1766169 ], [ 15.5634807, 48.1767321 ], [ 15.5634695, 48.1768324 ], [ 15.5634266, 48.1769263 ], [ 15.5633421, 48.1770184 ], [ 15.5632375, 48.1770873 ], [ 15.5631329, 48.1771338 ], [ 15.5629974, 48.1771586 ], [ 15.5628459, 48.1771677 ], [ 15.5626979, 48.1771612 ], [ 15.5625576, 48.1771436 ], [ 15.5609938, 48.1769477 ], [ 15.5609107, 48.1769451 ], [ 15.5608396, 48.1769621 ], [ 15.5607364, 48.1770023 ], [ 15.5606398, 48.1770506 ], [ 15.5605043, 48.1771042 ], [ 15.5603407, 48.1771543 ], [ 15.5601865, 48.177182 ], [ 15.5600511, 48.1771856 ], [ 15.5596702, 48.1771347 ], [ 15.559579, 48.1770667 ], [ 15.5594502, 48.177013 ], [ 15.559296, 48.176971 ], [ 15.5591378, 48.1769316 ], [ 15.5578557, 48.1767667 ], [ 15.5577604, 48.1767649 ], [ 15.5576719, 48.1767532 ], [ 15.5575941, 48.1767367 ], [ 15.5574111, 48.1766772 ], [ 15.5573306, 48.1766553 ], [ 15.5572575, 48.1766428 ], [ 15.5571771, 48.1766414 ], [ 15.5570993, 48.1766526 ], [ 15.5570363, 48.1766732 ], [ 15.5569826, 48.1767 ], [ 15.556935, 48.1767291 ], [ 15.5568928, 48.1767698 ], [ 15.5568686, 48.1768167 ], [ 15.5568572, 48.176857 ], [ 15.5568599, 48.1768932 ], [ 15.5568733, 48.1769334 ], [ 15.5568968, 48.1769822 ], [ 15.5569249, 48.1770179 ], [ 15.5569571, 48.1770443 ], [ 15.5569994, 48.1770689 ], [ 15.5570389, 48.1771163 ], [ 15.5570607, 48.1771519 ], [ 15.5570772, 48.1771865 ], [ 15.5570857, 48.1772178 ], [ 15.557103, 48.177286 ], [ 15.5570772, 48.177326 ], [ 15.5570664, 48.1773698 ], [ 15.5570302, 48.1774181 ], [ 15.5569724, 48.1774625 ], [ 15.5568719, 48.1775056 ], [ 15.5565333, 48.1776506 ] ] ] } },
{ "type": "Feature", "properties": { "stop_id": "osm-way-47030388", "name": "Raststation Voralpenkreuz" }, "geometry": { "type": "Polygon", "coordinates": [ [ [ 14.0369439, 48.0651391 ], [ 14.0370421, 48.0652052 ], [ 14.0370222, 48.0654745 ], [ 14.0371464, 48.0660118 ], [ 14.0375175, 48.0664544 ], [ 14.0361966, 48.0670764 ], [ 14.0356748, 48.0671853 ], [ 14.0352756, 48.067176 ], [ 14.0348572, 48.0671303 ], [ 14.0345058, 48.0671518 ], [ 14.0342349, 48.0672378 ], [ 14.0335686, 48.0676899 ], [ 14.0334879, 48.0676294 ], [ 14.03339, 48.0675461 ], [ 14.0333886, 48.0674511 ], [ 14.0328795, 48.0675012 ], [ 14.0328509, 48.067504 ], [ 14.032719, 48.06748 ], [ 14.0325777, 48.0674542 ], [ 14.0327986, 48.0668435 ], [ 14.0327503, 48.0667742 ], [ 14.0343266, 48.0657632 ], [ 14.0348518, 48.0656856 ], [ 14.0356408, 48.0653329 ], [ 14.0359967, 48.065236 ], [ 14.0364732, 48.0651702 ], [ 14.0369439, 48.0651391 ] ] ] } },
{ "type": "Feature", "properties": { "stop_id": "osm-way-47030500", "name": "Raststation Mondsee" }, "geometry": { "type": "Polygon", "coordinates": [ [ [ 13.3937453, 47.8356715 ], [ 13.3949769, 47.8358927 ], [ 13.395488, 47.8361062 ], [ 13.3954962, 47.8362301 ], [ 13.3955983, 47.8362832 ], [ 13.3967514, 47.8367775 ], [ 13.3973523, 47.8369488 ], [ 13.3973581, 47.8370117 ], [ 13.3973544, 47.8370787 ], [ 13.397209, 47.8372803 ], [ 13.3971168, 47.8373238 ], [ 13.3962168, 47.8372755 ], [ 13.3956829, 47.8372647 ], [ 13.394689, 47.8372446 ], [ 13.3936551, 47.8373234 ], [ 13.3935855, 47.837235 ], [ 13.3935498, 47.8372098 ], [ 13.3931377, 47.8373129 ], [ 13.3930765, 47.837282 ], [ 13.3929727, 47.8372992 ], [ 13.3928247, 47.8371548 ], [ 13.3928431, 47.8370567 ], [ 13.3929815, 47.8370171 ], [ 13.3928568, 47.8369122 ], [ 13.3928759, 47.8367633 ], [ 13.3928783, 47.8367142 ], [ 13.3928806, 47.8366677 ], [ 13.3929069, 47.8364669 ], [ 13.3929429, 47.8364216 ], [ 13.3933896, 47.8358935 ], [ 13.3937453, 47.8356715 ] ] ] } },
{ "type": "Feature", "properties": { "stop_id": "osm-way-47030786", "name": "Raststation Pettnau" }, "geometry": { "type": "Polygon", "coordinates": [ [ [ 11.1661619, 47.2845395 ], [ 11.1660492, 47.2839718 ], [ 11.1663115, 47.2836989 ], [ 11.1658698, 47.2837289 ], [ 11.1653291, 47.2838145 ], [ 11.164806, 47.2838991 ], [ 11.1643973, 47.2840091 ], [ 11.1644161, 47.2840573 ], [ 11.1635695, 47.2843812 ], [ 11.1628764, 47.2849327 ], [ 11.1627815, 47.2850361 ], [ 11.1627541, 47.2851662 ], [ 11.1628669, 47.2852953 ], [ 11.1629402, 47.2853271 ], [ 11.1661179, 47.2849075 ], [ 11.1662234, 47.284712 ], [ 11.1661619, 47.2845395 ] ] ] } },
{ "type": "Feature", "properties": { "stop_id": "osm-way-49358081", "name": "Rastplatz St. Marein" }, "geometry": { "type": "Polygon", "coordinates": [ [ [ 14.8820234, 47.2543372 ], [ 14.8790463, 47.2535741 ], [ 14.8790473, 47.2536471 ], [ 14.8791708, 47.2537007 ], [ 14.8792283, 47.2537622 ], [ 14.8793616, 47.2538983 ], [ 14.8794705, 47.2543508 ], [ 14.879997, 47.2545171 ], [ 14.8809356, 47.2547622 ], [ 14.8810505, 47.2547291 ], [ 14.8814369, 47.2545407 ], [ 14.8816641, 47.2543979 ], [ 14.881765, 47.2543885 ], [ 14.8818515, 47.2543804 ], [ 14.8819821, 47.2543902 ], [ 14.8820234, 47.2543372 ] ] ] } },
{ "type": "Feature", "properties": { "stop_id": "osm-way-49360021", "name": "Rastplatz Schottwien" }, "geometry": { "type": "Polygon", "coordinates": [ [ [ 15.8588376, 47.6503073 ], [ 15.8592316, 47.6500973 ], [ 15.8594251, 47.649873 ], [ 15.8594485, 47.6497778 ], [ 15.8594408, 47.6497004 ], [ 15.8592651, 47.6495217 ], [ 15.8591394, 47.6494162 ], [ 15.8592586, 47.6493166 ], [ 15.8592254, 47.6492348 ], [ 15.8593523, 47.6491568 ], [ 15.8589773, 47.6488989 ], [ 15.8588231, 47.6490177 ], [ 15.858498, 47.6487322 ], [ 15.8583683, 47.6487627 ], [ 15.8581956, 47.6485781 ], [ 15.8579805, 47.648474 ], [ 15.8573639, 47.6487612 ], [ 15.8588376, 47.6503073 ] ] ] } },
{ "type": "Feature", "properties": { "stop_id": "osm-way-54893726", "name": "Raststation Korneuburg" }, "geometry": { "type": "Polygon", "coordinates": [ [ [ 16.3195259, 48.3467085 ], [ 16.3193668, 48.34672 ], [ 16.3191905, 48.3467455 ], [ 16.3190909, 48.3467875 ], [ 16.3190066, 48.3468792 ], [ 16.3187881, 48.3472765 ], [ 16.3188421, 48.3473307 ], [ 16.3191855, 48.3476756 ], [ 16.3192344, 48.3478228 ], [ 16.3186144, 48.3489921 ], [ 16.3187275, 48.3490239 ], [ 16.3189116, 48.3490633 ], [ 16.3190136, 48.349088 ], [ 16.3190461, 48.3490955 ], [ 16.3191176, 48.3489954 ], [ 16.3192879, 48.3488969 ], [ 16.3202033, 48.3486544 ], [ 16.3205708, 48.3480332 ], [ 16.3201738, 48.3476524 ], [ 16.3201212, 48.3474382 ], [ 16.3201008, 48.347355 ], [ 16.3201213, 48.3471927 ], [ 16.320418, 48.3466524 ], [ 16.3202891, 48.3466195 ], [ 16.3201062, 48.3465698 ], [ 16.3200124, 48.3465443 ], [ 16.3199663, 48.3465318 ], [ 16.3197769, 48.3466627 ], [ 16.3195259, 48.3467085 ] ] ] } },
{ "type": "Feature", "properties": { "stop_id": "osm-way-57375373", "name": "Raststation Angath Süd" }, "geometry": { "type": "Polygon", "coordinates": [ [ [ 12.0668907, 47.5182787 ], [ 12.0663454, 47.5173062 ], [ 12.0663222, 47.5170771 ], [ 12.0665517, 47.5171656 ], [ 12.0674056, 47.5172386 ], [ 12.0675948, 47.5173697 ], [ 12.0677661, 47.5177831 ], [ 12.0676251, 47.5185655 ], [ 12.0673797, 47.5187562 ], [ 12.0668907, 47.5182787 ] ] ] } },
{ "type": "Feature", "properties": { "stop_id": "osm-way-67810341", "name": "Raststation Söllheim" }, "geometry": { "type": "Polygon", "coordinates": [ [ [ 13.077547, 47.8400534 ], [ 13.0769667, 47.8396039 ], [ 13.0764297, 47.8392059 ], [ 13.0762533, 47.8390755 ], [ 13.076085, 47.8389446 ], [ 13.0758642, 47.8387614 ], [ 13.0756724, 47.8385898 ], [ 13.0754692, 47.838388 ], [ 13.0752424, 47.8381313 ], [ 13.0752961, 47.8380934 ], [ 13.0753245, 47.8380755 ], [ 13.0754534, 47.8381586 ], [ 13.0756607, 47.8382398 ], [ 13.0757695, 47.8382729 ], [ 13.0758927, 47.8383322 ], [ 13.0759666, 47.8383831 ], [ 13.076215, 47.8385512 ], [ 13.076344, 47.838591 ], [ 13.0764366, 47.8386481 ], [ 13.0765179, 47.8387156 ], [ 13.0766483, 47.8388555 ], [ 13.0768128, 47.839048 ], [ 13.0771602, 47.8394304 ], [ 13.0775415, 47.8397641 ], [ 13.0776641, 47.8399999 ], [ 13.0775946, 47.8400258 ], [ 13.077547, 47.8400534 ] ] ] } },
{ "type": "Feature", "properties": { "stop_id": "osm-way-67810346", "name": "Raststation Kasern" }, "geometry": { "type": "Polygon", "coordinates": [ [ [ 13.0663367, 47.8306619 ], [ 13.0662841, 47.8306834 ], [ 13.066256, 47.8307169 ], [ 13.0662882, 47.8307573 ], [ 13.0661168, 47.8308187 ], [ 13.0660794, 47.8307839 ], [ 13.0658497, 47.8308515 ], [ 13.0658528, 47.8308697 ], [ 13.0655865, 47.8309201 ], [ 13.0654854, 47.8309842 ], [ 13.0648713, 47.8309882 ], [ 13.0645763, 47.83118 ], [ 13.0644627, 47.8312001 ], [ 13.0638412, 47.831203 ], [ 13.0637362, 47.8311718 ], [ 13.063695, 47.8311138 ], [ 13.0636898, 47.830859 ], [ 13.0635995, 47.830784 ], [ 13.0635664, 47.8307473 ], [ 13.0635287, 47.8307068 ], [ 13.0640794, 47.8306326 ], [ 13.0646, 47.8305734 ], [ 13.0649921, 47.8305463 ], [ 13.0653929, 47.8305366 ], [ 13.0658934, 47.8305494 ], [ 13.0662608, 47.8305724 ], [ 13.0663041, 47.8306215 ], [ 13.0663367, 47.8306619 ] ] ] } },
{ "type": "Feature", "properties": { "stop_id": "osm-way-69744600", "name": "Rastplatz Amstetten" }, "geometry": { "type": "Polygon", "coordinates": [ [ [ 14.8706363, 48.1457585 ], [ 14.8711075, 48.1454449 ], [ 14.8712122, 48.1453287 ], [ 14.8711134, 48.1452101 ], [ 14.8712157, 48.1451755 ], [ 14.8721976, 48.1452117 ], [ 14.8722009, 48.1451227 ], [ 14.8726987, 48.14516 ], [ 14.8741358, 48.1451899 ], [ 14.8743759, 48.1451298 ], [ 14.8747121, 48.1454121 ], [ 14.8752851, 48.1458933 ], [ 14.875307, 48.1459108 ], [ 14.8742966, 48.1459026 ], [ 14.8706363, 48.1457585 ] ] ] } },
{ "type": "Feature", "properties": { "stop_id": "osm-way-69745896", "name": "Rastplatz Viehdorf" }, "geometry": { "type": "Polygon", "coordinates": [ [ [ 14.8758048, 48.1463856 ], [ 14.875722, 48.1465923 ], [ 14.8756102, 48.1468715 ], [ 14.8740976, 48.1470816 ], [ 14.8723977, 48.1470168 ], [ 14.8718657, 48.1466271 ], [ 14.8719184, 48.1462326 ], [ 14.8758048, 48.1463856 ] ] ] } },
{ "type": "Feature", "properties": { "stop_id": "osm-way-79589948", "name": "Raststation Haag" }, "geometry": { "type": "Polygon", "coordinates": [ [ [ 14.5784275, 48.1386301 ], [ 14.578453, 48.138608 ], [ 14.5790768, 48.1380663 ], [ 14.5791967, 48.1379886 ], [ 14.5793746, 48.1379639 ], [ 14.581427, 48.1378693 ], [ 14.5816281, 48.1378201 ], [ 14.5817312, 48.1378516 ], [ 14.5787218, 48.140361 ], [ 14.5786145, 48.1403267 ], [ 14.5786441, 48.140199 ], [ 14.578715, 48.1398928 ], [ 14.5787555, 48.1397181 ], [ 14.5788102, 48.1394276 ], [ 14.5788136, 48.1392641 ], [ 14.5788372, 48.1392275 ], [ 14.5789913, 48.138988 ], [ 14.5784504, 48.1386446 ], [ 14.5784275, 48.1386301 ] ] ] } },
{ "type": "Feature", "properties": { "stop_id": "osm-way-84961923", "name": null }, "geometry": { "type": "Polygon", "coordinates": [ [ [ 13.4275067, 48.3946051 ], [ 13.4276927, 48.3945973 ], [ 13.4277308, 48.3946509 ], [ 13.4279672, 48.3946189 ], [ 13.4281914, 48.3945524 ], [ 13.4282511, 48.3944926 ], [ 13.4282739, 48.3944286 ], [ 13.4279473, 48.3937747 ], [ 13.4271784, 48.3929902 ], [ 13.4267609, 48.3929742 ], [ 13.4256082, 48.3934867 ], [ 13.425301, 48.3937769 ], [ 13.4261181, 48.3940214 ], [ 13.4261336, 48.3940261 ], [ 13.4264812, 48.3941301 ], [ 13.4266564, 48.3944477 ], [ 13.4267643, 48.3944044 ], [ 13.427097, 48.3945171 ], [ 13.4275067, 48.3946051 ] ] ] } },
{ "type": "Feature", "properties": { "stop_id": "osm-way-93119776", "name": "Rastplatz Schäffern" }, "geometry": { "type": "Polygon", "coordinates": [ [ [ 16.0986462, 47.4853781 ], [ 16.0987605, 47.4853141 ], [ 16.098801, 47.4852914 ], [ 16.0988787, 47.4852546 ], [ 16.0992573, 47.4851632 ], [ 16.0997182, 47.4851621 ], [ 16.0999715, 47.4852454 ], [ 16.1001452, 47.4854072 ], [ 16.1004317, 47.4858292 ], [ 16.1003781, 47.486034 ], [ 16.1003137, 47.486179 ], [ 16.1002619, 47.4865156 ], [ 16.1003324, 47.4866978 ], [ 16.1004612, 47.4869475 ], [ 16.1004088, 47.4869652 ], [ 16.1003646, 47.4869801 ], [ 16.1002439, 47.4868949 ], [ 16.1001125, 47.4868809 ], [ 16.1000239, 47.4868714 ], [ 16.0993354, 47.4866163 ], [ 16.0986462, 47.4853781 ] ] ] } },
{ "type": "Feature", "properties": { "stop_id": "osm-way-93323594", "name": "Parkplatz Sparbach" }, "geometry": { "type": "Polygon", "coordinates": [ [ [ 16.2018269, 48.0726817 ], [ 16.201894, 48.0726501 ], [ 16.2020042, 48.0727182 ], [ 16.2021277, 48.07277 ], [ 16.203871, 48.0731981 ], [ 16.2039658, 48.0732452 ], [ 16.2039423, 48.073297 ], [ 16.2038466, 48.0733251 ], [ 16.2021178, 48.0729077 ], [ 16.2019905, 48.0728538 ], [ 16.2019063, 48.0727978 ], [ 16.2018269, 48.0726817 ] ] ] } },
{ "type": "Feature", "properties": { "stop_id": "osm-way-94248839", "name": null }, "geometry": { "type": "Polygon", "coordinates": [ [ [ 12.4167961, 47.2998144 ], [ 12.4170685, 47.2998406 ], [ 12.4172095, 47.2998485 ], [ 12.4176616, 47.2998128 ], [ 12.4178103, 47.2997715 ], [ 12.4179585, 47.299723 ], [ 12.417874, 47.2996673 ], [ 12.4174264, 47.2996673 ], [ 12.4171295, 47.299692 ], [ 12.4167961, 47.2998144 ] ] ] } },
{ "type": "Feature", "properties": { "stop_id": "osm-way-94437560", "name": "Raststation St. Marein" }, "geometry": { "type": "Polygon", "coordinates": [ [ [ 15.3726689, 47.467077 ], [ 15.3734877, 47.4672428 ], [ 15.3742206, 47.4670037 ], [ 15.3742115, 47.4669326 ], [ 15.3742182, 47.4668874 ], [ 15.3726753, 47.4664997 ], [ 15.3725662, 47.4665427 ], [ 15.3725032, 47.4665708 ], [ 15.3726689, 47.467077 ] ] ] } },
{ "type": "Feature", "properties": { "stop_id": "osm-way-94438967", "name": "Raststation Kammern" }, "geometry": { "type": "Polygon", "coordinates": [ [ [ 14.8982839, 47.386361 ], [ 14.8982149, 47.3863014 ], [ 14.8983799, 47.3859094 ], [ 14.8989202, 47.3857535 ], [ 14.9000219, 47.3857819 ], [ 14.9016632, 47.3858242 ], [ 14.9017812, 47.3858246 ], [ 14.9019644, 47.3858051 ], [ 14.9019838, 47.3858782 ], [ 14.9019882, 47.3859025 ], [ 14.9021947, 47.3859079 ], [ 14.9022553, 47.3858864 ], [ 14.9023139, 47.385873 ], [ 14.9024065, 47.3859264 ], [ 14.9024096, 47.3860545 ], [ 14.9023979, 47.3862574 ], [ 14.9019977, 47.3862397 ], [ 14.9018747, 47.3862342 ], [ 14.9018673, 47.3862524 ], [ 14.9018202, 47.38634 ], [ 14.9018092, 47.3864304 ], [ 14.9018031, 47.3864813 ], [ 14.9017808, 47.3865456 ], [ 14.9017586, 47.3865887 ], [ 14.9016982, 47.3866258 ], [ 14.901597, 47.3866183 ], [ 14.9010579, 47.3865376 ], [ 14.8982839, 47.386361 ] ] ] } },
{ "type": "Feature", "properties": { "stop_id": "osm-way-94440598", "name": "Rastplatz Gaishorn" }, "geometry": { "type": "Polygon", "coordinates": [ [ [ 14.5605033, 47.4796827 ], [ 14.5602957, 47.4799335 ], [ 14.5601391, 47.4800125 ], [ 14.5603118, 47.4802812 ], [ 14.5605835, 47.4802987 ], [ 14.5615061, 47.4801893 ], [ 14.5620517, 47.4802234 ], [ 14.562242, 47.4802201 ], [ 14.5623832, 47.4801935 ], [ 14.5629019, 47.4801099 ], [ 14.5633743, 47.47999 ], [ 14.5635968, 47.4799174 ], [ 14.5637401, 47.4798519 ], [ 14.5636609, 47.479705 ], [ 14.5639141, 47.479434 ], [ 14.5637812, 47.4792496 ], [ 14.5635081, 47.4792927 ], [ 14.5632757, 47.4792956 ], [ 14.5605033, 47.4796827 ] ] ] } },
{ "type": "Feature", "properties": { "stop_id": "osm-way-96307607", "name": "Rastplatz Natschbach" }, "geometry": { "type": "Polygon", "coordinates": [ [ [ 16.102256, 47.7072637 ], [ 16.1027163, 47.7073943 ], [ 16.1028511, 47.7073995 ], [ 16.1029559, 47.7073723 ], [ 16.1030194, 47.7073245 ], [ 16.1030486, 47.7072453 ], [ 16.1029549, 47.7064643 ], [ 16.102894, 47.7064172 ], [ 16.1027978, 47.706403 ], [ 16.1022024, 47.7064405 ], [ 16.1019875, 47.7064927 ], [ 16.1019042, 47.7064963 ], [ 16.1017692, 47.7064841 ], [ 16.1017453, 47.7065605 ], [ 16.1018375, 47.7065851 ], [ 16.1019267, 47.7066643 ], [ 16.1020507, 47.7068807 ], [ 16.1021087, 47.7069577 ], [ 16.1021993, 47.7070216 ], [ 16.1023278, 47.7070725 ], [ 16.1023705, 47.7071085 ], [ 16.1023613, 47.7071469 ], [ 16.1023139, 47.7071744 ], [ 16.102256, 47.7072637 ] ] ] } },
{ "type": "Feature", "properties": { "stop_id": "osm-way-100454573", "name": "Raststation Bad Fischau" }, "geometry": { "type": "Polygon", "coordinates": [ [ [ 16.1813935, 47.8345296 ], [ 16.1814408, 47.8345629 ], [ 16.1817528, 47.8346062 ], [ 16.181823, 47.8346237 ], [ 16.1818932, 47.8346698 ], [ 16.1819898, 47.8346596 ], [ 16.1820687, 47.8346513 ], [ 16.1826646, 47.8323498 ], [ 16.1826007, 47.8323369 ], [ 16.1825057, 47.8323178 ], [ 16.1823376, 47.8323955 ], [ 16.1823073, 47.8324297 ], [ 16.181434, 47.8327976 ], [ 16.1812635, 47.8329242 ], [ 16.1811384, 47.8332999 ], [ 16.1813367, 47.8333224 ], [ 16.1813181, 47.8334363 ], [ 16.1811904, 47.8340657 ], [ 16.1811904, 47.8341017 ], [ 16.1812273, 47.8342083 ], [ 16.1813935, 47.8345296 ] ] ] } },
{ "type": "Feature", "properties": { "stop_id": "osm-way-100496555", "name": "Raststation Kapfenberg Süd" }, "geometry": { "type": "Polygon", "coordinates": [ [ [ 15.3389747, 47.4501592 ], [ 15.3396329, 47.4504663 ], [ 15.3403736, 47.4508723 ], [ 15.3409144, 47.451205 ], [ 15.3409958, 47.4511691 ], [ 15.3410072, 47.4505892 ], [ 15.3398606, 47.4499903 ], [ 15.339688, 47.4499812 ], [ 15.3393416, 47.4499887 ], [ 15.3391448, 47.4499959 ], [ 15.3387317, 47.449967 ], [ 15.3387606, 47.4500535 ], [ 15.3389747, 47.4501592 ] ] ] } },
{ "type": "Feature", "properties": { "stop_id": "osm-way-123855799", "name": "Raststation Gries Ost" }, "geometry": { "type": "Polygon", "coordinates": [ [ [ 11.4743863, 47.0384943 ], [ 11.4744259, 47.038457 ], [ 11.4746635, 47.0385772 ], [ 11.4746813, 47.0386332 ], [ 11.474808, 47.0387192 ], [ 11.4749422, 47.0390212 ], [ 11.4748416, 47.0391425 ], [ 11.4751384, 47.0392716 ], [ 11.4755872, 47.0398988 ], [ 11.4759386, 47.040317 ], [ 11.4761812, 47.0404873 ], [ 11.4763903, 47.0407042 ], [ 11.4765348, 47.0408694 ], [ 11.476571, 47.0410836 ], [ 11.4765632, 47.0413391 ], [ 11.4765309, 47.0413899 ], [ 11.4754946, 47.0403376 ], [ 11.4750636, 47.0398265 ], [ 11.4747228, 47.0393748 ], [ 11.474457, 47.0388612 ], [ 11.4744592, 47.0387489 ], [ 11.4744699, 47.0386779 ], [ 11.4743863, 47.0384943 ] ] ] } },
{ "type": "Feature", "properties": { "stop_id": "osm-way-123855817", "name": "Parkplatz Gschleirs" }, "geometry": { "type": "Polygon", "coordinates": [ [ [ 11.4344407, 47.1628671 ], [ 11.434523, 47.1628288 ], [ 11.4345742, 47.1628322 ], [ 11.4346236, 47.1629318 ], [ 11.4347372, 47.1630255 ], [ 11.4352523, 47.1631822 ], [ 11.4349921, 47.1635083 ], [ 11.4348744, 47.1635134 ], [ 11.4345185, 47.1633467 ], [ 11.4343373, 47.1633546 ], [ 11.4341904, 47.1634025 ], [ 11.4341488, 47.1633909 ], [ 11.4344407, 47.1628671 ] ] ] } },
{ "type": "Feature", "properties": { "stop_id": "osm-way-125152156", "name": "P1 Rastplatz Schied" }, "geometry": { "type": "Polygon", "coordinates": [ [ [ 12.490997, 47.2407539 ], [ 12.4908971, 47.2406767 ], [ 12.4907927, 47.2405613 ], [ 12.4907675, 47.240208 ], [ 12.4907207, 47.2402088 ], [ 12.4907187, 47.2401602 ], [ 12.4907964, 47.2401588 ], [ 12.4907961, 47.2400466 ], [ 12.4908814, 47.2399289 ], [ 12.491011, 47.2400848 ], [ 12.4910261, 47.2403704 ], [ 12.4910617, 47.2407697 ], [ 12.490997, 47.2407539 ] ] ] } },
{ "type": "Feature", "properties": { "stop_id": "osm-way-125194913", "name": "Landeckwald" }, "geometry": { "type": "Polygon", "coordinates": [ [ [ 12.5231457, 47.0917309 ], [ 12.522954, 47.0916132 ], [ 12.5224809, 47.0919966 ], [ 12.5224677, 47.0920129 ], [ 12.5224718, 47.0920199 ], [ 12.522508, 47.0920815 ], [ 12.5224875, 47.0921552 ], [ 12.5225247, 47.092234 ], [ 12.5228631, 47.0921258 ], [ 12.5228085, 47.0920091 ], [ 12.5230009, 47.0918931 ], [ 12.5231457, 47.0917309 ] ] ] } },
{ "type": "Feature", "properties": { "stop_id": "osm-way-125345805", "name": null }, "geometry": { "type": "Polygon", "coordinates": [ [ [ 12.5307037, 47.0784291 ], [ 12.5306435, 47.0782275 ], [ 12.5306373, 47.0780324 ], [ 12.5306716, 47.0778883 ], [ 12.5307307, 47.0778226 ], [ 12.5307886, 47.0778015 ], [ 12.5307585, 47.0781384 ], [ 12.5307566, 47.078308 ], [ 12.530745, 47.078378 ], [ 12.5307037, 47.0784291 ] ] ] } },
{ "type": "Feature", "properties": { "stop_id": "osm-way-125502306", "name": "Rastplatz Rabental" }, "geometry": { "type": "Polygon", "coordinates": [ [ [ 12.5236886, 47.0558398 ], [ 12.5238226, 47.0557949 ], [ 12.5235169, 47.0554571 ], [ 12.5233685, 47.0552994 ], [ 12.5232126, 47.0551611 ], [ 12.5231584, 47.0551976 ], [ 12.5234273, 47.0555693 ], [ 12.5236886, 47.0558398 ] ] ] } },
{ "type": "Feature", "properties": { "stop_id": "osm-way-126215501", "name": "Raststation Klösterle" }, "geometry": { "type": "Polygon", "coordinates": [ [ [ 10.0601733, 47.1295169 ], [ 10.0617072, 47.1296332 ], [ 10.0622994, 47.1296806 ], [ 10.0623788, 47.1296124 ], [ 10.0623942, 47.1295881 ], [ 10.0624178, 47.1295369 ], [ 10.062348, 47.1294608 ], [ 10.0621442, 47.1293796 ], [ 10.0618552, 47.1293039 ], [ 10.0616989, 47.1291547 ], [ 10.0615957, 47.1290685 ], [ 10.0615454, 47.1290379 ], [ 10.0614441, 47.1289923 ], [ 10.0613584, 47.1289644 ], [ 10.0610136, 47.1289074 ], [ 10.0609184, 47.1288928 ], [ 10.0607805, 47.1288793 ], [ 10.0606584, 47.1289272 ], [ 10.0605597, 47.1289865 ], [ 10.0605158, 47.1290205 ], [ 10.0601797, 47.1292554 ], [ 10.0601738, 47.1294715 ], [ 10.0601736, 47.1294942 ], [ 10.0601733, 47.1295169 ] ] ] } },
{ "type": "Feature", "properties": { "stop_id": "osm-way-126431156", "name": "Parkplatz Rankweil Ost" }, "geometry": { "type": "Polygon", "coordinates": [ [ [ 9.6267201, 47.2912699 ], [ 9.6275713, 47.2907538 ], [ 9.6274413, 47.289796 ], [ 9.6270132, 47.2892258 ], [ 9.6267616, 47.2890075 ], [ 9.6267284, 47.2891381 ], [ 9.626703, 47.2892248 ], [ 9.6267508, 47.2899813 ], [ 9.6267365, 47.2908109 ], [ 9.6267201, 47.2912699 ] ] ] } },
{ "type": "Feature", "properties": { "stop_id": "osm-way-128263116", "name": "Langkampfen Süd" }, "geometry": { "type": "Polygon", "coordinates": [ [ [ 12.1171099, 47.5443549 ], [ 12.1171995, 47.5444744 ], [ 12.1173019, 47.5444552 ], [ 12.117397, 47.5444312 ], [ 12.1171037, 47.5437481 ], [ 12.1169636, 47.5435273 ], [ 12.1158317, 47.5422344 ], [ 12.1153528, 47.541821 ], [ 12.1147936, 47.5414444 ], [ 12.1142011, 47.5409615 ], [ 12.1139026, 47.5407689 ], [ 12.1137614, 47.5407025 ], [ 12.1136127, 47.5407102 ], [ 12.113466, 47.5407332 ], [ 12.1138429, 47.5410451 ], [ 12.1144759, 47.5415811 ], [ 12.1150553, 47.542146 ], [ 12.1154898, 47.542595 ], [ 12.1159726, 47.5430694 ], [ 12.1164125, 47.5435329 ], [ 12.1168363, 47.5440145 ], [ 12.1171099, 47.5443549 ] ] ] } },
{ "type": "Feature", "properties": { "stop_id": "osm-way-129127252", "name": "Raststation Föhrenberg" }, "geometry": { "type": "Polygon", "coordinates": [ [ [ 16.182006, 47.8478238 ], [ 16.1821322, 47.848571 ], [ 16.1828566, 47.8490962 ], [ 16.1827562, 47.8493376 ], [ 16.1829515, 47.8496252 ], [ 16.1832277, 47.8495634 ], [ 16.1835644, 47.8500597 ], [ 16.1836258, 47.8500834 ], [ 16.1836633, 47.8501199 ], [ 16.1837163, 47.8501563 ], [ 16.1838041, 47.8502067 ], [ 16.1838055, 47.850231 ], [ 16.1838533, 47.8502465 ], [ 16.1838973, 47.8502607 ], [ 16.1842165, 47.8501527 ], [ 16.1842829, 47.8501203 ], [ 16.184339, 47.8500789 ], [ 16.1843721, 47.8500308 ], [ 16.1843855, 47.8499822 ], [ 16.1843855, 47.8499363 ], [ 16.1843702, 47.8498956 ], [ 16.1837795, 47.849008 ], [ 16.1837183, 47.8489778 ], [ 16.183487, 47.8489314 ], [ 16.1834219, 47.8488945 ], [ 16.1833951, 47.8488293 ], [ 16.1833993, 47.8487808 ], [ 16.1835516, 47.8485465 ], [ 16.1834719, 47.8482977 ], [ 16.1833944, 47.8481277 ], [ 16.183337, 47.8480592 ], [ 16.1832502, 47.8479979 ], [ 16.1826828, 47.8476986 ], [ 16.1825419, 47.8477733 ], [ 16.182006, 47.8478238 ] ] ] } },
{ "type": "Feature", "properties": { "stop_id": "osm-way-140439861", "name": "Raststation Arnwiesen" }, "geometry": { "type": "Polygon", "coordinates": [ [ [ 15.767378, 47.1055284 ], [ 15.7684521, 47.1055498 ], [ 15.7691699, 47.1055008 ], [ 15.7693626, 47.1054789 ], [ 15.7693566, 47.1052575 ], [ 15.7693343, 47.1052173 ], [ 15.7693457, 47.1051813 ], [ 15.7696497, 47.1049377 ], [ 15.7697478, 47.1048591 ], [ 15.7697264, 47.1038292 ], [ 15.7693575, 47.1037602 ], [ 15.7691469, 47.1037206 ], [ 15.768816, 47.1038557 ], [ 15.7685495, 47.1035467 ], [ 15.7676654, 47.1040287 ], [ 15.7672832, 47.1044917 ], [ 15.7669365, 47.105029 ], [ 15.767378, 47.1055284 ] ] ] } },
{ "type": "Feature", "properties": { "stop_id": "osm-way-143747639", "name": null }, "geometry": { "type": "Polygon", "coordinates": [ [ [ 14.527148, 48.1966646 ], [ 14.5271969, 48.1967104 ], [ 14.5274038, 48.196666 ], [ 14.5276471, 48.1965927 ], [ 14.528673, 48.1963116 ], [ 14.5287167, 48.1962755 ], [ 14.5287369, 48.1962316 ], [ 14.5287344, 48.1961842 ], [ 14.5287185, 48.196144 ], [ 14.5284865, 48.1957687 ], [ 14.528141, 48.1951604 ], [ 14.5280233, 48.195082 ], [ 14.5279392, 48.1950639 ], [ 14.5278099, 48.1950636 ], [ 14.5275556, 48.1951295 ], [ 14.527487, 48.1951536 ], [ 14.5274113, 48.1951801 ], [ 14.5272877, 48.1952801 ], [ 14.5272406, 48.195388 ], [ 14.5272524, 48.1955979 ], [ 14.5270199, 48.1958077 ], [ 14.5268837, 48.1961242 ], [ 14.5268677, 48.1962754 ], [ 14.5268648, 48.1963638 ], [ 14.5268675, 48.1964622 ], [ 14.5269878, 48.1965941 ], [ 14.5270742, 48.1966185 ], [ 14.5270946, 48.1966273 ], [ 14.527148, 48.1966646 ] ] ] } },
{ "type": "Feature", "properties": { "stop_id": "osm-way-148700928", "name": "Rastplatz Steinfeld" }, "geometry": { "type": "Polygon", "coordinates": [ [ [ 16.1974028, 47.7559643 ], [ 16.1968196, 47.7560412 ], [ 16.1961606, 47.7554724 ], [ 16.1957222, 47.7555748 ], [ 16.1939213, 47.7538752 ], [ 16.1940995, 47.7527637 ], [ 16.1941522, 47.7527626 ], [ 16.1942898, 47.7527599 ], [ 16.1951922, 47.7535533 ], [ 16.1962522, 47.7545776 ], [ 16.1974534, 47.7558473 ], [ 16.1974028, 47.7559643 ] ] ] } },
{ "type": "Feature", "properties": { "stop_id": "osm-way-152314682", "name": "Parkplatz Patsch" }, "geometry": { "type": "Polygon", "coordinates": [ [ [ 11.3997309, 47.2125776 ], [ 11.3996978, 47.2125611 ], [ 11.3994703, 47.2126181 ], [ 11.3991964, 47.2126857 ], [ 11.3988783, 47.2130443 ], [ 11.398865, 47.2132228 ], [ 11.3988518, 47.2133729 ], [ 11.3987899, 47.2135394 ], [ 11.3988142, 47.2135679 ], [ 11.3988783, 47.2135184 ], [ 11.3990373, 47.2133413 ], [ 11.3991765, 47.2131898 ], [ 11.3995564, 47.2127697 ], [ 11.3996801, 47.2126391 ], [ 11.3997309, 47.2125776 ] ] ] } },
{ "type": "Feature", "properties": { "stop_id": "osm-way-152315016", "name": "Rastplatz Nößlach" }, "geometry": { "type": "Polygon", "coordinates": [ [ [ 11.4787315, 47.061919 ], [ 11.4787877, 47.0620053 ], [ 11.4788582, 47.0620639 ], [ 11.47895, 47.0621077 ], [ 11.4790722, 47.0621324 ], [ 11.4791909, 47.062133 ], [ 11.4793072, 47.0621122 ], [ 11.4794133, 47.0620665 ], [ 11.4794851, 47.0620083 ], [ 11.4795409, 47.0619296 ], [ 11.4795631, 47.0618175 ], [ 11.4795642, 47.0609499 ], [ 11.4796123, 47.0591337 ], [ 11.4798311, 47.0575893 ], [ 11.4790311, 47.0575883 ], [ 11.4788938, 47.059058 ], [ 11.4788604, 47.0594163 ], [ 11.478787, 47.0601784 ], [ 11.478487, 47.0606456 ], [ 11.4784383, 47.0608405 ], [ 11.4787315, 47.061919 ] ] ] } },
{ "type": "Feature", "properties": { "stop_id": "osm-way-152504653", "name": null }, "geometry": { "type": "Polygon", "coordinates": [ [ [ 13.16137, 47.3850184 ], [ 13.1611864, 47.3850806 ], [ 13.1610946, 47.3850772 ], [ 13.1610065, 47.385042 ], [ 13.1609383, 47.3849596 ], [ 13.1609309, 47.3849042 ], [ 13.1609892, 47.3848588 ], [ 13.1610056, 47.3848688 ], [ 13.1610946, 47.3849227 ], [ 13.1611877, 47.3849689 ], [ 13.1613241, 47.3850059 ], [ 13.16137, 47.3850184 ] ] ] } },
{ "type": "Feature", "properties": { "stop_id": "osm-way-152504714", "name": null }, "geometry": { "type": "Polygon", "coordinates": [ [ [ 13.166815, 47.3866062 ], [ 13.1665852, 47.3866976 ], [ 13.1664764, 47.3867024 ], [ 13.1663782, 47.3866608 ], [ 13.166322, 47.3866026 ], [ 13.1663308, 47.3865563 ], [ 13.1665045, 47.3866097 ], [ 13.1666413, 47.3866216 ], [ 13.166815, 47.3866062 ] ] ] } },
{ "type": "Feature", "properties": { "stop_id": "osm-way-157107388", "name": "Rastplatz Maria Ellend" }, "geometry": { "type": "Polygon", "coordinates": [ [ [ 16.6628335, 48.0933341 ], [ 16.6628729, 48.0933582 ], [ 16.6629246, 48.093393 ], [ 16.6628415, 48.0935377 ], [ 16.6628975, 48.0935854 ], [ 16.6629459, 48.0936138 ], [ 16.6629652, 48.0938205 ], [ 16.6627042, 48.0940064 ], [ 16.662679, 48.094093 ], [ 16.6626249, 48.0941524 ], [ 16.6625437, 48.0942182 ], [ 16.6627119, 48.0943435 ], [ 16.662739, 48.0943745 ], [ 16.6627448, 48.0944003 ], [ 16.662708, 48.0944313 ], [ 16.6617084, 48.095086 ], [ 16.661637, 48.0952845 ], [ 16.6615455, 48.0954014 ], [ 16.6612245, 48.0956166 ], [ 16.6609118, 48.0958131 ], [ 16.6608171, 48.0958647 ], [ 16.6607282, 48.0958802 ], [ 16.6605832, 48.0958832 ], [ 16.6603717, 48.0958694 ], [ 16.660005, 48.0958453 ], [ 16.659804, 48.0958518 ], [ 16.6585178, 48.0961581 ], [ 16.6584067, 48.0960988 ], [ 16.6618827, 48.094013 ], [ 16.6628335, 48.0933341 ] ] ] } },
{ "type": "Feature", "properties": { "stop_id": "osm-way-157107389", "name": "Rastplatz Fischamend" }, "geometry": { "type": "Polygon", "coordinates": [ [ [ 16.6588152, 48.094808 ], [ 16.6588521, 48.0947787 ], [ 16.6596251, 48.0939097 ], [ 16.6608484, 48.0931324 ], [ 16.660987, 48.0930761 ], [ 16.6612038, 48.0930573 ], [ 16.661535, 48.0930962 ], [ 16.6617529, 48.0931119 ], [ 16.6620228, 48.0930621 ], [ 16.662889, 48.0927858 ], [ 16.6630205, 48.0928756 ], [ 16.661383, 48.0939823 ], [ 16.6605878, 48.0945084 ], [ 16.6597876, 48.0949945 ], [ 16.6589961, 48.0954603 ], [ 16.6588046, 48.0953979 ], [ 16.6589369, 48.0951425 ], [ 16.658975, 48.0950154 ], [ 16.6589856, 48.0948798 ], [ 16.6588152, 48.094808 ] ] ] } },
{ "type": "Feature", "properties": { "stop_id": "osm-way-160829030", "name": "Rastplatz Hainbach Nord" }, "geometry": { "type": "Polygon", "coordinates": [ [ [ 13.6434694, 47.9566345 ], [ 13.6436803, 47.9567937 ], [ 13.6437819, 47.956925 ], [ 13.64286, 47.9573566 ], [ 13.6427584, 47.9572597 ], [ 13.6426747, 47.9572803 ], [ 13.6415099, 47.957025 ], [ 13.6413315, 47.9570762 ], [ 13.6412135, 47.9570761 ], [ 13.6410324, 47.9570331 ], [ 13.6396572, 47.95672 ], [ 13.6395622, 47.9566638 ], [ 13.6390877, 47.9560458 ], [ 13.6391472, 47.9560237 ], [ 13.6393856, 47.956026 ], [ 13.6396605, 47.9559403 ], [ 13.6398692, 47.9558762 ], [ 13.6404544, 47.9559958 ], [ 13.6434694, 47.9566345 ] ] ] } },
{ "type": "Feature", "properties": { "stop_id": "osm-way-160829032", "name": "Rastplatz Hainbach Süd" }, "geometry": { "type": "Polygon", "coordinates": [ [ [ 13.6427107, 47.9560671 ], [ 13.6429579, 47.9560933 ], [ 13.64312, 47.9561515 ], [ 13.6433155, 47.9562195 ], [ 13.6434637, 47.9562561 ], [ 13.6441736, 47.9563648 ], [ 13.6445922, 47.9564215 ], [ 13.6457768, 47.9566076 ], [ 13.646372, 47.9567028 ], [ 13.6467493, 47.9565668 ], [ 13.6469058, 47.9565229 ], [ 13.6470612, 47.9565418 ], [ 13.6472324, 47.9565038 ], [ 13.6470074, 47.9562217 ], [ 13.6467039, 47.9559316 ], [ 13.6464216, 47.9558499 ], [ 13.6463881, 47.9558616 ], [ 13.6455571, 47.9557236 ], [ 13.6455311, 47.9557067 ], [ 13.6454471, 47.9556889 ], [ 13.6453622, 47.9556119 ], [ 13.6451771, 47.9555751 ], [ 13.6450191, 47.9555972 ], [ 13.6447118, 47.9556097 ], [ 13.6439944, 47.9555449 ], [ 13.643842, 47.9555136 ], [ 13.6437909, 47.955508 ], [ 13.6437391, 47.9555048 ], [ 13.6436698, 47.9555163 ], [ 13.6434575, 47.9554819 ], [ 13.6433898, 47.9555105 ], [ 13.6432692, 47.9555468 ], [ 13.643158, 47.9556671 ], [ 13.6429774, 47.9557674 ], [ 13.6427818, 47.9558915 ], [ 13.6426412, 47.9559358 ], [ 13.6426433, 47.956028 ], [ 13.6427107, 47.9560671 ] ] ] } },
{ "type": "Feature", "properties": { "stop_id": "osm-way-162980699", "name": "Parkplatz Dornbirn West" }, "geometry": { "type": "Polygon", "coordinates": [ [ [ 9.7210476, 47.4346959 ], [ 9.7211304, 47.4345986 ], [ 9.7212045, 47.4346253 ], [ 9.7212283, 47.4346833 ], [ 9.7213375, 47.4351104 ], [ 9.7215203, 47.4357386 ], [ 9.7216624, 47.4361813 ], [ 9.721575, 47.4361959 ], [ 9.7214708, 47.4360405 ], [ 9.7213796, 47.4359663 ], [ 9.7212866, 47.4359247 ], [ 9.7210963, 47.4358844 ], [ 9.7209811, 47.4357943 ], [ 9.7208316, 47.4354537 ], [ 9.720768, 47.4353804 ], [ 9.7203818, 47.4351037 ], [ 9.7202799, 47.4347726 ], [ 9.7202665, 47.4347045 ], [ 9.720296, 47.4346564 ], [ 9.720355, 47.4346147 ], [ 9.720469, 47.4346093 ], [ 9.7207707, 47.4346682 ], [ 9.720941, 47.4347033 ], [ 9.7210476, 47.4346959 ] ] ] } },
{ "type": "Feature", "properties": { "stop_id": "osm-way-163595497", "name": null }, "geometry": { "type": "Polygon", "coordinates": [ [ [ 15.6739162, 48.4671417 ], [ 15.6739723, 48.4672005 ], [ 15.674005, 48.4672348 ], [ 15.6744412, 48.4672458 ], [ 15.6745264, 48.4672084 ], [ 15.6744607, 48.467171 ], [ 15.6743856, 48.4671532 ], [ 15.6741433, 48.4671429 ], [ 15.6739162, 48.4671417 ] ] ] } },
{ "type": "Feature", "properties": { "stop_id": "osm-way-177049281", "name": null }, "geometry": { "type": "Polygon", "coordinates": [ [ [ 14.4507914, 46.639929 ], [ 14.4508365, 46.6399563 ], [ 14.4510467, 46.6399454 ], [ 14.4511788, 46.6398956 ], [ 14.4514481, 46.6397941 ], [ 14.451479, 46.6393146 ], [ 14.4513951, 46.6387833 ], [ 14.4512185, 46.6387604 ], [ 14.4506568, 46.6388621 ], [ 14.4507143, 46.6393181 ], [ 14.4507594, 46.6396845 ], [ 14.4507914, 46.639929 ] ] ] } },
{ "type": "Feature", "properties": { "stop_id": "osm-way-178135178", "name": "Rastplatz Premstätten" }, "geometry": { "type": "Polygon", "coordinates": [ [ [ 15.4288915, 46.97208 ], [ 15.4289111, 46.9719017 ], [ 15.4289255, 46.9717273 ], [ 15.4288783, 46.9715803 ], [ 15.4288257, 46.9716118 ], [ 15.4287947, 46.9715949 ], [ 15.4287768, 46.9715676 ], [ 15.4286853, 46.9715521 ], [ 15.428891, 46.9711459 ], [ 15.4294422, 46.9702743 ], [ 15.4296502, 46.9702913 ], [ 15.4298037, 46.9701299 ], [ 15.4306472, 46.9692898 ], [ 15.4316947, 46.9690038 ], [ 15.4316136, 46.9690934 ], [ 15.4300275, 46.9708465 ], [ 15.4291168, 46.9719181 ], [ 15.4289292, 46.9720529 ], [ 15.4288915, 46.97208 ] ] ] } },
{ "type": "Feature", "properties": { "stop_id": "osm-way-181173351", "name": "Parkplatz Mühlradl" }, "geometry": { "type": "Polygon", "coordinates": [ [ [ 13.352901, 47.7722954 ], [ 13.3527753, 47.7722302 ], [ 13.3524203, 47.7721807 ], [ 13.3518837, 47.7722018 ], [ 13.3516307, 47.7722761 ], [ 13.3516903, 47.7723565 ], [ 13.3520085, 47.7723162 ], [ 13.3523144, 47.7723009 ], [ 13.3525741, 47.7723115 ], [ 13.3528496, 47.7723451 ], [ 13.352901, 47.7722954 ] ] ] } },
{ "type": "Feature", "properties": { "stop_id": "osm-way-182532164", "name": null }, "geometry": { "type": "Polygon", "coordinates": [ [ [ 13.1840724, 46.9660899 ], [ 13.1840927, 46.966111 ], [ 13.1841844, 46.9661408 ], [ 13.1843208, 46.9661648 ], [ 13.1844562, 46.9661619 ], [ 13.184518, 46.966151 ], [ 13.1845596, 46.9661234 ], [ 13.1846001, 46.9660659 ], [ 13.1845479, 46.9660767 ], [ 13.1844871, 46.9660892 ], [ 13.1843347, 46.9661023 ], [ 13.1841908, 46.9660994 ], [ 13.1841438, 46.9660956 ], [ 13.1840724, 46.9660899 ] ] ] } },
{ "type": "Feature", "properties": { "stop_id": "osm-way-182532285", "name": null }, "geometry": { "type": "Polygon", "coordinates": [ [ [ 13.1812612, 46.9673637 ], [ 13.1812186, 46.967296 ], [ 13.1812111, 46.9672429 ], [ 13.1812303, 46.9671978 ], [ 13.1812623, 46.9671622 ], [ 13.1813081, 46.9671374 ], [ 13.1813764, 46.9671272 ], [ 13.1814766, 46.9671268 ], [ 13.1816107, 46.9671453 ], [ 13.1815544, 46.9671543 ], [ 13.1815093, 46.9671616 ], [ 13.18147, 46.9671679 ], [ 13.181389, 46.9671977 ], [ 13.1813208, 46.9672442 ], [ 13.1812877, 46.9672894 ], [ 13.1812787, 46.9673147 ], [ 13.1812738, 46.9673283 ], [ 13.1812612, 46.9673637 ] ] ] } },
{ "type": "Feature", "properties": { "stop_id": "osm-way-187691678", "name": "Raststation Steinhäusl" }, "geometry": { "type": "Polygon", "coordinates": [ [ [ 15.9398845, 48.1569736 ], [ 15.9399971, 48.157826 ], [ 15.9400517, 48.1579861 ], [ 15.9401326, 48.158098 ], [ 15.9402958, 48.1581946 ], [ 15.9405184, 48.1582878 ], [ 15.9409529, 48.1584218 ], [ 15.9412214, 48.1584609 ], [ 15.941716, 48.1584406 ], [ 15.9422049, 48.1583608 ], [ 15.9425182, 48.1583673 ], [ 15.9428195, 48.1583256 ], [ 15.9429479, 48.1582565 ], [ 15.9436549, 48.1583867 ], [ 15.9441813, 48.158169 ], [ 15.9446163, 48.1578554 ], [ 15.9447443, 48.1576308 ], [ 15.9419584, 48.1571315 ], [ 15.9400503, 48.1567993 ], [ 15.9398845, 48.1569736 ] ] ] } },
{ "type": "Feature", "properties": { "stop_id": "osm-way-189139727", "name": "Rastplatz Murau West" }, "geometry": { "type": "Polygon", "coordinates": [ [ [ 13.4922618, 48.2740859 ], [ 13.4918715, 48.2740198 ], [ 13.4916722, 48.2735692 ], [ 13.4915511, 48.2730176 ], [ 13.4922457, 48.2722481 ], [ 13.4927426, 48.2719579 ], [ 13.4930726, 48.2717849 ], [ 13.4935128, 48.2717155 ], [ 13.4940767, 48.2719747 ], [ 13.4930874, 48.2730892 ], [ 13.4922618, 48.2740859 ] ] ] } },
{ "type": "Feature", "properties": { "stop_id": "osm-way-189139728", "name": "Rastplatz Murau Ost" }, "geometry": { "type": "Polygon", "coordinates": [ [ [ 13.4921499, 48.2748111 ], [ 13.492853, 48.2739891 ], [ 13.4938897, 48.2727952 ], [ 13.4949263, 48.2716253 ], [ 13.495146, 48.2715901 ], [ 13.4949685, 48.2718533 ], [ 13.4948468, 48.2721368 ], [ 13.4948316, 48.2724776 ], [ 13.4949111, 48.2730568 ], [ 13.4949172, 48.2731012 ], [ 13.4948181, 48.2734312 ], [ 13.4936643, 48.2745831 ], [ 13.4931325, 48.2746131 ], [ 13.4925376, 48.2747811 ], [ 13.4923573, 48.274859 ], [ 13.4921499, 48.2748111 ] ] ] } },
{ "type": "Feature", "properties": { "stop_id": "osm-way-189520403", "name": "Rastplatz Weer Süd" }, "geometry": { "type": "Polygon", "coordinates": [ [ [ 11.6518521, 47.317281 ], [ 11.6514078, 47.3171079 ], [ 11.6513639, 47.3169682 ], [ 11.652151, 47.3167463 ], [ 11.6537443, 47.3170628 ], [ 11.6558044, 47.3176473 ], [ 11.6558774, 47.3180598 ], [ 11.6555745, 47.3180026 ], [ 11.6551537, 47.3181055 ], [ 11.653365, 47.3175989 ], [ 11.6518521, 47.317281 ] ] ] } },
{ "type": "Feature", "properties": { "stop_id": "osm-way-189520404", "name": "Raststation Weer Nord" }, "geometry": { "type": "Polygon", "coordinates": [ [ [ 11.6569898, 47.3191311 ], [ 11.6569768, 47.3191494 ], [ 11.6566566, 47.3195246 ], [ 11.6559038, 47.3193035 ], [ 11.655673, 47.3192347 ], [ 11.6544167, 47.3187983 ], [ 11.6531271, 47.3183398 ], [ 11.652106, 47.3179767 ], [ 11.6518342, 47.3177932 ], [ 11.6518253, 47.3177078 ], [ 11.6518481, 47.3176824 ], [ 11.6518854, 47.3176501 ], [ 11.653787, 47.3181264 ], [ 11.6543781, 47.318298 ], [ 11.6550341, 47.3184963 ], [ 11.6562632, 47.3188886 ], [ 11.6569898, 47.3191311 ] ] ] } },
{ "type": "Feature", "properties": { "stop_id": "osm-way-189800878", "name": "Raststation Ampass" }, "geometry": { "type": "Polygon", "coordinates": [ [ [ 11.4483704, 47.2621583 ], [ 11.4500834, 47.2622984 ], [ 11.4516524, 47.2625067 ], [ 11.4523969, 47.2626423 ], [ 11.4532269, 47.2628866 ], [ 11.4537662, 47.2630848 ], [ 11.454694, 47.2634664 ], [ 11.4553929, 47.2638054 ], [ 11.4551797, 47.2638524 ], [ 11.4545548, 47.2639151 ], [ 11.4541214, 47.2639308 ], [ 11.4534761, 47.2639086 ], [ 11.4532126, 47.2639483 ], [ 11.4530347, 47.263869 ], [ 11.4524818, 47.2632652 ], [ 11.4520715, 47.2629305 ], [ 11.4518922, 47.2627157 ], [ 11.4505242, 47.2625092 ], [ 11.4499415, 47.2624502 ], [ 11.4497322, 47.2625571 ], [ 11.4495986, 47.2627861 ], [ 11.4495034, 47.2628616 ], [ 11.4492651, 47.2628369 ], [ 11.4490517, 47.2627978 ], [ 11.4487148, 47.2626973 ], [ 11.4483222, 47.2625479 ], [ 11.4482529, 47.262441 ], [ 11.4482869, 47.2623082 ], [ 11.4483704, 47.2621583 ] ] ] } },
{ "type": "Feature", "properties": { "stop_id": "osm-way-189919124", "name": "Rastplatz Denk" }, "geometry": { "type": "Polygon", "coordinates": [ [ [ 14.4559733, 48.3490298 ], [ 14.4560409, 48.3490325 ], [ 14.4561088, 48.3490353 ], [ 14.4561199, 48.3489296 ], [ 14.4562126, 48.3487172 ], [ 14.456427, 48.3482438 ], [ 14.4564195, 48.3481919 ], [ 14.4555069, 48.3471983 ], [ 14.4555519, 48.3470527 ], [ 14.4548679, 48.3464132 ], [ 14.4547035, 48.3464236 ], [ 14.454592, 48.3464262 ], [ 14.4544521, 48.3464431 ], [ 14.4543378, 48.3464652 ], [ 14.4537809, 48.3463776 ], [ 14.4536303, 48.3463256 ], [ 14.4534992, 48.3462541 ], [ 14.4534554, 48.3462821 ], [ 14.4533955, 48.3463204 ], [ 14.4540443, 48.3469229 ], [ 14.4548874, 48.3477952 ], [ 14.4553901, 48.3483282 ], [ 14.4559733, 48.3490298 ] ] ] } },
{ "type": "Feature", "properties": { "stop_id": "osm-way-189919127", "name": "Rastplatz Engerwitzdorf" }, "geometry": { "type": "Polygon", "coordinates": [ [ [ 14.4530846, 48.3464814 ], [ 14.4529959, 48.3464856 ], [ 14.4529205, 48.3464891 ], [ 14.4528998, 48.3466518 ], [ 14.4528085, 48.3470462 ], [ 14.4528079, 48.3470695 ], [ 14.4528029, 48.3472741 ], [ 14.4528651, 48.3474453 ], [ 14.4531527, 48.347778 ], [ 14.4532797, 48.3479647 ], [ 14.4533866, 48.348307 ], [ 14.4535353, 48.3484851 ], [ 14.4537309, 48.3486151 ], [ 14.4540067, 48.3487724 ], [ 14.4543158, 48.3489219 ], [ 14.4549675, 48.3490225 ], [ 14.4553196, 48.3491187 ], [ 14.4554996, 48.3492214 ], [ 14.4556697, 48.3494268 ], [ 14.4558279, 48.3495621 ], [ 14.455873, 48.3495143 ], [ 14.4559003, 48.3494854 ], [ 14.4557418, 48.349319 ], [ 14.4551452, 48.348591 ], [ 14.454488, 48.3478578 ], [ 14.4537994, 48.347148 ], [ 14.4530846, 48.3464814 ] ] ] } },
{ "type": "Feature", "properties": { "stop_id": "osm-way-191364532", "name": "Parkplatz Bruderloch" }, "geometry": { "type": "Polygon", "coordinates": [ [ [ 13.1226439, 47.6797366 ], [ 13.1225876, 47.6796647 ], [ 13.1225628, 47.6795888 ], [ 13.1235471, 47.6778118 ], [ 13.1236628, 47.6778438 ], [ 13.1235444, 47.6781659 ], [ 13.1235011, 47.6783158 ], [ 13.1234903, 47.6783534 ], [ 13.1237053, 47.6784027 ], [ 13.1237439, 47.6784411 ], [ 13.1237938, 47.6784582 ], [ 13.1237772, 47.6784809 ], [ 13.1234922, 47.6788247 ], [ 13.1233204, 47.6790406 ], [ 13.1230171, 47.6793999 ], [ 13.1228799, 47.6794645 ], [ 13.1226439, 47.6797366 ] ] ] } },
{ "type": "Feature", "properties": { "stop_id": "osm-way-191936084", "name": null }, "geometry": { "type": "Polygon", "coordinates": [ [ [ 13.18127, 46.971998 ], [ 13.1813566, 46.971848 ], [ 13.1814185, 46.9717481 ], [ 13.1816123, 46.9714836 ], [ 13.1817495, 46.9713282 ], [ 13.181864, 46.9712268 ], [ 13.1817897, 46.9713273 ], [ 13.1816815, 46.9714853 ], [ 13.1815431, 46.971664 ], [ 13.1814449, 46.9717979 ], [ 13.1813694, 46.9718778 ], [ 13.18127, 46.971998 ] ] ] } },
{ "type": "Feature", "properties": { "stop_id": "osm-way-192707339", "name": "Gralla West" }, "geometry": { "type": "Polygon", "coordinates": [ [ [ 15.5468089, 46.8340629 ], [ 15.5469717, 46.8337486 ], [ 15.5471777, 46.8330548 ], [ 15.5476658, 46.8327541 ], [ 15.5480768, 46.8326256 ], [ 15.5491196, 46.8318953 ], [ 15.5493503, 46.8318146 ], [ 15.5500423, 46.8317118 ], [ 15.5501442, 46.8317815 ], [ 15.5487995, 46.8327696 ], [ 15.5478816, 46.8335015 ], [ 15.5473255, 46.8338001 ], [ 15.5469418, 46.8341048 ], [ 15.5468089, 46.8340629 ] ] ] } },
{ "type": "Feature", "properties": { "stop_id": "osm-way-192901592", "name": "Raststation Kaiserwald" }, "geometry": { "type": "Polygon", "coordinates": [ [ [ 15.3801135, 46.958805 ], [ 15.380548, 46.9586579 ], [ 15.3821228, 46.9581246 ], [ 15.3828015, 46.9578948 ], [ 15.3828816, 46.9578677 ], [ 15.3831855, 46.9579138 ], [ 15.3832417, 46.9579888 ], [ 15.383802, 46.958734 ], [ 15.3842258, 46.9588626 ], [ 15.3846714, 46.9594571 ], [ 15.3855926, 46.9605885 ], [ 15.3853738, 46.9610697 ], [ 15.3851931, 46.9612263 ], [ 15.3850127, 46.9613387 ], [ 15.38249, 46.9616095 ], [ 15.3801135, 46.958805 ] ] ] } },
{ "type": "Feature", "properties": { "stop_id": "osm-way-192927910", "name": "Raststation Loipersdorf" }, "geometry": { "type": "Polygon", "coordinates": [ [ [ 16.0607351, 47.3332602 ], [ 16.0601579, 47.3330424 ], [ 16.0600291, 47.3327516 ], [ 16.0599186, 47.3324614 ], [ 16.0599119, 47.332182 ], [ 16.059963, 47.3320529 ], [ 16.0600509, 47.3319627 ], [ 16.0601646, 47.3319569 ], [ 16.0602587, 47.3317852 ], [ 16.06034, 47.3315514 ], [ 16.0602774, 47.3315333 ], [ 16.0604545, 47.3310791 ], [ 16.0606332, 47.3306173 ], [ 16.0612537, 47.3307474 ], [ 16.0617205, 47.332781 ], [ 16.0612415, 47.3332606 ], [ 16.0607351, 47.3332602 ] ] ] } },
{ "type": "Feature", "properties": { "stop_id": "osm-way-193064709", "name": "Gralla Ost" }, "geometry": { "type": "Polygon", "coordinates": [ [ [ 15.5512569, 46.8323069 ], [ 15.5514039, 46.8322193 ], [ 15.5522311, 46.8315137 ], [ 15.5525567, 46.8313845 ], [ 15.5527405, 46.8313559 ], [ 15.5529336, 46.8312237 ], [ 15.5530034, 46.8311409 ], [ 15.5530463, 46.8310721 ], [ 15.5530644, 46.8309751 ], [ 15.5530941, 46.8306954 ], [ 15.5530945, 46.8303906 ], [ 15.5529711, 46.8302475 ], [ 15.5503107, 46.8323686 ], [ 15.5503949, 46.8324635 ], [ 15.5510838, 46.8323577 ], [ 15.5512569, 46.8323069 ] ] ] } },
{ "type": "Feature", "properties": { "stop_id": "osm-way-193468416", "name": "Rastplatz Herzogberg Nord" }, "geometry": { "type": "Polygon", "coordinates": [ [ [ 15.0922084, 46.9689128 ], [ 15.0925648, 46.9690977 ], [ 15.0928621, 46.9692649 ], [ 15.0929859, 46.9692899 ], [ 15.0944856, 46.9692241 ], [ 15.0946632, 46.9693673 ], [ 15.0952434, 46.9693658 ], [ 15.0958994, 46.9693436 ], [ 15.0960611, 46.969282 ], [ 15.0961097, 46.9690433 ], [ 15.0965673, 46.96876 ], [ 15.0965021, 46.968755 ], [ 15.0963579, 46.9687185 ], [ 15.0962409, 46.9687197 ], [ 15.096041, 46.9686855 ], [ 15.0958023, 46.9686586 ], [ 15.0953167, 46.9686642 ], [ 15.094469, 46.9686672 ], [ 15.093077, 46.9687359 ], [ 15.0927814, 46.9689467 ], [ 15.092667, 46.9689777 ], [ 15.0925437, 46.9689644 ], [ 15.0923411, 46.9688672 ], [ 15.0922729, 46.968892 ], [ 15.0922084, 46.9689128 ] ] ] } },
{ "type": "Feature", "properties": { "stop_id": "osm-way-200145931", "name": "Raststation Tauernalm" }, "geometry": { "type": "Polygon", "coordinates": [ [ [ 13.4241312, 47.2489778 ], [ 13.424209, 47.248472 ], [ 13.4248173, 47.2471275 ], [ 13.4249187, 47.2470539 ], [ 13.4250673, 47.2470171 ], [ 13.4258784, 47.2469274 ], [ 13.4260128, 47.2469546 ], [ 13.4261472, 47.2470715 ], [ 13.4261613, 47.2471787 ], [ 13.426166, 47.247438 ], [ 13.4261165, 47.2478606 ], [ 13.4260812, 47.248051 ], [ 13.4259798, 47.2483279 ], [ 13.4255954, 47.2490338 ], [ 13.4255035, 47.249117 ], [ 13.4251616, 47.2491586 ], [ 13.4248574, 47.249149 ], [ 13.4241312, 47.2489778 ] ] ] } },
{ "type": "Feature", "properties": { "stop_id": "osm-way-200300459", "name": "Raststation Golling Ost" }, "geometry": { "type": "Polygon", "coordinates": [ [ [ 13.1579042, 47.5840043 ], [ 13.1579472, 47.5838905 ], [ 13.1580118, 47.583709 ], [ 13.1580143, 47.5836515 ], [ 13.1580243, 47.5833462 ], [ 13.1579412, 47.5833461 ], [ 13.1578925, 47.5833423 ], [ 13.1575455, 47.5833154 ], [ 13.1574942, 47.5833965 ], [ 13.1574186, 47.5835059 ], [ 13.1572338, 47.5837833 ], [ 13.1564233, 47.5849999 ], [ 13.1564459, 47.5849994 ], [ 13.1567047, 47.5849939 ], [ 13.1568522, 47.5851876 ], [ 13.1568666, 47.5851812 ], [ 13.1569193, 47.5852476 ], [ 13.1568964, 47.585257 ], [ 13.1570667, 47.5854902 ], [ 13.1572632, 47.585378 ], [ 13.1582566, 47.5848106 ], [ 13.1581445, 47.5847202 ], [ 13.1580062, 47.5845808 ], [ 13.1580442, 47.5845657 ], [ 13.1577563, 47.5842276 ], [ 13.1579042, 47.5840043 ] ] ] } },
{ "type": "Feature", "properties": { "stop_id": "osm-way-204383389", "name": "Parkplatz Sieglanger" }, "geometry": { "type": "Polygon", "coordinates": [ [ [ 11.3483668, 47.2529329 ], [ 11.348452, 47.2528759 ], [ 11.34858, 47.2527902 ], [ 11.3497782, 47.2529991 ], [ 11.3508622, 47.253238 ], [ 11.350759, 47.2533905 ], [ 11.3506569, 47.2535016 ], [ 11.350596, 47.2535678 ], [ 11.3495955, 47.2532772 ], [ 11.3483668, 47.2529329 ] ] ] } },
{ "type": "Feature", "properties": { "stop_id": "osm-way-206566678", "name": "Raststation Golling West" }, "geometry": { "type": "Polygon", "coordinates": [ [ [ 13.1569138, 47.5825374 ], [ 13.1564121, 47.5827139 ], [ 13.156154, 47.5825904 ], [ 13.1560125, 47.582491 ], [ 13.1558259, 47.582438 ], [ 13.1556982, 47.582438 ], [ 13.155498, 47.5825126 ], [ 13.1552166, 47.5826651 ], [ 13.1547913, 47.5826957 ], [ 13.1547842, 47.582618 ], [ 13.1537434, 47.5826633 ], [ 13.1533478, 47.5830003 ], [ 13.1532136, 47.5831146 ], [ 13.1529425, 47.5833455 ], [ 13.1535203, 47.5838249 ], [ 13.1539529, 47.5841137 ], [ 13.1543325, 47.5843671 ], [ 13.155299, 47.5843959 ], [ 13.1553832, 47.5844759 ], [ 13.1554595, 47.5844368 ], [ 13.1558971, 47.5848081 ], [ 13.1561202, 47.5846171 ], [ 13.1562415, 47.5845166 ], [ 13.1563124, 47.5844557 ], [ 13.1563607, 47.5844142 ], [ 13.1564341, 47.5843052 ], [ 13.1566946, 47.5839185 ], [ 13.1567368, 47.5838559 ], [ 13.1570241, 47.5834408 ], [ 13.1570962, 47.5833353 ], [ 13.1572771, 47.5830697 ], [ 13.1574413, 47.5828286 ], [ 13.1573079, 47.582798 ], [ 13.1572505, 47.5827848 ], [ 13.1569979, 47.5825992 ], [ 13.156963, 47.5825735 ], [ 13.1569138, 47.5825374 ] ] ] } },
{ "type": "Feature", "properties": { "stop_id": "osm-way-207181900", "name": "Parkplatz Pinkafeld/West" }, "geometry": { "type": "Polygon", "coordinates": [ [ [ 16.0811136, 47.3948788 ], [ 16.0810266, 47.3948752 ], [ 16.0809964, 47.3948739 ], [ 16.0809058, 47.3948664 ], [ 16.0807652, 47.3946223 ], [ 16.0808121, 47.3939024 ], [ 16.0810301, 47.3936776 ], [ 16.0812908, 47.3937094 ], [ 16.081387, 47.3937198 ], [ 16.0814823, 47.39373 ], [ 16.0811136, 47.3948788 ] ] ] } },
{ "type": "Feature", "properties": { "stop_id": "osm-way-207181901", "name": "Parkplatz Pinkafeld/Ost" }, "geometry": { "type": "Polygon", "coordinates": [ [ [ 16.081833, 47.3950372 ], [ 16.0818796, 47.3950346 ], [ 16.0820591, 47.3950323 ], [ 16.0822141, 47.3950312 ], [ 16.0823302, 47.3946451 ], [ 16.0823506, 47.3940052 ], [ 16.0821873, 47.3939655 ], [ 16.0820866, 47.3939318 ], [ 16.0820533, 47.3939207 ], [ 16.082013, 47.3939509 ], [ 16.081833, 47.3950372 ] ] ] } },
{ "type": "Feature", "properties": { "stop_id": "osm-way-207257184", "name": "Parkplatz Rankweil West" }, "geometry": { "type": "Polygon", "coordinates": [ [ [ 9.6259841, 47.2926549 ], [ 9.6261119, 47.2925603 ], [ 9.6261156, 47.2927513 ], [ 9.6261038, 47.2928426 ], [ 9.6258479, 47.293955 ], [ 9.6257693, 47.2942587 ], [ 9.6257171, 47.2942971 ], [ 9.6255996, 47.2943945 ], [ 9.6256594, 47.2937149 ], [ 9.6254699, 47.293624 ], [ 9.6253127, 47.2934879 ], [ 9.6252822, 47.2932266 ], [ 9.6255201, 47.2928494 ], [ 9.6259841, 47.2926549 ] ] ] } },
{ "type": "Feature", "properties": { "stop_id": "osm-way-207488228", "name": "Raststation Pack Preitenegg" }, "geometry": { "type": "Polygon", "coordinates": [ [ [ 14.9141736, 46.9585469 ], [ 14.9140744, 46.9586366 ], [ 14.9141976, 46.9587924 ], [ 14.9142673, 46.959012 ], [ 14.9140959, 46.9592844 ], [ 14.9134629, 46.9595371 ], [ 14.9127602, 46.9595664 ], [ 14.9124008, 46.9595134 ], [ 14.9117409, 46.9594162 ], [ 14.9110221, 46.9590831 ], [ 14.9105178, 46.9586585 ], [ 14.9103086, 46.9581972 ], [ 14.9103623, 46.9578054 ], [ 14.9104787, 46.9578257 ], [ 14.9115386, 46.9580103 ], [ 14.9124256, 46.9581649 ], [ 14.9134549, 46.958278 ], [ 14.9141719, 46.9583454 ], [ 14.9141696, 46.9584516 ], [ 14.9142044, 46.9584816 ], [ 14.9142395, 46.9585119 ], [ 14.9141736, 46.9585469 ] ] ] } },
{ "type": "Feature", "properties": { "stop_id": "osm-way-207617799", "name": null }, "geometry": { "type": "Polygon", "coordinates": [ [ [ 14.4368417, 46.9104291 ], [ 14.4364576, 46.9109143 ], [ 14.4365148, 46.9112912 ], [ 14.4369525, 46.911714 ], [ 14.4370497, 46.9117243 ], [ 14.4368417, 46.9104291 ] ] ] } },
{ "type": "Feature", "properties": { "stop_id": "osm-way-210456428", "name": "Rastplatz Roggendorf" }, "geometry": { "type": "Polygon", "coordinates": [ [ [ 15.3804885, 48.1957546 ], [ 15.380225, 48.1956927 ], [ 15.3799019, 48.1956275 ], [ 15.3802028, 48.1953427 ], [ 15.380343, 48.1953253 ], [ 15.3808741, 48.1951322 ], [ 15.3809439, 48.19507 ], [ 15.3848026, 48.1936465 ], [ 15.3848562, 48.1937082 ], [ 15.384874, 48.1937286 ], [ 15.3847627, 48.1937899 ], [ 15.3846386, 48.1938493 ], [ 15.384475, 48.1939244 ], [ 15.3844044, 48.1939685 ], [ 15.3843396, 48.1940247 ], [ 15.3842836, 48.1940918 ], [ 15.3843221, 48.1940992 ], [ 15.3841959, 48.1947326 ], [ 15.3841647, 48.1949022 ], [ 15.3840606, 48.1949918 ], [ 15.3837221, 48.1951126 ], [ 15.381138, 48.1959523 ], [ 15.3807501, 48.195827 ], [ 15.3806234, 48.1957906 ], [ 15.3804885, 48.1957546 ] ] ] } },
{ "type": "Feature", "properties": { "stop_id": "osm-way-210456429", "name": "Rastplatz Schallaburg" }, "geometry": { "type": "Polygon", "coordinates": [ [ [ 15.3789254, 48.1953558 ], [ 15.3788747, 48.1953291 ], [ 15.3788291, 48.1953051 ], [ 15.3789076, 48.195197 ], [ 15.3789735, 48.19505 ], [ 15.3788189, 48.194898 ], [ 15.3787936, 48.1945551 ], [ 15.3788544, 48.1944977 ], [ 15.3796704, 48.1942189 ], [ 15.3801974, 48.1942426 ], [ 15.3803013, 48.1942341 ], [ 15.3823539, 48.1934571 ], [ 15.3824933, 48.1934588 ], [ 15.3829646, 48.1935432 ], [ 15.3828861, 48.1936818 ], [ 15.3827873, 48.193702 ], [ 15.3826606, 48.193778 ], [ 15.3826349, 48.193823 ], [ 15.3825303, 48.1940572 ], [ 15.3823453, 48.1941323 ], [ 15.3808486, 48.1946973 ], [ 15.3795791, 48.1951733 ], [ 15.3794144, 48.1952341 ], [ 15.379085, 48.1953017 ], [ 15.3789254, 48.1953558 ] ] ] } },
{ "type": "Feature", "properties": { "stop_id": "osm-way-212719622", "name": null }, "geometry": { "type": "Polygon", "coordinates": [ [ [ 13.8984911, 48.6725663 ], [ 13.8985461, 48.6725374 ], [ 13.8986027, 48.672505 ], [ 13.8987013, 48.6724525 ], [ 13.8988229, 48.6723847 ], [ 13.8985825, 48.6721803 ], [ 13.8985369, 48.6722038 ], [ 13.8984663, 48.6722417 ], [ 13.898366, 48.6722939 ], [ 13.89829, 48.6723334 ], [ 13.8982413, 48.672359 ], [ 13.8984911, 48.6725663 ] ] ] } },
{ "type": "Feature", "properties": { "stop_id": "osm-way-212719623", "name": null }, "geometry": { "type": "Polygon", "coordinates": [ [ [ 13.8988668, 48.6723622 ], [ 13.8986196, 48.672152 ], [ 13.8988275, 48.6720454 ], [ 13.8988948, 48.6720137 ], [ 13.899139, 48.6722142 ], [ 13.8990148, 48.672281 ], [ 13.8988668, 48.6723622 ] ] ] } },
{ "type": "Feature", "properties": { "stop_id": "osm-way-228284224", "name": "Rastplatz Kirchstetten" }, "geometry": { "type": "Polygon", "coordinates": [ [ [ 15.7943549, 48.1857068 ], [ 15.7944075, 48.1856228 ], [ 15.7944488, 48.1855546 ], [ 15.7994316, 48.1853325 ], [ 15.7994588, 48.1853978 ], [ 15.7994831, 48.1854564 ], [ 15.7993303, 48.1855771 ], [ 15.7990832, 48.1858724 ], [ 15.7989655, 48.1859226 ], [ 15.798909, 48.1860011 ], [ 15.798796, 48.1860858 ], [ 15.7986501, 48.1861454 ], [ 15.7985136, 48.1861988 ], [ 15.7981464, 48.1862396 ], [ 15.7972802, 48.1862616 ], [ 15.7971389, 48.1862522 ], [ 15.7970118, 48.1862333 ], [ 15.796824, 48.186188 ], [ 15.7966593, 48.1861531 ], [ 15.7964924, 48.1861332 ], [ 15.7958314, 48.186163 ], [ 15.7953603, 48.1861731 ], [ 15.7951382, 48.1861643 ], [ 15.7950815, 48.186193 ], [ 15.7950921, 48.1861149 ], [ 15.7950469, 48.1861009 ], [ 15.7950176, 48.1860919 ], [ 15.7949511, 48.1860298 ], [ 15.7948367, 48.185941 ], [ 15.7945386, 48.185776 ], [ 15.7944274, 48.1857341 ], [ 15.7943549, 48.1857068 ] ] ] } },
{ "type": "Feature", "properties": { "stop_id": "osm-way-228287045", "name": "Rastplatz Kesselhof" }, "geometry": { "type": "Polygon", "coordinates": [ [ [ 15.7997389, 48.1849358 ], [ 15.799728, 48.1848957 ], [ 15.7993459, 48.1847393 ], [ 15.7990157, 48.1845464 ], [ 15.7989557, 48.1844718 ], [ 15.798923, 48.1844027 ], [ 15.7988493, 48.1843081 ], [ 15.7987947, 48.1842862 ], [ 15.7959063, 48.1844679 ], [ 15.7954189, 48.1844798 ], [ 15.795077, 48.1843952 ], [ 15.7948141, 48.184495 ], [ 15.7948767, 48.1846427 ], [ 15.7948707, 48.1846629 ], [ 15.7947697, 48.1846665 ], [ 15.7947015, 48.1847247 ], [ 15.7945432, 48.1849576 ], [ 15.7944504, 48.1850304 ], [ 15.7943849, 48.1850686 ], [ 15.7941803, 48.1851323 ], [ 15.7941876, 48.1851804 ], [ 15.7941966, 48.1852396 ], [ 15.7991519, 48.1849905 ], [ 15.799544, 48.1849538 ], [ 15.7997389, 48.1849358 ] ] ] } },
{ "type": "Feature", "properties": { "stop_id": "osm-way-235790130", "name": "Raststation Deutschfeistritz" }, "geometry": { "type": "Polygon", "coordinates": [ [ [ 15.3164505, 47.2056912 ], [ 15.3183853, 47.2049483 ], [ 15.3186186, 47.2048549 ], [ 15.3185827, 47.2047943 ], [ 15.3185468, 47.2047479 ], [ 15.3184754, 47.2047327 ], [ 15.3181659, 47.2046067 ], [ 15.3179083, 47.2043024 ], [ 15.3177624, 47.2042616 ], [ 15.3173285, 47.2044052 ], [ 15.3169795, 47.2045512 ], [ 15.3168665, 47.204687 ], [ 15.3164184, 47.2048436 ], [ 15.3161925, 47.2049118 ], [ 15.3161102, 47.204975 ], [ 15.3159779, 47.2050259 ], [ 15.3154579, 47.2051845 ], [ 15.3152682, 47.2056744 ], [ 15.3150526, 47.2059855 ], [ 15.3153359, 47.2061452 ], [ 15.3159548, 47.2059093 ], [ 15.3164505, 47.2056912 ] ] ] } },
{ "type": "Feature", "properties": { "stop_id": "osm-way-239796021", "name": "Raststation Gries West" }, "geometry": { "type": "Polygon", "coordinates": [ [ [ 11.4738917, 47.0382045 ], [ 11.4733441, 47.0382825 ], [ 11.4732314, 47.0372662 ], [ 11.4737872, 47.0371589 ], [ 11.4737979, 47.0371835 ], [ 11.4738355, 47.0372466 ], [ 11.4738917, 47.0382045 ] ] ] } },
{ "type": "Feature", "properties": { "stop_id": "osm-way-241106758", "name": "Parkplatz Dietrichshofen/Ost" }, "geometry": { "type": "Polygon", "coordinates": [ [ [ 13.4158596, 48.3762553 ], [ 13.4164439, 48.3768191 ], [ 13.41667, 48.3770404 ], [ 13.4167096, 48.3771034 ], [ 13.4167375, 48.3771711 ], [ 13.4166101, 48.3771834 ], [ 13.4165177, 48.3770852 ], [ 13.4162832, 48.3768608 ], [ 13.4157654, 48.3763547 ], [ 13.4158306, 48.3763527 ], [ 13.4157937, 48.3762552 ], [ 13.4158596, 48.3762553 ] ] ] } },
{ "type": "Feature", "properties": { "stop_id": "osm-way-241229982", "name": null }, "geometry": { "type": "Polygon", "coordinates": [ [ [ 13.4244346, 48.3900823 ], [ 13.4241256, 48.390374 ], [ 13.4241015, 48.3905503 ], [ 13.4243139, 48.3911817 ], [ 13.4244201, 48.391358 ], [ 13.4245311, 48.3917491 ], [ 13.4247435, 48.3923581 ], [ 13.4248014, 48.3924542 ], [ 13.4248931, 48.3927587 ], [ 13.4250621, 48.3929446 ], [ 13.4252358, 48.3930472 ], [ 13.4255062, 48.3930793 ], [ 13.4256944, 48.39306 ], [ 13.4266646, 48.3926882 ], [ 13.4267129, 48.3925568 ], [ 13.4266646, 48.3924126 ], [ 13.4261675, 48.3919766 ], [ 13.4258296, 48.3915888 ], [ 13.4256027, 48.3912715 ], [ 13.4254048, 48.3909798 ], [ 13.4252069, 48.3905887 ], [ 13.4251103, 48.390297 ], [ 13.4250717, 48.3900791 ], [ 13.4246807, 48.3900438 ], [ 13.4244346, 48.3900823 ] ] ] } },
{ "type": "Feature", "properties": { "stop_id": "osm-way-245596053", "name": "Raststation Aistersheim" }, "geometry": { "type": "Polygon", "coordinates": [ [ [ 13.7443459, 48.1785008 ], [ 13.7443658, 48.1783701 ], [ 13.7444576, 48.178289 ], [ 13.7445817, 48.1782542 ], [ 13.7470215, 48.1783403 ], [ 13.7473913, 48.1784148 ], [ 13.7480813, 48.1785852 ], [ 13.7479274, 48.1788517 ], [ 13.7477512, 48.1789791 ], [ 13.747714, 48.179042 ], [ 13.7477537, 48.1791347 ], [ 13.7477264, 48.1795368 ], [ 13.746257, 48.1795087 ], [ 13.745979, 48.1794491 ], [ 13.7457309, 48.1791943 ], [ 13.7449366, 48.1791744 ], [ 13.744748, 48.1790983 ], [ 13.7443459, 48.1785008 ] ] ] } },
{ "type": "Feature", "properties": { "stop_id": "osm-way-262926323", "name": "Parkplatz Weissenweg" }, "geometry": { "type": "Polygon", "coordinates": [ [ [ 16.0553311, 48.0745796 ], [ 16.0554601, 48.0741121 ], [ 16.0559224, 48.0737765 ], [ 16.0575052, 48.0729754 ], [ 16.0585101, 48.0726267 ], [ 16.0592959, 48.0724124 ], [ 16.0598869, 48.0722537 ], [ 16.0601614, 48.0724608 ], [ 16.0598765, 48.0726463 ], [ 16.0578035, 48.0736159 ], [ 16.0558401, 48.0745103 ], [ 16.055517, 48.0746359 ], [ 16.0553311, 48.0745796 ] ] ] } },
{ "type": "Feature", "properties": { "stop_id": "osm-way-263997273", "name": "Raststation Angath Nord" }, "geometry": { "type": "Polygon", "coordinates": [ [ [ 12.0640988, 47.5166356 ], [ 12.0645927, 47.516616 ], [ 12.0650497, 47.5167888 ], [ 12.0652524, 47.5169749 ], [ 12.0659239, 47.5182414 ], [ 12.0666226, 47.5193566 ], [ 12.0673491, 47.5201711 ], [ 12.0673121, 47.5201868 ], [ 12.0671339, 47.5202528 ], [ 12.0662093, 47.5200418 ], [ 12.0656932, 47.5198389 ], [ 12.0653983, 47.5193372 ], [ 12.0654559, 47.51911 ], [ 12.0650468, 47.5186637 ], [ 12.0646423, 47.5178268 ], [ 12.0639723, 47.5179811 ], [ 12.0636469, 47.5181317 ], [ 12.0632664, 47.5178053 ], [ 12.063083, 47.5175741 ], [ 12.0630363, 47.5174192 ], [ 12.0630264, 47.5173308 ], [ 12.0630145, 47.5172251 ], [ 12.0630304, 47.5169888 ], [ 12.0640988, 47.5166356 ] ] ] } },
{ "type": "Feature", "properties": { "stop_id": "osm-way-271726056", "name": "Rastplatz Münster Süd" }, "geometry": { "type": "Polygon", "coordinates": [ [ [ 11.8435518, 47.4119041 ], [ 11.8436702, 47.411882 ], [ 11.843561, 47.4117343 ], [ 11.8434502, 47.4115365 ], [ 11.8432958, 47.411277 ], [ 11.8427776, 47.4110068 ], [ 11.8409672, 47.4101533 ], [ 11.8406947, 47.4099483 ], [ 11.8405778, 47.4098934 ], [ 11.8403579, 47.4097736 ], [ 11.8394855, 47.4094225 ], [ 11.839389, 47.4094972 ], [ 11.8382453, 47.4094179 ], [ 11.8382679, 47.4095561 ], [ 11.8435518, 47.4119041 ] ] ] } },
{ "type": "Feature", "properties": { "stop_id": "osm-way-271726057", "name": "Rastplatz Münster Nord" }, "geometry": { "type": "Polygon", "coordinates": [ [ [ 11.8450171, 47.4135602 ], [ 11.8465548, 47.4144269 ], [ 11.8468835, 47.4146203 ], [ 11.8476314, 47.4151134 ], [ 11.848154, 47.4151159 ], [ 11.8482744, 47.4151234 ], [ 11.8483262, 47.4150826 ], [ 11.8483374, 47.4150663 ], [ 11.8483478, 47.4150512 ], [ 11.8484196, 47.4149999 ], [ 11.8473908, 47.4143239 ], [ 11.8464645, 47.4137611 ], [ 11.8447838, 47.4128848 ], [ 11.84473, 47.4129374 ], [ 11.8447974, 47.4130349 ], [ 11.8448714, 47.4133855 ], [ 11.8449197, 47.413483 ], [ 11.8450171, 47.4135602 ] ] ] } },
{ "type": "Feature", "properties": { "stop_id": "osm-way-282190507", "name": null }, "geometry": { "type": "Polygon", "coordinates": [ [ [ 16.5577811, 47.5816049 ], [ 16.5578185, 47.5816482 ], [ 16.5579225, 47.5816074 ], [ 16.5578852, 47.5815641 ], [ 16.5577811, 47.5816049 ] ] ] } },
{ "type": "Feature", "properties": { "stop_id": "osm-way-286175682", "name": "Rastplatz Hinterbrühl" }, "geometry": { "type": "Polygon", "coordinates": [ [ [ 16.204045, 48.0724969 ], [ 16.2039412, 48.0724845 ], [ 16.2037966, 48.0725068 ], [ 16.2035222, 48.0725688 ], [ 16.2034258, 48.0725762 ], [ 16.2019354, 48.0721402 ], [ 16.2013682, 48.0720188 ], [ 16.201168, 48.0719371 ], [ 16.2009974, 48.0718503 ], [ 16.2007824, 48.0718181 ], [ 16.2007342, 48.0717463 ], [ 16.2009678, 48.071667 ], [ 16.2015943, 48.0713004 ], [ 16.2017686, 48.0712583 ], [ 16.2023062, 48.0713648 ], [ 16.2028218, 48.0715007 ], [ 16.2029695, 48.0716096 ], [ 16.2038562, 48.0719686 ], [ 16.2039894, 48.0720758 ], [ 16.2041896, 48.0724672 ], [ 16.204045, 48.0724969 ] ] ] } },
{ "type": "Feature", "properties": { "stop_id": "osm-way-311913080", "name": "Autohof Wels" }, "geometry": { "type": "Polygon", "coordinates": [ [ [ 14.0722905, 48.189315 ], [ 14.0716691, 48.1899965 ], [ 14.0717288, 48.1900151 ], [ 14.0717973, 48.1901211 ], [ 14.0722413, 48.1902242 ], [ 14.0726345, 48.1903022 ], [ 14.0728245, 48.1903302 ], [ 14.073063, 48.1903008 ], [ 14.0732663, 48.1902639 ], [ 14.0736661, 48.1901594 ], [ 14.0737854, 48.1901049 ], [ 14.0739268, 48.1899429 ], [ 14.0739886, 48.189856 ], [ 14.0740456, 48.1898078 ], [ 14.0741649, 48.1897748 ], [ 14.0739842, 48.189722 ], [ 14.0739222, 48.18968 ], [ 14.073835, 48.1896523 ], [ 14.0737272, 48.1896383 ], [ 14.0735761, 48.1896292 ], [ 14.0730995, 48.1895663 ], [ 14.0728319, 48.1894958 ], [ 14.0724887, 48.1893655 ], [ 14.0722905, 48.189315 ] ] ] } },
{ "type": "Feature", "properties": { "stop_id": "osm-way-313110417", "name": "Rastplatz Oberwang" }, "geometry": { "type": "Polygon", "coordinates": [ [ [ 13.4326395, 47.884413 ], [ 13.4320763, 47.8842943 ], [ 13.4317973, 47.8840173 ], [ 13.4315613, 47.8839273 ], [ 13.4311283, 47.8832472 ], [ 13.4310221, 47.8825731 ], [ 13.4312649, 47.8819651 ], [ 13.4322116, 47.8812936 ], [ 13.4326127, 47.8814054 ], [ 13.4326771, 47.8814558 ], [ 13.4326798, 47.8822131 ], [ 13.4327153, 47.883126 ], [ 13.4327066, 47.8834992 ], [ 13.4327814, 47.8840429 ], [ 13.4326047, 47.8842349 ], [ 13.4326395, 47.884413 ] ] ] } },
{ "type": "Feature", "properties": { "stop_id": "osm-way-314046999", "name": "Parkplatz Straß Ost" }, "geometry": { "type": "Polygon", "coordinates": [ [ [ 15.6396183, 46.7338504 ], [ 15.6409026, 46.7329685 ], [ 15.6422062, 46.7319072 ], [ 15.6434113, 46.7307932 ], [ 15.6437397, 46.7309109 ], [ 15.6438342, 46.7309448 ], [ 15.6438842, 46.7309627 ], [ 15.6438986, 46.7314283 ], [ 15.6438146, 46.7316093 ], [ 15.6430248, 46.7322856 ], [ 15.6412987, 46.7336447 ], [ 15.6410058, 46.733801 ], [ 15.6407178, 46.7338487 ], [ 15.6401704, 46.7338652 ], [ 15.6399208, 46.7338668 ], [ 15.6396639, 46.7338997 ], [ 15.6396434, 46.7338775 ], [ 15.6396183, 46.7338504 ] ] ] } },
{ "type": "Feature", "properties": { "stop_id": "osm-way-314047000", "name": "Parkplatz Straß West" }, "geometry": { "type": "Polygon", "coordinates": [ [ [ 15.6400003, 46.7330856 ], [ 15.6413439, 46.7320022 ], [ 15.641457, 46.731911 ], [ 15.6435078, 46.7301205 ], [ 15.643422, 46.7300929 ], [ 15.6433852, 46.7300663 ], [ 15.6429937, 46.7302181 ], [ 15.6426972, 46.730294 ], [ 15.6423373, 46.7303346 ], [ 15.6420171, 46.7303707 ], [ 15.6406167, 46.7315449 ], [ 15.6393914, 46.7325327 ], [ 15.6391739, 46.733213 ], [ 15.6392195, 46.7332275 ], [ 15.6392602, 46.7332404 ], [ 15.639336, 46.7332645 ], [ 15.6394349, 46.7331263 ], [ 15.6400003, 46.7330856 ] ] ] } },
{ "type": "Feature", "properties": { "stop_id": "osm-way-315618577", "name": null }, "geometry": { "type": "Polygon", "coordinates": [ [ [ 14.2977579, 48.4868212 ], [ 14.2977896, 48.4868306 ], [ 14.2978191, 48.4868393 ], [ 14.2978963, 48.4867369 ], [ 14.297943, 48.4866569 ], [ 14.2979478, 48.4865695 ], [ 14.2979576, 48.4865174 ], [ 14.2979607, 48.4865012 ], [ 14.2978593, 48.4864991 ], [ 14.2978094, 48.4865023 ], [ 14.2978082, 48.4865319 ], [ 14.2978046, 48.4866228 ], [ 14.2977982, 48.4867401 ], [ 14.2977579, 48.4868212 ] ] ] } },
{ "type": "Feature", "properties": { "stop_id": "osm-way-319150429", "name": "LKW-Parkplatz Vomp" }, "geometry": { "type": "Polygon", "coordinates": [ [ [ 11.676306, 47.329919 ], [ 11.6762804, 47.3298131 ], [ 11.6763068, 47.3297337 ], [ 11.6767148, 47.3294594 ], [ 11.6767286, 47.3294139 ], [ 11.6768045, 47.3293684 ], [ 11.676887, 47.3293188 ], [ 11.6771056, 47.3294874 ], [ 11.6772732, 47.3295656 ], [ 11.6784775, 47.3304722 ], [ 11.6785318, 47.3305596 ], [ 11.6786901, 47.3306882 ], [ 11.6787558, 47.3307804 ], [ 11.6787498, 47.3308441 ], [ 11.6787142, 47.3309095 ], [ 11.6784829, 47.331059 ], [ 11.6783857, 47.3311095 ], [ 11.6782415, 47.3311086 ], [ 11.6781241, 47.3310799 ], [ 11.678049, 47.3310458 ], [ 11.6777976, 47.3308918 ], [ 11.6768123, 47.3301977 ], [ 11.6766635, 47.3301647 ], [ 11.676306, 47.329919 ] ] ] } },
{ "type": "Feature", "properties": { "stop_id": "osm-way-320569653", "name": "Raststation Europabrücke" }, "geometry": { "type": "Polygon", "coordinates": [ [ [ 11.3981866, 47.1972727 ], [ 11.3980831, 47.197024 ], [ 11.3980222, 47.1968569 ], [ 11.3979281, 47.19658 ], [ 11.3978938, 47.1964668 ], [ 11.3978158, 47.1961242 ], [ 11.397785, 47.1960579 ], [ 11.3977348, 47.1960092 ], [ 11.3976722, 47.1959715 ], [ 11.3976086, 47.1959464 ], [ 11.3975532, 47.1959367 ], [ 11.3974538, 47.1959258 ], [ 11.3973157, 47.1959314 ], [ 11.3972659, 47.1959389 ], [ 11.397225, 47.1959451 ], [ 11.3971365, 47.1959775 ], [ 11.3969483, 47.196372 ], [ 11.3968191, 47.1963531 ], [ 11.3967863, 47.1965021 ], [ 11.3968236, 47.1965945 ], [ 11.3968715, 47.1966553 ], [ 11.3970209, 47.1967408 ], [ 11.3971583, 47.1967683 ], [ 11.397289, 47.1967653 ], [ 11.3973245, 47.1968891 ], [ 11.39715, 47.1969182 ], [ 11.3972293, 47.1971704 ], [ 11.3973158, 47.19716 ], [ 11.3974833, 47.197628 ], [ 11.3976735, 47.1975108 ], [ 11.3977385, 47.1975435 ], [ 11.3978029, 47.1975272 ], [ 11.397901, 47.1975335 ], [ 11.3980656, 47.1974303 ], [ 11.3981256, 47.1974059 ], [ 11.3981569, 47.1973376 ], [ 11.3981866, 47.1972727 ] ] ] } },
{ "type": "Feature", "properties": { "stop_id": "osm-way-322544067", "name": "Raststation Ybbs" }, "geometry": { "type": "Polygon", "coordinates": [ [ [ 15.1114327, 48.1583554 ], [ 15.1115475, 48.1587086 ], [ 15.1120961, 48.1588435 ], [ 15.1128142, 48.1589942 ], [ 15.1132472, 48.1590795 ], [ 15.1135166, 48.1591266 ], [ 15.1139074, 48.1591916 ], [ 15.1142219, 48.1592362 ], [ 15.1143147, 48.1591987 ], [ 15.1146733, 48.1590561 ], [ 15.1151078, 48.1588861 ], [ 15.1151268, 48.1588501 ], [ 15.1155237, 48.1586882 ], [ 15.1154258, 48.1585803 ], [ 15.1153758, 48.1585229 ], [ 15.1153627, 48.1585078 ], [ 15.1151957, 48.1584417 ], [ 15.1149958, 48.1584096 ], [ 15.1146459, 48.1584176 ], [ 15.1145502, 48.158449 ], [ 15.1143871, 48.1584481 ], [ 15.1143086, 48.1584302 ], [ 15.114264, 48.1584047 ], [ 15.1142451, 48.158373 ], [ 15.114249, 48.1583476 ], [ 15.1140883, 48.1582665 ], [ 15.1140437, 48.1582665 ], [ 15.1139967, 48.1582617 ], [ 15.1139561, 48.1582483 ], [ 15.113894, 48.1582152 ], [ 15.1137213, 48.1580958 ], [ 15.1135612, 48.1580161 ], [ 15.1134042, 48.1579492 ], [ 15.1131518, 48.1578568 ], [ 15.1129178, 48.1577911 ], [ 15.1127331, 48.1577495 ], [ 15.1125879, 48.1577316 ], [ 15.1123806, 48.1577273 ], [ 15.1122287, 48.1577548 ], [ 15.1120834, 48.1578002 ], [ 15.1119881, 48.1578497 ], [ 15.1117784, 48.157978 ], [ 15.1115764, 48.1581104 ], [ 15.1114838, 48.1581628 ], [ 15.1113732, 48.1582172 ], [ 15.1114327, 48.1583554 ] ] ] } },
{ "type": "Feature", "properties": { "stop_id": "osm-way-322544273", "name": "Raststation Kemmelbach" }, "geometry": { "type": "Polygon", "coordinates": [ [ [ 15.0988021, 48.1541001 ], [ 15.0986218, 48.1543271 ], [ 15.0987573, 48.1547653 ], [ 15.099206, 48.1549813 ], [ 15.0992479, 48.1550315 ], [ 15.0993368, 48.1550696 ], [ 15.0994962, 48.1551374 ], [ 15.0998764, 48.155315 ], [ 15.1003861, 48.1555509 ], [ 15.1005705, 48.1554741 ], [ 15.100709, 48.155366 ], [ 15.100757, 48.1553434 ], [ 15.1008032, 48.1553336 ], [ 15.100852, 48.1553334 ], [ 15.1008996, 48.1553386 ], [ 15.1012842, 48.1554268 ], [ 15.1019089, 48.1555814 ], [ 15.1019819, 48.1554905 ], [ 15.1005924, 48.1548876 ], [ 15.0988021, 48.1541001 ] ] ] } },
{ "type": "Feature", "properties": { "stop_id": "osm-way-322545232", "name": "Raststation Strengberg" }, "geometry": { "type": "Polygon", "coordinates": [ [ [ 14.6639571, 48.1147446 ], [ 14.6681949, 48.1138561 ], [ 14.6683167, 48.1139054 ], [ 14.6683869, 48.1139447 ], [ 14.6682581, 48.1140593 ], [ 14.6675261, 48.1148654 ], [ 14.6673392, 48.1150383 ], [ 14.6669274, 48.1151388 ], [ 14.6665683, 48.1154502 ], [ 14.6664709, 48.1155027 ], [ 14.666273, 48.1155481 ], [ 14.6661674, 48.1155624 ], [ 14.6660563, 48.115564 ], [ 14.665914, 48.1155497 ], [ 14.6655859, 48.1154913 ], [ 14.6654628, 48.1154507 ], [ 14.6653464, 48.1154181 ], [ 14.6654114, 48.1153369 ], [ 14.6650816, 48.1152092 ], [ 14.6649876, 48.1151482 ], [ 14.6639716, 48.1148912 ], [ 14.6639691, 48.1148814 ], [ 14.6639576, 48.1148361 ], [ 14.6639571, 48.1147446 ] ] ] } },
{ "type": "Feature", "properties": { "stop_id": "osm-way-322545857", "name": "Rastplatz Allhaming Nord" }, "geometry": { "type": "Polygon", "coordinates": [ [ [ 14.1576048, 48.1550027 ], [ 14.1580396, 48.1554117 ], [ 14.1588312, 48.1562021 ], [ 14.1597315, 48.1571121 ], [ 14.1596297, 48.1572001 ], [ 14.1592776, 48.1573426 ], [ 14.1585637, 48.1572445 ], [ 14.1582361, 48.157206 ], [ 14.1579893, 48.1570414 ], [ 14.156521, 48.1555559 ], [ 14.1565973, 48.1553667 ], [ 14.156664, 48.1552145 ], [ 14.1565904, 48.1550934 ], [ 14.156947, 48.1548874 ], [ 14.1569996, 48.154876 ], [ 14.1576048, 48.1550027 ] ] ] } },
{ "type": "Feature", "properties": { "stop_id": "osm-way-322545858", "name": "Rastplatz Allhaming Süd" }, "geometry": { "type": "Polygon", "coordinates": [ [ [ 14.1582231, 48.154867 ], [ 14.1593124, 48.1559434 ], [ 14.1599597, 48.1560333 ], [ 14.1600524, 48.1559845 ], [ 14.1601264, 48.155643 ], [ 14.1601298, 48.1556273 ], [ 14.160029, 48.1551052 ], [ 14.1594538, 48.1543199 ], [ 14.1590101, 48.1544987 ], [ 14.158239, 48.1545425 ], [ 14.1581358, 48.1546118 ], [ 14.1580549, 48.1546858 ], [ 14.1582231, 48.154867 ] ] ] } },
{ "type": "Feature", "properties": { "stop_id": "osm-way-322551671", "name": "Raststation Walserberg Nord" }, "geometry": { "type": "Polygon", "coordinates": [ [ [ 12.9440743, 47.7685553 ], [ 12.9441198, 47.768629 ], [ 12.9443171, 47.768716 ], [ 12.9443549, 47.768748 ], [ 12.9443897, 47.7687774 ], [ 12.9445694, 47.7687994 ], [ 12.9447504, 47.7688405 ], [ 12.9449764, 47.7689351 ], [ 12.9456956, 47.7693092 ], [ 12.9459364, 47.7694021 ], [ 12.9461727, 47.7694074 ], [ 12.9478045, 47.7694459 ], [ 12.9491472, 47.7694777 ], [ 12.9496166, 47.7694525 ], [ 12.949822, 47.7693971 ], [ 12.9499905, 47.7693375 ], [ 12.9504803, 47.7690559 ], [ 12.952799, 47.7689195 ], [ 12.9528022, 47.7688475 ], [ 12.9528024, 47.7688421 ], [ 12.9528035, 47.7688248 ], [ 12.9528042, 47.7688147 ], [ 12.9528091, 47.7687419 ], [ 12.9507404, 47.7687158 ], [ 12.9503301, 47.7686982 ], [ 12.9501176, 47.7687014 ], [ 12.9495466, 47.768685 ], [ 12.947316, 47.7686157 ], [ 12.9468395, 47.7686057 ], [ 12.9462717, 47.7685964 ], [ 12.9457078, 47.7685867 ], [ 12.9440743, 47.7685553 ] ] ] } },
{ "type": "Feature", "properties": { "stop_id": "osm-way-322551672", "name": "Raststation Walserberg Süd" }, "geometry": { "type": "Polygon", "coordinates": [ [ [ 12.9499998, 47.7682709 ], [ 12.9496193, 47.7681743 ], [ 12.9495469, 47.7681288 ], [ 12.9494685, 47.7680505 ], [ 12.949347, 47.7679373 ], [ 12.9492196, 47.7677669 ], [ 12.9489202, 47.7674441 ], [ 12.9476255, 47.7673113 ], [ 12.9473399, 47.7672825 ], [ 12.9468082, 47.767295 ], [ 12.9464945, 47.767364 ], [ 12.9462719, 47.7674172 ], [ 12.9460976, 47.7674712 ], [ 12.9459152, 47.7674965 ], [ 12.9452983, 47.7674821 ], [ 12.9446613, 47.7674569 ], [ 12.9445472, 47.767455 ], [ 12.9444091, 47.7674694 ], [ 12.944279, 47.7675055 ], [ 12.9442012, 47.7675506 ], [ 12.9441208, 47.7676209 ], [ 12.9440496, 47.7677147 ], [ 12.9439002, 47.7678782 ], [ 12.9437748, 47.7679868 ], [ 12.943648, 47.768036 ], [ 12.943532, 47.7680409 ], [ 12.943233, 47.7680328 ], [ 12.9427407, 47.7678264 ], [ 12.9424114, 47.7677437 ], [ 12.9412977, 47.7677372 ], [ 12.9392241, 47.7677124 ], [ 12.9388226, 47.767916 ], [ 12.9367177, 47.767879 ], [ 12.9350828, 47.7678385 ], [ 12.9340986, 47.7677998 ], [ 12.9313192, 47.7676275 ], [ 12.930821, 47.7676101 ], [ 12.9305907, 47.7676009 ], [ 12.9298747, 47.7675484 ], [ 12.9293871, 47.7675278 ], [ 12.9287655, 47.7675257 ], [ 12.9284109, 47.7675214 ], [ 12.9282387, 47.7675352 ], [ 12.9330512, 47.767888 ], [ 12.9382058, 47.7680863 ], [ 12.9435006, 47.7682378 ], [ 12.9440755, 47.7682454 ], [ 12.9441142, 47.7682601 ], [ 12.944264, 47.7682826 ], [ 12.9463198, 47.7683541 ], [ 12.9467918, 47.7683658 ], [ 12.9470095, 47.7683627 ], [ 12.9474641, 47.7682951 ], [ 12.9475868, 47.7683041 ], [ 12.9477478, 47.7683411 ], [ 12.9478427, 47.7683623 ], [ 12.9492711, 47.7684139 ], [ 12.9518089, 47.7684989 ], [ 12.95193, 47.7683961 ], [ 12.95089, 47.7683695 ], [ 12.9504978, 47.7683506 ], [ 12.9500847, 47.7682924 ], [ 12.9499998, 47.7682709 ] ] ] } },
{ "type": "Feature", "properties": { "stop_id": "osm-way-324026491", "name": "Raststation Guntramsdorf" }, "geometry": { "type": "Polygon", "coordinates": [ [ [ 16.3343025, 48.0305698 ], [ 16.3354522, 48.0302041 ], [ 16.3357663, 48.0302682 ], [ 16.3367638, 48.030716 ], [ 16.3374, 48.0313238 ], [ 16.3378872, 48.0321517 ], [ 16.3382068, 48.0327725 ], [ 16.3384199, 48.0332251 ], [ 16.3384446, 48.0332785 ], [ 16.3388196, 48.03404 ], [ 16.3390832, 48.0346645 ], [ 16.3389355, 48.0347882 ], [ 16.3383677, 48.0347399 ], [ 16.3378162, 48.0346291 ], [ 16.3371202, 48.0343207 ], [ 16.3368369, 48.0341983 ], [ 16.3367632, 48.0340898 ], [ 16.336731, 48.034024 ], [ 16.3363867, 48.0336056 ], [ 16.3358907, 48.0331121 ], [ 16.3352717, 48.0322094 ], [ 16.3346944, 48.031461 ], [ 16.3343025, 48.0305698 ] ] ] } },
{ "type": "Feature", "properties": { "stop_id": "osm-way-324036372", "name": "Raststation Wörthersee" }, "geometry": { "type": "Polygon", "coordinates": [ [ [ 14.0934909, 46.6294914 ], [ 14.09407, 46.6293279 ], [ 14.0953636, 46.6293984 ], [ 14.0955223, 46.629376 ], [ 14.0959847, 46.6295459 ], [ 14.0960034, 46.629594 ], [ 14.0959613, 46.6297159 ], [ 14.0961154, 46.6298538 ], [ 14.0962135, 46.6306748 ], [ 14.0958774, 46.6311441 ], [ 14.0957252, 46.6311987 ], [ 14.0952649, 46.6310506 ], [ 14.0949704, 46.6309558 ], [ 14.0928811, 46.6300469 ], [ 14.0934909, 46.6294914 ] ] ] } },
{ "type": "Feature", "properties": { "stop_id": "osm-way-327068314", "name": "Raststation Schwöbing Nord" }, "geometry": { "type": "Polygon", "coordinates": [ [ [ 15.5899483, 47.5586823 ], [ 15.5900173, 47.558734 ], [ 15.5904004, 47.5590208 ], [ 15.5906425, 47.5590975 ], [ 15.5909143, 47.5590908 ], [ 15.5911005, 47.5590238 ], [ 15.5912231, 47.5589841 ], [ 15.5915199, 47.5587776 ], [ 15.5915813, 47.5587323 ], [ 15.591521, 47.5587085 ], [ 15.5914156, 47.5586668 ], [ 15.5912008, 47.558699 ], [ 15.5899483, 47.5586823 ] ] ] } },
{ "type": "Feature", "properties": { "stop_id": "osm-way-327068316", "name": "Raststation Schwöbing Süd" }, "geometry": { "type": "Polygon", "coordinates": [ [ [ 15.5895977, 47.5584383 ], [ 15.5897138, 47.5583683 ], [ 15.5897706, 47.5582883 ], [ 15.5897682, 47.5581399 ], [ 15.5906774, 47.5581315 ], [ 15.5914531, 47.5581632 ], [ 15.5914275, 47.5584427 ], [ 15.5913908, 47.5584637 ], [ 15.5904915, 47.5584653 ], [ 15.5902954, 47.5584594 ], [ 15.5895977, 47.5584383 ] ] ] } },
{ "type": "Feature", "properties": { "stop_id": "osm-way-327068597", "name": null }, "geometry": { "type": "Polygon", "coordinates": [ [ [ 15.4102388, 47.4874134 ], [ 15.4103613, 47.4873993 ], [ 15.4114619, 47.4877543 ], [ 15.4116062, 47.4878395 ], [ 15.4116453, 47.4878872 ], [ 15.4116996, 47.4879535 ], [ 15.4104881, 47.4875587 ], [ 15.4104346, 47.4874987 ], [ 15.4102388, 47.4874134 ] ] ] } },
{ "type": "Feature", "properties": { "stop_id": "osm-way-327071181", "name": "Parkplatz Strettweg" }, "geometry": { "type": "Polygon", "coordinates": [ [ [ 14.659449, 47.1771438 ], [ 14.6594871, 47.1772096 ], [ 14.6608433, 47.1776272 ], [ 14.6608012, 47.1775609 ], [ 14.660778, 47.1775244 ], [ 14.6607483, 47.1774777 ], [ 14.6607379, 47.1772879 ], [ 14.6596873, 47.1769449 ], [ 14.6595892, 47.1771238 ], [ 14.6594919, 47.1771377 ], [ 14.659449, 47.1771438 ] ] ] } },
{ "type": "Feature", "properties": { "stop_id": "osm-way-327072381", "name": null }, "geometry": { "type": "Polygon", "coordinates": [ [ [ 14.3473292, 47.1304112 ], [ 14.3473726, 47.1304482 ], [ 14.3482817, 47.1305991 ], [ 14.3483434, 47.1305825 ], [ 14.3483454, 47.1305364 ], [ 14.347825, 47.1304363 ], [ 14.3473704, 47.1303825 ], [ 14.3473292, 47.1304112 ] ] ] } },
{ "type": "Feature", "properties": { "stop_id": "osm-way-339461571", "name": null }, "geometry": { "type": "Polygon", "coordinates": [ [ [ 13.662502, 46.5472627 ], [ 13.6618545, 46.5470686 ], [ 13.6617403, 46.5469339 ], [ 13.661667, 46.5468864 ], [ 13.6624301, 46.5470886 ], [ 13.6626097, 46.5471429 ], [ 13.6625818, 46.5471479 ], [ 13.662502, 46.5472627 ] ] ] } },
{ "type": "Feature", "properties": { "stop_id": "osm-way-339940622", "name": null }, "geometry": { "type": "Polygon", "coordinates": [ [ [ 13.6447547, 46.5392844 ], [ 13.6447417, 46.5391324 ], [ 13.644746, 46.5391178 ], [ 13.6447508, 46.5388163 ], [ 13.6447294, 46.5385408 ], [ 13.6447006, 46.5383642 ], [ 13.6446812, 46.5383026 ], [ 13.6446641, 46.5382808 ], [ 13.6446559, 46.5382795 ], [ 13.6446503, 46.5382837 ], [ 13.6445851, 46.5381749 ], [ 13.6448397, 46.5382269 ], [ 13.6448589, 46.5382434 ], [ 13.6448644, 46.5382698 ], [ 13.644896, 46.5384138 ], [ 13.6449233, 46.5387324 ], [ 13.6449191, 46.5388918 ], [ 13.6448868, 46.5390128 ], [ 13.6448374, 46.5391241 ], [ 13.6447547, 46.5392844 ] ] ] } },
{ "type": "Feature", "properties": { "stop_id": "osm-way-342598795", "name": "Raststation Nickelsdorf Nord" }, "geometry": { "type": "Polygon", "coordinates": [ [ [ 17.1006555, 47.9296808 ], [ 17.1006056, 47.9295951 ], [ 17.1005344, 47.9294726 ], [ 17.1004802, 47.9293554 ], [ 17.100488, 47.9288454 ], [ 17.1007321, 47.9284404 ], [ 17.1014689, 47.9280951 ], [ 17.1025558, 47.927917 ], [ 17.1032285, 47.9277652 ], [ 17.1036437, 47.9282417 ], [ 17.1037196, 47.9285285 ], [ 17.1033143, 47.9287065 ], [ 17.1007451, 47.9298349 ], [ 17.1006555, 47.9296808 ] ] ] } },
{ "type": "Feature", "properties": { "stop_id": "osm-way-342598797", "name": "Raststation Nickelsdorf Süd" }, "geometry": { "type": "Polygon", "coordinates": [ [ [ 17.0953703, 47.9273557 ], [ 17.0954183, 47.9273538 ], [ 17.0954635, 47.9273594 ], [ 17.0954846, 47.9273794 ], [ 17.095655, 47.9275704 ], [ 17.0957157, 47.927606 ], [ 17.0957771, 47.9276287 ], [ 17.0958629, 47.9276455 ], [ 17.0959746, 47.9276453 ], [ 17.0962776, 47.9276219 ], [ 17.0963455, 47.9276294 ], [ 17.0964087, 47.9276565 ], [ 17.0965263, 47.9277666 ], [ 17.0967202, 47.9278232 ], [ 17.0966547, 47.9279374 ], [ 17.0965805, 47.9279946 ], [ 17.0964926, 47.9280418 ], [ 17.0965321, 47.9281317 ], [ 17.0967914, 47.9281266 ], [ 17.0986582, 47.9280217 ], [ 17.0988151, 47.9279461 ], [ 17.0993431, 47.9274474 ], [ 17.0992902, 47.9271878 ], [ 17.0991213, 47.926687 ], [ 17.0989234, 47.9264264 ], [ 17.0986777, 47.9261171 ], [ 17.0984028, 47.9262212 ], [ 17.0956148, 47.9272676 ], [ 17.0953703, 47.9273557 ] ] ] } },
{ "type": "Feature", "properties": { "stop_id": "osm-way-362302358", "name": "Rastplatz Hutwisch" }, "geometry": { "type": "Polygon", "coordinates": [ [ [ 16.2149684, 47.4615742 ], [ 16.2143057, 47.4609527 ], [ 16.2144103, 47.4609617 ], [ 16.2145527, 47.460974 ], [ 16.2148598, 47.4611793 ], [ 16.2150421, 47.4613543 ], [ 16.2150892, 47.4614643 ], [ 16.215099, 47.4615465 ], [ 16.2149684, 47.4615742 ] ] ] } },
{ "type": "Feature", "properties": { "stop_id": "osm-way-367495632", "name": "Parkplatz Dornbirn Ost" }, "geometry": { "type": "Polygon", "coordinates": [ [ [ 9.7219988, 47.4359726 ], [ 9.7220465, 47.4359588 ], [ 9.7221953, 47.4360028 ], [ 9.7225583, 47.4361247 ], [ 9.722645, 47.4360967 ], [ 9.7229111, 47.4363877 ], [ 9.723045, 47.4369308 ], [ 9.72298, 47.4370905 ], [ 9.7229533, 47.4372217 ], [ 9.7229947, 47.4374889 ], [ 9.7227843, 47.4375203 ], [ 9.7226221, 47.4376019 ], [ 9.7225751, 47.4376762 ], [ 9.7225052, 47.4377725 ], [ 9.7224792, 47.4377513 ], [ 9.7224088, 47.4377045 ], [ 9.7223136, 47.4372892 ], [ 9.7220715, 47.4363625 ], [ 9.7219496, 47.4359904 ], [ 9.7219988, 47.4359726 ] ] ] } },
{ "type": "Feature", "properties": { "stop_id": "osm-way-370306110", "name": "Raststation Matrei West" }, "geometry": { "type": "Polygon", "coordinates": [ [ [ 11.4459979, 47.1413549 ], [ 11.4460867, 47.1413294 ], [ 11.4461738, 47.1413032 ], [ 11.4471917, 47.1399429 ], [ 11.447174, 47.1399058 ], [ 11.4471645, 47.1398717 ], [ 11.4470066, 47.1398784 ], [ 11.4468072, 47.1398707 ], [ 11.4465112, 47.1399614 ], [ 11.4462546, 47.140081 ], [ 11.4459884, 47.1403364 ], [ 11.4457578, 47.140667 ], [ 11.4457697, 47.140815 ], [ 11.4458268, 47.1411738 ], [ 11.4459979, 47.1413549 ] ] ] } },
{ "type": "Feature", "properties": { "stop_id": "osm-way-370306111", "name": "Raststation Matrei Ost" }, "geometry": { "type": "Polygon", "coordinates": [ [ [ 11.4486407, 47.1385064 ], [ 11.448741, 47.1385303 ], [ 11.4488451, 47.1385614 ], [ 11.4489164, 47.1387748 ], [ 11.4488625, 47.1389709 ], [ 11.4488416, 47.1390468 ], [ 11.4488187, 47.1391147 ], [ 11.4486844, 47.1393207 ], [ 11.4488023, 47.1393864 ], [ 11.4487597, 47.139451 ], [ 11.4488596, 47.1394978 ], [ 11.4488814, 47.1396016 ], [ 11.4488693, 47.1398044 ], [ 11.4488318, 47.1399171 ], [ 11.4487233, 47.1400742 ], [ 11.4486296, 47.1401867 ], [ 11.4485725, 47.1402508 ], [ 11.4485421, 47.1402855 ], [ 11.4484861, 47.1403131 ], [ 11.4481576, 47.1402606 ], [ 11.4477033, 47.1401785 ], [ 11.4474997, 47.140189 ], [ 11.4474595, 47.1401132 ], [ 11.4474232, 47.1400806 ], [ 11.4482122, 47.1390094 ], [ 11.4482683, 47.1389791 ], [ 11.4483784, 47.1387996 ], [ 11.4484078, 47.1387554 ], [ 11.4486407, 47.1385064 ] ] ] } },
{ "type": "Feature", "properties": { "stop_id": "osm-way-372330817", "name": "Raststation Brennerpass" }, "geometry": { "type": "Polygon", "coordinates": [ [ [ 11.5088934, 47.0098989 ], [ 11.5086562, 47.0098716 ], [ 11.5085364, 47.00987 ], [ 11.5086516, 47.0091543 ], [ 11.5088023, 47.0082877 ], [ 11.5088013, 47.0082665 ], [ 11.5089584, 47.007342 ], [ 11.5089836, 47.0069811 ], [ 11.5089644, 47.0066794 ], [ 11.5090306, 47.0066735 ], [ 11.509094, 47.0066551 ], [ 11.5090201, 47.0064261 ], [ 11.5094453, 47.0063525 ], [ 11.5095654, 47.0066971 ], [ 11.5096388, 47.0066935 ], [ 11.5097384, 47.0066905 ], [ 11.5097954, 47.0066947 ], [ 11.5099044, 47.006695 ], [ 11.5099381, 47.0071066 ], [ 11.5099507, 47.0073346 ], [ 11.5099599, 47.0075768 ], [ 11.5099099, 47.0079314 ], [ 11.5098527, 47.0081653 ], [ 11.5097736, 47.0083759 ], [ 11.5097233, 47.0084732 ], [ 11.5096487, 47.0086011 ], [ 11.5090861, 47.0095361 ], [ 11.5090448, 47.009667 ], [ 11.5088934, 47.0098989 ] ] ] } },
{ "type": "Feature", "properties": { "stop_id": "osm-way-372330818", "name": "Raststation Brennersee" }, "geometry": { "type": "Polygon", "coordinates": [ [ [ 11.5060673, 47.0132893 ], [ 11.5060145, 47.014204 ], [ 11.5061446, 47.0148721 ], [ 11.5061933, 47.0150453 ], [ 11.5060048, 47.0150829 ], [ 11.5058559, 47.0149447 ], [ 11.5056443, 47.0147562 ], [ 11.5054453, 47.0145505 ], [ 11.5053086, 47.014386 ], [ 11.5052908, 47.014204 ], [ 11.5053671, 47.0138851 ], [ 11.5055868, 47.0135709 ], [ 11.5057638, 47.0134197 ], [ 11.5059088, 47.0133531 ], [ 11.5060673, 47.0132893 ] ] ] } },
{ "type": "Feature", "properties": { "stop_id": "osm-way-372332549", "name": "Parkplatz Wipptalerhof Ost" }, "geometry": { "type": "Polygon", "coordinates": [ [ [ 11.4620005, 47.0936661 ], [ 11.461873, 47.0936438 ], [ 11.4617325, 47.0935933 ], [ 11.4610678, 47.0927684 ], [ 11.460521, 47.0921069 ], [ 11.4606066, 47.0920983 ], [ 11.4607994, 47.0920862 ], [ 11.4612792, 47.0925719 ], [ 11.4614052, 47.0926771 ], [ 11.4617325, 47.0931393 ], [ 11.4620008, 47.0935213 ], [ 11.4620005, 47.0936661 ] ] ] } },
{ "type": "Feature", "properties": { "stop_id": "osm-way-372332550", "name": "Parkplatz Wipptalerhof West" }, "geometry": { "type": "Polygon", "coordinates": [ [ [ 11.4596255, 47.0915191 ], [ 11.4595274, 47.0915348 ], [ 11.4594433, 47.0915541 ], [ 11.4594714, 47.0916495 ], [ 11.4596586, 47.0918931 ], [ 11.4597376, 47.091996 ], [ 11.4601021, 47.0924038 ], [ 11.4601672, 47.092492 ], [ 11.4603409, 47.0926163 ], [ 11.4604238, 47.0925717 ], [ 11.4604287, 47.0924412 ], [ 11.4596255, 47.0915191 ] ] ] } },
{ "type": "Feature", "properties": { "stop_id": "osm-way-373807312", "name": "Raststation Hornstein" }, "geometry": { "type": "Polygon", "coordinates": [ [ [ 16.4155033, 47.8792942 ], [ 16.4155898, 47.878809 ], [ 16.4155578, 47.8787344 ], [ 16.4155333, 47.878675 ], [ 16.4156087, 47.8785183 ], [ 16.4156426, 47.878402 ], [ 16.415844, 47.8771562 ], [ 16.4145382, 47.8773023 ], [ 16.4127431, 47.8781844 ], [ 16.4127146, 47.8782366 ], [ 16.4127394, 47.8782779 ], [ 16.4142652, 47.8790784 ], [ 16.4146249, 47.8790087 ], [ 16.4148435, 47.8790138 ], [ 16.4150206, 47.8790719 ], [ 16.4152016, 47.8792059 ], [ 16.4152883, 47.8792792 ], [ 16.4153825, 47.8794056 ], [ 16.4154126, 47.8795068 ], [ 16.4155008, 47.87948 ], [ 16.4155373, 47.8794444 ], [ 16.4155458, 47.8793227 ], [ 16.4155033, 47.8792942 ] ] ] } },
{ "type": "Feature", "properties": { "stop_id": "osm-way-376715079", "name": "Parkplatz Ardning Ost" }, "geometry": { "type": "Polygon", "coordinates": [ [ [ 14.320511, 47.5792172 ], [ 14.3217998, 47.58016 ], [ 14.3219388, 47.5802217 ], [ 14.3220924, 47.5801926 ], [ 14.3220074, 47.5800004 ], [ 14.3219799, 47.5799484 ], [ 14.3219592, 47.5799091 ], [ 14.3213691, 47.5794343 ], [ 14.3207518, 47.5790675 ], [ 14.3205721, 47.5791813 ], [ 14.320511, 47.5792172 ] ] ] } },
{ "type": "Feature", "properties": { "stop_id": "osm-way-376715082", "name": "Parkplatz Rottenmann/Nord" }, "geometry": { "type": "Polygon", "coordinates": [ [ [ 14.3858936, 47.5174854 ], [ 14.3862702, 47.5174237 ], [ 14.3865579, 47.5173348 ], [ 14.3870128, 47.5171706 ], [ 14.3874496, 47.5168166 ], [ 14.3872987, 47.5167696 ], [ 14.3872159, 47.5167431 ], [ 14.3858979, 47.5173216 ], [ 14.3858858, 47.5173831 ], [ 14.3858936, 47.5174854 ] ] ] } },
{ "type": "Feature", "properties": { "stop_id": "osm-way-376715085", "name": "Parkplatz Rottenmann/Süd" }, "geometry": { "type": "Polygon", "coordinates": [ [ [ 14.3886321, 47.5159415 ], [ 14.3901504, 47.515467 ], [ 14.3901399, 47.5153913 ], [ 14.3901097, 47.5152275 ], [ 14.389923, 47.5152469 ], [ 14.3895042, 47.5153194 ], [ 14.3890553, 47.5154323 ], [ 14.3886577, 47.5156462 ], [ 14.3883052, 47.5159082 ], [ 14.3885427, 47.5159392 ], [ 14.3886321, 47.5159415 ] ] ] } },
{ "type": "Feature", "properties": { "stop_id": "osm-way-376804457", "name": "Parkplatz Maisdorf/West" }, "geometry": { "type": "Polygon", "coordinates": [ [ [ 14.0991008, 47.9592043 ], [ 14.0998268, 47.9578552 ], [ 14.0996375, 47.957768 ], [ 14.0993714, 47.9580744 ], [ 14.099017, 47.958747 ], [ 14.0989458, 47.9591571 ], [ 14.0991008, 47.9592043 ] ] ] } },
{ "type": "Feature", "properties": { "stop_id": "osm-way-376804458", "name": "Parkplatz Maisdorf/Ost" }, "geometry": { "type": "Polygon", "coordinates": [ [ [ 14.099903, 47.958425 ], [ 14.0990742, 47.959915 ], [ 14.0992452, 47.9599754 ], [ 14.0997106, 47.9594863 ], [ 14.1000193, 47.958827 ], [ 14.1000455, 47.9584568 ], [ 14.099903, 47.958425 ] ] ] } },
{ "type": "Feature", "properties": { "stop_id": "osm-way-376844441", "name": "Parkplatz Oberham Nord" }, "geometry": { "type": "Polygon", "coordinates": [ [ [ 13.9424064, 48.1880423 ], [ 13.942353, 48.1881487 ], [ 13.9427675, 48.1883329 ], [ 13.9431222, 48.1884162 ], [ 13.9442483, 48.188277 ], [ 13.944774, 48.1880508 ], [ 13.9447569, 48.187944 ], [ 13.9424064, 48.1880423 ] ] ] } },
{ "type": "Feature", "properties": { "stop_id": "osm-way-376944495", "name": "Parkplatz Gotthaming" }, "geometry": { "type": "Polygon", "coordinates": [ [ [ 13.6340862, 48.2088956 ], [ 13.6342665, 48.2085836 ], [ 13.634177, 48.2083426 ], [ 13.6341902, 48.2080846 ], [ 13.6341048, 48.2079661 ], [ 13.6339169, 48.2081582 ], [ 13.6338979, 48.2082794 ], [ 13.6334872, 48.2090195 ], [ 13.6336161, 48.2090418 ], [ 13.6337122, 48.2089773 ], [ 13.633811, 48.2089812 ], [ 13.6340862, 48.2088956 ] ] ] } },
{ "type": "Feature", "properties": { "stop_id": "osm-way-376944509", "name": "Parkplatz Renhartsberg" }, "geometry": { "type": "Polygon", "coordinates": [ [ [ 13.6260228, 48.2135883 ], [ 13.6259442, 48.2138294 ], [ 13.6261993, 48.2138503 ], [ 13.626593, 48.2135267 ], [ 13.6270729, 48.2131511 ], [ 13.6273109, 48.2128419 ], [ 13.6271618, 48.2127193 ], [ 13.6265995, 48.2129207 ], [ 13.6260228, 48.2135883 ] ] ] } },
{ "type": "Feature", "properties": { "stop_id": "osm-way-383433357", "name": "Rastplatz St. Marein" }, "geometry": { "type": "Polygon", "coordinates": [ [ [ 14.881298, 47.2539365 ], [ 14.88105, 47.2537725 ], [ 14.8810449, 47.2532888 ], [ 14.8805202, 47.253129 ], [ 14.8795514, 47.2528513 ], [ 14.8790835, 47.2531784 ], [ 14.8789107, 47.253237 ], [ 14.8788156, 47.2532466 ], [ 14.8789404, 47.253356 ], [ 14.8812194, 47.2539688 ], [ 14.881298, 47.2539365 ] ] ] } },
{ "type": "Feature", "properties": { "stop_id": "osm-way-389525938", "name": "Rastplatz Zirl - Inzing" }, "geometry": { "type": "Polygon", "coordinates": [ [ [ 11.2153373, 47.2758042 ], [ 11.2151634, 47.2758626 ], [ 11.2148066, 47.2760591 ], [ 11.2145545, 47.2761901 ], [ 11.2142005, 47.2763448 ], [ 11.2135247, 47.2766195 ], [ 11.2134566, 47.2766473 ], [ 11.2128219, 47.276907 ], [ 11.2123713, 47.2770835 ], [ 11.2120226, 47.2771327 ], [ 11.2113328, 47.2773019 ], [ 11.2110356, 47.277351 ], [ 11.2107701, 47.2773055 ], [ 11.2103758, 47.2771709 ], [ 11.2104023, 47.2771405 ], [ 11.2104401, 47.2771126 ], [ 11.2106193, 47.2770617 ], [ 11.2107829, 47.2768306 ], [ 11.21088, 47.276776 ], [ 11.2112073, 47.276685 ], [ 11.2143024, 47.2759099 ], [ 11.2147875, 47.2757897 ], [ 11.2149917, 47.2757552 ], [ 11.2153056, 47.2757424 ], [ 11.2160151, 47.2754949 ], [ 11.2162309, 47.2753985 ], [ 11.2163074, 47.275463 ], [ 11.2160017, 47.2755941 ], [ 11.2156744, 47.2757051 ], [ 11.2153373, 47.2758042 ] ] ] } },
{ "type": "Feature", "properties": { "stop_id": "osm-way-390187462", "name": null }, "geometry": { "type": "Polygon", "coordinates": [ [ [ 13.1204207, 47.3101711 ], [ 13.1207379, 47.310122 ], [ 13.1208663, 47.3101096 ], [ 13.1210292, 47.3101093 ], [ 13.1212117, 47.3101283 ], [ 13.1213763, 47.3102122 ], [ 13.1214566, 47.3102773 ], [ 13.1210064, 47.3102256 ], [ 13.1206063, 47.3102095 ], [ 13.1204628, 47.3102059 ], [ 13.1204524, 47.3101973 ], [ 13.1204207, 47.3101711 ] ] ] } },
{ "type": "Feature", "properties": { "stop_id": "osm-way-397610524", "name": "Parkplatz Kematen" }, "geometry": { "type": "Polygon", "coordinates": [ [ [ 11.2814785, 47.2654485 ], [ 11.2814836, 47.2654075 ], [ 11.2815053, 47.2653581 ], [ 11.2825085, 47.2651737 ], [ 11.2835304, 47.2649098 ], [ 11.2837396, 47.2648648 ], [ 11.2838178, 47.2648988 ], [ 11.2838603, 47.2649358 ], [ 11.2835116, 47.2650723 ], [ 11.2831308, 47.2652775 ], [ 11.2830642, 47.2652953 ], [ 11.2828652, 47.2653484 ], [ 11.2826533, 47.26544 ], [ 11.2824253, 47.2655177 ], [ 11.2821947, 47.265545 ], [ 11.2819667, 47.2655305 ], [ 11.2814785, 47.2654485 ] ] ] } },
{ "type": "Feature", "properties": { "stop_id": "osm-way-397674648", "name": "Rastplatz Wr. Neustadt" }, "geometry": { "type": "Polygon", "coordinates": [ [ [ 16.1860328, 47.7468064 ], [ 16.1873957, 47.7475574 ], [ 16.1889444, 47.7484495 ], [ 16.1899982, 47.749109 ], [ 16.19016, 47.749086 ], [ 16.1902271, 47.7490773 ], [ 16.1901951, 47.7489121 ], [ 16.190582, 47.7483748 ], [ 16.1901437, 47.7482722 ], [ 16.1902002, 47.7480702 ], [ 16.1885292, 47.7470628 ], [ 16.1875676, 47.7467091 ], [ 16.186522, 47.7467691 ], [ 16.1862162, 47.7466574 ], [ 16.1860328, 47.7468064 ] ] ] } },
{ "type": "Feature", "properties": { "stop_id": "osm-way-398982039", "name": "Rastplatz Grafenstein Nord" }, "geometry": { "type": "Polygon", "coordinates": [ [ [ 14.4364025, 46.6403907 ], [ 14.4368512, 46.6405144 ], [ 14.4373292, 46.6409422 ], [ 14.4391825, 46.6408943 ], [ 14.4391781, 46.6407311 ], [ 14.4392331, 46.6405652 ], [ 14.4394113, 46.6404365 ], [ 14.4394976, 46.6402177 ], [ 14.4384503, 46.6402906 ], [ 14.4364025, 46.6403907 ] ] ] } },
{ "type": "Feature", "properties": { "stop_id": "osm-way-398982040", "name": "Rastplatz Grafenstein Süd" }, "geometry": { "type": "Polygon", "coordinates": [ [ [ 14.4393774, 46.6398917 ], [ 14.4393255, 46.6397473 ], [ 14.4391818, 46.6396397 ], [ 14.4387769, 46.6394911 ], [ 14.4386384, 46.6393985 ], [ 14.4385701, 46.639267 ], [ 14.4381501, 46.6392775 ], [ 14.43812, 46.6391148 ], [ 14.4372564, 46.6390787 ], [ 14.4370689, 46.6391313 ], [ 14.4361297, 46.6399715 ], [ 14.4361548, 46.640109 ], [ 14.4385024, 46.6399947 ], [ 14.4393774, 46.6398917 ] ] ] } },
{ "type": "Feature", "properties": { "stop_id": "osm-way-400622052", "name": null }, "geometry": { "type": "Polygon", "coordinates": [ [ [ 14.4267665, 47.0402447 ], [ 14.4267812, 47.0401769 ], [ 14.4267969, 47.0401047 ], [ 14.4270985, 47.0396735 ], [ 14.4271945, 47.039385 ], [ 14.4272058, 47.0390082 ], [ 14.4273334, 47.0389704 ], [ 14.4273677, 47.0393863 ], [ 14.4272961, 47.0397046 ], [ 14.4272161, 47.0398476 ], [ 14.4270755, 47.0400183 ], [ 14.4268736, 47.0402255 ], [ 14.4267665, 47.0402447 ] ] ] } },
{ "type": "Feature", "properties": { "stop_id": "osm-way-401248680", "name": "Parkplatz Telfs Nord" }, "geometry": { "type": "Polygon", "coordinates": [ [ [ 11.0814283, 47.303609 ], [ 11.0813516, 47.3034243 ], [ 11.0813156, 47.3032215 ], [ 11.0825899, 47.303518 ], [ 11.0839523, 47.3038892 ], [ 11.0849798, 47.3042201 ], [ 11.0849069, 47.3043172 ], [ 11.0848108, 47.3044529 ], [ 11.0840837, 47.3043474 ], [ 11.0826302, 47.3040363 ], [ 11.0819171, 47.3038537 ], [ 11.0815651, 47.3037636 ], [ 11.0814283, 47.303609 ] ] ] } },
{ "type": "Feature", "properties": { "stop_id": "osm-way-401248683", "name": "Parkplatz Telfs Süd" }, "geometry": { "type": "Polygon", "coordinates": [ [ [ 11.0851856, 47.3036918 ], [ 11.0854324, 47.3038425 ], [ 11.0856804, 47.3040165 ], [ 11.0855676, 47.3040888 ], [ 11.0843349, 47.3036847 ], [ 11.0833481, 47.3034 ], [ 11.0823712, 47.3031507 ], [ 11.0814219, 47.3029396 ], [ 11.0814445, 47.3028531 ], [ 11.0818032, 47.3028263 ], [ 11.0820109, 47.3028162 ], [ 11.0832779, 47.3030405 ], [ 11.0838849, 47.3031867 ], [ 11.0843828, 47.3033676 ], [ 11.0851856, 47.3036918 ] ] ] } },
{ "type": "Feature", "properties": { "stop_id": "osm-way-401257103", "name": "Raststation Mils" }, "geometry": { "type": "Polygon", "coordinates": [ [ [ 10.6957483, 47.2134559 ], [ 10.6957322, 47.2133411 ], [ 10.6957371, 47.2133097 ], [ 10.6957377, 47.2132852 ], [ 10.6962979, 47.2130798 ], [ 10.6964405, 47.2128823 ], [ 10.6966977, 47.2129271 ], [ 10.6969619, 47.2127937 ], [ 10.6979751, 47.213059 ], [ 10.6980094, 47.2130678 ], [ 10.6991043, 47.2132904 ], [ 10.6992143, 47.213376 ], [ 10.6991928, 47.2135819 ], [ 10.6991118, 47.2139934 ], [ 10.69912, 47.2140243 ], [ 10.6991118, 47.2141482 ], [ 10.6990562, 47.2142413 ], [ 10.6989219, 47.2142687 ], [ 10.6986938, 47.2142369 ], [ 10.6982392, 47.2140858 ], [ 10.6974557, 47.2139365 ], [ 10.6972591, 47.2138898 ], [ 10.6964672, 47.21366 ], [ 10.696038, 47.2136071 ], [ 10.6958288, 47.2135561 ], [ 10.6957483, 47.2134559 ] ] ] } },
{ "type": "Feature", "properties": { "stop_id": "osm-way-401260330", "name": "Parkplatz Imst Nord" }, "geometry": { "type": "Polygon", "coordinates": [ [ [ 10.719553, 47.2172235 ], [ 10.7195499, 47.2171792 ], [ 10.7195128, 47.2171033 ], [ 10.7178284, 47.2169848 ], [ 10.7178276, 47.2170581 ], [ 10.717827, 47.2171078 ], [ 10.7179221, 47.2171278 ], [ 10.718012, 47.2171634 ], [ 10.7181583, 47.2171725 ], [ 10.7181846, 47.2171938 ], [ 10.7182146, 47.217218 ], [ 10.7182857, 47.2172425 ], [ 10.7187859, 47.2174148 ], [ 10.7190245, 47.2174629 ], [ 10.7192151, 47.2173984 ], [ 10.7193651, 47.2173135 ], [ 10.719553, 47.2172235 ] ] ] } },
{ "type": "Feature", "properties": { "stop_id": "osm-way-401260331", "name": "Parkplatz Imst Süd" }, "geometry": { "type": "Polygon", "coordinates": [ [ [ 10.7222995, 47.2167917 ], [ 10.7222833, 47.2167083 ], [ 10.7223209, 47.2166187 ], [ 10.7227555, 47.2165859 ], [ 10.7231256, 47.2165494 ], [ 10.7236245, 47.2165349 ], [ 10.723713, 47.2165465 ], [ 10.7238752, 47.2166269 ], [ 10.723882, 47.2166303 ], [ 10.7240939, 47.2167178 ], [ 10.7241473, 47.2167585 ], [ 10.7241153, 47.2168253 ], [ 10.7238042, 47.2168519 ], [ 10.7228198, 47.2168628 ], [ 10.7224765, 47.2168646 ], [ 10.7222995, 47.2167917 ] ] ] } },
{ "type": "Feature", "properties": { "stop_id": "osm-way-404473862", "name": "Raststation Eisentratten" }, "geometry": { "type": "Polygon", "coordinates": [ [ [ 13.5807043, 46.9180685 ], [ 13.5804752, 46.9184744 ], [ 13.5803644, 46.9187476 ], [ 13.5803897, 46.919166 ], [ 13.5803656, 46.9192848 ], [ 13.58032, 46.91951 ], [ 13.5803157, 46.919868 ], [ 13.5803786, 46.9201398 ], [ 13.5805852, 46.9205189 ], [ 13.5804814, 46.920555 ], [ 13.5803821, 46.9204686 ], [ 13.5802464, 46.9204138 ], [ 13.5791802, 46.9202326 ], [ 13.5788809, 46.9197817 ], [ 13.579004, 46.9196654 ], [ 13.5791896, 46.9194337 ], [ 13.5791514, 46.9192608 ], [ 13.5793061, 46.919026 ], [ 13.579466, 46.9189454 ], [ 13.5796631, 46.9187275 ], [ 13.5797964, 46.918436 ], [ 13.5796904, 46.918357 ], [ 13.5797995, 46.9181424 ], [ 13.5800127, 46.9180436 ], [ 13.5807043, 46.9180685 ] ] ] } },
{ "type": "Feature", "properties": { "stop_id": "osm-way-404476377", "name": "Raststation Lungau" }, "geometry": { "type": "Polygon", "coordinates": [ [ [ 13.5477107, 47.1321791 ], [ 13.5476135, 47.1313976 ], [ 13.5476754, 47.1311752 ], [ 13.5491245, 47.1297745 ], [ 13.5511303, 47.1297445 ], [ 13.5514043, 47.1297866 ], [ 13.5477107, 47.1321791 ] ] ] } },
{ "type": "Feature", "properties": { "stop_id": "osm-way-404477039", "name": "Raststation Eben Nord" }, "geometry": { "type": "Polygon", "coordinates": [ [ [ 13.384769, 47.4202523 ], [ 13.3846113, 47.4205832 ], [ 13.3845406, 47.4209599 ], [ 13.3844783, 47.4213424 ], [ 13.3838425, 47.4215398 ], [ 13.382964, 47.4219684 ], [ 13.3823788, 47.4223219 ], [ 13.3822596, 47.4224745 ], [ 13.3820095, 47.4224283 ], [ 13.3819579, 47.4224447 ], [ 13.3817196, 47.4223917 ], [ 13.3810911, 47.4220722 ], [ 13.3804646, 47.4222046 ], [ 13.3797028, 47.4221102 ], [ 13.3796921, 47.4219723 ], [ 13.381221, 47.4215476 ], [ 13.3827713, 47.4210322 ], [ 13.384681, 47.4202264 ], [ 13.384769, 47.4202523 ] ] ] } },
{ "type": "Feature", "properties": { "stop_id": "osm-way-404477042", "name": "Raststation Eben Süd" }, "geometry": { "type": "Polygon", "coordinates": [ [ [ 13.3845926, 47.4193082 ], [ 13.3846623, 47.4195115 ], [ 13.3835841, 47.4201649 ], [ 13.3838415, 47.4202048 ], [ 13.3838094, 47.42031 ], [ 13.3826614, 47.4207637 ], [ 13.3813364, 47.4212211 ], [ 13.3798826, 47.4216094 ], [ 13.3795178, 47.421722 ], [ 13.3792711, 47.4217183 ], [ 13.3796466, 47.4214134 ], [ 13.3797968, 47.4211013 ], [ 13.3809394, 47.4207093 ], [ 13.3812935, 47.4203681 ], [ 13.3828438, 47.4199326 ], [ 13.3831925, 47.4194099 ], [ 13.383568, 47.4193082 ], [ 13.3841366, 47.4192865 ], [ 13.3845926, 47.4193082 ] ] ] } },
{ "type": "Feature", "properties": { "stop_id": "osm-way-405477797", "name": "Rastplatz Herzogenburg" }, "geometry": { "type": "Polygon", "coordinates": [ [ [ 15.7161143, 48.3115039 ], [ 15.7162036, 48.3115395 ], [ 15.7164691, 48.3116224 ], [ 15.7165315, 48.3116242 ], [ 15.7166327, 48.3116528 ], [ 15.7167494, 48.3116857 ], [ 15.7168017, 48.311693 ], [ 15.7170337, 48.3116778 ], [ 15.7170659, 48.3116814 ], [ 15.7170934, 48.3116974 ], [ 15.7174671, 48.3124009 ], [ 15.717941, 48.3132931 ], [ 15.7179369, 48.3133274 ], [ 15.7179162, 48.3133555 ], [ 15.7178545, 48.3133742 ], [ 15.717774, 48.3133943 ], [ 15.7177103, 48.3134179 ], [ 15.7176613, 48.3134447 ], [ 15.7176124, 48.3134862 ], [ 15.7175185, 48.3136132 ], [ 15.7174521, 48.3135941 ], [ 15.7174454, 48.3135272 ], [ 15.7174273, 48.3134822 ], [ 15.7173918, 48.313446 ], [ 15.7173368, 48.3134148 ], [ 15.7170458, 48.3133283 ], [ 15.7169834, 48.3133011 ], [ 15.7169405, 48.3132708 ], [ 15.7169103, 48.3132244 ], [ 15.7162385, 48.3119583 ], [ 15.7162133, 48.3119052 ], [ 15.7162026, 48.3118526 ], [ 15.7161945, 48.3117688 ], [ 15.7161536, 48.3116586 ], [ 15.7160507, 48.3115467 ], [ 15.7161143, 48.3115039 ] ] ] } },
{ "type": "Feature", "properties": { "stop_id": "osm-way-409389055", "name": null }, "geometry": { "type": "Polygon", "coordinates": [ [ [ 16.2701386, 47.4089364 ], [ 16.2703778, 47.4086607 ], [ 16.2708197, 47.4083322 ], [ 16.2711807, 47.4081448 ], [ 16.2714389, 47.4080458 ], [ 16.2717812, 47.4079615 ], [ 16.2719835, 47.4079468 ], [ 16.2716974, 47.40811 ], [ 16.2716189, 47.4081668 ], [ 16.2714424, 47.4082373 ], [ 16.2713447, 47.4083375 ], [ 16.2711603, 47.408446 ], [ 16.2712144, 47.4085339 ], [ 16.270809, 47.4087911 ], [ 16.2707189, 47.4088473 ], [ 16.2706165, 47.4088012 ], [ 16.2703811, 47.4088974 ], [ 16.2702932, 47.4089115 ], [ 16.2701386, 47.4089364 ] ] ] } },
{ "type": "Feature", "properties": { "stop_id": "osm-way-421600809", "name": "Parkplatz Rennweg" }, "geometry": { "type": "Polygon", "coordinates": [ [ [ 13.6047871, 47.0258638 ], [ 13.6042882, 47.0262624 ], [ 13.603682, 47.0267469 ], [ 13.6030866, 47.0272497 ], [ 13.6030866, 47.0270596 ], [ 13.6033172, 47.0267981 ], [ 13.6032234, 47.0266519 ], [ 13.6032076, 47.0265795 ], [ 13.6032507, 47.0264775 ], [ 13.6033526, 47.0263199 ], [ 13.603564, 47.0261377 ], [ 13.6040755, 47.0256389 ], [ 13.6042224, 47.0256009 ], [ 13.6043236, 47.0255716 ], [ 13.6043642, 47.0255025 ], [ 13.6044612, 47.0255576 ], [ 13.6047602, 47.0257137 ], [ 13.6047871, 47.0258638 ] ] ] } },
{ "type": "Feature", "properties": { "stop_id": "osm-way-433012188", "name": "Raststation Stockerau" }, "geometry": { "type": "Polygon", "coordinates": [ [ [ 16.2029793, 48.3808409 ], [ 16.2030227, 48.3809129 ], [ 16.2050741, 48.3810261 ], [ 16.2051398, 48.3809709 ], [ 16.2045043, 48.3805318 ], [ 16.2044746, 48.3805113 ], [ 16.203901, 48.3804831 ], [ 16.2038027, 48.3804783 ], [ 16.2038014, 48.3805113 ], [ 16.2034165, 48.3804908 ], [ 16.2033494, 48.3805122 ], [ 16.2029793, 48.3808409 ] ] ] } },
{ "type": "Feature", "properties": { "stop_id": "osm-way-436565807", "name": null }, "geometry": { "type": "Polygon", "coordinates": [ [ [ 15.0168981, 46.8377425 ], [ 15.0169919, 46.8377572 ], [ 15.0170751, 46.8377829 ], [ 15.0171421, 46.8378545 ], [ 15.0171904, 46.8379627 ], [ 15.0172172, 46.8380618 ], [ 15.0172368, 46.8381609 ], [ 15.0172476, 46.8382355 ], [ 15.01727, 46.8383064 ], [ 15.0173111, 46.8383976 ], [ 15.0173379, 46.8384495 ], [ 15.0173701, 46.8385664 ], [ 15.0173701, 46.8385939 ], [ 15.0173594, 46.8386865 ], [ 15.0173567, 46.8387361 ], [ 15.0173272, 46.8387574 ], [ 15.0173173, 46.8387752 ], [ 15.0173165, 46.8387874 ], [ 15.017287, 46.8388407 ], [ 15.017236, 46.8388774 ], [ 15.0172476, 46.8387867 ], [ 15.017251, 46.8386796 ], [ 15.0172387, 46.838582 ], [ 15.0172199, 46.8384994 ], [ 15.0171877, 46.8383911 ], [ 15.0171234, 46.8382132 ], [ 15.0170724, 46.8380921 ], [ 15.0170027, 46.8379563 ], [ 15.0169307, 46.8378091 ], [ 15.0168981, 46.8377425 ] ] ] } },
{ "type": "Feature", "properties": { "stop_id": "osm-way-449595803", "name": "Parkplatz Eggenfeld" }, "geometry": { "type": "Polygon", "coordinates": [ [ [ 15.3311639, 47.1453099 ], [ 15.3313352, 47.1452118 ], [ 15.3313068, 47.1451762 ], [ 15.3312617, 47.1451197 ], [ 15.3309623, 47.1449829 ], [ 15.330655, 47.145337 ], [ 15.3302415, 47.1460213 ], [ 15.3303562, 47.1460694 ], [ 15.3304242, 47.1460937 ], [ 15.3308821, 47.1455516 ], [ 15.3311639, 47.1453099 ] ] ] } },
{ "type": "Feature", "properties": { "stop_id": "osm-way-450094399", "name": "Parkplatz Zollfeld" }, "geometry": { "type": "Polygon", "coordinates": [ [ [ 14.3600568, 46.7042683 ], [ 14.3600039, 46.7042755 ], [ 14.3599608, 46.7042813 ], [ 14.3600431, 46.7044915 ], [ 14.360501, 46.7049357 ], [ 14.3606374, 46.7050126 ], [ 14.3607447, 46.704938 ], [ 14.3600568, 46.7042683 ] ] ] } },
{ "type": "Feature", "properties": { "stop_id": "osm-way-450117701", "name": "Parkplatz Wolfsberg" }, "geometry": { "type": "Polygon", "coordinates": [ [ [ 13.5070588, 46.8112278 ], [ 13.5069448, 46.8113925 ], [ 13.5091496, 46.8106839 ], [ 13.5105202, 46.810281 ], [ 13.5107301, 46.8101779 ], [ 13.5101199, 46.8101994 ], [ 13.5088927, 46.8105311 ], [ 13.5075748, 46.8109964 ], [ 13.5070588, 46.8112278 ] ] ] } },
{ "type": "Feature", "properties": { "stop_id": "osm-way-450117702", "name": "Parkplatz Seeboden" }, "geometry": { "type": "Polygon", "coordinates": [ [ [ 13.5034218, 46.812943 ], [ 13.5034482, 46.8130546 ], [ 13.5033333, 46.8131164 ], [ 13.5033843, 46.8131815 ], [ 13.5028423, 46.8135688 ], [ 13.5025712, 46.8136175 ], [ 13.5024954, 46.8135972 ], [ 13.5020952, 46.8135789 ], [ 13.5017953, 46.8136064 ], [ 13.5019198, 46.8135038 ], [ 13.5034218, 46.812943 ] ] ] } },
{ "type": "Feature", "properties": { "stop_id": "osm-way-450137467", "name": null }, "geometry": { "type": "Polygon", "coordinates": [ [ [ 14.4312091, 46.9205153 ], [ 14.431403, 46.9204211 ], [ 14.4315499, 46.9202761 ], [ 14.4317815, 46.9197473 ], [ 14.4316367, 46.919709 ], [ 14.4314458, 46.9199267 ], [ 14.4308615, 46.9204659 ], [ 14.4307506, 46.9205231 ], [ 14.4308775, 46.9205988 ], [ 14.4312091, 46.9205153 ] ] ] } },
{ "type": "Feature", "properties": { "stop_id": "osm-way-450228596", "name": null }, "geometry": { "type": "Polygon", "coordinates": [ [ [ 17.0775172, 48.0694174 ], [ 17.0767363, 48.0694357 ], [ 17.0762555, 48.0691196 ], [ 17.0754497, 48.0694088 ], [ 17.0754176, 48.0696149 ], [ 17.0750501, 48.0697135 ], [ 17.0750823, 48.069821 ], [ 17.0748201, 48.0699123 ], [ 17.0738014, 48.0701829 ], [ 17.0737099, 48.0703226 ], [ 17.0736838, 48.07034 ], [ 17.0723813, 48.0707046 ], [ 17.0722305, 48.0706057 ], [ 17.0718108, 48.0706446 ], [ 17.0714168, 48.0707339 ], [ 17.0698657, 48.0711503 ], [ 17.0697445, 48.0711828 ], [ 17.0686047, 48.0715862 ], [ 17.0679812, 48.0718069 ], [ 17.0679388, 48.0718876 ], [ 17.0679388, 48.0719487 ], [ 17.0679878, 48.072012 ], [ 17.0680433, 48.0720272 ], [ 17.0677026, 48.0722299 ], [ 17.0683909, 48.0726699 ], [ 17.068454, 48.0728017 ], [ 17.0685019, 48.0729127 ], [ 17.0687955, 48.0729602 ], [ 17.0692956, 48.0728427 ], [ 17.0692646, 48.0727838 ], [ 17.0696875, 48.072689 ], [ 17.0697435, 48.0728026 ], [ 17.0700167, 48.072734 ], [ 17.0705827, 48.0725766 ], [ 17.0705999, 48.0726037 ], [ 17.070612, 48.0726226 ], [ 17.0709212, 48.0725369 ], [ 17.0708928, 48.0724973 ], [ 17.0714446, 48.0723402 ], [ 17.0725457, 48.0719058 ], [ 17.0728487, 48.0718078 ], [ 17.0731609, 48.0714359 ], [ 17.0740139, 48.0711706 ], [ 17.0750707, 48.0709484 ], [ 17.0752162, 48.0711572 ], [ 17.0753872, 48.0712567 ], [ 17.0756018, 48.0712316 ], [ 17.0762348, 48.0709448 ], [ 17.0762588, 48.0707503 ], [ 17.0765348, 48.0706745 ], [ 17.0774235, 48.0704338 ], [ 17.077528, 48.0702614 ], [ 17.0776992, 48.070063 ], [ 17.0782415, 48.0697135 ], [ 17.0775172, 48.0694174 ] ] ] } },
{ "type": "Feature", "properties": { "stop_id": "osm-way-453276878", "name": "Autohof Huter" }, "geometry": { "type": "Polygon", "coordinates": [ [ [ 10.6563874, 47.5499546 ], [ 10.6561007, 47.5503412 ], [ 10.6559911, 47.5504237 ], [ 10.6559921, 47.5505165 ], [ 10.6560496, 47.5505495 ], [ 10.6565775, 47.5506743 ], [ 10.6571814, 47.5510417 ], [ 10.657219, 47.5510702 ], [ 10.6572121, 47.5511055 ], [ 10.6573341, 47.5511458 ], [ 10.6575413, 47.5508393 ], [ 10.6576943, 47.5505988 ], [ 10.6579756, 47.550179 ], [ 10.6580129, 47.5500987 ], [ 10.6580653, 47.54997 ], [ 10.6580393, 47.5498792 ], [ 10.6580625, 47.5498302 ], [ 10.6575788, 47.5497024 ], [ 10.6573256, 47.5496379 ], [ 10.6571243, 47.549622 ], [ 10.6569497, 47.5496777 ], [ 10.6568085, 47.5497577 ], [ 10.6563874, 47.5499546 ] ] ] } },
{ "type": "Feature", "properties": { "stop_id": "osm-way-457209579", "name": null }, "geometry": { "type": "Polygon", "coordinates": [ [ [ 10.8582918, 47.4122402 ], [ 10.8583985, 47.4122593 ], [ 10.8586845, 47.4121172 ], [ 10.8589654, 47.412006 ], [ 10.859056, 47.4120033 ], [ 10.8591351, 47.4120428 ], [ 10.8592702, 47.4120001 ], [ 10.8591957, 47.4119053 ], [ 10.8591291, 47.4118436 ], [ 10.8590315, 47.4118531 ], [ 10.8588588, 47.4119039 ], [ 10.8586915, 47.4119888 ], [ 10.8586285, 47.4120496 ], [ 10.8582918, 47.4122402 ] ] ] } },
{ "type": "Feature", "properties": { "stop_id": "osm-way-460585087", "name": "Parkplatz Hall in Tirol" }, "geometry": { "type": "Polygon", "coordinates": [ [ [ 11.5242932, 47.2769037 ], [ 11.5242492, 47.2768124 ], [ 11.5240587, 47.2767778 ], [ 11.5240734, 47.2767499 ], [ 11.5241274, 47.2766249 ], [ 11.5267683, 47.2770731 ], [ 11.5268146, 47.27715 ], [ 11.5266605, 47.2772682 ], [ 11.5251732, 47.2770773 ], [ 11.5242932, 47.2769037 ] ] ] } },
{ "type": "Feature", "properties": { "stop_id": "osm-way-460585269", "name": "Parkplatz Volders/Karlskirche" }, "geometry": { "type": "Polygon", "coordinates": [ [ [ 11.5506318, 47.2818203 ], [ 11.550672, 47.2817636 ], [ 11.5506971, 47.2817201 ], [ 11.5509245, 47.2817721 ], [ 11.5511826, 47.281842 ], [ 11.5513362, 47.2818434 ], [ 11.5515197, 47.2816521 ], [ 11.5521616, 47.2820745 ], [ 11.5525151, 47.2824808 ], [ 11.5524777, 47.2825212 ], [ 11.5523515, 47.2825044 ], [ 11.5506318, 47.2818203 ] ] ] } },
{ "type": "Feature", "properties": { "stop_id": "osm-way-460590151", "name": "Raststation Vomp" }, "geometry": { "type": "Polygon", "coordinates": [ [ [ 11.6894333, 47.3465526 ], [ 11.6894937, 47.3465122 ], [ 11.6894886, 47.3463766 ], [ 11.6899706, 47.3463587 ], [ 11.6903273, 47.3464958 ], [ 11.690438, 47.3466766 ], [ 11.6906105, 47.346791 ], [ 11.6910557, 47.3469563 ], [ 11.6918824, 47.3475314 ], [ 11.6922102, 47.3478079 ], [ 11.6921894, 47.3479163 ], [ 11.6928637, 47.3484421 ], [ 11.6928562, 47.3485617 ], [ 11.6926864, 47.3486476 ], [ 11.6924594, 47.3485997 ], [ 11.6921782, 47.3483866 ], [ 11.6914492, 47.3482932 ], [ 11.691302, 47.3482739 ], [ 11.691036, 47.3480536 ], [ 11.6906052, 47.3476943 ], [ 11.6900602, 47.3472047 ], [ 11.6894333, 47.3465526 ] ] ] } },
{ "type": "Feature", "properties": { "stop_id": "osm-way-471547998", "name": "Raststation Hohenems" }, "geometry": { "type": "Polygon", "coordinates": [ [ [ 9.6571496, 47.3656065 ], [ 9.6571981, 47.3654562 ], [ 9.6572569, 47.3654851 ], [ 9.6573736, 47.3655114 ], [ 9.6574973, 47.3655209 ], [ 9.6576327, 47.3654988 ], [ 9.6577518, 47.365464 ], [ 9.6579783, 47.3654255 ], [ 9.6590386, 47.3655955 ], [ 9.6590728, 47.3657549 ], [ 9.6603527, 47.3660866 ], [ 9.6604105, 47.3661471 ], [ 9.6603422, 47.3671007 ], [ 9.6600274, 47.3670493 ], [ 9.6587054, 47.3667272 ], [ 9.6586051, 47.3666677 ], [ 9.6584309, 47.3665572 ], [ 9.6583061, 47.3664327 ], [ 9.6581978, 47.3663798 ], [ 9.6579798, 47.3663222 ], [ 9.6578331, 47.3662656 ], [ 9.6573422, 47.365986 ], [ 9.6572505, 47.3659001 ], [ 9.6571496, 47.3656065 ] ] ] } },
{ "type": "Feature", "properties": { "stop_id": "osm-way-477759515", "name": null }, "geometry": { "type": "Polygon", "coordinates": [ [ [ 16.2342054, 47.3570844 ], [ 16.2343098, 47.3570296 ], [ 16.2343162, 47.3568896 ], [ 16.2341969, 47.3565446 ], [ 16.2341074, 47.3564205 ], [ 16.2340115, 47.3564234 ], [ 16.2342054, 47.3570844 ] ] ] } },
{ "type": "Feature", "properties": { "stop_id": "osm-way-478125158", "name": "Raststation Simmering" }, "geometry": { "type": "Polygon", "coordinates": [ [ [ 16.4453061, 48.1817495 ], [ 16.4450553, 48.1818331 ], [ 16.4441841, 48.182076 ], [ 16.4440468, 48.1821014 ], [ 16.4433278, 48.1823092 ], [ 16.4433071, 48.1822847 ], [ 16.4432072, 48.1823159 ], [ 16.4431332, 48.1822472 ], [ 16.443631, 48.1819788 ], [ 16.4438433, 48.18183 ], [ 16.4439923, 48.181663 ], [ 16.444091, 48.1814788 ], [ 16.4442946, 48.1813607 ], [ 16.4443408, 48.1811408 ], [ 16.4444872, 48.1810608 ], [ 16.445079, 48.1815155 ], [ 16.4451508, 48.1816724 ], [ 16.4451787, 48.1816882 ], [ 16.4452172, 48.181702 ], [ 16.445284, 48.1817159 ], [ 16.4453554, 48.1817182 ], [ 16.4453061, 48.1817495 ] ] ] } },
{ "type": "Feature", "properties": { "stop_id": "osm-way-510816662", "name": "Rastplatz Pyhrn-Priel West" }, "geometry": { "type": "Polygon", "coordinates": [ [ [ 14.3337947, 47.6640479 ], [ 14.3337873, 47.6638872 ], [ 14.3337223, 47.6636559 ], [ 14.3336901, 47.663464 ], [ 14.3336901, 47.6633624 ], [ 14.3337303, 47.6632508 ], [ 14.3337994, 47.663133 ], [ 14.3338799, 47.6630332 ], [ 14.3340301, 47.6628006 ], [ 14.3341729, 47.6624267 ], [ 14.3342239, 47.6622279 ], [ 14.3342024, 47.6620297 ], [ 14.3343285, 47.6617077 ], [ 14.334356, 47.6612962 ], [ 14.3343365, 47.6611567 ], [ 14.3343841, 47.6609575 ], [ 14.3345256, 47.6606168 ], [ 14.3344854, 47.6604838 ], [ 14.3345524, 47.6600619 ], [ 14.3346356, 47.6600362 ], [ 14.3346369, 47.6598352 ], [ 14.3345558, 47.6597386 ], [ 14.3346349, 47.6596121 ], [ 14.3347489, 47.659496 ], [ 14.335044, 47.6592476 ], [ 14.3352163, 47.659146 ], [ 14.3353162, 47.6590561 ], [ 14.3355683, 47.6591537 ], [ 14.33551, 47.6596853 ], [ 14.3354282, 47.6602381 ], [ 14.3353812, 47.6604851 ], [ 14.335339, 47.6606513 ], [ 14.3352518, 47.6607836 ], [ 14.3351358, 47.6612425 ], [ 14.3349816, 47.6617637 ], [ 14.334885, 47.6620608 ], [ 14.3346731, 47.6625937 ], [ 14.3344505, 47.6631149 ], [ 14.3343915, 47.6633461 ], [ 14.3343278, 47.6635033 ], [ 14.3342198, 47.6637241 ], [ 14.3340462, 47.6640664 ], [ 14.3337947, 47.6640479 ] ] ] } },
{ "type": "Feature", "properties": { "stop_id": "osm-way-523610724", "name": "Parkplatz Ennsblick" }, "geometry": { "type": "Polygon", "coordinates": [ [ [ 14.5534879, 48.1634587 ], [ 14.5534285, 48.1634233 ], [ 14.5533413, 48.163373 ], [ 14.5522955, 48.1648975 ], [ 14.5522284, 48.1649279 ], [ 14.5521212, 48.165089 ], [ 14.5522208, 48.1651109 ], [ 14.5523048, 48.1651434 ], [ 14.5525289, 48.1650836 ], [ 14.552722, 48.1650138 ], [ 14.5529017, 48.1649101 ], [ 14.5531699, 48.164656 ], [ 14.5533094, 48.1645988 ], [ 14.5534703, 48.1645362 ], [ 14.5536817, 48.1643341 ], [ 14.5537759, 48.1639387 ], [ 14.5535112, 48.1640359 ], [ 14.5534223, 48.1638593 ], [ 14.5534328, 48.1637954 ], [ 14.5534879, 48.1634587 ] ] ] } },
{ "type": "Feature", "properties": { "stop_id": "osm-way-523633273", "name": "Rastplatz Enns Süd" }, "geometry": { "type": "Polygon", "coordinates": [ [ [ 14.4537929, 48.205415 ], [ 14.4536706, 48.20549 ], [ 14.4536969, 48.2055226 ], [ 14.4537244, 48.2055496 ], [ 14.4538195, 48.2055401 ], [ 14.4539362, 48.2055437 ], [ 14.4541401, 48.2055651 ], [ 14.454301, 48.2055687 ], [ 14.4567012, 48.2052579 ], [ 14.4571073, 48.2051953 ], [ 14.457252, 48.2050632 ], [ 14.4573841, 48.204946 ], [ 14.4575079, 48.2049067 ], [ 14.4577127, 48.2049206 ], [ 14.4577919, 48.2048573 ], [ 14.4577597, 48.2048394 ], [ 14.4577342, 48.2047965 ], [ 14.4570851, 48.2045114 ], [ 14.4569738, 48.2045373 ], [ 14.4568451, 48.2045516 ], [ 14.455905, 48.2046722 ], [ 14.4555415, 48.2047062 ], [ 14.4554731, 48.2047151 ], [ 14.4554061, 48.2047312 ], [ 14.4553471, 48.2047536 ], [ 14.455217, 48.2048385 ], [ 14.4546175, 48.2049448 ], [ 14.4542339, 48.2050021 ], [ 14.453896, 48.2050405 ], [ 14.454074, 48.205185 ], [ 14.4540031, 48.2052301 ], [ 14.4539443, 48.2052702 ], [ 14.4537929, 48.205415 ] ] ] } },
{ "type": "Feature", "properties": { "stop_id": "osm-way-523633283", "name": "Rastplatz Enns Nord" }, "geometry": { "type": "Polygon", "coordinates": [ [ [ 14.4501717, 48.2067574 ], [ 14.4504225, 48.206845 ], [ 14.4505244, 48.2068522 ], [ 14.4524825, 48.2066448 ], [ 14.4526246, 48.2067145 ], [ 14.4540945, 48.2065555 ], [ 14.4543573, 48.206366 ], [ 14.4545022, 48.2062891 ], [ 14.4545987, 48.2062033 ], [ 14.4546819, 48.2061175 ], [ 14.4547382, 48.2060746 ], [ 14.4548233, 48.2060259 ], [ 14.4547519, 48.205944 ], [ 14.4545719, 48.2059843 ], [ 14.45447, 48.2059959 ], [ 14.4541615, 48.2059763 ], [ 14.4504762, 48.2063624 ], [ 14.4504828, 48.2064866 ], [ 14.4503951, 48.2065862 ], [ 14.450338, 48.2066296 ], [ 14.4502495, 48.20666 ], [ 14.4501476, 48.206677 ], [ 14.4501509, 48.206721 ], [ 14.4501717, 48.2067574 ] ] ] } },
{ "type": "Feature", "properties": { "stop_id": "osm-way-525427828", "name": "Raststation Göttlesbrunn" }, "geometry": { "type": "Polygon", "coordinates": [ [ [ 16.7104036, 48.0567745 ], [ 16.7101407, 48.0569914 ], [ 16.7101511, 48.0569926 ], [ 16.710271, 48.057006 ], [ 16.7105886, 48.0570416 ], [ 16.7110741, 48.0570111 ], [ 16.7116956, 48.0571033 ], [ 16.711793, 48.0571178 ], [ 16.7119847, 48.0571462 ], [ 16.7132179, 48.0567678 ], [ 16.7146629, 48.0563406 ], [ 16.7151886, 48.0561398 ], [ 16.7154032, 48.0558924 ], [ 16.7153978, 48.0556844 ], [ 16.7152812, 48.0555446 ], [ 16.715202, 48.0555105 ], [ 16.7151242, 48.0554962 ], [ 16.7148976, 48.0555303 ], [ 16.7148279, 48.0555401 ], [ 16.7147166, 48.0555096 ], [ 16.7144389, 48.0553922 ], [ 16.7141747, 48.0551215 ], [ 16.7138153, 48.0549601 ], [ 16.713134, 48.0550749 ], [ 16.7129786, 48.0551291 ], [ 16.7121363, 48.0554227 ], [ 16.7112716, 48.0558268 ], [ 16.7112297, 48.0558458 ], [ 16.7114657, 48.056104 ], [ 16.7106932, 48.0564482 ], [ 16.7104036, 48.0567745 ] ] ] } },
{ "type": "Feature", "properties": { "stop_id": "osm-way-525643295", "name": "Parkplatz Gleissenfeld" }, "geometry": { "type": "Polygon", "coordinates": [ [ [ 16.1263633, 47.6735641 ], [ 16.1262774, 47.673835 ], [ 16.1261541, 47.6740662 ], [ 16.1262782, 47.6740794 ], [ 16.1264571, 47.6740985 ], [ 16.127058, 47.6733492 ], [ 16.1271068, 47.6730549 ], [ 16.1265242, 47.6726069 ], [ 16.1264465, 47.6727854 ], [ 16.1264276, 47.6732209 ], [ 16.1263633, 47.6735641 ] ] ] } },
{ "type": "Feature", "properties": { "stop_id": "osm-way-525858856", "name": "Parkplatz St. Johann Süd Nord" }, "geometry": { "type": "Polygon", "coordinates": [ [ [ 16.0420483, 47.2741051 ], [ 16.0428239, 47.2742114 ], [ 16.0435298, 47.2741649 ], [ 16.0440393, 47.2739651 ], [ 16.0446118, 47.2739996 ], [ 16.0446337, 47.2739244 ], [ 16.0439548, 47.2737943 ], [ 16.0415384, 47.2735422 ], [ 16.0413405, 47.273535 ], [ 16.0417758, 47.2739953 ], [ 16.0420483, 47.2741051 ] ] ] } },
{ "type": "Feature", "properties": { "stop_id": "osm-way-525858857", "name": "Parkplatz St. Johann Süd" }, "geometry": { "type": "Polygon", "coordinates": [ [ [ 16.0454944, 47.2732555 ], [ 16.0451157, 47.2731938 ], [ 16.0445918, 47.2731584 ], [ 16.043979, 47.2733454 ], [ 16.0438904, 47.2734645 ], [ 16.046382, 47.2738767 ], [ 16.0465028, 47.2738209 ], [ 16.0461519, 47.2735248 ], [ 16.0458746, 47.2733939 ], [ 16.0454944, 47.2732555 ] ] ] } },
{ "type": "Feature", "properties": { "stop_id": "osm-way-525878304", "name": "Rastplatz Bad Blumau" }, "geometry": { "type": "Polygon", "coordinates": [ [ [ 15.9849553, 47.1148773 ], [ 15.9848231, 47.1149889 ], [ 15.9846964, 47.1150751 ], [ 15.9847064, 47.1151194 ], [ 15.9846836, 47.1152097 ], [ 15.9846898, 47.1153502 ], [ 15.9846702, 47.1155091 ], [ 15.9846434, 47.1155766 ], [ 15.9845415, 47.1173271 ], [ 15.9844584, 47.1181274 ], [ 15.9844543, 47.1183391 ], [ 15.9845273, 47.1183082 ], [ 15.9848526, 47.1181703 ], [ 15.9850082, 47.1180535 ], [ 15.9856117, 47.1178692 ], [ 15.98566, 47.1177961 ], [ 15.9856251, 47.1175224 ], [ 15.9857672, 47.1171153 ], [ 15.9857967, 47.1166645 ], [ 15.9856895, 47.1162629 ], [ 15.9853005, 47.1157026 ], [ 15.985245, 47.1155928 ], [ 15.9851584, 47.1152791 ], [ 15.985089, 47.1152632 ], [ 15.9849553, 47.1148773 ] ] ] } },
{ "type": "Feature", "properties": { "stop_id": "osm-way-525878305", "name": "Rastplatz Hainersdorf" }, "geometry": { "type": "Polygon", "coordinates": [ [ [ 15.9841016, 47.1174968 ], [ 15.9841365, 47.1170058 ], [ 15.984033, 47.116899 ], [ 15.9835312, 47.1173936 ], [ 15.9831387, 47.1183656 ], [ 15.9830341, 47.1188329 ], [ 15.9832165, 47.1193293 ], [ 15.9833502, 47.119551 ], [ 15.9832621, 47.1195757 ], [ 15.9834364, 47.1198349 ], [ 15.9835732, 47.1201014 ], [ 15.9837139, 47.1201008 ], [ 15.9837853, 47.1203321 ], [ 15.983997, 47.1203039 ], [ 15.9840238, 47.1194133 ], [ 15.9840694, 47.1183948 ], [ 15.9841016, 47.1174968 ] ] ] } },
{ "type": "Feature", "properties": { "stop_id": "osm-way-525921919", "name": "Parkplatz Ilztal/Nord" }, "geometry": { "type": "Polygon", "coordinates": [ [ [ 15.8514236, 47.0895088 ], [ 15.8512948, 47.0894613 ], [ 15.8510544, 47.0894035 ], [ 15.8506512, 47.0894003 ], [ 15.8502197, 47.089434 ], [ 15.8496044, 47.0895432 ], [ 15.8488192, 47.0897535 ], [ 15.8488477, 47.0898027 ], [ 15.8489743, 47.0897881 ], [ 15.8497883, 47.0897278 ], [ 15.8514387, 47.0895962 ], [ 15.8514236, 47.0895088 ] ] ] } },
{ "type": "Feature", "properties": { "stop_id": "osm-way-525963518", "name": "Rastplatz Laßnitzhöhe-Nord" }, "geometry": { "type": "Polygon", "coordinates": [ [ [ 15.5811705, 47.0641362 ], [ 15.5808809, 47.0641609 ], [ 15.5808304, 47.0641417 ], [ 15.5808098, 47.0641669 ], [ 15.5807835, 47.0641992 ], [ 15.5810138, 47.0642865 ], [ 15.5813, 47.06441 ], [ 15.5815884, 47.064541 ], [ 15.5816663, 47.0645563 ], [ 15.5817795, 47.0645632 ], [ 15.5818371, 47.0646244 ], [ 15.5818606, 47.0646087 ], [ 15.5822401, 47.0645663 ], [ 15.5823011, 47.0646128 ], [ 15.5823534, 47.0646059 ], [ 15.5824339, 47.064653 ], [ 15.5825749, 47.0646342 ], [ 15.5828972, 47.0645753 ], [ 15.5830574, 47.0645 ], [ 15.5832034, 47.0644123 ], [ 15.5832965, 47.0643172 ], [ 15.5833817, 47.0642302 ], [ 15.5835223, 47.0640067 ], [ 15.5836012, 47.0639168 ], [ 15.5836731, 47.0638464 ], [ 15.5836355, 47.0638342 ], [ 15.5836079, 47.0638252 ], [ 15.5835455, 47.0638867 ], [ 15.5833726, 47.0639931 ], [ 15.5832292, 47.0640732 ], [ 15.5829621, 47.0639515 ], [ 15.5828776, 47.0639338 ], [ 15.5827046, 47.0639356 ], [ 15.5817035, 47.0640713 ], [ 15.5811705, 47.0641362 ] ] ] } },
{ "type": "Feature", "properties": { "stop_id": "osm-way-525963521", "name": "Rastplatz Laßnitzhöhe-Süd" }, "geometry": { "type": "Polygon", "coordinates": [ [ [ 15.5787971, 47.0633726 ], [ 15.5784077, 47.0633509 ], [ 15.5782951, 47.063352 ], [ 15.5782683, 47.0633398 ], [ 15.5782139, 47.0632978 ], [ 15.5781741, 47.0632864 ], [ 15.578089, 47.0632788 ], [ 15.577726, 47.0632482 ], [ 15.5775848, 47.0632253 ], [ 15.5774907, 47.0631979 ], [ 15.5771277, 47.0630697 ], [ 15.5769978, 47.0630452 ], [ 15.5767983, 47.0630193 ], [ 15.5763031, 47.0629674 ], [ 15.5759446, 47.0629537 ], [ 15.575678, 47.0629949 ], [ 15.575488, 47.0630841 ], [ 15.5753105, 47.0631399 ], [ 15.5751268, 47.0631734 ], [ 15.5748982, 47.063149 ], [ 15.5747931, 47.0631633 ], [ 15.5747807, 47.063198 ], [ 15.574775, 47.0632284 ], [ 15.5754136, 47.0633108 ], [ 15.5755839, 47.0633368 ], [ 15.5757811, 47.0634497 ], [ 15.5761228, 47.0635199 ], [ 15.5768555, 47.0636474 ], [ 15.5776633, 47.0637329 ], [ 15.5782492, 47.0637848 ], [ 15.5787343, 47.063816 ], [ 15.579366, 47.0638367 ], [ 15.5795038, 47.0637551 ], [ 15.5795567, 47.0637237 ], [ 15.5793192, 47.0634932 ], [ 15.5787971, 47.0633726 ] ] ] } },
{ "type": "Feature", "properties": { "stop_id": "osm-way-526830759", "name": "Parkplatz Twimberg Süd" }, "geometry": { "type": "Polygon", "coordinates": [ [ [ 14.8436853, 46.9301646 ], [ 14.8437993, 46.9299209 ], [ 14.8438161, 46.9294868 ], [ 14.8437443, 46.9293847 ], [ 14.8433766, 46.9289478 ], [ 14.842988, 46.9283475 ], [ 14.8426446, 46.9284153 ], [ 14.8428445, 46.9288833 ], [ 14.842945, 46.929061 ], [ 14.8430228, 46.9292826 ], [ 14.8432347, 46.9296544 ], [ 14.8435469, 46.9301344 ], [ 14.8436853, 46.9301646 ] ] ] } },
{ "type": "Feature", "properties": { "stop_id": "osm-way-526830760", "name": "Parkplatz Twimberg Nord" }, "geometry": { "type": "Polygon", "coordinates": [ [ [ 14.8425664, 46.9298808 ], [ 14.8426419, 46.9299777 ], [ 14.8429937, 46.9303004 ], [ 14.8431046, 46.9302662 ], [ 14.8429021, 46.9299603 ], [ 14.8426715, 46.9295839 ], [ 14.8424073, 46.9291141 ], [ 14.8422892, 46.9288595 ], [ 14.842084, 46.9284684 ], [ 14.8418991, 46.9279645 ], [ 14.8416723, 46.9279326 ], [ 14.8415208, 46.9282065 ], [ 14.8414122, 46.9282669 ], [ 14.8414028, 46.9283897 ], [ 14.8412834, 46.9285847 ], [ 14.841658, 46.9289836 ], [ 14.8418417, 46.9292363 ], [ 14.8422445, 46.9296959 ], [ 14.8424663, 46.9297881 ], [ 14.8425664, 46.9298808 ] ] ] } },
{ "type": "Feature", "properties": { "stop_id": "osm-way-526850263", "name": "Parkplatz Sankt Andrä" }, "geometry": { "type": "Polygon", "coordinates": [ [ [ 14.81541, 46.7579656 ], [ 14.8153397, 46.757899 ], [ 14.8149884, 46.7581049 ], [ 14.8146316, 46.7583529 ], [ 14.8145753, 46.758419 ], [ 14.8145672, 46.7584999 ], [ 14.8146692, 46.7596465 ], [ 14.8147711, 46.7597246 ], [ 14.8148046, 46.7598753 ], [ 14.8148905, 46.7598725 ], [ 14.814932, 46.7598716 ], [ 14.8150206, 46.7595041 ], [ 14.8151003, 46.7591558 ], [ 14.8153065, 46.758358 ], [ 14.8153894, 46.7580488 ], [ 14.81541, 46.7579656 ] ] ] } },
{ "type": "Feature", "properties": { "stop_id": "osm-way-526850273", "name": "Parkplatz Fischering" }, "geometry": { "type": "Polygon", "coordinates": [ [ [ 14.8127683, 46.7859652 ], [ 14.8128971, 46.786248 ], [ 14.8130733, 46.7863017 ], [ 14.8131269, 46.786219 ], [ 14.813202, 46.7859913 ], [ 14.8132235, 46.7858241 ], [ 14.8131752, 46.7856148 ], [ 14.8132208, 46.7855431 ], [ 14.8134595, 46.7853889 ], [ 14.8134515, 46.7853191 ], [ 14.8133415, 46.7851097 ], [ 14.8130921, 46.7846542 ], [ 14.8122418, 46.7846138 ], [ 14.8121828, 46.7846928 ], [ 14.8124188, 46.7852548 ], [ 14.8127683, 46.7859652 ] ] ] } },
{ "type": "Feature", "properties": { "stop_id": "osm-way-527026750", "name": "Parkplatz Gönitz Nord" }, "geometry": { "type": "Polygon", "coordinates": [ [ [ 14.7814165, 46.7145031 ], [ 14.7812395, 46.7144367 ], [ 14.7808801, 46.7142608 ], [ 14.7805341, 46.7140845 ], [ 14.7801036, 46.7138215 ], [ 14.7800009, 46.7139037 ], [ 14.7801277, 46.7142445 ], [ 14.7807889, 46.714547 ], [ 14.781387, 46.7146187 ], [ 14.7814165, 46.7145031 ] ] ] } },
{ "type": "Feature", "properties": { "stop_id": "osm-way-527026753", "name": "Parkplatz Gönitz Süd" }, "geometry": { "type": "Polygon", "coordinates": [ [ [ 14.7823405, 46.7144468 ], [ 14.7822937, 46.7144081 ], [ 14.7823794, 46.7143466 ], [ 14.7823673, 46.7142592 ], [ 14.7822332, 46.714124 ], [ 14.7816485, 46.7138638 ], [ 14.7810101, 46.7135861 ], [ 14.7808304, 46.7136928 ], [ 14.7807202, 46.7137624 ], [ 14.7806695, 46.7138307 ], [ 14.7810262, 46.714044 ], [ 14.7813615, 46.7142031 ], [ 14.7819878, 46.7144597 ], [ 14.7822051, 46.7145479 ], [ 14.7822882, 46.7145185 ], [ 14.7823405, 46.7144468 ] ] ] } },
{ "type": "Feature", "properties": { "stop_id": "osm-way-527042440", "name": "Parkplatz Haimburg Nord" }, "geometry": { "type": "Polygon", "coordinates": [ [ [ 14.6713637, 46.683077 ], [ 14.670251, 46.6831487 ], [ 14.6697575, 46.683191 ], [ 14.6694557, 46.6831883 ], [ 14.6686645, 46.6832665 ], [ 14.6686538, 46.683341 ], [ 14.6686323, 46.6834588 ], [ 14.6688992, 46.6834882 ], [ 14.6691889, 46.683559 ], [ 14.6693645, 46.6836253 ], [ 14.6698232, 46.6838369 ], [ 14.6711911, 46.6837725 ], [ 14.6712126, 46.6832171 ], [ 14.6714151, 46.6831496 ], [ 14.6713637, 46.683077 ] ] ] } },
{ "type": "Feature", "properties": { "stop_id": "osm-way-527233259", "name": "Parkplatz Krumpendorf Nord" }, "geometry": { "type": "Polygon", "coordinates": [ [ [ 14.2246261, 46.6289854 ], [ 14.2236552, 46.6289237 ], [ 14.223603, 46.6289311 ], [ 14.2235506, 46.6289385 ], [ 14.223401, 46.6289191 ], [ 14.2229682, 46.6289068 ], [ 14.2229404, 46.6289339 ], [ 14.2235398, 46.629223 ], [ 14.2253624, 46.6292921 ], [ 14.2257437, 46.6292329 ], [ 14.2261733, 46.6292704 ], [ 14.2261734, 46.6292307 ], [ 14.2261738, 46.629189 ], [ 14.2257285, 46.6291217 ], [ 14.2253637, 46.6290683 ], [ 14.2246261, 46.6289854 ] ] ] } },
{ "type": "Feature", "properties": { "stop_id": "osm-way-527240170", "name": "Parkplatz Karawankenblick Süd" }, "geometry": { "type": "Polygon", "coordinates": [ [ [ 14.1689073, 46.6336122 ], [ 14.1698246, 46.63344 ], [ 14.1705984, 46.6333294 ], [ 14.1716258, 46.633238 ], [ 14.1717678, 46.6332226 ], [ 14.171733, 46.6330715 ], [ 14.1717195, 46.6330127 ], [ 14.1713105, 46.6329583 ], [ 14.1702778, 46.6329415 ], [ 14.1696592, 46.6330246 ], [ 14.1686836, 46.6332111 ], [ 14.1684446, 46.6335906 ], [ 14.1684168, 46.6336347 ], [ 14.1684629, 46.6336809 ], [ 14.1685009, 46.633719 ], [ 14.1689073, 46.6336122 ] ] ] } },
{ "type": "Feature", "properties": { "stop_id": "osm-way-527576785", "name": "Parkplatz Sternberg Süd" }, "geometry": { "type": "Polygon", "coordinates": [ [ [ 13.9836014, 46.6189421 ], [ 13.9836363, 46.6188484 ], [ 13.9831804, 46.6187682 ], [ 13.9831093, 46.6187572 ], [ 13.9827092, 46.618716 ], [ 13.9823905, 46.6186973 ], [ 13.9823234, 46.619238 ], [ 13.9820509, 46.6193909 ], [ 13.9820217, 46.6194112 ], [ 13.9821236, 46.6194803 ], [ 13.9828558, 46.6191993 ], [ 13.9836014, 46.6189421 ] ] ] } },
{ "type": "Feature", "properties": { "stop_id": "osm-way-527576786", "name": "Parkplatz Sternberg Nord" }, "geometry": { "type": "Polygon", "coordinates": [ [ [ 13.9825071, 46.6197271 ], [ 13.9825824, 46.6197543 ], [ 13.9826666, 46.6198624 ], [ 13.983238, 46.6198662 ], [ 13.9834513, 46.6198192 ], [ 13.9837208, 46.6197373 ], [ 13.9838657, 46.619565 ], [ 13.9840052, 46.6193826 ], [ 13.9840226, 46.6191956 ], [ 13.9837721, 46.6191846 ], [ 13.983521, 46.6192629 ], [ 13.9824937, 46.6196405 ], [ 13.9825071, 46.6197271 ] ] ] } },
{ "type": "Feature", "properties": { "stop_id": "osm-way-527631020", "name": "Parkplatz Federaun Süd" }, "geometry": { "type": "Polygon", "coordinates": [ [ [ 13.8352426, 46.5729465 ], [ 13.8347129, 46.5726991 ], [ 13.8346678, 46.5727417 ], [ 13.8346446, 46.5727637 ], [ 13.8354604, 46.5732744 ], [ 13.836257, 46.5738645 ], [ 13.8362991, 46.5738677 ], [ 13.8363415, 46.5738709 ], [ 13.8363697, 46.5736965 ], [ 13.8366406, 46.5735289 ], [ 13.8369772, 46.5734478 ], [ 13.8368674, 46.5732325 ], [ 13.8362288, 46.57289 ], [ 13.8355878, 46.5723664 ], [ 13.8355406, 46.5723937 ], [ 13.8352426, 46.5729465 ] ] ] } },
{ "type": "Feature", "properties": { "stop_id": "osm-way-527631024", "name": "Parkplatz Federaun Nord" }, "geometry": { "type": "Polygon", "coordinates": [ [ [ 13.8437055, 46.5809046 ], [ 13.8437889, 46.5811465 ], [ 13.8439818, 46.5812593 ], [ 13.8438176, 46.581469 ], [ 13.8438358, 46.5816195 ], [ 13.843755, 46.581693 ], [ 13.8438383, 46.5817738 ], [ 13.8440387, 46.5818136 ], [ 13.8440703, 46.5818199 ], [ 13.8443694, 46.5817959 ], [ 13.8446939, 46.5817102 ], [ 13.8449769, 46.5817461 ], [ 13.8452947, 46.5818568 ], [ 13.8453438, 46.5817935 ], [ 13.8453871, 46.5817376 ], [ 13.8454142, 46.5817027 ], [ 13.8449677, 46.5814177 ], [ 13.8440311, 46.5807779 ], [ 13.8439819, 46.5807714 ], [ 13.8439119, 46.5807332 ], [ 13.8438358, 46.5807307 ], [ 13.8437055, 46.5809046 ] ] ] } },
{ "type": "Feature", "properties": { "stop_id": "osm-way-528526630", "name": "Parkplatz St. Niklas Nord" }, "geometry": { "type": "Polygon", "coordinates": [ [ [ 13.9279376, 46.6087149 ], [ 13.9276058, 46.608868 ], [ 13.9270163, 46.6091166 ], [ 13.9263645, 46.6093967 ], [ 13.9264034, 46.6094394 ], [ 13.9264497, 46.6094903 ], [ 13.926862, 46.6094262 ], [ 13.9269465, 46.6094888 ], [ 13.9270833, 46.609498 ], [ 13.927841, 46.6092161 ], [ 13.9279845, 46.6089738 ], [ 13.9280564, 46.6088365 ], [ 13.9282635, 46.6087203 ], [ 13.9284794, 46.6085675 ], [ 13.9284434, 46.6085435 ], [ 13.9283845, 46.6085042 ], [ 13.9281535, 46.6086117 ], [ 13.9279376, 46.6087149 ] ] ] } },
{ "type": "Feature", "properties": { "stop_id": "osm-way-528652488", "name": "Raststation Rosegg" }, "geometry": { "type": "Polygon", "coordinates": [ [ [ 13.9990939, 46.5787217 ], [ 13.9989583, 46.5788008 ], [ 13.9987825, 46.5789033 ], [ 13.998713, 46.5789439 ], [ 13.9987707, 46.5791255 ], [ 13.9988391, 46.5795514 ], [ 13.9988981, 46.5798307 ], [ 13.9989947, 46.5799625 ], [ 13.9990845, 46.5800381 ], [ 13.9992522, 46.5801192 ], [ 13.9993675, 46.5801607 ], [ 13.9996277, 46.5802068 ], [ 13.9998302, 46.5802197 ], [ 14.0000367, 46.5802224 ], [ 14.000195, 46.5802003 ], [ 14.0004549, 46.5801696 ], [ 14.0005604, 46.5800987 ], [ 14.000619, 46.5799225 ], [ 14.0012529, 46.5798142 ], [ 14.0014581, 46.5794981 ], [ 14.0008241, 46.5791567 ], [ 14.000659, 46.5790785 ], [ 14.0006228, 46.5789338 ], [ 14.0004632, 46.5788453 ], [ 13.9990939, 46.5787217 ] ] ] } },
{ "type": "Feature", "properties": { "stop_id": "osm-way-528709833", "name": null }, "geometry": { "type": "Polygon", "coordinates": [ [ [ 12.9816137, 46.6699257 ], [ 12.9814132, 46.6700935 ], [ 12.9812317, 46.6700907 ], [ 12.9811704, 46.6700588 ], [ 12.9812833, 46.6700485 ], [ 12.9813885, 46.6700308 ], [ 12.98149, 46.6700138 ], [ 12.9816137, 46.6699257 ] ] ] } },
{ "type": "Feature", "properties": { "stop_id": "osm-way-529020336", "name": null }, "geometry": { "type": "Polygon", "coordinates": [ [ [ 14.2511143, 46.5452965 ], [ 14.2508943, 46.54535 ], [ 14.2504726, 46.5454197 ], [ 14.2503726, 46.5454376 ], [ 14.2504108, 46.5454619 ], [ 14.2507938, 46.5454966 ], [ 14.2513567, 46.5453974 ], [ 14.2514706, 46.5453213 ], [ 14.2516032, 46.5452966 ], [ 14.2516765, 46.5452395 ], [ 14.2516185, 46.5451498 ], [ 14.2514991, 46.545185 ], [ 14.2514013, 46.5452162 ], [ 14.2511143, 46.5452965 ] ] ] } },
{ "type": "Feature", "properties": { "stop_id": "osm-way-529020337", "name": null }, "geometry": { "type": "Polygon", "coordinates": [ [ [ 14.2525466, 46.5445484 ], [ 14.2528591, 46.5444645 ], [ 14.2531326, 46.5444091 ], [ 14.2532274, 46.5444017 ], [ 14.2533338, 46.5443888 ], [ 14.2533316, 46.5443785 ], [ 14.2530106, 46.5442846 ], [ 14.2525908, 46.5443787 ], [ 14.2524477, 46.5444254 ], [ 14.2520963, 46.5445434 ], [ 14.2516803, 46.5446344 ], [ 14.2516922, 46.5446583 ], [ 14.2517394, 46.5447529 ], [ 14.2519199, 46.5447003 ], [ 14.2518817, 46.5446307 ], [ 14.2524984, 46.544497 ], [ 14.25245, 46.5445867 ], [ 14.2525466, 46.5445484 ] ] ] } },
{ "type": "Feature", "properties": { "stop_id": "osm-way-529488602", "name": "Rastplatz Lanschütz" }, "geometry": { "type": "Polygon", "coordinates": [ [ [ 13.5782022, 47.1172912 ], [ 13.5774873, 47.1175372 ], [ 13.5758756, 47.1181144 ], [ 13.5758078, 47.1182963 ], [ 13.5767493, 47.1184587 ], [ 13.5778892, 47.1180097 ], [ 13.5785919, 47.1176976 ], [ 13.5790479, 47.1174457 ], [ 13.5791337, 47.1173818 ], [ 13.5792008, 47.1172833 ], [ 13.5792705, 47.1171445 ], [ 13.5789119, 47.117061 ], [ 13.5786846, 47.1171411 ], [ 13.5782022, 47.1172912 ] ] ] } },
{ "type": "Feature", "properties": { "stop_id": "osm-way-530029927", "name": "Parkplatz Werfen" }, "geometry": { "type": "Polygon", "coordinates": [ [ [ 13.1900393, 47.4870449 ], [ 13.1902527, 47.4869234 ], [ 13.1901672, 47.4868854 ], [ 13.1901176, 47.4868931 ], [ 13.1900485, 47.4868977 ], [ 13.1896971, 47.4868877 ], [ 13.1889911, 47.4872699 ], [ 13.1885787, 47.4874833 ], [ 13.1884579, 47.4875583 ], [ 13.1885446, 47.4876694 ], [ 13.1885907, 47.4877559 ], [ 13.1888187, 47.4877072 ], [ 13.1895989, 47.4872982 ], [ 13.1900393, 47.4870449 ] ] ] } },
{ "type": "Feature", "properties": { "stop_id": "osm-way-530994135", "name": "Parkplatz Salzburger Vorland" }, "geometry": { "type": "Polygon", "coordinates": [ [ [ 13.1825845, 47.8502161 ], [ 13.182621, 47.8501806 ], [ 13.1826429, 47.8501586 ], [ 13.1826375, 47.850056 ], [ 13.1820099, 47.8499129 ], [ 13.1816652, 47.8499291 ], [ 13.1811346, 47.8500841 ], [ 13.1805786, 47.8502555 ], [ 13.1805807, 47.8502776 ], [ 13.1805937, 47.8503134 ], [ 13.1816849, 47.8502277 ], [ 13.1825845, 47.8502161 ] ] ] } },
{ "type": "Feature", "properties": { "stop_id": "osm-way-531021199", "name": "Parkplatz Ölgraben" }, "geometry": { "type": "Polygon", "coordinates": [ [ [ 13.289816, 47.8438638 ], [ 13.2897666, 47.8438729 ], [ 13.2897081, 47.8438841 ], [ 13.2898003, 47.8439436 ], [ 13.2899342, 47.8440299 ], [ 13.2901124, 47.8441437 ], [ 13.2906346, 47.8441926 ], [ 13.2912058, 47.8442088 ], [ 13.2918505, 47.8440519 ], [ 13.2918271, 47.8439988 ], [ 13.2917004, 47.8439851 ], [ 13.2915896, 47.8439687 ], [ 13.2906944, 47.8439195 ], [ 13.289816, 47.8438638 ] ] ] } },
{ "type": "Feature", "properties": { "stop_id": "osm-way-531252283", "name": "Rastplatz Straß" }, "geometry": { "type": "Polygon", "coordinates": [ [ [ 13.5024037, 47.9221269 ], [ 13.5024628, 47.9217833 ], [ 13.5024574, 47.9216377 ], [ 13.5021396, 47.9213689 ], [ 13.5016394, 47.9209088 ], [ 13.5013577, 47.9208 ], [ 13.501166, 47.9207812 ], [ 13.5006081, 47.9203165 ], [ 13.500545, 47.9202904 ], [ 13.5003197, 47.9203102 ], [ 13.5003153, 47.9202791 ], [ 13.5002526, 47.9202653 ], [ 13.4998128, 47.9203089 ], [ 13.4996102, 47.9203461 ], [ 13.4995044, 47.920319 ], [ 13.499455, 47.9204019 ], [ 13.5003626, 47.9210139 ], [ 13.5008106, 47.9213357 ], [ 13.5016481, 47.9220184 ], [ 13.5020828, 47.9220455 ], [ 13.5021419, 47.9220763 ], [ 13.50218, 47.9221283 ], [ 13.502275, 47.9221266 ], [ 13.5024037, 47.9221269 ] ] ] } },
{ "type": "Feature", "properties": { "stop_id": "osm-way-531736196", "name": "Raststation Lindach Süd" }, "geometry": { "type": "Polygon", "coordinates": [ [ [ 13.8524844, 48.004293 ], [ 13.8533963, 48.0042446 ], [ 13.8536422, 48.0042503 ], [ 13.8545766, 48.0042082 ], [ 13.8547928, 48.0041899 ], [ 13.8553369, 48.0041748 ], [ 13.8557341, 48.0041571 ], [ 13.8556587, 48.0040989 ], [ 13.8550687, 48.0038453 ], [ 13.8548154, 48.0036701 ], [ 13.8546462, 48.0036173 ], [ 13.8543874, 48.0035949 ], [ 13.8543646, 48.0035069 ], [ 13.8538107, 48.0035321 ], [ 13.8537826, 48.0035743 ], [ 13.8537839, 48.0036012 ], [ 13.8531722, 48.0036255 ], [ 13.853167, 48.0035411 ], [ 13.8521209, 48.0035698 ], [ 13.8517803, 48.0035985 ], [ 13.8514718, 48.0036739 ], [ 13.8515053, 48.0038919 ], [ 13.8513002, 48.0039215 ], [ 13.8512296, 48.0039491 ], [ 13.8503848, 48.0042743 ], [ 13.8504422, 48.0043288 ], [ 13.8505223, 48.0043918 ], [ 13.8515577, 48.0043504 ], [ 13.8524844, 48.004293 ] ] ] } },
{ "type": "Feature", "properties": { "stop_id": "osm-way-531736197", "name": "Raststation Lindach Nord" }, "geometry": { "type": "Polygon", "coordinates": [ [ [ 13.8547626, 48.0046548 ], [ 13.8548901, 48.004602 ], [ 13.8548769, 48.0045701 ], [ 13.8548642, 48.0045397 ], [ 13.854792, 48.0044898 ], [ 13.8528633, 48.0045953 ], [ 13.8526238, 48.0046169 ], [ 13.8518648, 48.0046537 ], [ 13.851445, 48.0046618 ], [ 13.8494694, 48.0047609 ], [ 13.8493623, 48.0047704 ], [ 13.8493475, 48.0048188 ], [ 13.8493609, 48.0048538 ], [ 13.8498209, 48.0049319 ], [ 13.8502471, 48.0050359 ], [ 13.8503909, 48.005071 ], [ 13.8508482, 48.0051858 ], [ 13.8513739, 48.0054057 ], [ 13.8542292, 48.0052702 ], [ 13.854547, 48.0049238 ], [ 13.8546596, 48.0048045 ], [ 13.8546616, 48.0047461 ], [ 13.8546623, 48.0047273 ], [ 13.8547626, 48.0046548 ] ] ] } },
{ "type": "Feature", "properties": { "stop_id": "osm-way-532567871", "name": "Rastplatz Pucking Nord" }, "geometry": { "type": "Polygon", "coordinates": [ [ [ 14.1588208, 48.1869539 ], [ 14.1568091, 48.1860768 ], [ 14.1547545, 48.1851862 ], [ 14.1544716, 48.1850718 ], [ 14.1544336, 48.185122 ], [ 14.1548008, 48.185906 ], [ 14.1564859, 48.1867898 ], [ 14.1577094, 48.1873697 ], [ 14.1589747, 48.1871757 ], [ 14.1594872, 48.1872426 ], [ 14.1588208, 48.1869539 ] ] ] } },
{ "type": "Feature", "properties": { "stop_id": "osm-way-532567872", "name": "Parkplatz Sinnersdorf Süd" }, "geometry": { "type": "Polygon", "coordinates": [ [ [ 14.1538749, 48.1838873 ], [ 14.153557, 48.1840525 ], [ 14.1533977, 48.1840742 ], [ 14.1533251, 48.1841407 ], [ 14.1530845, 48.1840929 ], [ 14.1530541, 48.1841365 ], [ 14.1533196, 48.1842473 ], [ 14.1534564, 48.1842849 ], [ 14.1535315, 48.1843207 ], [ 14.1535932, 48.1843618 ], [ 14.1544776, 48.1846774 ], [ 14.154935, 48.1848585 ], [ 14.1552722, 48.1851111 ], [ 14.1554439, 48.1851745 ], [ 14.1554338, 48.1847311 ], [ 14.1553866, 48.184507 ], [ 14.1547747, 48.1842009 ], [ 14.1538749, 48.1838873 ] ] ] } },
{ "type": "Feature", "properties": { "stop_id": "osm-way-532884392", "name": "Parkplatz Kematen Nord" }, "geometry": { "type": "Polygon", "coordinates": [ [ [ 13.861856, 48.1795644 ], [ 13.8616495, 48.1795438 ], [ 13.8608368, 48.179534 ], [ 13.8597701, 48.1794871 ], [ 13.8593438, 48.1794487 ], [ 13.8592771, 48.179491 ], [ 13.8595466, 48.1796797 ], [ 13.8597304, 48.1797745 ], [ 13.860012, 48.1799453 ], [ 13.8601005, 48.1799434 ], [ 13.8603955, 48.1800187 ], [ 13.8613075, 48.1799265 ], [ 13.8617393, 48.1799337 ], [ 13.8618386, 48.1798031 ], [ 13.8617512, 48.1796378 ], [ 13.8618775, 48.1796341 ], [ 13.861856, 48.1795644 ] ] ] } },
{ "type": "Feature", "properties": { "stop_id": "osm-way-532884396", "name": "Parkplatz Schnittering Süd" }, "geometry": { "type": "Polygon", "coordinates": [ [ [ 13.9122453, 48.1856011 ], [ 13.9119583, 48.1854902 ], [ 13.9119067, 48.1855644 ], [ 13.9120674, 48.1856192 ], [ 13.9126249, 48.1858908 ], [ 13.9135667, 48.1863015 ], [ 13.9139767, 48.1864818 ], [ 13.9140486, 48.1864091 ], [ 13.9139687, 48.1862288 ], [ 13.9139539, 48.1861385 ], [ 13.9138252, 48.1860025 ], [ 13.9138339, 48.1858406 ], [ 13.9138372, 48.1857781 ], [ 13.9137045, 48.1856833 ], [ 13.9129937, 48.1854598 ], [ 13.9127791, 48.1854526 ], [ 13.9122453, 48.1856011 ] ] ] } },
{ "type": "Feature", "properties": { "stop_id": "osm-way-532884401", "name": "Parkplatz Oberham Süd" }, "geometry": { "type": "Polygon", "coordinates": [ [ [ 13.9639158, 48.184879 ], [ 13.9632754, 48.185098 ], [ 13.9629828, 48.1850517 ], [ 13.9627746, 48.1852193 ], [ 13.9627479, 48.1853381 ], [ 13.9624288, 48.1855196 ], [ 13.9624587, 48.1855782 ], [ 13.9624831, 48.1856261 ], [ 13.9636579, 48.1853597 ], [ 13.9649856, 48.1851182 ], [ 13.9650124, 48.185036 ], [ 13.9646503, 48.1848178 ], [ 13.9639158, 48.184879 ] ] ] } },
{ "type": "Feature", "properties": { "stop_id": "osm-way-533009640", "name": "Rastplatz St.Marienkirchen" }, "geometry": { "type": "Polygon", "coordinates": [ [ [ 13.4141584, 48.3744562 ], [ 13.4138668, 48.3738776 ], [ 13.4135073, 48.3730054 ], [ 13.4132317, 48.3721778 ], [ 13.4129709, 48.3721319 ], [ 13.4127489, 48.3724954 ], [ 13.4128066, 48.3729114 ], [ 13.4127302, 48.3729444 ], [ 13.4122494, 48.3730651 ], [ 13.4122299, 48.3730816 ], [ 13.4122252, 48.3731057 ], [ 13.4129434, 48.3738264 ], [ 13.413337, 48.3742437 ], [ 13.4138319, 48.3744223 ], [ 13.4139613, 48.3745417 ], [ 13.4141584, 48.3744562 ] ] ] } },
{ "type": "Feature", "properties": { "stop_id": "osm-way-533020665", "name": "Raststation Suben" }, "geometry": { "type": "Polygon", "coordinates": [ [ [ 13.4255565, 48.3993813 ], [ 13.4253419, 48.3995393 ], [ 13.4252074, 48.3996714 ], [ 13.4250734, 48.3998424 ], [ 13.4248688, 48.3999018 ], [ 13.4247991, 48.3999369 ], [ 13.4247882, 48.3999394 ], [ 13.4246158, 48.40009 ], [ 13.4244913, 48.400389 ], [ 13.4244824, 48.4007744 ], [ 13.4244757, 48.401334 ], [ 13.4246403, 48.4013429 ], [ 13.4247426, 48.4015112 ], [ 13.4248582, 48.4015584 ], [ 13.4249505, 48.401571 ], [ 13.4258001, 48.4015917 ], [ 13.4258912, 48.4016153 ], [ 13.4260169, 48.4015378 ], [ 13.4260213, 48.4014802 ], [ 13.4260769, 48.4013931 ], [ 13.4261859, 48.4013119 ], [ 13.426286, 48.4012617 ], [ 13.4264283, 48.401244 ], [ 13.4265707, 48.4012543 ], [ 13.426679, 48.4013053 ], [ 13.4268197, 48.4012838 ], [ 13.4266552, 48.4008335 ], [ 13.4265918, 48.4006947 ], [ 13.426326, 48.4001299 ], [ 13.4261626, 48.3998021 ], [ 13.4258942, 48.3991902 ], [ 13.4257044, 48.3991502 ], [ 13.4256444, 48.3992757 ], [ 13.4255565, 48.3993813 ] ] ] } },
{ "type": "Feature", "properties": { "stop_id": "osm-way-533414011", "name": "Parkplatz Schlins West" }, "geometry": { "type": "Polygon", "coordinates": [ [ [ 9.6758491, 47.2021322 ], [ 9.6775979, 47.2013887 ], [ 9.6779764, 47.2012292 ], [ 9.6778567, 47.2010698 ], [ 9.6772492, 47.2012802 ], [ 9.6757334, 47.2020201 ], [ 9.6757374, 47.2020378 ], [ 9.6757417, 47.2020567 ], [ 9.6754642, 47.2022251 ], [ 9.6755394, 47.2022823 ], [ 9.6758491, 47.2021322 ] ] ] } },
{ "type": "Feature", "properties": { "stop_id": "osm-way-533414012", "name": "Parkplatz Schlins Ost" }, "geometry": { "type": "Polygon", "coordinates": [ [ [ 9.6793614, 47.2014433 ], [ 9.6793895, 47.2011344 ], [ 9.6793145, 47.2010424 ], [ 9.6774209, 47.201755 ], [ 9.6774959, 47.201847 ], [ 9.6777374, 47.2018962 ], [ 9.6780793, 47.2019254 ], [ 9.67831, 47.2018962 ], [ 9.6793614, 47.2014433 ] ] ] } },
{ "type": "Feature", "properties": { "stop_id": "osm-way-533546618", "name": "Parkplatz Kronburg Zams" }, "geometry": { "type": "Polygon", "coordinates": [ [ [ 10.6204265, 47.1814028 ], [ 10.6200846, 47.1812296 ], [ 10.6198002, 47.1810901 ], [ 10.6194583, 47.1808978 ], [ 10.6189674, 47.1805943 ], [ 10.6189153, 47.1806332 ], [ 10.6188921, 47.1806505 ], [ 10.6190947, 47.1808469 ], [ 10.619245, 47.1809926 ], [ 10.6195092, 47.1812487 ], [ 10.6199397, 47.1817464 ], [ 10.6201114, 47.1818175 ], [ 10.6208517, 47.1819305 ], [ 10.6212594, 47.1819834 ], [ 10.621908, 47.1820398 ], [ 10.6219306, 47.1820082 ], [ 10.6219581, 47.1819697 ], [ 10.6213221, 47.1817599 ], [ 10.6209013, 47.1815887 ], [ 10.6204265, 47.1814028 ] ] ] } },
{ "type": "Feature", "properties": { "stop_id": "osm-way-533546631", "name": "Parkplatz Haiming Süd" }, "geometry": { "type": "Polygon", "coordinates": [ [ [ 10.8963507, 47.2657862 ], [ 10.8960651, 47.2656734 ], [ 10.8958867, 47.2654959 ], [ 10.8956976, 47.2653112 ], [ 10.8951584, 47.2652062 ], [ 10.8947347, 47.2651237 ], [ 10.8945107, 47.2651292 ], [ 10.8943592, 47.2651574 ], [ 10.8938158, 47.265198 ], [ 10.8934079, 47.265162 ], [ 10.8933951, 47.2651889 ], [ 10.8933789, 47.2652229 ], [ 10.893757, 47.2653212 ], [ 10.8944826, 47.2654941 ], [ 10.8962555, 47.265961 ], [ 10.896454, 47.2660228 ], [ 10.8965028, 47.2659689 ], [ 10.8965173, 47.2659529 ], [ 10.8965744, 47.2658899 ], [ 10.8963507, 47.2657862 ] ] ] } },
{ "type": "Feature", "properties": { "stop_id": "osm-way-542661862", "name": "Rastplatz Inzersdorf" }, "geometry": { "type": "Polygon", "coordinates": [ [ [ 15.7151869, 48.3115337 ], [ 15.715256, 48.311486 ], [ 15.7151847, 48.3114137 ], [ 15.7151464, 48.3113549 ], [ 15.715123, 48.3112916 ], [ 15.7151103, 48.3112263 ], [ 15.7151008, 48.3111654 ], [ 15.7150796, 48.3111079 ], [ 15.715036, 48.3110279 ], [ 15.7139679, 48.309343 ], [ 15.713919, 48.3093061 ], [ 15.7138456, 48.3092796 ], [ 15.7135918, 48.3092114 ], [ 15.713525, 48.309187 ], [ 15.713476, 48.3091547 ], [ 15.7134425, 48.3091176 ], [ 15.7134215, 48.3090881 ], [ 15.7134157, 48.309051 ], [ 15.7133262, 48.3090314 ], [ 15.713258, 48.3091357 ], [ 15.7132246, 48.3091732 ], [ 15.713177, 48.3092066 ], [ 15.7130992, 48.3091589 ], [ 15.7130476, 48.3091442 ], [ 15.712998, 48.3091651 ], [ 15.7129296, 48.3092927 ], [ 15.7129195, 48.309344 ], [ 15.712929, 48.309398 ], [ 15.7131354, 48.3097536 ], [ 15.7133426, 48.3100765 ], [ 15.714144, 48.3113339 ], [ 15.7142224, 48.3114022 ], [ 15.7142681, 48.3114259 ], [ 15.7146616, 48.3113188 ], [ 15.7147126, 48.3113754 ], [ 15.7147622, 48.3114035 ], [ 15.714844, 48.3114325 ], [ 15.7150619, 48.3114891 ], [ 15.7151357, 48.3115119 ], [ 15.7151869, 48.3115337 ] ] ] } },
{ "type": "Feature", "properties": { "stop_id": "osm-way-543640239", "name": "Kettenablegeplatz" }, "geometry": { "type": "Polygon", "coordinates": [ [ [ 13.5063727, 47.3001855 ], [ 13.5066017, 47.3003617 ], [ 13.50668, 47.3005526 ], [ 13.5067107, 47.3006936 ], [ 13.5065348, 47.3007084 ], [ 13.5064966, 47.3005273 ], [ 13.5063727, 47.3001855 ] ] ] } },
{ "type": "Feature", "properties": { "stop_id": "osm-way-543640242", "name": "Kettenanlegeplatz" }, "geometry": { "type": "Polygon", "coordinates": [ [ [ 13.5064177, 47.3007088 ], [ 13.5063332, 47.3006247 ], [ 13.5062628, 47.3004739 ], [ 13.5061679, 47.300235 ], [ 13.5061417, 47.3000938 ], [ 13.5061038, 47.2998586 ], [ 13.5062093, 47.3000747 ], [ 13.5063727, 47.3004834 ], [ 13.5064177, 47.3007088 ] ] ] } },
{ "type": "Feature", "properties": { "stop_id": "osm-way-543640350", "name": null }, "geometry": { "type": "Polygon", "coordinates": [ [ [ 13.5052532, 47.2894125 ], [ 13.5052109, 47.2892845 ], [ 13.5052166, 47.2891871 ], [ 13.5052475, 47.2890858 ], [ 13.5052644, 47.2890285 ], [ 13.5053461, 47.2889445 ], [ 13.5052447, 47.2889578 ], [ 13.5051574, 47.2890247 ], [ 13.5051123, 47.2891221 ], [ 13.5051349, 47.2891966 ], [ 13.5051771, 47.2893208 ], [ 13.5052194, 47.2894106 ], [ 13.5052532, 47.2894125 ] ] ] } },
{ "type": "Feature", "properties": { "stop_id": "osm-way-544542523", "name": "Parkplatz Kapfenberg Nord" }, "geometry": { "type": "Polygon", "coordinates": [ [ [ 15.3423817, 47.4528937 ], [ 15.3423697, 47.4529635 ], [ 15.3422248, 47.4534219 ], [ 15.3422054, 47.4534183 ], [ 15.3421833, 47.4534142 ], [ 15.3420049, 47.453524 ], [ 15.3421873, 47.4537669 ], [ 15.3423878, 47.4538322 ], [ 15.3424281, 47.4538178 ], [ 15.3424662, 47.4538041 ], [ 15.3428599, 47.4543314 ], [ 15.3428706, 47.4544081 ], [ 15.3429805, 47.4544511 ], [ 15.3433722, 47.4544407 ], [ 15.3433715, 47.4544155 ], [ 15.3434543, 47.454423 ], [ 15.3435522, 47.454447 ], [ 15.3436685, 47.4544956 ], [ 15.3437269, 47.4544498 ], [ 15.3436518, 47.4544099 ], [ 15.3435794, 47.45435 ], [ 15.3435311, 47.4542466 ], [ 15.3435177, 47.4541133 ], [ 15.3429423, 47.4533607 ], [ 15.3428619, 47.4533226 ], [ 15.3427318, 47.4532954 ], [ 15.3426044, 47.4532691 ], [ 15.3425145, 47.4532364 ], [ 15.3424609, 47.4531838 ], [ 15.3424247, 47.4531412 ], [ 15.3424233, 47.4530904 ], [ 15.3424461, 47.4529879 ], [ 15.3424568, 47.4528964 ], [ 15.3423817, 47.4528937 ] ] ] } },
{ "type": "Feature", "properties": { "stop_id": "osm-way-547408721", "name": null }, "geometry": { "type": "Polygon", "coordinates": [ [ [ 13.2033995, 47.3064087 ], [ 13.2032718, 47.3062762 ], [ 13.2032195, 47.306218 ], [ 13.203261, 47.3061607 ], [ 13.2033482, 47.3060934 ], [ 13.2034019, 47.3060343 ], [ 13.2034729, 47.3059052 ], [ 13.2034931, 47.3057969 ], [ 13.2035239, 47.3057115 ], [ 13.2036299, 47.3056587 ], [ 13.2037412, 47.3056369 ], [ 13.2040067, 47.3055523 ], [ 13.2038806, 47.3056251 ], [ 13.2037496, 47.3057048 ], [ 13.2036714, 47.3057524 ], [ 13.2036285, 47.305756 ], [ 13.2035387, 47.3058761 ], [ 13.2034904, 47.3060125 ], [ 13.2034595, 47.3060898 ], [ 13.20343, 47.3062041 ], [ 13.2033898, 47.3062835 ], [ 13.2034273, 47.3063653 ], [ 13.2034137, 47.3063863 ], [ 13.2033995, 47.3064087 ] ] ] } },
{ "type": "Feature", "properties": { "stop_id": "osm-way-547408728", "name": "Jungfernsprung" }, "geometry": { "type": "Polygon", "coordinates": [ [ [ 13.1939407, 47.3101698 ], [ 13.194007, 47.3101211 ], [ 13.1939605, 47.3100687 ], [ 13.1939986, 47.3100371 ], [ 13.194126, 47.3099799 ], [ 13.194248, 47.309948 ], [ 13.1941161, 47.3100583 ], [ 13.1939729, 47.3101852 ], [ 13.1939407, 47.3101698 ] ] ] } },
{ "type": "Feature", "properties": { "stop_id": "osm-way-549010187", "name": null }, "geometry": { "type": "Polygon", "coordinates": [ [ [ 12.3798902, 47.5214459 ], [ 12.3798482, 47.5214272 ], [ 12.3798253, 47.5214418 ], [ 12.3798434, 47.5214629 ], [ 12.3798734, 47.5214856 ], [ 12.379621, 47.5215059 ], [ 12.3796807, 47.5215318 ], [ 12.3809883, 47.5216749 ], [ 12.3809722, 47.5216448 ], [ 12.3809061, 47.5216099 ], [ 12.3806645, 47.5215563 ], [ 12.380531, 47.5215279 ], [ 12.380299, 47.5214905 ], [ 12.3801211, 47.5214678 ], [ 12.3800766, 47.521454 ], [ 12.3800513, 47.5214321 ], [ 12.3799984, 47.5214507 ], [ 12.3799744, 47.5214775 ], [ 12.3798902, 47.5214459 ] ] ] } },
{ "type": "Feature", "properties": { "stop_id": "osm-way-560743764", "name": "Parkplatz Plon" }, "geometry": { "type": "Polygon", "coordinates": [ [ [ 11.4622769, 47.084068 ], [ 11.4631815, 47.0837152 ], [ 11.4630369, 47.0839483 ], [ 11.4625849, 47.0841307 ], [ 11.462384, 47.0840737 ], [ 11.4622769, 47.084068 ] ] ] } },
{ "type": "Feature", "properties": { "stop_id": "osm-way-561914333", "name": "Parkplatz Nüziders" }, "geometry": { "type": "Polygon", "coordinates": [ [ [ 9.7735147, 47.1734785 ], [ 9.7737761, 47.1735195 ], [ 9.7740844, 47.1736532 ], [ 9.7743212, 47.173717 ], [ 9.7746228, 47.1737003 ], [ 9.7760058, 47.1733479 ], [ 9.7768637, 47.1729652 ], [ 9.7765409, 47.1729857 ], [ 9.7757431, 47.1731337 ], [ 9.775614, 47.1731576 ], [ 9.7749618, 47.1732575 ], [ 9.7737571, 47.1734231 ], [ 9.7735147, 47.1734785 ] ] ] } },
{ "type": "Feature", "properties": { "stop_id": "osm-way-579663993", "name": "Parkplatz Ried" }, "geometry": { "type": "Polygon", "coordinates": [ [ [ 13.6215235, 46.9946845 ], [ 13.6216167, 46.9947338 ], [ 13.6217293, 46.9946562 ], [ 13.6217973, 46.9945461 ], [ 13.6220223, 46.9943959 ], [ 13.6222326, 46.9941227 ], [ 13.6223388, 46.9937867 ], [ 13.6222445, 46.9937412 ], [ 13.6221778, 46.9937053 ], [ 13.6221021, 46.9936671 ], [ 13.6215235, 46.9946845 ] ] ] } },
{ "type": "Feature", "properties": { "stop_id": "osm-way-587906261", "name": null }, "geometry": { "type": "Polygon", "coordinates": [ [ [ 12.5910844, 46.9275804 ], [ 12.5911832, 46.9276479 ], [ 12.5913186, 46.9276999 ], [ 12.5914421, 46.9276924 ], [ 12.5916441, 46.927633 ], [ 12.5917518, 46.9275179 ], [ 12.591735, 46.9274135 ], [ 12.591689, 46.9273289 ], [ 12.5916597, 46.9273059 ], [ 12.5910844, 46.9275804 ] ] ] } },
{ "type": "Feature", "properties": { "stop_id": "osm-way-634678439", "name": null }, "geometry": { "type": "Polygon", "coordinates": [ [ [ 15.8786578, 47.091843 ], [ 15.8782315, 47.0918464 ], [ 15.8777927, 47.0918532 ], [ 15.8778303, 47.091913 ], [ 15.8777952, 47.091994 ], [ 15.8778955, 47.0920231 ], [ 15.8779294, 47.091965 ], [ 15.8779958, 47.0919915 ], [ 15.8782323, 47.091985 ], [ 15.8783682, 47.0919812 ], [ 15.8783644, 47.0921059 ], [ 15.8784835, 47.0921528 ], [ 15.8786666, 47.092146 ], [ 15.8786578, 47.091843 ] ] ] } },
{ "type": "Feature", "properties": { "stop_id": "osm-way-640638851", "name": null }, "geometry": { "type": "Polygon", "coordinates": [ [ [ 13.6403058, 46.5327138 ], [ 13.6411025, 46.5326142 ], [ 13.6415021, 46.53326 ], [ 13.6419876, 46.5339851 ], [ 13.6420874, 46.5341127 ], [ 13.6422876, 46.5344098 ], [ 13.6424947, 46.5346948 ], [ 13.6426466, 46.5348816 ], [ 13.6429614, 46.535264 ], [ 13.6431884, 46.5355458 ], [ 13.6435312, 46.5359858 ], [ 13.6437951, 46.5362425 ], [ 13.6440827, 46.5364882 ], [ 13.6444013, 46.5367246 ], [ 13.6445137, 46.5367879 ], [ 13.6448017, 46.5369556 ], [ 13.6443211, 46.5374274 ], [ 13.6433706, 46.5371175 ], [ 13.6425687, 46.5367426 ], [ 13.6418299, 46.5362127 ], [ 13.6412308, 46.5356363 ], [ 13.6408254, 46.5349267 ], [ 13.6405641, 46.5342418 ], [ 13.6403163, 46.5329929 ], [ 13.6403058, 46.5327138 ] ] ] } },
{ "type": "Feature", "properties": { "stop_id": "osm-way-647490653", "name": null }, "geometry": { "type": "Polygon", "coordinates": [ [ [ 13.6661226, 46.5397514 ], [ 13.6665311, 46.539373 ], [ 13.6667431, 46.5394973 ], [ 13.6670535, 46.5396934 ], [ 13.6672705, 46.5398317 ], [ 13.6674746, 46.5398959 ], [ 13.6674806, 46.5398948 ], [ 13.6675901, 46.5398754 ], [ 13.6678706, 46.5398333 ], [ 13.6683162, 46.5398394 ], [ 13.6684448, 46.5398703 ], [ 13.668524, 46.5397101 ], [ 13.6695601, 46.5400402 ], [ 13.6696451, 46.5400673 ], [ 13.6698039, 46.5401179 ], [ 13.6704124, 46.5403118 ], [ 13.6723502, 46.540977 ], [ 13.6740578, 46.5416311 ], [ 13.6748811, 46.5419692 ], [ 13.6757364, 46.5423674 ], [ 13.6762761, 46.5427089 ], [ 13.6763977, 46.5427858 ], [ 13.676802, 46.5430785 ], [ 13.6769455, 46.543196 ], [ 13.6771589, 46.5433215 ], [ 13.6770282, 46.5433491 ], [ 13.6769804, 46.5434398 ], [ 13.6770377, 46.5435843 ], [ 13.6770216, 46.5436991 ], [ 13.6759879, 46.5434826 ], [ 13.6752891, 46.5434811 ], [ 13.6745234, 46.543306 ], [ 13.6735566, 46.5430096 ], [ 13.6731012, 46.5429421 ], [ 13.6727707, 46.5428361 ], [ 13.672667, 46.5428614 ], [ 13.6725424, 46.5427213 ], [ 13.6724356, 46.5425424 ], [ 13.671592, 46.5421686 ], [ 13.6715557, 46.5421719 ], [ 13.6713831, 46.5420951 ], [ 13.6713984, 46.5419401 ], [ 13.6708911, 46.5419003 ], [ 13.6703151, 46.5417009 ], [ 13.6688224, 46.5411178 ], [ 13.6681341, 46.5408237 ], [ 13.6668805, 46.5399964 ], [ 13.6665545, 46.5399764 ], [ 13.6661226, 46.5397514 ] ] ] } },
{ "type": "Feature", "properties": { "stop_id": "osm-way-647490654", "name": null }, "geometry": { "type": "Polygon", "coordinates": [ [ [ 13.669247, 46.5394935 ], [ 13.6691227, 46.5395246 ], [ 13.6673044, 46.5389776 ], [ 13.6669218, 46.5388904 ], [ 13.6672463, 46.5386576 ], [ 13.6672167, 46.5385251 ], [ 13.6677502, 46.5383314 ], [ 13.6684467, 46.5385047 ], [ 13.6690247, 46.5390348 ], [ 13.669247, 46.5394935 ] ] ] } },
{ "type": "Feature", "properties": { "stop_id": "osm-way-661055664", "name": "Parkplatz Gloggnitz" }, "geometry": { "type": "Polygon", "coordinates": [ [ [ 15.9292061, 47.6597885 ], [ 15.930098, 47.6600893 ], [ 15.9303094, 47.6600119 ], [ 15.9301166, 47.6597919 ], [ 15.9297672, 47.6596715 ], [ 15.9292432, 47.6596244 ], [ 15.9292061, 47.6597885 ] ] ] } },
{ "type": "Feature", "properties": { "stop_id": "osm-way-661056057", "name": "Parkplatz Gloggnitz Nord" }, "geometry": { "type": "Polygon", "coordinates": [ [ [ 15.9216216, 47.6574629 ], [ 15.9216332, 47.6575277 ], [ 15.9216506, 47.657662 ], [ 15.9216729, 47.6577134 ], [ 15.9217122, 47.6577494 ], [ 15.9217515, 47.657769 ], [ 15.92181, 47.6577789 ], [ 15.9219062, 47.6577799 ], [ 15.9220319, 47.6577701 ], [ 15.9221429, 47.6577708 ], [ 15.9221838, 47.65778 ], [ 15.923249, 47.6583787 ], [ 15.9233108, 47.6584039 ], [ 15.9234577, 47.6584364 ], [ 15.923434, 47.6584937 ], [ 15.9233642, 47.6584843 ], [ 15.923249, 47.6584824 ], [ 15.9229122, 47.6585124 ], [ 15.9228084, 47.6585232 ], [ 15.9227031, 47.6585033 ], [ 15.9225353, 47.6584199 ], [ 15.9224728, 47.6583805 ], [ 15.9223451, 47.6583836 ], [ 15.9217597, 47.6580652 ], [ 15.9217416, 47.6579758 ], [ 15.9215575, 47.657864 ], [ 15.9214891, 47.657509 ], [ 15.9216216, 47.6574629 ] ] ] } },
{ "type": "Feature", "properties": { "stop_id": "osm-way-664717429", "name": null }, "geometry": { "type": "Polygon", "coordinates": [ [ [ 15.6448911, 46.6908263 ], [ 15.6455404, 46.6909362 ], [ 15.6451872, 46.6913071 ], [ 15.6449726, 46.6920805 ], [ 15.6440026, 46.6932154 ], [ 15.64346, 46.6933672 ], [ 15.6432494, 46.6934825 ], [ 15.642771, 46.6933236 ], [ 15.6428956, 46.6930674 ], [ 15.6429432, 46.6928815 ], [ 15.6430604, 46.6926629 ], [ 15.6433802, 46.6922943 ], [ 15.6431251, 46.6922035 ], [ 15.6430869, 46.6920688 ], [ 15.643123, 46.6917047 ], [ 15.6433721, 46.6914384 ], [ 15.6436358, 46.6913631 ], [ 15.6438812, 46.6914661 ], [ 15.6448911, 46.6908263 ] ] ] } },
{ "type": "Feature", "properties": { "stop_id": "osm-way-664756052", "name": "Parkplatz Übelbach I" }, "geometry": { "type": "Polygon", "coordinates": [ [ [ 15.2289215, 47.2249971 ], [ 15.2281118, 47.2254149 ], [ 15.2279937, 47.2254471 ], [ 15.2278617, 47.2254566 ], [ 15.2275989, 47.2254149 ], [ 15.2277031, 47.2253214 ], [ 15.228835, 47.224837 ], [ 15.2289076, 47.2249714 ], [ 15.2289215, 47.2249971 ] ] ] } },
{ "type": "Feature", "properties": { "stop_id": "osm-way-664756053", "name": "Parkplatz Übelbach II" }, "geometry": { "type": "Polygon", "coordinates": [ [ [ 15.2294914, 47.2242137 ], [ 15.2283064, 47.2247128 ], [ 15.228214, 47.2246167 ], [ 15.228609, 47.2242524 ], [ 15.228892, 47.2240722 ], [ 15.2290257, 47.2240348 ], [ 15.2294914, 47.2242137 ] ] ] } },
{ "type": "Feature", "properties": { "stop_id": "osm-way-665215184", "name": "Parkplatz Treglwang" }, "geometry": { "type": "Polygon", "coordinates": [ [ [ 14.5839556, 47.4727068 ], [ 14.5841056, 47.4728344 ], [ 14.584936, 47.4726673 ], [ 14.586297, 47.472519 ], [ 14.5862914, 47.4723576 ], [ 14.585872, 47.4721867 ], [ 14.5849555, 47.4722825 ], [ 14.5842361, 47.472504 ], [ 14.5839556, 47.4727068 ] ] ] } },
{ "type": "Feature", "properties": { "stop_id": "osm-way-666371706", "name": "Rastplatz Parndorf" }, "geometry": { "type": "Polygon", "coordinates": [ [ [ 16.8731134, 47.9704913 ], [ 16.8729471, 47.9706668 ], [ 16.8728452, 47.9707589 ], [ 16.8727159, 47.970794 ], [ 16.872596, 47.970793 ], [ 16.8725413, 47.9708523 ], [ 16.8727401, 47.9709434 ], [ 16.872871, 47.9710034 ], [ 16.873016, 47.9710699 ], [ 16.8730902, 47.9710816 ], [ 16.8731282, 47.9710844 ], [ 16.8731549, 47.9710837 ], [ 16.8732408, 47.9710823 ], [ 16.874311, 47.9709874 ], [ 16.8756952, 47.9708178 ], [ 16.8758641, 47.9707703 ], [ 16.8759673, 47.9706947 ], [ 16.8760195, 47.9706565 ], [ 16.8760735, 47.9706115 ], [ 16.8761264, 47.970594 ], [ 16.8762085, 47.9705794 ], [ 16.8762418, 47.9706996 ], [ 16.8767479, 47.9706166 ], [ 16.8767266, 47.9705245 ], [ 16.8769661, 47.9704898 ], [ 16.8769705, 47.9704334 ], [ 16.8771586, 47.970406 ], [ 16.8772311, 47.9703922 ], [ 16.8773191, 47.9703681 ], [ 16.8773456, 47.9703504 ], [ 16.877409, 47.9703079 ], [ 16.8775042, 47.970207 ], [ 16.8776526, 47.9700498 ], [ 16.8775657, 47.9700128 ], [ 16.8774236, 47.9700353 ], [ 16.8773229, 47.9700434 ], [ 16.8771935, 47.9700375 ], [ 16.8770158, 47.9700324 ], [ 16.8731134, 47.9704913 ] ] ] } },
{ "type": "Feature", "properties": { "stop_id": "osm-way-666371707", "name": "Rastplatz Neusiedl" }, "geometry": { "type": "Polygon", "coordinates": [ [ [ 16.88262, 47.9679924 ], [ 16.8827534, 47.9680457 ], [ 16.8832722, 47.9678979 ], [ 16.8863595, 47.9666795 ], [ 16.8865476, 47.9663664 ], [ 16.8867569, 47.9662714 ], [ 16.8867627, 47.9662273 ], [ 16.8867687, 47.9661817 ], [ 16.8862232, 47.9660914 ], [ 16.8860528, 47.9661006 ], [ 16.8856837, 47.9661995 ], [ 16.8841917, 47.9667718 ], [ 16.8840027, 47.966895 ], [ 16.8839191, 47.9669822 ], [ 16.8836438, 47.9670865 ], [ 16.8834486, 47.9671641 ], [ 16.8834678, 47.9671929 ], [ 16.8832309, 47.9672861 ], [ 16.8832902, 47.9673592 ], [ 16.8830607, 47.9674446 ], [ 16.8831025, 47.9674957 ], [ 16.8828996, 47.9675613 ], [ 16.8827779, 47.9676605 ], [ 16.8827544, 47.96771 ], [ 16.88262, 47.9679924 ] ] ] } },
{ "type": "Feature", "properties": { "stop_id": "osm-way-670538720", "name": null }, "geometry": { "type": "Polygon", "coordinates": [ [ [ 12.591047, 46.9269979 ], [ 12.5909884, 46.9269843 ], [ 12.590952, 46.9269547 ], [ 12.5909561, 46.926933 ], [ 12.5909591, 46.9269171 ], [ 12.5910025, 46.9268778 ], [ 12.5910529, 46.9268546 ], [ 12.5911232, 46.9268266 ], [ 12.5911903, 46.9268116 ], [ 12.5912733, 46.9268218 ], [ 12.5913659, 46.926841 ], [ 12.591421, 46.9268786 ], [ 12.5914527, 46.9269267 ], [ 12.5914832, 46.9269779 ], [ 12.5914849, 46.9269999 ], [ 12.5914527, 46.927018 ], [ 12.5913706, 46.9270092 ], [ 12.5912463, 46.9270084 ], [ 12.5911455, 46.9270044 ], [ 12.5910963, 46.9270004 ], [ 12.591047, 46.9269979 ] ] ] } },
{ "type": "Feature", "properties": { "stop_id": "osm-way-682205865", "name": null }, "geometry": { "type": "Polygon", "coordinates": [ [ [ 14.1570285, 46.6743147 ], [ 14.1565736, 46.6746928 ], [ 14.1567158, 46.6746551 ], [ 14.1568249, 46.6745997 ], [ 14.1569478, 46.6744808 ], [ 14.1570505, 46.674382 ], [ 14.1571385, 46.6742725 ], [ 14.1571981, 46.6741895 ], [ 14.1570285, 46.6743147 ] ] ] } },
{ "type": "Feature", "properties": { "stop_id": "osm-way-691535511", "name": "Rastplatz Pyhrn-Priel Ost" }, "geometry": { "type": "Polygon", "coordinates": [ [ [ 14.3335098, 47.6659328 ], [ 14.3334088, 47.6658466 ], [ 14.3345129, 47.6639179 ], [ 14.3351986, 47.6624046 ], [ 14.3353626, 47.6621689 ], [ 14.3354466, 47.6621771 ], [ 14.3357491, 47.6622287 ], [ 14.3357999, 47.6625786 ], [ 14.3357286, 47.6631492 ], [ 14.3349884, 47.6648489 ], [ 14.3345081, 47.6654807 ], [ 14.3342839, 47.6657137 ], [ 14.3335098, 47.6659328 ] ] ] } },
{ "type": "Feature", "properties": { "stop_id": "osm-way-697542010", "name": null }, "geometry": { "type": "Polygon", "coordinates": [ [ [ 13.5016957, 46.7478385 ], [ 13.5017279, 46.7477558 ], [ 13.5018513, 46.7476786 ], [ 13.5021383, 46.7475794 ], [ 13.5021208, 46.7476786 ], [ 13.5019009, 46.7477512 ], [ 13.5018258, 46.7477788 ], [ 13.5018271, 46.74781 ], [ 13.5016957, 46.7478385 ] ] ] } },
{ "type": "Feature", "properties": { "stop_id": "osm-way-737157612", "name": null }, "geometry": { "type": "Polygon", "coordinates": [ [ [ 14.4184531, 47.1561928 ], [ 14.4183755, 47.156165 ], [ 14.4182213, 47.1561002 ], [ 14.4182239, 47.1560765 ], [ 14.4182494, 47.156051 ], [ 14.4184372, 47.1561203 ], [ 14.4185995, 47.1561923 ], [ 14.4187108, 47.1562635 ], [ 14.4186531, 47.1562844 ], [ 14.4184531, 47.1561928 ] ] ] } },
{ "type": "Feature", "properties": { "stop_id": "osm-way-737428238", "name": "Rastplatz Wullersdorf" }, "geometry": { "type": "Polygon", "coordinates": [ [ [ 16.0799884, 48.6094179 ], [ 16.079747, 48.6092229 ], [ 16.0798061, 48.6086021 ], [ 16.0797631, 48.6083929 ], [ 16.0799884, 48.6065839 ], [ 16.080144, 48.60652 ], [ 16.0808628, 48.6071372 ], [ 16.0807448, 48.6089888 ], [ 16.0799884, 48.6094179 ] ] ] } },
{ "type": "Feature", "properties": { "stop_id": "osm-way-782866940", "name": "Raststation Innerbraz" }, "geometry": { "type": "Polygon", "coordinates": [ [ [ 9.9255581, 47.1404025 ], [ 9.9256001, 47.1404212 ], [ 9.9256362, 47.1404439 ], [ 9.9256558, 47.1405767 ], [ 9.9257812, 47.1407236 ], [ 9.9241148, 47.1413675 ], [ 9.9238582, 47.1410421 ], [ 9.9255581, 47.1404025 ] ] ] } },
{ "type": "Feature", "properties": { "stop_id": "osm-way-782870538", "name": "Parkplatz Radin" }, "geometry": { "type": "Polygon", "coordinates": [ [ [ 9.8727307, 47.1430785 ], [ 9.8729143, 47.1432615 ], [ 9.8744143, 47.1434171 ], [ 9.8747832, 47.1433908 ], [ 9.874606, 47.1432922 ], [ 9.8738262, 47.1431552 ], [ 9.8730465, 47.1430544 ], [ 9.8727307, 47.1430785 ] ] ] } },
{ "type": "Feature", "properties": { "stop_id": "osm-way-782870539", "name": "Parkplatz Radin" }, "geometry": { "type": "Polygon", "coordinates": [ [ [ 9.8734444, 47.1428922 ], [ 9.873649, 47.1429657 ], [ 9.8742677, 47.1430708 ], [ 9.8746414, 47.1431585 ], [ 9.8748348, 47.1432056 ], [ 9.8746124, 47.1429284 ], [ 9.8742886, 47.1428846 ], [ 9.8741823, 47.1428035 ], [ 9.8736683, 47.1427443 ], [ 9.8734396, 47.1428462 ], [ 9.8734444, 47.1428922 ] ] ] } },
{ "type": "Feature", "properties": { "stop_id": "osm-way-784691175", "name": null }, "geometry": { "type": "Polygon", "coordinates": [ [ [ 10.725922, 47.4728516 ], [ 10.7259902, 47.4730688 ], [ 10.7264858, 47.4734111 ], [ 10.7268431, 47.4733832 ], [ 10.7262606, 47.473047 ], [ 10.725922, 47.4728516 ] ] ] } },
{ "type": "Feature", "properties": { "stop_id": "osm-way-784691176", "name": null }, "geometry": { "type": "Polygon", "coordinates": [ [ [ 10.7250629, 47.4676692 ], [ 10.7255492, 47.468278 ], [ 10.7256706, 47.4679407 ], [ 10.7256096, 47.4677768 ], [ 10.7255589, 47.467728 ], [ 10.7255856, 47.4676524 ], [ 10.7254395, 47.4676322 ], [ 10.725363, 47.4676216 ], [ 10.7253424, 47.4676982 ], [ 10.7250629, 47.4676692 ] ] ] } },
{ "type": "Feature", "properties": { "stop_id": "osm-way-802147800", "name": "Rastplatz Dreiländereck Süd" }, "geometry": { "type": "Polygon", "coordinates": [ [ [ 13.6995616, 46.5701493 ], [ 13.698238, 46.5700539 ], [ 13.6971991, 46.5699199 ], [ 13.6968107, 46.5698332 ], [ 13.6964035, 46.5696893 ], [ 13.6975006, 46.5692836 ], [ 13.698471, 46.569242 ], [ 13.6992136, 46.5694176 ], [ 13.6992318, 46.569426 ], [ 13.6996756, 46.5696302 ], [ 13.6996048, 46.5699683 ], [ 13.6995866, 46.5701074 ], [ 13.6995616, 46.5701493 ] ] ] } },
{ "type": "Feature", "properties": { "stop_id": "osm-way-802147801", "name": "Rastplatz Dreiländereck Nord" }, "geometry": { "type": "Polygon", "coordinates": [ [ [ 13.6981547, 46.5705834 ], [ 13.6988407, 46.5707225 ], [ 13.69886, 46.5707544 ], [ 13.6989141, 46.5708439 ], [ 13.6989351, 46.5708685 ], [ 13.6989536, 46.5709109 ], [ 13.6989512, 46.5709593 ], [ 13.6989215, 46.571006 ], [ 13.6989215, 46.571017 ], [ 13.6989672, 46.5710586 ], [ 13.6990486, 46.5713679 ], [ 13.6986588, 46.5713952 ], [ 13.6978004, 46.5712336 ], [ 13.6976608, 46.5712711 ], [ 13.6973628, 46.5715339 ], [ 13.6973105, 46.5717081 ], [ 13.6965807, 46.5715689 ], [ 13.6963835, 46.5716762 ], [ 13.6957954, 46.5715412 ], [ 13.6956545, 46.5716153 ], [ 13.6954161, 46.5715755 ], [ 13.6951789, 46.5712766 ], [ 13.6954214, 46.5710313 ], [ 13.694729, 46.5708264 ], [ 13.6947686, 46.5707598 ], [ 13.6948453, 46.5706298 ], [ 13.6953174, 46.5707821 ], [ 13.6952018, 46.5705569 ], [ 13.6953174, 46.5702854 ], [ 13.6957714, 46.5701817 ], [ 13.6981547, 46.5705834 ] ] ] } },
{ "type": "Feature", "properties": { "stop_id": "osm-way-820902329", "name": "Rastplatz Schöngrabern" }, "geometry": { "type": "Polygon", "coordinates": [ [ [ 16.0782772, 48.6099251 ], [ 16.0784167, 48.6080453 ], [ 16.0790819, 48.6076516 ], [ 16.0794574, 48.6078928 ], [ 16.0793769, 48.6086234 ], [ 16.0793876, 48.608744 ], [ 16.0791891, 48.6105423 ], [ 16.0790389, 48.6105919 ], [ 16.0782772, 48.6099251 ] ] ] } },
{ "type": "Feature", "properties": { "stop_id": "osm-way-847763202", "name": null }, "geometry": { "type": "Polygon", "coordinates": [ [ [ 15.3896899, 46.6991247 ], [ 15.3897978, 46.6990497 ], [ 15.3897247, 46.6990028 ], [ 15.3896376, 46.6990677 ], [ 15.3896379, 46.69908 ], [ 15.3896382, 46.6990916 ], [ 15.3896899, 46.6991247 ] ] ] } },
{ "type": "Feature", "properties": { "stop_id": "osm-way-852784079", "name": "Rastplatz" }, "geometry": { "type": "Polygon", "coordinates": [ [ [ 16.5470026, 47.785897 ], [ 16.547216, 47.7857329 ], [ 16.5470067, 47.7856058 ], [ 16.5467865, 47.7857523 ], [ 16.5470026, 47.785897 ] ] ] } },
{ "type": "Feature", "properties": { "stop_id": "osm-way-866969529", "name": "Raststation Unken" }, "geometry": { "type": "Polygon", "coordinates": [ [ [ 12.7419463, 47.6569513 ], [ 12.7420542, 47.6570694 ], [ 12.7420898, 47.6571082 ], [ 12.7421622, 47.6571874 ], [ 12.7424925, 47.6575483 ], [ 12.7425453, 47.6575707 ], [ 12.7425734, 47.6575771 ], [ 12.7425538, 47.657622 ], [ 12.7427499, 47.6576609 ], [ 12.7427695, 47.657616 ], [ 12.7429923, 47.6576567 ], [ 12.7430387, 47.6575404 ], [ 12.743064, 47.6574769 ], [ 12.7430844, 47.6573933 ], [ 12.7427702, 47.6570408 ], [ 12.7427054, 47.6570269 ], [ 12.7426605, 47.6570007 ], [ 12.7426316, 47.6569586 ], [ 12.7426316, 47.6569236 ], [ 12.7424776, 47.6568976 ], [ 12.7424182, 47.6568935 ], [ 12.7423902, 47.6568815 ], [ 12.7423412, 47.656805 ], [ 12.7419463, 47.6569513 ] ] ] } },
{ "type": "Feature", "properties": { "stop_id": "osm-way-869753381", "name": null }, "geometry": { "type": "Polygon", "coordinates": [ [ [ 16.1583661, 47.0194279 ], [ 16.1597648, 47.0187907 ], [ 16.1598039, 47.0188294 ], [ 16.1598465, 47.0188863 ], [ 16.1597788, 47.018936 ], [ 16.1597253, 47.0189771 ], [ 16.159135, 47.0193843 ], [ 16.158614, 47.0197133 ], [ 16.15848, 47.0196756 ], [ 16.1585076, 47.0195679 ], [ 16.1583464, 47.0195169 ], [ 16.1583661, 47.0194279 ] ] ] } },
{ "type": "Feature", "properties": { "stop_id": "osm-way-869753383", "name": null }, "geometry": { "type": "Polygon", "coordinates": [ [ [ 16.1554599, 47.0205118 ], [ 16.1555913, 47.0204904 ], [ 16.155596, 47.0204995 ], [ 16.1562203, 47.0202517 ], [ 16.1562136, 47.0202435 ], [ 16.1562478, 47.0201937 ], [ 16.1554599, 47.0205118 ] ] ] } },
{ "type": "Feature", "properties": { "stop_id": "osm-way-892039574", "name": "Raststation Alland" }, "geometry": { "type": "Polygon", "coordinates": [ [ [ 16.0665069, 48.0695037 ], [ 16.0668496, 48.0694901 ], [ 16.0671349, 48.0694788 ], [ 16.0672097, 48.069802 ], [ 16.067118, 48.0698139 ], [ 16.0671522, 48.06997 ], [ 16.0671728, 48.0701458 ], [ 16.0671788, 48.0703556 ], [ 16.0671741, 48.0704914 ], [ 16.0669184, 48.0705372 ], [ 16.0668707, 48.0704591 ], [ 16.0663106, 48.0703071 ], [ 16.0657784, 48.0704384 ], [ 16.0653719, 48.0704854 ], [ 16.0650733, 48.0703898 ], [ 16.0651149, 48.0703083 ], [ 16.0655863, 48.0699282 ], [ 16.0659452, 48.069658 ], [ 16.0661356, 48.0695777 ], [ 16.0663503, 48.0695592 ], [ 16.0665069, 48.0695037 ] ] ] } },
{ "type": "Feature", "properties": { "stop_id": "osm-way-892779685", "name": "Parkplatz Dietrichshofen/Ost" }, "geometry": { "type": "Polygon", "coordinates": [ [ [ 13.4157329, 48.3763559 ], [ 13.4166589, 48.3773648 ], [ 13.4167974, 48.3773619 ], [ 13.4167692, 48.3771578 ], [ 13.4166264, 48.3769509 ], [ 13.4158649, 48.3762237 ], [ 13.4157329, 48.3763559 ] ] ] } },
{ "type": "Feature", "properties": { "stop_id": "osm-way-893823928", "name": "Parkplatz Rohr" }, "geometry": { "type": "Polygon", "coordinates": [ [ [ 13.3947507, 47.3182364 ], [ 13.3950233, 47.3182762 ], [ 13.3951427, 47.3180552 ], [ 13.3952781, 47.3173835 ], [ 13.3954616, 47.3170948 ], [ 13.3950999, 47.3169994 ], [ 13.3949075, 47.3172905 ], [ 13.3947311, 47.3178558 ], [ 13.3946544, 47.3181518 ], [ 13.3947507, 47.3182364 ] ] ] } },
{ "type": "Feature", "properties": { "stop_id": "osm-way-893823929", "name": "Parkplatz Rohr" }, "geometry": { "type": "Polygon", "coordinates": [ [ [ 13.3966074, 47.3119834 ], [ 13.3962385, 47.3121332 ], [ 13.3965326, 47.3125295 ], [ 13.3968266, 47.3129861 ], [ 13.3969121, 47.3131879 ], [ 13.3970101, 47.3133063 ], [ 13.3970832, 47.3132096 ], [ 13.3970885, 47.3129801 ], [ 13.3968622, 47.3125766 ], [ 13.3966074, 47.3119834 ] ] ] } },
{ "type": "Feature", "properties": { "stop_id": "osm-way-894068048", "name": "Parkplatz Kamering" }, "geometry": { "type": "Polygon", "coordinates": [ [ [ 13.6008903, 46.7320695 ], [ 13.6010333, 46.732185 ], [ 13.6014899, 46.7320476 ], [ 13.6021749, 46.7316337 ], [ 13.6020148, 46.7315152 ], [ 13.6008903, 46.7320695 ] ] ] } },
{ "type": "Feature", "properties": { "stop_id": "osm-way-894082156", "name": "Rastplatz Weißenstein" }, "geometry": { "type": "Polygon", "coordinates": [ [ [ 13.7387102, 46.6543863 ], [ 13.7407508, 46.6533789 ], [ 13.7418637, 46.6529189 ], [ 13.7421093, 46.6521738 ], [ 13.741709, 46.6521634 ], [ 13.7409904, 46.6523736 ], [ 13.7397987, 46.6529252 ], [ 13.7394349, 46.6532665 ], [ 13.7386647, 46.6536224 ], [ 13.7384342, 46.6540616 ], [ 13.7383372, 46.6543217 ], [ 13.7387102, 46.6543863 ] ] ] } },
{ "type": "Feature", "properties": { "stop_id": "osm-way-894093001", "name": "Raststation Feistritz" }, "geometry": { "type": "Polygon", "coordinates": [ [ [ 13.6672822, 46.6839522 ], [ 13.6674021, 46.6843031 ], [ 13.6678507, 46.6846357 ], [ 13.6686763, 46.6847876 ], [ 13.6699108, 46.6845999 ], [ 13.6699966, 46.6848134 ], [ 13.6702281, 46.6849027 ], [ 13.6705016, 46.6848252 ], [ 13.6711646, 46.6843581 ], [ 13.6713941, 46.6841454 ], [ 13.671563, 46.6839543 ], [ 13.6725501, 46.68363 ], [ 13.6728206, 46.6831507 ], [ 13.6720446, 46.6830161 ], [ 13.6716938, 46.6830222 ], [ 13.6712806, 46.6831058 ], [ 13.6704451, 46.6833506 ], [ 13.6694521, 46.6835974 ], [ 13.6672822, 46.6839522 ] ] ] } },
{ "type": "Feature", "properties": { "stop_id": "osm-way-895761070", "name": "Parkplatz Oed" }, "geometry": { "type": "Polygon", "coordinates": [ [ [ 14.7375981, 48.1176926 ], [ 14.7385709, 48.1178791 ], [ 14.7396091, 48.1181489 ], [ 14.7396346, 48.1181146 ], [ 14.7398398, 48.1181693 ], [ 14.739947, 48.1182187 ], [ 14.740029, 48.1181196 ], [ 14.7400071, 48.1180529 ], [ 14.7399604, 48.1179102 ], [ 14.7396222, 48.1176452 ], [ 14.7391394, 48.1174898 ], [ 14.7383222, 48.1174185 ], [ 14.7378977, 48.1175792 ], [ 14.7378027, 48.1176152 ], [ 14.7375981, 48.1176926 ] ] ] } },
{ "type": "Feature", "properties": { "stop_id": "osm-way-895761100", "name": "Parkplatz Zeillern" }, "geometry": { "type": "Polygon", "coordinates": [ [ [ 14.820053, 48.1256664 ], [ 14.8187624, 48.1253374 ], [ 14.8184919, 48.1252289 ], [ 14.8182983, 48.1250922 ], [ 14.8181444, 48.1249233 ], [ 14.8180667, 48.1247726 ], [ 14.8181076, 48.1247387 ], [ 14.8181237, 48.1247254 ], [ 14.8181783, 48.1247587 ], [ 14.8186749, 48.1250615 ], [ 14.8199477, 48.1254435 ], [ 14.8202507, 48.1255626 ], [ 14.8202945, 48.1255961 ], [ 14.82033, 48.1256233 ], [ 14.8202791, 48.1256358 ], [ 14.8202005, 48.1256534 ], [ 14.8201683, 48.125663 ], [ 14.8201354, 48.1256711 ], [ 14.820053, 48.1256664 ] ] ] } },
{ "type": "Feature", "properties": { "stop_id": "osm-way-895955600", "name": "Parkplatz Dornbach" }, "geometry": { "type": "Polygon", "coordinates": [ [ [ 16.1225746, 48.0650976 ], [ 16.122473, 48.0652239 ], [ 16.1221209, 48.0653313 ], [ 16.1221516, 48.0654545 ], [ 16.1229906, 48.0654703 ], [ 16.1236712, 48.0653787 ], [ 16.1246023, 48.0651655 ], [ 16.1256752, 48.064747 ], [ 16.125557, 48.0646033 ], [ 16.1247772, 48.0648196 ], [ 16.1236286, 48.0650486 ], [ 16.1227873, 48.0651165 ], [ 16.1225746, 48.0650976 ] ] ] } },
{ "type": "Feature", "properties": { "stop_id": "osm-way-896823217", "name": "Raststation Schnann" }, "geometry": { "type": "Polygon", "coordinates": [ [ [ 10.3751114, 47.1491468 ], [ 10.3749467, 47.1486887 ], [ 10.3738539, 47.1486421 ], [ 10.3729722, 47.1486346 ], [ 10.372955, 47.1487648 ], [ 10.3731945, 47.1490628 ], [ 10.3733279, 47.1491618 ], [ 10.3735456, 47.1491712 ], [ 10.3738849, 47.1491867 ], [ 10.3740431, 47.1492488 ], [ 10.374826, 47.1492644 ], [ 10.3751114, 47.1491468 ] ] ] } },
{ "type": "Feature", "properties": { "stop_id": "osm-way-904639431", "name": "Ennsdorf" }, "geometry": { "type": "Polygon", "coordinates": [ [ [ 14.503712, 48.1996956 ], [ 14.5037373, 48.1997637 ], [ 14.5034699, 48.1998717 ], [ 14.5030601, 48.200027 ], [ 14.5027484, 48.2000843 ], [ 14.5022793, 48.2001228 ], [ 14.5019177, 48.2000738 ], [ 14.5018685, 48.2000023 ], [ 14.5018952, 48.199944 ], [ 14.5021887, 48.1999735 ], [ 14.5024472, 48.1999553 ], [ 14.5029734, 48.1998946 ], [ 14.5032992, 48.1997939 ], [ 14.5035926, 48.1996967 ], [ 14.503712, 48.1996956 ] ] ] } },
{ "type": "Feature", "properties": { "stop_id": "osm-way-913077236", "name": "Parkplatz Tschurndorf" }, "geometry": { "type": "Polygon", "coordinates": [ [ [ 16.3955185, 47.607792 ], [ 16.3956169, 47.6082176 ], [ 16.3958216, 47.6082102 ], [ 16.3968333, 47.6072081 ], [ 16.3968838, 47.6066495 ], [ 16.3965589, 47.6068252 ], [ 16.3955185, 47.607792 ] ] ] } },
{ "type": "Feature", "properties": { "stop_id": "osm-way-913077237", "name": "Parkplatz Kobersdorf" }, "geometry": { "type": "Polygon", "coordinates": [ [ [ 16.3888277, 47.6187263 ], [ 16.3890139, 47.6193712 ], [ 16.3898944, 47.6173433 ], [ 16.3890488, 47.6176021 ], [ 16.3888277, 47.6187263 ] ] ] } },
{ "type": "Feature", "properties": { "stop_id": "osm-way-913221916", "name": "Parkplatz Forchtenstein" }, "geometry": { "type": "Polygon", "coordinates": [ [ [ 16.3735586, 47.7393346 ], [ 16.3744177, 47.7403314 ], [ 16.3742442, 47.7403504 ], [ 16.3735666, 47.740189 ], [ 16.3730806, 47.7395719 ], [ 16.3731895, 47.7393387 ], [ 16.3735586, 47.7393346 ] ] ] } },
{ "type": "Feature", "properties": { "stop_id": "osm-way-913221918", "name": "Parkplatz Mattersburg" }, "geometry": { "type": "Polygon", "coordinates": [ [ [ 16.3782282, 47.7430388 ], [ 16.3785035, 47.7431007 ], [ 16.3787334, 47.7429475 ], [ 16.3776767, 47.7422374 ], [ 16.376717, 47.7419749 ], [ 16.3770307, 47.7422107 ], [ 16.3782282, 47.7430388 ] ] ] } },
{ "type": "Feature", "properties": { "stop_id": "osm-way-950302829", "name": "Raststation Kammern" }, "geometry": { "type": "Polygon", "coordinates": [ [ [ 14.9003608, 47.3868915 ], [ 14.9003059, 47.3869783 ], [ 14.9002496, 47.387007 ], [ 14.899966, 47.3871781 ], [ 14.8998371, 47.3872439 ], [ 14.899718, 47.3873227 ], [ 14.8995994, 47.3873419 ], [ 14.8987377, 47.3872875 ], [ 14.8986196, 47.3872548 ], [ 14.8985285, 47.3871913 ], [ 14.8983779, 47.3870723 ], [ 14.8982369, 47.3869661 ], [ 14.8981356, 47.3868928 ], [ 14.8981583, 47.3867682 ], [ 14.8981957, 47.3867453 ], [ 14.8982146, 47.3867337 ], [ 14.8986036, 47.3867418 ], [ 14.8996992, 47.3868226 ], [ 14.899808, 47.3868574 ], [ 14.9003608, 47.3868915 ] ] ] } },
{ "type": "Feature", "properties": { "stop_id": "osm-way-951736532", "name": "Parkplatz Hauswald" }, "geometry": { "type": "Polygon", "coordinates": [ [ [ 14.6454969, 47.1769553 ], [ 14.6462882, 47.1768167 ], [ 14.6472189, 47.1765761 ], [ 14.6478707, 47.1763719 ], [ 14.6480343, 47.1765068 ], [ 14.6474467, 47.17683 ], [ 14.6469597, 47.1770704 ], [ 14.6465074, 47.1772813 ], [ 14.6461856, 47.1773739 ], [ 14.6458233, 47.1772852 ], [ 14.6453955, 47.177137 ], [ 14.6454969, 47.1769553 ] ] ] } },
{ "type": "Feature", "properties": { "stop_id": "osm-way-951738007", "name": null }, "geometry": { "type": "Polygon", "coordinates": [ [ [ 14.3814146, 46.7761867 ], [ 14.3810794, 46.7760159 ], [ 14.3808889, 46.7758671 ], [ 14.3807012, 46.7753013 ], [ 14.3806797, 46.7750074 ], [ 14.3809023, 46.7748292 ], [ 14.3814018, 46.7747384 ], [ 14.3815098, 46.7749285 ], [ 14.381736, 46.775094 ], [ 14.3818645, 46.7751257 ], [ 14.381993, 46.7752348 ], [ 14.382065, 46.7754953 ], [ 14.3820341, 46.7756221 ], [ 14.3819313, 46.7757312 ], [ 14.3818645, 46.775777 ], [ 14.3818131, 46.7758369 ], [ 14.3818234, 46.7759636 ], [ 14.3814146, 46.7761867 ] ] ] } },
{ "type": "Feature", "properties": { "stop_id": "osm-way-961717626", "name": null }, "geometry": { "type": "Polygon", "coordinates": [ [ [ 12.3539259, 47.5172055 ], [ 12.3538901, 47.5171054 ], [ 12.35333, 47.5169481 ], [ 12.3528121, 47.5167601 ], [ 12.3525158, 47.5167623 ], [ 12.352975, 47.5169943 ], [ 12.3534488, 47.5171296 ], [ 12.3539259, 47.5172055 ] ] ] } },
{ "type": "Feature", "properties": { "stop_id": "osm-way-982205009", "name": "Rasthaus Dokl" }, "geometry": { "type": "Polygon", "coordinates": [ [ [ 15.7393314, 47.0810169 ], [ 15.739719, 47.0811736 ], [ 15.7397963, 47.0816479 ], [ 15.7399537, 47.0820086 ], [ 15.7399905, 47.082324 ], [ 15.7397248, 47.0828089 ], [ 15.7396355, 47.082972 ], [ 15.7394628, 47.0829359 ], [ 15.7387806, 47.0827931 ], [ 15.7388777, 47.0824298 ], [ 15.7389592, 47.0818776 ], [ 15.7389545, 47.0817496 ], [ 15.7390761, 47.0814098 ], [ 15.739211, 47.0810328 ], [ 15.7393314, 47.0810169 ] ] ] } },
{ "type": "Feature", "properties": { "stop_id": "osm-way-986599380", "name": "Rastplatz Ortnerhof Nord" }, "geometry": { "type": "Polygon", "coordinates": [ [ [ 15.0482103, 47.3178396 ], [ 15.0468606, 47.3182745 ], [ 15.0465717, 47.3187356 ], [ 15.046821, 47.3187331 ], [ 15.0487463, 47.3181818 ], [ 15.0491661, 47.3181742 ], [ 15.0496945, 47.3179316 ], [ 15.0500229, 47.3175139 ], [ 15.0501035, 47.3172047 ], [ 15.0499219, 47.3171473 ], [ 15.0482103, 47.3178396 ] ] ] } },
{ "type": "Feature", "properties": { "stop_id": "osm-way-992033014", "name": "Parkplatz Witzelsberg" }, "geometry": { "type": "Polygon", "coordinates": [ [ [ 16.1232556, 47.681045 ], [ 16.1231948, 47.6796927 ], [ 16.1232667, 47.67863 ], [ 16.1232166, 47.6786432 ], [ 16.1231237, 47.6786678 ], [ 16.1229371, 47.6788524 ], [ 16.1228555, 47.6789344 ], [ 16.1226589, 47.6790565 ], [ 16.1226348, 47.6791727 ], [ 16.1225605, 47.6792486 ], [ 16.1225561, 47.6796099 ], [ 16.1224975, 47.6796454 ], [ 16.1225005, 47.6797631 ], [ 16.1225465, 47.679804 ], [ 16.1225414, 47.680054 ], [ 16.1228876, 47.6802897 ], [ 16.1229951, 47.6804261 ], [ 16.1232556, 47.681045 ] ] ] } },
{ "type": "Feature", "properties": { "stop_id": "osm-way-992575051", "name": "Rastplatz Ortnerhof Süd" }, "geometry": { "type": "Polygon", "coordinates": [ [ [ 15.0385802, 47.3191896 ], [ 15.0383423, 47.319419 ], [ 15.0384155, 47.3194874 ], [ 15.0385866, 47.3194539 ], [ 15.0403683, 47.3191152 ], [ 15.0404941, 47.3190903 ], [ 15.0405285, 47.3189991 ], [ 15.0400202, 47.318746 ], [ 15.0394878, 47.3187643 ], [ 15.0391898, 47.3188348 ], [ 15.0391258, 47.3190057 ], [ 15.0388783, 47.3190746 ], [ 15.0385802, 47.3191896 ] ] ] } },
{ "type": "Feature", "properties": { "stop_id": "osm-way-1000985016", "name": "Rastplatz K.U.L.M" }, "geometry": { "type": "Polygon", "coordinates": [ [ [ 15.7783373, 47.168805 ], [ 15.778112, 47.1687484 ], [ 15.7779805, 47.1687266 ], [ 15.7778934, 47.1687165 ], [ 15.7775822, 47.1685807 ], [ 15.7776265, 47.1684603 ], [ 15.7776399, 47.1683783 ], [ 15.7776225, 47.1682816 ], [ 15.7777512, 47.1684239 ], [ 15.7778907, 47.1685479 ], [ 15.7780328, 47.1686463 ], [ 15.77812, 47.1686992 ], [ 15.7783373, 47.168805 ] ] ] } },
{ "type": "Feature", "properties": { "stop_id": "osm-way-1003685284", "name": "Raststation St. Pölten Ost" }, "geometry": { "type": "Polygon", "coordinates": [ [ [ 15.6612797, 48.1975339 ], [ 15.6611839, 48.1975163 ], [ 15.6609397, 48.1966935 ], [ 15.660855, 48.1964792 ], [ 15.6606844, 48.1956972 ], [ 15.6608044, 48.1956488 ], [ 15.6609199, 48.1956574 ], [ 15.6613034, 48.195685 ], [ 15.6614932, 48.1957163 ], [ 15.6616142, 48.1957565 ], [ 15.6616803, 48.1958173 ], [ 15.6617304, 48.1959016 ], [ 15.6617767, 48.1958829 ], [ 15.6618985, 48.1959894 ], [ 15.6621163, 48.1960913 ], [ 15.6622078, 48.1961521 ], [ 15.6622721, 48.1962717 ], [ 15.6623121, 48.196445 ], [ 15.6623159, 48.196553 ], [ 15.6622979, 48.1966516 ], [ 15.662124, 48.1969475 ], [ 15.6618686, 48.1971588 ], [ 15.6612797, 48.1975339 ] ] ] } },
{ "type": "Feature", "properties": { "stop_id": "osm-way-1009024020", "name": "Parkplatz Buchberg" }, "geometry": { "type": "Polygon", "coordinates": [ [ [ 13.224112, 47.4277957 ], [ 13.2241692, 47.4278881 ], [ 13.2241109, 47.4280737 ], [ 13.224077, 47.4282277 ], [ 13.224042, 47.4284196 ], [ 13.2240128, 47.4284852 ], [ 13.2239135, 47.4285144 ], [ 13.2237805, 47.4284828 ], [ 13.2236859, 47.4283565 ], [ 13.2237244, 47.4280958 ], [ 13.2238458, 47.4278912 ], [ 13.224112, 47.4277957 ] ] ] } },
{ "type": "Feature", "properties": { "stop_id": "osm-way-1016519250", "name": "Alpenraststation Heiterwang" }, "geometry": { "type": "Polygon", "coordinates": [ [ [ 10.7659028, 47.4370165 ], [ 10.7658153, 47.4369317 ], [ 10.7654225, 47.4370073 ], [ 10.7651214, 47.4370652 ], [ 10.7648393, 47.4365094 ], [ 10.7657963, 47.4363214 ], [ 10.7667028, 47.4361333 ], [ 10.7669077, 47.4361597 ], [ 10.7671531, 47.4362903 ], [ 10.7660722, 47.4373399 ], [ 10.7660812, 47.4372781 ], [ 10.7657749, 47.4371317 ], [ 10.7659028, 47.4370165 ] ] ] } },
{ "type": "Feature", "properties": { "stop_id": "osm-way-1072068541", "name": null }, "geometry": { "type": "Polygon", "coordinates": [ [ [ 13.0698071, 47.296454 ], [ 13.0699566, 47.2964522 ], [ 13.0713205, 47.2965859 ], [ 13.0713869, 47.2966492 ], [ 13.0712441, 47.296681 ], [ 13.0707622, 47.2966629 ], [ 13.0703203, 47.2966084 ], [ 13.0700258, 47.2965721 ], [ 13.0698071, 47.296454 ] ] ] } },
{ "type": "Feature", "properties": { "stop_id": "osm-way-1075625232", "name": "Rastplatz Poysdorf" }, "geometry": { "type": "Polygon", "coordinates": [ [ [ 16.6755618, 48.6253753 ], [ 16.6751645, 48.6249386 ], [ 16.6742248, 48.6245133 ], [ 16.674287, 48.6232 ], [ 16.6754451, 48.6224767 ], [ 16.675704, 48.622939 ], [ 16.6756669, 48.6241203 ], [ 16.6756957, 48.625251 ], [ 16.6755618, 48.6253753 ] ] ] } },
{ "type": "Feature", "properties": { "stop_id": "osm-way-1075625233", "name": "Rastplatz Wilfersdorf" }, "geometry": { "type": "Polygon", "coordinates": [ [ [ 16.6762479, 48.6225354 ], [ 16.6764407, 48.6224588 ], [ 16.6767568, 48.6228669 ], [ 16.6775417, 48.6232316 ], [ 16.6775631, 48.6244282 ], [ 16.6770718, 48.6249436 ], [ 16.6764772, 48.6253516 ], [ 16.6761597, 48.6248295 ], [ 16.6761534, 48.6238844 ], [ 16.6761975, 48.6229518 ], [ 16.6762479, 48.6225354 ] ] ] } },
{ "type": "Feature", "properties": { "stop_id": "osm-way-1092707721", "name": "Rastplatz Leobersdorf" }, "geometry": { "type": "Polygon", "coordinates": [ [ [ 16.2086936, 47.9110742 ], [ 16.2085169, 47.9106686 ], [ 16.2082566, 47.9105299 ], [ 16.2081938, 47.90898 ], [ 16.2090767, 47.9089879 ], [ 16.2094972, 47.9092741 ], [ 16.2095502, 47.909676 ], [ 16.2093124, 47.9101634 ], [ 16.2092336, 47.910773 ], [ 16.2086936, 47.9110742 ] ] ] } },
{ "type": "Feature", "properties": { "stop_id": "osm-way-1095714938", "name": "Elisabethsee" }, "geometry": { "type": "Polygon", "coordinates": [ [ [ 12.529348, 47.1804475 ], [ 12.5294808, 47.1804849 ], [ 12.5298201, 47.1799771 ], [ 12.5297409, 47.1799361 ], [ 12.529576, 47.1801649 ], [ 12.5293949, 47.1803937 ], [ 12.529348, 47.1804475 ] ] ] } },
{ "type": "Feature", "properties": { "stop_id": "osm-way-1095714939", "name": "Elisabethsee" }, "geometry": { "type": "Polygon", "coordinates": [ [ [ 12.5290838, 47.1804183 ], [ 12.5292474, 47.1803782 ], [ 12.5292521, 47.1803504 ], [ 12.5294512, 47.1800984 ], [ 12.5296725, 47.1797985 ], [ 12.5293399, 47.179762 ], [ 12.5290838, 47.1804183 ] ] ] } },
{ "type": "Feature", "properties": { "stop_id": "osm-way-1111051108", "name": "Raststation Bodensee Hörbranz" }, "geometry": { "type": "Polygon", "coordinates": [ [ [ 9.7411424, 47.5440738 ], [ 9.7410236, 47.5441142 ], [ 9.7410085, 47.5441174 ], [ 9.7409096, 47.5441421 ], [ 9.7407485, 47.5441817 ], [ 9.7406374, 47.5442056 ], [ 9.7405336, 47.5442179 ], [ 9.7404201, 47.5442138 ], [ 9.7403041, 47.5441998 ], [ 9.7401979, 47.5441743 ], [ 9.7400063, 47.5441141 ], [ 9.7397218, 47.5440268 ], [ 9.7396242, 47.5440053 ], [ 9.7394203, 47.5439847 ], [ 9.7392372, 47.543974 ], [ 9.7391261, 47.5439765 ], [ 9.7390187, 47.5439946 ], [ 9.7389332, 47.5440144 ], [ 9.7388404, 47.5440482 ], [ 9.7386329, 47.544152 ], [ 9.7381702, 47.5443976 ], [ 9.7376624, 47.5446712 ], [ 9.7371631, 47.544934 ], [ 9.7370472, 47.5449966 ], [ 9.7369715, 47.5450444 ], [ 9.7365845, 47.545304 ], [ 9.7361475, 47.5456023 ], [ 9.7357129, 47.5458989 ], [ 9.7355664, 47.5460036 ], [ 9.7355212, 47.5460399 ], [ 9.7354834, 47.5460728 ], [ 9.7354553, 47.5461058 ], [ 9.7353968, 47.5462207 ], [ 9.7353881, 47.5462945 ], [ 9.7353901, 47.546361 ], [ 9.7354069, 47.5464407 ], [ 9.7354797, 47.5466052 ], [ 9.7356699, 47.5469136 ], [ 9.7357566, 47.5469945 ], [ 9.7358597, 47.5470731 ], [ 9.7359077, 47.5471008 ], [ 9.7362449, 47.5472652 ], [ 9.7364544, 47.5473066 ], [ 9.7367167, 47.5472779 ], [ 9.7368493, 47.5472362 ], [ 9.737181, 47.5470707 ], [ 9.7373586, 47.5469379 ], [ 9.7375028, 47.5468513 ], [ 9.7375552, 47.546829 ], [ 9.737613, 47.5468044 ], [ 9.7376856, 47.5467764 ], [ 9.7377142, 47.5467711 ], [ 9.7377644, 47.5467635 ], [ 9.7378129, 47.5467618 ], [ 9.7378743, 47.5467589 ], [ 9.7379228, 47.5467501 ], [ 9.7379704, 47.5467326 ], [ 9.7379998, 47.5467156 ], [ 9.7380293, 47.5466899 ], [ 9.7380518, 47.5466601 ], [ 9.7380596, 47.5466297 ], [ 9.7380604, 47.5465935 ], [ 9.7380682, 47.5465509 ], [ 9.7380803, 47.5465199 ], [ 9.7381089, 47.5464778 ], [ 9.7381756, 47.5463814 ], [ 9.7382162, 47.5463324 ], [ 9.7382465, 47.5463084 ], [ 9.7382638, 47.5463218 ], [ 9.7382865, 47.5463434 ], [ 9.7389247, 47.5459945 ], [ 9.7392689, 47.5458063 ], [ 9.7393222, 47.5457772 ], [ 9.7393104, 47.5457431 ], [ 9.739645, 47.5455606 ], [ 9.7396253, 47.5455453 ], [ 9.7397299, 47.5454934 ], [ 9.7408266, 47.5449498 ], [ 9.740952, 47.5449131 ], [ 9.7410824, 47.5448932 ], [ 9.741128, 47.5448897 ], [ 9.7411273, 47.5448399 ], [ 9.7411267, 47.5448122 ], [ 9.7410972, 47.5448054 ], [ 9.7411643, 47.5447245 ], [ 9.7411731, 47.5447281 ], [ 9.7412769, 47.5446028 ], [ 9.7412626, 47.5445973 ], [ 9.7412896, 47.5445245 ], [ 9.741298, 47.5445107 ], [ 9.7413724, 47.5444225 ], [ 9.7413623, 47.5444125 ], [ 9.7414453, 47.5443346 ], [ 9.7413607, 47.5442558 ], [ 9.7412684, 47.544175 ], [ 9.7411424, 47.5440738 ] ] ] } },
{ "type": "Feature", "properties": { "stop_id": "osm-way-1123470598", "name": "Parkplatz Frohnleiten Ost" }, "geometry": { "type": "Polygon", "coordinates": [ [ [ 15.3164021, 47.250203 ], [ 15.3165271, 47.2501506 ], [ 15.3166103, 47.2501496 ], [ 15.3167306, 47.2501514 ], [ 15.3167352, 47.2503267 ], [ 15.3168436, 47.2504785 ], [ 15.3169206, 47.2504938 ], [ 15.317055, 47.2508107 ], [ 15.3171429, 47.2511225 ], [ 15.3168989, 47.2511143 ], [ 15.3167278, 47.2511471 ], [ 15.3166567, 47.2512276 ], [ 15.3164947, 47.2512282 ], [ 15.3164933, 47.2512142 ], [ 15.3164658, 47.2510307 ], [ 15.3164292, 47.2507003 ], [ 15.3164092, 47.2503177 ], [ 15.3164021, 47.250203 ] ] ] } },
{ "type": "Feature", "properties": { "stop_id": "osm-way-1123470602", "name": "Parkplatz Frohnleiten West" }, "geometry": { "type": "Polygon", "coordinates": [ [ [ 15.316152, 47.2517619 ], [ 15.3162142, 47.2517413 ], [ 15.3162184, 47.2517108 ], [ 15.3161612, 47.25137 ], [ 15.316118, 47.2510752 ], [ 15.3160806, 47.2507004 ], [ 15.3160479, 47.2501789 ], [ 15.3159561, 47.2501228 ], [ 15.3158855, 47.2501769 ], [ 15.3158354, 47.2502191 ], [ 15.3157914, 47.2502743 ], [ 15.3157754, 47.2503227 ], [ 15.315756, 47.2503224 ], [ 15.3156751, 47.2503212 ], [ 15.3156054, 47.2503201 ], [ 15.3155644, 47.2503464 ], [ 15.3155917, 47.2506206 ], [ 15.3156615, 47.2507942 ], [ 15.3157663, 47.2507978 ], [ 15.3157807, 47.2509436 ], [ 15.3158248, 47.2512327 ], [ 15.3158741, 47.2513997 ], [ 15.3159257, 47.2515192 ], [ 15.3160047, 47.2516316 ], [ 15.316152, 47.2517619 ] ] ] } },
{ "type": "Feature", "properties": { "stop_id": "osm-way-1125866355", "name": null }, "geometry": { "type": "Polygon", "coordinates": [ [ [ 14.7290919, 48.1171989 ], [ 14.7290707, 48.1167021 ], [ 14.7300643, 48.1166597 ], [ 14.7307535, 48.1167557 ], [ 14.7309353, 48.1166964 ], [ 14.7311298, 48.1167162 ], [ 14.7312525, 48.1168009 ], [ 14.7337428, 48.117213 ], [ 14.7340734, 48.1173618 ], [ 14.7342934, 48.118121 ], [ 14.7343899, 48.1184039 ], [ 14.7343524, 48.1185042 ], [ 14.7338504, 48.1189066 ], [ 14.7336912, 48.1188693 ], [ 14.7330298, 48.118588 ], [ 14.7321675, 48.1182126 ], [ 14.7314725, 48.1178737 ], [ 14.7309389, 48.1176504 ], [ 14.7304285, 48.1174598 ], [ 14.7300276, 48.1173578 ], [ 14.7290919, 48.1171989 ] ] ] } },
{ "type": "Feature", "properties": { "stop_id": "osm-way-1140774777", "name": "Parkplatz Salzburger Vorland" }, "geometry": { "type": "Polygon", "coordinates": [ [ [ 13.1131241, 47.8537116 ], [ 13.1130659, 47.8537665 ], [ 13.1131684, 47.8538088 ], [ 13.1134198, 47.853897 ], [ 13.1135772, 47.8539586 ], [ 13.1142714, 47.8540909 ], [ 13.1143096, 47.853995 ], [ 13.1142424, 47.8539651 ], [ 13.1141299, 47.853915 ], [ 13.114032, 47.8539123 ], [ 13.1132247, 47.8537665 ], [ 13.1131241, 47.8537116 ] ] ] } },
{ "type": "Feature", "properties": { "stop_id": "osm-way-1146403548", "name": "ASFINAG Parkplatz Klausgraben Ost" }, "geometry": { "type": "Polygon", "coordinates": [ [ [ 13.2703846, 47.4341057 ], [ 13.2689466, 47.4341645 ], [ 13.2689483, 47.434223 ], [ 13.2690972, 47.4342783 ], [ 13.2691676, 47.4343862 ], [ 13.2701783, 47.4342667 ], [ 13.2703846, 47.4341057 ] ] ] } },
{ "type": "Feature", "properties": { "stop_id": "osm-way-1146403549", "name": "ASFINAG Parkplatz Klausgraben West" }, "geometry": { "type": "Polygon", "coordinates": [ [ [ 13.2707486, 47.4337307 ], [ 13.2695658, 47.4338289 ], [ 13.2686505, 47.433841 ], [ 13.2686274, 47.4337847 ], [ 13.2689623, 47.4337132 ], [ 13.2690108, 47.4336391 ], [ 13.2690625, 47.4336378 ], [ 13.2690977, 47.4336991 ], [ 13.2704436, 47.433604 ], [ 13.2707905, 47.4336606 ], [ 13.2707486, 47.4337307 ] ] ] } },
{ "type": "Feature", "properties": { "stop_id": "osm-way-1193912973", "name": "Rastplatz Triestingtal" }, "geometry": { "type": "Polygon", "coordinates": [ [ [ 16.2075339, 47.9087535 ], [ 16.2076455, 47.910398 ], [ 16.2068807, 47.9099558 ], [ 16.2062693, 47.9102265 ], [ 16.206015, 47.9099242 ], [ 16.2059265, 47.909428 ], [ 16.2060468, 47.9093601 ], [ 16.2060267, 47.9087168 ], [ 16.2063068, 47.9085538 ], [ 16.2071084, 47.9083233 ], [ 16.2075339, 47.9087535 ] ] ] } },
{ "type": "Feature", "properties": { "stop_id": "osm-way-1215844134", "name": "Parkplatz Mogersdorf" }, "geometry": { "type": "Polygon", "coordinates": [ [ [ 16.2654165, 46.9756761 ], [ 16.2661825, 46.9750662 ], [ 16.2669062, 46.9750306 ], [ 16.2672476, 46.9752263 ], [ 16.2684713, 46.9751681 ], [ 16.2688077, 46.9752946 ], [ 16.2690476, 46.9754704 ], [ 16.2689375, 46.9755236 ], [ 16.2684476, 46.9757238 ], [ 16.2656201, 46.9758115 ], [ 16.2654165, 46.9756761 ] ] ] } },
{ "type": "Feature", "properties": { "stop_id": "osm-way-1215844135", "name": "Parkplatz Heiligenkreuz" }, "geometry": { "type": "Polygon", "coordinates": [ [ [ 16.2698745, 46.9761478 ], [ 16.2698219, 46.9762764 ], [ 16.268901, 46.9768674 ], [ 16.2680936, 46.9768751 ], [ 16.2677918, 46.9766806 ], [ 16.2665291, 46.9767408 ], [ 16.2660402, 46.9764842 ], [ 16.2667158, 46.9761885 ], [ 16.2698745, 46.9761478 ] ] ] } },
{ "type": "Feature", "properties": { "stop_id": "osm-way-1239408621", "name": null }, "geometry": { "type": "Polygon", "coordinates": [ [ [ 16.6400556, 48.7765244 ], [ 16.6412787, 48.7766163 ], [ 16.6411258, 48.7783944 ], [ 16.6414289, 48.7784439 ], [ 16.6414315, 48.7788151 ], [ 16.6412036, 48.7789989 ], [ 16.6409568, 48.7797625 ], [ 16.6403533, 48.7799993 ], [ 16.6395701, 48.7823871 ], [ 16.6390551, 48.782889 ], [ 16.6388593, 48.7829137 ], [ 16.6386742, 48.7828554 ], [ 16.6385267, 48.7827105 ], [ 16.6390873, 48.7808105 ], [ 16.6388834, 48.7805384 ], [ 16.6393233, 48.7788345 ], [ 16.6394574, 48.7785712 ], [ 16.6400556, 48.7765244 ] ] ] } },
{ "type": "Feature", "properties": { "stop_id": "osm-way-1261548611", "name": "Truck-Stop Hausruck" }, "geometry": { "type": "Polygon", "coordinates": [ [ [ 13.6864762, 48.1853937 ], [ 13.6865034, 48.1853278 ], [ 13.6866459, 48.1850777 ], [ 13.6868229, 48.1846199 ], [ 13.6868576, 48.1843891 ], [ 13.6871731, 48.1839633 ], [ 13.687461, 48.1837585 ], [ 13.6878439, 48.1834862 ], [ 13.689092, 48.1828194 ], [ 13.6897953, 48.1828465 ], [ 13.6901206, 48.1829604 ], [ 13.6904133, 48.1829929 ], [ 13.6906895, 48.1829579 ], [ 13.6886215, 48.1842026 ], [ 13.6864762, 48.1853937 ] ] ] } },
{ "type": "Feature", "properties": { "stop_id": "osm-way-1273068900", "name": null }, "geometry": { "type": "Polygon", "coordinates": [ [ [ 10.6528585, 47.0574364 ], [ 10.6533252, 47.0575077 ], [ 10.6543028, 47.0576319 ], [ 10.6543712, 47.0576415 ], [ 10.6545335, 47.0576785 ], [ 10.6548259, 47.0577498 ], [ 10.6548433, 47.0577224 ], [ 10.6545013, 47.0575324 ], [ 10.6540172, 47.0573067 ], [ 10.6533453, 47.057039 ], [ 10.6529644, 47.0569038 ], [ 10.6529067, 47.0569805 ], [ 10.6529859, 47.057071 ], [ 10.6530073, 47.0571468 ], [ 10.6529886, 47.0572345 ], [ 10.6529148, 47.0573259 ], [ 10.6528021, 47.0573688 ], [ 10.6526707, 47.0573917 ], [ 10.6528585, 47.0574364 ] ] ] } },
{ "type": "Feature", "properties": { "stop_id": "osm-way-1273923695", "name": null }, "geometry": { "type": "Polygon", "coordinates": [ [ [ 12.3804605, 47.5217095 ], [ 12.380204, 47.5216846 ], [ 12.3802245, 47.5217424 ], [ 12.3804323, 47.5219127 ], [ 12.3809757, 47.521928 ], [ 12.3813069, 47.5218345 ], [ 12.3813697, 47.5217914 ], [ 12.3804605, 47.5217095 ] ] ] } },
{ "type": "Feature", "properties": { "stop_id": "osm-way-1274912398", "name": null }, "geometry": { "type": "Polygon", "coordinates": [ [ [ 14.0589935, 48.0468959 ], [ 14.058789, 48.0473945 ], [ 14.0587154, 48.0476807 ], [ 14.058753, 48.0478618 ], [ 14.0588468, 48.0480483 ], [ 14.0592123, 48.0485482 ], [ 14.0595797, 48.0484283 ], [ 14.0597062, 48.0483165 ], [ 14.0604096, 48.0476348 ], [ 14.0596768, 48.0473044 ], [ 14.0598714, 48.0471213 ], [ 14.0591124, 48.0468317 ], [ 14.0589935, 48.0468959 ] ] ] } },
{ "type": "Feature", "properties": { "stop_id": "osm-way-1274913297", "name": null }, "geometry": { "type": "Polygon", "coordinates": [ [ [ 14.3768321, 46.766069 ], [ 14.3767489, 46.7669986 ], [ 14.3776475, 46.7671484 ], [ 14.3777997, 46.7667603 ], [ 14.3781967, 46.7662564 ], [ 14.378143, 46.76617 ], [ 14.3780887, 46.766097 ], [ 14.378019, 46.7660612 ], [ 14.3779586, 46.7660424 ], [ 14.3778379, 46.7660286 ], [ 14.3777186, 46.7660258 ], [ 14.3768321, 46.766069 ] ] ] } },
{ "type": "Feature", "properties": { "stop_id": "osm-way-1282192175", "name": "Föllimer Radlerrast" }, "geometry": { "type": "Polygon", "coordinates": [ [ [ 16.5668175, 48.6787565 ], [ 16.5668343, 48.6788712 ], [ 16.5665929, 48.6788831 ], [ 16.5665781, 48.6787729 ], [ 16.5668175, 48.6787565 ] ] ] } },
{ "type": "Feature", "properties": { "stop_id": "osm-way-1301040249", "name": null }, "geometry": { "type": "Polygon", "coordinates": [ [ [ 16.4381004, 47.5707305 ], [ 16.4382078, 47.5707765 ], [ 16.4382237, 47.5707827 ], [ 16.4383072, 47.5707572 ], [ 16.4384393, 47.5707312 ], [ 16.438663, 47.5706958 ], [ 16.4388895, 47.5706737 ], [ 16.4391472, 47.5706508 ], [ 16.4392684, 47.5706508 ], [ 16.4393879, 47.570682 ], [ 16.4394047, 47.5706672 ], [ 16.439453, 47.5706198 ], [ 16.4392228, 47.5705029 ], [ 16.4388986, 47.5705194 ], [ 16.4386854, 47.5705304 ], [ 16.4384504, 47.5705665 ], [ 16.4382858, 47.5706239 ], [ 16.4381004, 47.5707305 ] ] ] } },
{ "type": "Feature", "properties": { "stop_id": "osm-way-1301570479", "name": null }, "geometry": { "type": "Polygon", "coordinates": [ [ [ 14.6984379, 46.9439843 ], [ 14.6985658, 46.9438789 ], [ 14.6990171, 46.9437839 ], [ 14.6992748, 46.9437897 ], [ 14.6993094, 46.943821 ], [ 14.6990779, 46.9438837 ], [ 14.6984379, 46.9439843 ] ] ] } },
{ "type": "Feature", "properties": { "stop_id": "osm-way-1320739312", "name": null }, "geometry": { "type": "Polygon", "coordinates": [ [ [ 12.0277118, 47.4826861 ], [ 12.028027, 47.4827033 ], [ 12.0281276, 47.4828891 ], [ 12.0294348, 47.4830642 ], [ 12.0293071, 47.4835236 ], [ 12.0291682, 47.4836021 ], [ 12.0285059, 47.4835044 ], [ 12.0280745, 47.4833458 ], [ 12.0277717, 47.4830948 ], [ 12.0276945, 47.4827873 ], [ 12.0277118, 47.4826861 ] ] ] } },
{ "type": "Feature", "properties": { "stop_id": "osm-way-1420432805", "name": "Rastplatz Ornding" }, "geometry": { "type": "Polygon", "coordinates": [ [ [ 15.2593298, 48.2007005 ], [ 15.2590931, 48.2006602 ], [ 15.2587283, 48.2006665 ], [ 15.2583267, 48.2006691 ], [ 15.2578553, 48.2006674 ], [ 15.2577869, 48.2006647 ], [ 15.2577239, 48.2006558 ], [ 15.2576608, 48.2006397 ], [ 15.2576018, 48.2006169 ], [ 15.2570057, 48.2003214 ], [ 15.257019, 48.2002928 ], [ 15.2570432, 48.200241 ], [ 15.2570553, 48.2002182 ], [ 15.2570647, 48.2001972 ], [ 15.257094, 48.2001712 ], [ 15.2571318, 48.2001377 ], [ 15.2570774, 48.2001096 ], [ 15.2570244, 48.2000836 ], [ 15.2569554, 48.2000689 ], [ 15.2564189, 48.2000752 ], [ 15.2563513, 48.2000676 ], [ 15.2562902, 48.2000515 ], [ 15.2562338, 48.2000305 ], [ 15.2560629, 48.1999617 ], [ 15.2556592, 48.1997914 ], [ 15.255226, 48.1996466 ], [ 15.2548028, 48.1995286 ], [ 15.2547436, 48.1995072 ], [ 15.2547253, 48.1994961 ], [ 15.2546858, 48.1994606 ], [ 15.2546655, 48.1994166 ], [ 15.254642, 48.1991468 ], [ 15.2545763, 48.1987062 ], [ 15.2544918, 48.198624 ], [ 15.2543744, 48.1985234 ], [ 15.2542712, 48.1984644 ], [ 15.2542926, 48.1984474 ], [ 15.2547325, 48.1986186 ], [ 15.254817, 48.1986387 ], [ 15.2553896, 48.198839 ], [ 15.2554746, 48.1988614 ], [ 15.2555689, 48.1988823 ], [ 15.2556689, 48.1989115 ], [ 15.2567904, 48.1993735 ], [ 15.2571197, 48.1995223 ], [ 15.2576244, 48.1997554 ], [ 15.2581047, 48.1999889 ], [ 15.2584836, 48.2001771 ], [ 15.2590287, 48.2004527 ], [ 15.2591374, 48.2005002 ], [ 15.259244, 48.200557 ], [ 15.2593419, 48.2006938 ], [ 15.2593298, 48.2007005 ] ] ] } },
{ "type": "Feature", "properties": { "stop_id": "osm-way-1454170796", "name": null }, "geometry": { "type": "Polygon", "coordinates": [ [ [ 15.7419553, 48.4541365 ], [ 15.7427335, 48.4539013 ], [ 15.7423674, 48.4538481 ], [ 15.7423467, 48.4538533 ], [ 15.7422372, 48.4538878 ], [ 15.7422076, 48.4538983 ], [ 15.7420782, 48.4540617 ], [ 15.7419553, 48.4541365 ] ] ] } },
{ "type": "Feature", "properties": { "stop_id": "osm-way-1454170797", "name": null }, "geometry": { "type": "Polygon", "coordinates": [ [ [ 15.741869, 48.4542294 ], [ 15.7421643, 48.4542054 ], [ 15.7426173, 48.4540628 ], [ 15.7428922, 48.4539253 ], [ 15.741869, 48.4542294 ] ] ] } },
{ "type": "Feature", "properties": { "stop_id": "osm-way-1471456949", "name": null }, "geometry": { "type": "Polygon", "coordinates": [ [ [ 15.8578547, 48.8500388 ], [ 15.8579459, 48.8500939 ], [ 15.8581826, 48.8503255 ], [ 15.8579299, 48.8502391 ], [ 15.8578492, 48.8500834 ], [ 15.8578547, 48.8500388 ] ] ] } },
{ "type": "Feature", "properties": { "stop_id": "osm-way-1482189064", "name": null }, "geometry": { "type": "Polygon", "coordinates": [ [ [ 13.1411143, 46.6454102 ], [ 13.1417607, 46.6454765 ], [ 13.1416963, 46.645517 ], [ 13.1411974, 46.6454617 ], [ 13.1411143, 46.6454102 ] ] ] } },
{ "type": "Feature", "properties": { "stop_id": "osm-way-1498965566", "name": null }, "geometry": { "type": "Polygon", "coordinates": [ [ [ 14.7479688, 46.5769951 ], [ 14.7481013, 46.5769776 ], [ 14.7481109, 46.5770117 ], [ 14.7479784, 46.5770292 ], [ 14.7479688, 46.5769951 ] ] ] } },
{ "type": "Feature", "properties": { "stop_id": "osm-way-1501953443", "name": null }, "geometry": { "type": "Polygon", "coordinates": [ [ [ 14.5266751, 48.1971051 ], [ 14.5265996, 48.1970994 ], [ 14.5264615, 48.1971382 ], [ 14.5264939, 48.1971828 ], [ 14.5264788, 48.1972202 ], [ 14.5261466, 48.1973712 ], [ 14.5259611, 48.1973942 ], [ 14.5258057, 48.1972762 ], [ 14.52559, 48.1972921 ], [ 14.5253721, 48.197213 ], [ 14.5248539, 48.1965344 ], [ 14.5250877, 48.1964196 ], [ 14.5250409, 48.1963517 ], [ 14.5248914, 48.1961349 ], [ 14.5245117, 48.1957754 ], [ 14.5241838, 48.19538 ], [ 14.5244578, 48.1952721 ], [ 14.5243025, 48.1950924 ], [ 14.5243974, 48.1948105 ], [ 14.5245743, 48.1947746 ], [ 14.5247771, 48.1947746 ], [ 14.5248633, 48.1947832 ], [ 14.5249281, 48.1948091 ], [ 14.5250014, 48.1948652 ], [ 14.5252409, 48.1951082 ], [ 14.5253919, 48.1952822 ], [ 14.525599, 48.195541 ], [ 14.5256054, 48.1955712 ], [ 14.525599, 48.1956072 ], [ 14.5257025, 48.195728 ], [ 14.5257327, 48.1957308 ], [ 14.5257672, 48.1957524 ], [ 14.5258708, 48.1958876 ], [ 14.5258664, 48.1959077 ], [ 14.525986, 48.1960601 ], [ 14.5260006, 48.1960606 ], [ 14.5260167, 48.1960669 ], [ 14.5264018, 48.1965531 ], [ 14.5265462, 48.1967345 ], [ 14.5266163, 48.1968486 ], [ 14.5266458, 48.1969423 ], [ 14.5266682, 48.1970241 ], [ 14.5266751, 48.1971051 ] ] ] } }
]
}
