{
"type": "FeatureCollection",
"name": "be-discovered",
"crs": { "type": "name", "properties": { "name": "urn:ogc:def:crs:OGC:1.3:CRS84" } },
"features": [
{ "type": "Feature", "properties": { "stop_id": "osm-way-31182720", "name": "Aire de Burenville" }, "geometry": { "type": "Polygon", "coordinates": [ [ [ 5.5410483, 50.6459058 ], [ 5.5426046, 50.6448781 ], [ 5.5424683, 50.6447484 ], [ 5.5419912, 50.6449165 ], [ 5.5409991, 50.6455744 ], [ 5.5408704, 50.6457905 ], [ 5.5410483, 50.6459058 ] ] ] } },
{ "type": "Feature", "properties": { "stop_id": "osm-way-52328628", "name": "Aire de frontalière de Sterpenich (sud)" }, "geometry": { "type": "Polygon", "coordinates": [ [ [ 5.899734, 49.6390759 ], [ 5.8997269, 49.6390503 ], [ 5.8997157, 49.6390099 ], [ 5.8998875, 49.6389659 ], [ 5.9010989, 49.6384721 ], [ 5.9014407, 49.6383885 ], [ 5.902211, 49.6382992 ], [ 5.902643, 49.6382504 ], [ 5.904438, 49.6380464 ], [ 5.9045472, 49.6380483 ], [ 5.9046499, 49.6380718 ], [ 5.9052491, 49.6383214 ], [ 5.9053794, 49.6383541 ], [ 5.9055306, 49.6383644 ], [ 5.9057592, 49.6383417 ], [ 5.9057701, 49.6383853 ], [ 5.9057758, 49.638408 ], [ 5.899734, 49.6390759 ] ] ] } },
{ "type": "Feature", "properties": { "stop_id": "osm-way-52328629", "name": "Aire frontalière de Sterpenich (nord)" }, "geometry": { "type": "Polygon", "coordinates": [ [ [ 5.8997986, 49.6392557 ], [ 5.8998202, 49.6393338 ], [ 5.9000305, 49.6393216 ], [ 5.9002101, 49.6393401 ], [ 5.9003973, 49.6393803 ], [ 5.9006228, 49.639472 ], [ 5.9008482, 49.6395751 ], [ 5.9010121, 49.6396126 ], [ 5.9012051, 49.6396184 ], [ 5.9022817, 49.6394965 ], [ 5.9026979, 49.6394494 ], [ 5.9036385, 49.639343 ], [ 5.9038968, 49.6393137 ], [ 5.9040728, 49.6392938 ], [ 5.9043259, 49.6392378 ], [ 5.9045538, 49.6391664 ], [ 5.9054865, 49.6387814 ], [ 5.9057086, 49.6386933 ], [ 5.9056757, 49.6386586 ], [ 5.9056309, 49.6386128 ], [ 5.8997986, 49.6392557 ] ] ] } },
{ "type": "Feature", "properties": { "stop_id": "osm-way-89563952", "name": "Aire de Hondelange" }, "geometry": { "type": "Polygon", "coordinates": [ [ [ 5.8263376, 49.6443819 ], [ 5.8264112, 49.6446434 ], [ 5.8264466, 49.6447871 ], [ 5.8265018, 49.6450099 ], [ 5.8265317, 49.6451434 ], [ 5.8265556, 49.6452483 ], [ 5.8281281, 49.6447256 ], [ 5.8292511, 49.6447946 ], [ 5.8301933, 49.6449645 ], [ 5.8306235, 49.6450323 ], [ 5.8312149, 49.6451254 ], [ 5.8317257, 49.6451701 ], [ 5.8317705, 49.6450069 ], [ 5.8317878, 49.6448259 ], [ 5.8318672, 49.6447052 ], [ 5.8318361, 49.6445868 ], [ 5.8317188, 49.6444639 ], [ 5.8316705, 49.6443164 ], [ 5.831662, 49.6441985 ], [ 5.8317637, 49.6441264 ], [ 5.8327059, 49.6429911 ], [ 5.8329013, 49.6428478 ], [ 5.8344759, 49.6422332 ], [ 5.8353549, 49.6419015 ], [ 5.8363903, 49.6412554 ], [ 5.8363461, 49.6411954 ], [ 5.8362745, 49.6410982 ], [ 5.8361496, 49.6409286 ], [ 5.8360577, 49.6408049 ], [ 5.836022, 49.6407546 ], [ 5.8348041, 49.6409245 ], [ 5.8336885, 49.6412146 ], [ 5.8329666, 49.6414472 ], [ 5.8326789, 49.641474 ], [ 5.8322704, 49.6414267 ], [ 5.8320097, 49.6412912 ], [ 5.8310766, 49.6402932 ], [ 5.8268637, 49.6419532 ], [ 5.8267772, 49.6419806 ], [ 5.8273322, 49.6422853 ], [ 5.8273162, 49.6426148 ], [ 5.8273129, 49.6426712 ], [ 5.826745, 49.6426606 ], [ 5.8267005, 49.6433567 ], [ 5.827793, 49.6433849 ], [ 5.8277884, 49.6434518 ], [ 5.8268416, 49.6439639 ], [ 5.8263376, 49.6443819 ] ] ] } },
{ "type": "Feature", "properties": { "stop_id": "osm-way-89579671", "name": "Aire de Nantimont" }, "geometry": { "type": "Polygon", "coordinates": [ [ [ 5.6039057, 49.7134415 ], [ 5.6035299, 49.7138023 ], [ 5.6029047, 49.714342 ], [ 5.6035402, 49.7148646 ], [ 5.6044833, 49.7145707 ], [ 5.6049883, 49.7144913 ], [ 5.6050892, 49.7144964 ], [ 5.6055473, 49.7144637 ], [ 5.6057914, 49.7144238 ], [ 5.6065893, 49.7144074 ], [ 5.6070587, 49.7143605 ], [ 5.6073846, 49.7142487 ], [ 5.6077627, 49.7139878 ], [ 5.6084588, 49.7134396 ], [ 5.608609, 49.7132332 ], [ 5.6085688, 49.7131118 ], [ 5.6082144, 49.7128825 ], [ 5.6079487, 49.7127111 ], [ 5.6077074, 49.7125545 ], [ 5.6070775, 49.7127198 ], [ 5.6066336, 49.7127051 ], [ 5.6062526, 49.7127124 ], [ 5.6060029, 49.7127557 ], [ 5.6053005, 49.712954 ], [ 5.604929, 49.7130216 ], [ 5.6048244, 49.7128638 ], [ 5.6043053, 49.7130539 ], [ 5.6041322, 49.7131567 ], [ 5.6040546, 49.7133003 ], [ 5.6039552, 49.7133946 ], [ 5.6039321, 49.7133856 ], [ 5.6039052, 49.7133868 ], [ 5.6038841, 49.7133976 ], [ 5.6038762, 49.7134142 ], [ 5.6038844, 49.7134309 ], [ 5.6039057, 49.7134415 ] ] ] } },
{ "type": "Feature", "properties": { "stop_id": "osm-way-89582876", "name": "Aire de Léglise" }, "geometry": { "type": "Polygon", "coordinates": [ [ [ 5.5132707, 49.8296651 ], [ 5.5137074, 49.829012 ], [ 5.5141143, 49.8285063 ], [ 5.5143511, 49.827906 ], [ 5.514459, 49.8273347 ], [ 5.5145369, 49.8269218 ], [ 5.5145086, 49.8265364 ], [ 5.5141506, 49.8256414 ], [ 5.5140562, 49.8253355 ], [ 5.5140096, 49.8253422 ], [ 5.5139188, 49.8253554 ], [ 5.5135163, 49.8253709 ], [ 5.5133955, 49.8253654 ], [ 5.5133275, 49.8253623 ], [ 5.513134, 49.8258508 ], [ 5.5128053, 49.8263819 ], [ 5.5124695, 49.8265035 ], [ 5.5123474, 49.8267273 ], [ 5.5121321, 49.827118 ], [ 5.5119785, 49.828213 ], [ 5.5119288, 49.8287137 ], [ 5.5121705, 49.8291678 ], [ 5.5124552, 49.8297735 ], [ 5.5132707, 49.8296651 ] ] ] } },
{ "type": "Feature", "properties": { "stop_id": "osm-way-89593946", "name": "Aire de Recogne" }, "geometry": { "type": "Polygon", "coordinates": [ [ [ 5.3539906, 49.890396 ], [ 5.3543191, 49.890329 ], [ 5.3546443, 49.8902766 ], [ 5.3550801, 49.8902724 ], [ 5.3552525, 49.8903017 ], [ 5.3553728, 49.8901383 ], [ 5.3568786, 49.8898282 ], [ 5.3581697, 49.8895265 ], [ 5.3594706, 49.889208 ], [ 5.3598836, 49.8891347 ], [ 5.3600494, 49.8891431 ], [ 5.3605828, 49.8889084 ], [ 5.3612701, 49.888689 ], [ 5.3612512, 49.8886359 ], [ 5.3611418, 49.8883349 ], [ 5.3611138, 49.8882887 ], [ 5.3609503, 49.8883028 ], [ 5.3602966, 49.8882903 ], [ 5.3602999, 49.8883909 ], [ 5.3594673, 49.8885354 ], [ 5.3583323, 49.888724 ], [ 5.3569794, 49.8890572 ], [ 5.3558216, 49.8894071 ], [ 5.3557566, 49.88934 ], [ 5.3552232, 49.8895894 ], [ 5.3537793, 49.8900838 ], [ 5.3538071, 49.8901248 ], [ 5.3539621, 49.8903475 ], [ 5.3539906, 49.890396 ] ] ] } },
{ "type": "Feature", "properties": { "stop_id": "osm-way-89692686", "name": "Aire de Tellin" }, "geometry": { "type": "Polygon", "coordinates": [ [ [ 5.2108595, 50.0366644 ], [ 5.2111008, 50.0371122 ], [ 5.211378, 50.0370954 ], [ 5.2117908, 50.0370669 ], [ 5.2120393, 50.0370519 ], [ 5.2120795, 50.0364815 ], [ 5.2121063, 50.0363738 ], [ 5.2124884, 50.0362963 ], [ 5.2126325, 50.0356354 ], [ 5.2128303, 50.0353749 ], [ 5.2129375, 50.0350434 ], [ 5.2126668, 50.0347271 ], [ 5.212439, 50.034204 ], [ 5.2119447, 50.0336049 ], [ 5.2115551, 50.0331232 ], [ 5.2114842, 50.0329933 ], [ 5.2113733, 50.0330108 ], [ 5.2109035, 50.0330856 ], [ 5.2102797, 50.0331811 ], [ 5.2103903, 50.0336957 ], [ 5.2101322, 50.0344233 ], [ 5.2100283, 50.0347764 ], [ 5.2101355, 50.0351704 ], [ 5.2102461, 50.0354976 ], [ 5.2103266, 50.0359196 ], [ 5.2108595, 50.0366644 ] ] ] } },
{ "type": "Feature", "properties": { "stop_id": "osm-way-89703066", "name": "Aire de Wanlin" }, "geometry": { "type": "Polygon", "coordinates": [ [ [ 5.0799925, 50.14116 ], [ 5.07962, 50.1415509 ], [ 5.0794851, 50.1417026 ], [ 5.0792441, 50.1417899 ], [ 5.0790188, 50.1418655 ], [ 5.0785131, 50.1417513 ], [ 5.0782106, 50.1416977 ], [ 5.0777767, 50.1416058 ], [ 5.0774901, 50.1416216 ], [ 5.0773837, 50.1418131 ], [ 5.0772118, 50.1422407 ], [ 5.0769293, 50.1428074 ], [ 5.0768264, 50.1430175 ], [ 5.0768166, 50.1430375 ], [ 5.0766306, 50.1430622 ], [ 5.0764333, 50.143124 ], [ 5.0762374, 50.1433132 ], [ 5.0760997, 50.1436119 ], [ 5.0754732, 50.1453244 ], [ 5.0754668, 50.1454176 ], [ 5.0755139, 50.1454937 ], [ 5.0756609, 50.1455539 ], [ 5.076096, 50.1456054 ], [ 5.0763092, 50.1455796 ], [ 5.0765466, 50.1450035 ], [ 5.07721, 50.1450105 ], [ 5.0772959, 50.1452229 ], [ 5.0775769, 50.1452719 ], [ 5.0778633, 50.1453181 ], [ 5.078025, 50.1453435 ], [ 5.0783574, 50.1453994 ], [ 5.0784397, 50.1454136 ], [ 5.0786671, 50.1452716 ], [ 5.0787521, 50.1452429 ], [ 5.0788881, 50.1451995 ], [ 5.0796743, 50.1449432 ], [ 5.0797084, 50.145348 ], [ 5.0797755, 50.145345 ], [ 5.0797755, 50.1454398 ], [ 5.0797424, 50.1455023 ], [ 5.0796203, 50.145653 ], [ 5.0796253, 50.1457613 ], [ 5.0806315, 50.146991 ], [ 5.0820688, 50.146461 ], [ 5.0811736, 50.1454364 ], [ 5.0800988, 50.1454807 ], [ 5.0800418, 50.1450894 ], [ 5.0817168, 50.1450131 ], [ 5.0820238, 50.1445094 ], [ 5.0822817, 50.1439795 ], [ 5.0822567, 50.1439153 ], [ 5.0822244, 50.1438326 ], [ 5.0812338, 50.1431663 ], [ 5.0809268, 50.1429853 ], [ 5.0807385, 50.142172 ], [ 5.0806566, 50.1417628 ], [ 5.0807017, 50.1415267 ], [ 5.0807917, 50.141301 ], [ 5.0806507, 50.1412759 ], [ 5.080573, 50.1412619 ], [ 5.0801948, 50.1411941 ], [ 5.0800987, 50.1411774 ], [ 5.0799925, 50.14116 ] ] ] } },
{ "type": "Feature", "properties": { "stop_id": "osm-way-89710651", "name": "Aire de Salazine" }, "geometry": { "type": "Polygon", "coordinates": [ [ [ 5.0165943, 50.304056 ], [ 5.0168426, 50.3047817 ], [ 5.0169254, 50.3049638 ], [ 5.0172428, 50.3052517 ], [ 5.0177166, 50.30566 ], [ 5.0181305, 50.3060977 ], [ 5.0188434, 50.3060243 ], [ 5.0188894, 50.3056248 ], [ 5.0189952, 50.3051401 ], [ 5.0190734, 50.3047817 ], [ 5.0189952, 50.3044232 ], [ 5.018871, 50.3039003 ], [ 5.0186917, 50.3035243 ], [ 5.0183697, 50.3032804 ], [ 5.0179557, 50.3029044 ], [ 5.0176292, 50.3025666 ], [ 5.0168656, 50.3026606 ], [ 5.0168196, 50.3030983 ], [ 5.016687, 50.3035085 ], [ 5.0165545, 50.3035486 ], [ 5.0164678, 50.3037759 ], [ 5.0165943, 50.304056 ] ] ] } },
{ "type": "Feature", "properties": { "stop_id": "osm-way-92029250", "name": "Aire d'Ostin" }, "geometry": { "type": "Polygon", "coordinates": [ [ [ 4.8429173, 50.5555264 ], [ 4.8435758, 50.5559207 ], [ 4.8443309, 50.5557936 ], [ 4.8449308, 50.5556644 ], [ 4.8452343, 50.5555593 ], [ 4.8457549, 50.555246 ], [ 4.8461583, 50.5550116 ], [ 4.8465962, 50.5547334 ], [ 4.8468134, 50.5544202 ], [ 4.8470651, 50.5539492 ], [ 4.8472237, 50.5536819 ], [ 4.8465272, 50.553327 ], [ 4.8462238, 50.5533533 ], [ 4.845679, 50.5533928 ], [ 4.8447619, 50.5537082 ], [ 4.8442516, 50.5539711 ], [ 4.843831, 50.554212 ], [ 4.8434034, 50.5545998 ], [ 4.8431242, 50.5549875 ], [ 4.8429725, 50.5553643 ], [ 4.8429173, 50.5555264 ] ] ] } },
{ "type": "Feature", "properties": { "stop_id": "osm-way-97949380", "name": "Aire de Hulplanche" }, "geometry": { "type": "Polygon", "coordinates": [ [ [ 4.8206822, 50.5038658 ], [ 4.8206852, 50.5042735 ], [ 4.8214193, 50.5044899 ], [ 4.8222159, 50.5044577 ], [ 4.8248204, 50.5050171 ], [ 4.8257288, 50.5051032 ], [ 4.8264705, 50.5050194 ], [ 4.8264676, 50.5049648 ], [ 4.8264643, 50.504904 ], [ 4.8264629, 50.5048771 ], [ 4.8266872, 50.5045261 ], [ 4.8267302, 50.5044588 ], [ 4.8268084, 50.504238 ], [ 4.8252881, 50.5037859 ], [ 4.8242656, 50.5035046 ], [ 4.8214941, 50.5030048 ], [ 4.821164, 50.5029674 ], [ 4.8208578, 50.503288 ], [ 4.8208398, 50.5033473 ], [ 4.8207098, 50.503775 ], [ 4.8206822, 50.5038658 ] ] ] } },
{ "type": "Feature", "properties": { "stop_id": "osm-way-98412891", "name": "Aire des Amoudries" }, "geometry": { "type": "Polygon", "coordinates": [ [ [ 4.479787, 50.4760469 ], [ 4.4798851, 50.4762243 ], [ 4.4799388, 50.4763214 ], [ 4.4800247, 50.4764768 ], [ 4.4800849, 50.4765856 ], [ 4.4801363, 50.4766786 ], [ 4.4801739, 50.4767518 ], [ 4.4807156, 50.4767307 ], [ 4.4812927, 50.4766674 ], [ 4.4823385, 50.4765295 ], [ 4.4832118, 50.4763874 ], [ 4.4841382, 50.476144 ], [ 4.4849099, 50.4759005 ], [ 4.485372, 50.4756909 ], [ 4.4860065, 50.4753405 ], [ 4.4862955, 50.4750462 ], [ 4.4862801, 50.4749791 ], [ 4.4862533, 50.4749403 ], [ 4.486148, 50.4747862 ], [ 4.4860463, 50.4746396 ], [ 4.4859926, 50.4745628 ], [ 4.4859252, 50.4744655 ], [ 4.4858562, 50.4743668 ], [ 4.4846711, 50.4744034 ], [ 4.4842245, 50.4743865 ], [ 4.483015, 50.4745835 ], [ 4.481841, 50.474924 ], [ 4.4804613, 50.4755952 ], [ 4.479787, 50.4760469 ] ] ] } },
{ "type": "Feature", "properties": { "stop_id": "osm-way-108125417", "name": "A21 Gierle" }, "geometry": { "type": "Polygon", "coordinates": [ [ [ 4.8723825, 51.2911936 ], [ 4.8731014, 51.2914619 ], [ 4.8733035, 51.2915534 ], [ 4.8739044, 51.2917952 ], [ 4.8742079, 51.2919351 ], [ 4.8744286, 51.2920585 ], [ 4.8746113, 51.2922372 ], [ 4.8747625, 51.2924553 ], [ 4.8748554, 51.2925434 ], [ 4.8751209, 51.2926735 ], [ 4.8750867, 51.2932736 ], [ 4.8747816, 51.2932587 ], [ 4.8744585, 51.2932343 ], [ 4.8740667, 51.2932287 ], [ 4.8734087, 51.2932568 ], [ 4.8728374, 51.2932587 ], [ 4.8727058, 51.2932456 ], [ 4.8720179, 51.2931165 ], [ 4.871297, 51.2929033 ], [ 4.8705104, 51.2926452 ], [ 4.8699032, 51.2924282 ], [ 4.8693379, 51.2921345 ], [ 4.8687995, 51.2918521 ], [ 4.8686709, 51.2917399 ], [ 4.8681953, 51.291276 ], [ 4.8684666, 51.2906432 ], [ 4.8691704, 51.2907147 ], [ 4.869891, 51.290747 ], [ 4.8705755, 51.2908 ], [ 4.8706297, 51.2908042 ], [ 4.8714743, 51.2909828 ], [ 4.8723825, 51.2911936 ] ] ] } },
{ "type": "Feature", "properties": { "stop_id": "osm-way-110354889", "name": "Rustplaats Westkerke Noord" }, "geometry": { "type": "Polygon", "coordinates": [ [ [ 2.9923969, 51.172732 ], [ 2.9935925, 51.1737 ], [ 2.9938082, 51.1737979 ], [ 2.9942035, 51.1738682 ], [ 2.9951121, 51.1739687 ], [ 2.9957657, 51.1738524 ], [ 2.9961884, 51.1737538 ], [ 2.9968644, 51.1735726 ], [ 2.9971868, 51.1735149 ], [ 2.9976971, 51.1734051 ], [ 2.9977064, 51.1733629 ], [ 2.9977124, 51.1733358 ], [ 2.9925469, 51.1725761 ], [ 2.9924826, 51.1725994 ], [ 2.9924053, 51.1726266 ], [ 2.9923969, 51.172732 ] ] ] } },
{ "type": "Feature", "properties": { "stop_id": "osm-way-110354890", "name": "Rustplaats Westkerke Zuid" }, "geometry": { "type": "Polygon", "coordinates": [ [ [ 2.9982518, 51.1730013 ], [ 2.9982878, 51.1729735 ], [ 2.9983219, 51.1729471 ], [ 2.99804, 51.1728172 ], [ 2.9978184, 51.1726799 ], [ 2.9969404, 51.1717967 ], [ 2.9968445, 51.1717098 ], [ 2.9966559, 51.1716462 ], [ 2.9963176, 51.1715401 ], [ 2.9958632, 51.1714674 ], [ 2.9954356, 51.1714286 ], [ 2.9950571, 51.1714629 ], [ 2.994418, 51.1715644 ], [ 2.9936833, 51.1716856 ], [ 2.9924449, 51.1719164 ], [ 2.9924602, 51.1720639 ], [ 2.9924652, 51.1721106 ], [ 2.9982518, 51.1730013 ] ] ] } },
{ "type": "Feature", "properties": { "stop_id": "osm-way-123769761", "name": null }, "geometry": { "type": "Polygon", "coordinates": [ [ [ 5.0151449, 50.3278396 ], [ 5.0149848, 50.3277954 ], [ 5.0148955, 50.3276569 ], [ 5.014591, 50.327215 ], [ 5.0146265, 50.3270624 ], [ 5.0150102, 50.3276364 ], [ 5.0151449, 50.3278396 ] ] ] } },
{ "type": "Feature", "properties": { "stop_id": "osm-way-130739166", "name": "Aire de Remichampagne" }, "geometry": { "type": "Polygon", "coordinates": [ [ [ 5.6314799, 49.9397708 ], [ 5.6312687, 49.9398499 ], [ 5.6315718, 49.9402421 ], [ 5.6314137, 49.9403905 ], [ 5.6323789, 49.9409418 ], [ 5.6331135, 49.94144 ], [ 5.6334627, 49.9414845 ], [ 5.6336504, 49.9416774 ], [ 5.6336537, 49.9417877 ], [ 5.6339206, 49.9420506 ], [ 5.6345037, 49.9422392 ], [ 5.6347427, 49.942075 ], [ 5.6348678, 49.9419996 ], [ 5.6349412, 49.9419554 ], [ 5.6353738, 49.9416949 ], [ 5.6354303, 49.9416609 ], [ 5.6355468, 49.9415907 ], [ 5.6355603, 49.9415826 ], [ 5.6357785, 49.94144 ], [ 5.6356039, 49.9413721 ], [ 5.6354853, 49.9413615 ], [ 5.6354293, 49.941334 ], [ 5.6353964, 49.9413064 ], [ 5.6353223, 49.9412407 ], [ 5.6352761, 49.941158 ], [ 5.6352893, 49.9410902 ], [ 5.6353256, 49.941017 ], [ 5.6353766, 49.940963 ], [ 5.6353569, 49.9408972 ], [ 5.6351559, 49.9408103 ], [ 5.63425, 49.940045 ], [ 5.6322504, 49.9392329 ], [ 5.632189, 49.939283 ], [ 5.6320987, 49.9393451 ], [ 5.63202, 49.9393992 ], [ 5.6317072, 49.9396144 ], [ 5.63163, 49.9396675 ], [ 5.6315278, 49.9397378 ], [ 5.6314799, 49.9397708 ] ] ] } },
{ "type": "Feature", "properties": { "stop_id": "osm-way-130741699", "name": "Aire de Bastogne" }, "geometry": { "type": "Polygon", "coordinates": [ [ [ 5.711079, 50.0446593 ], [ 5.7110127, 50.0444942 ], [ 5.7109626, 50.0443263 ], [ 5.7108671, 50.0441717 ], [ 5.7104252, 50.0436676 ], [ 5.7098964, 50.0431086 ], [ 5.709285, 50.0424626 ], [ 5.7086749, 50.0418339 ], [ 5.7080878, 50.0412967 ], [ 5.7080485, 50.0413185 ], [ 5.7080425, 50.0413634 ], [ 5.7080365, 50.0414082 ], [ 5.711079, 50.0446593 ] ] ] } },
{ "type": "Feature", "properties": { "stop_id": "osm-way-141473964", "name": null }, "geometry": { "type": "Polygon", "coordinates": [ [ [ 3.7826374, 50.4143759 ], [ 3.7832323, 50.4143824 ], [ 3.7832303, 50.4146466 ], [ 3.7832257, 50.4147172 ], [ 3.7834936, 50.4147208 ], [ 3.7835341, 50.4141088 ], [ 3.7834554, 50.414106 ], [ 3.7834547, 50.4140844 ], [ 3.7833241, 50.414082 ], [ 3.7828773, 50.4140682 ], [ 3.7828311, 50.4140662 ], [ 3.7828304, 50.4141018 ], [ 3.7826702, 50.4141027 ], [ 3.7826254, 50.4141593 ], [ 3.7826298, 50.4142492 ], [ 3.7826374, 50.4143759 ] ] ] } },
{ "type": "Feature", "properties": { "stop_id": "osm-way-154077257", "name": "aire de repos" }, "geometry": { "type": "Polygon", "coordinates": [ [ [ 5.6331136, 50.5361223 ], [ 5.6331157, 50.5361779 ], [ 5.6332503, 50.5362162 ], [ 5.6336149, 50.5363114 ], [ 5.633744, 50.536345 ], [ 5.6338208, 50.5363649 ], [ 5.6339361, 50.5363949 ], [ 5.6339692, 50.5363487 ], [ 5.6335665, 50.5362421 ], [ 5.6331136, 50.5361223 ] ] ] } },
{ "type": "Feature", "properties": { "stop_id": "osm-way-225818224", "name": "Aire de Camphin-en-Pévèle" }, "geometry": { "type": "Polygon", "coordinates": [ [ [ 3.2726801, 50.6034172 ], [ 3.2727033, 50.6033097 ], [ 3.2727211, 50.6032273 ], [ 3.2729884, 50.6032118 ], [ 3.2732379, 50.603142 ], [ 3.2736068, 50.6028965 ], [ 3.2738936, 50.6027889 ], [ 3.2743546, 50.6027246 ], [ 3.2746124, 50.6027223 ], [ 3.2766809, 50.6031329 ], [ 3.2769761, 50.6032964 ], [ 3.2772799, 50.6035658 ], [ 3.2778163, 50.6041378 ], [ 3.2776829, 50.6042258 ], [ 3.2775237, 50.6043308 ], [ 3.2748979, 50.6038154 ], [ 3.2726801, 50.6034172 ] ] ] } },
{ "type": "Feature", "properties": { "stop_id": "osm-way-238786171", "name": "Aire du Bois du Gard Sud" }, "geometry": { "type": "Polygon", "coordinates": [ [ [ 3.9841633, 50.4905594 ], [ 3.9847875, 50.4907219 ], [ 3.985093, 50.4909818 ], [ 3.9851913, 50.491028 ], [ 3.9853287, 50.4910643 ], [ 3.9876305, 50.4915085 ], [ 3.9876635, 50.4914812 ], [ 3.9876649, 50.4914479 ], [ 3.9874745, 50.4914163 ], [ 3.9873561, 50.491362 ], [ 3.9873976, 50.491257 ], [ 3.9872931, 50.4910087 ], [ 3.9871735, 50.490874 ], [ 3.9866904, 50.4904929 ], [ 3.9864883, 50.4903844 ], [ 3.9862826, 50.4903258 ], [ 3.9859218, 50.4902889 ], [ 3.9856368, 50.4902876 ], [ 3.9853616, 50.4903115 ], [ 3.9846008, 50.4904411 ], [ 3.9842176, 50.4904818 ], [ 3.9841905, 50.4905206 ], [ 3.9841633, 50.4905594 ] ] ] } },
{ "type": "Feature", "properties": { "stop_id": "osm-way-238786177", "name": "Aire du Bois du Gard (Nord)" }, "geometry": { "type": "Polygon", "coordinates": [ [ [ 3.9816705, 50.4909322 ], [ 3.9821938, 50.4914149 ], [ 3.982898, 50.492016 ], [ 3.9832333, 50.4921227 ], [ 3.9834814, 50.4921673 ], [ 3.9836593, 50.4922228 ], [ 3.9838396, 50.4922645 ], [ 3.9840195, 50.4922891 ], [ 3.9841862, 50.4923004 ], [ 3.9843604, 50.4922985 ], [ 3.9845501, 50.4922827 ], [ 3.9848796, 50.4922441 ], [ 3.9851095, 50.4922036 ], [ 3.9859425, 50.4920835 ], [ 3.9865267, 50.4920338 ], [ 3.9866121, 50.4920401 ], [ 3.9866402, 50.4920038 ], [ 3.9866816, 50.4919628 ], [ 3.9855845, 50.4917676 ], [ 3.9845183, 50.4915146 ], [ 3.9838662, 50.4913491 ], [ 3.9820093, 50.4908067 ], [ 3.9816753, 50.4906675 ], [ 3.9816089, 50.4907045 ], [ 3.981598, 50.4907272 ], [ 3.9817755, 50.4908697 ], [ 3.9816705, 50.4909322 ] ] ] } },
{ "type": "Feature", "properties": { "stop_id": "osm-way-238790521", "name": "Roeselare" }, "geometry": { "type": "Polygon", "coordinates": [ [ [ 3.1766028, 50.8977146 ], [ 3.1766597, 50.8977077 ], [ 3.1767897, 50.8976734 ], [ 3.1768464, 50.8975085 ], [ 3.1770111, 50.8974042 ], [ 3.1772656, 50.8969691 ], [ 3.1772475, 50.8966223 ], [ 3.1773814, 50.8965049 ], [ 3.177358, 50.8963951 ], [ 3.1770484, 50.8962884 ], [ 3.1772184, 50.8960529 ], [ 3.1772597, 50.8960625 ], [ 3.1773888, 50.8959216 ], [ 3.1770125, 50.8954081 ], [ 3.1763793, 50.8950569 ], [ 3.1761213, 50.8950541 ], [ 3.1760017, 50.89505 ], [ 3.1760079, 50.8950832 ], [ 3.1762004, 50.8959357 ], [ 3.1765446, 50.8974601 ], [ 3.1766028, 50.8977146 ] ] ] } },
{ "type": "Feature", "properties": { "stop_id": "osm-way-238934525", "name": "Aire d'Aische-en-Refail" }, "geometry": { "type": "Polygon", "coordinates": [ [ [ 4.7885283, 50.6013505 ], [ 4.7895448, 50.601715 ], [ 4.7896418, 50.6016687 ], [ 4.7922938, 50.6012288 ], [ 4.793396, 50.6002635 ], [ 4.7935307, 50.5997075 ], [ 4.7939543, 50.598183 ], [ 4.7929807, 50.5978814 ], [ 4.7929314, 50.5978602 ], [ 4.7928171, 50.5978112 ], [ 4.7905068, 50.5981045 ], [ 4.7893661, 50.599024 ], [ 4.7891303, 50.5999436 ], [ 4.7888059, 50.6011176 ], [ 4.7885283, 50.6013505 ] ] ] } },
{ "type": "Feature", "properties": { "stop_id": "osm-way-256500219", "name": null }, "geometry": { "type": "Polygon", "coordinates": [ [ [ 4.4127113, 50.6552136 ], [ 4.412545, 50.6552051 ], [ 4.4123699, 50.654962 ], [ 4.4127648, 50.6543363 ], [ 4.4131243, 50.6539739 ], [ 4.4132603, 50.6541131 ], [ 4.4128499, 50.6546488 ], [ 4.4127113, 50.6552136 ] ] ] } },
{ "type": "Feature", "properties": { "stop_id": "osm-way-292187382", "name": "Roeselare" }, "geometry": { "type": "Polygon", "coordinates": [ [ [ 3.1753639, 50.8972933 ], [ 3.1754237, 50.8972902 ], [ 3.1755508, 50.8974215 ], [ 3.1756161, 50.8974187 ], [ 3.1756282, 50.8974182 ], [ 3.1756522, 50.8974172 ], [ 3.1754575, 50.8965618 ], [ 3.175123, 50.8948854 ], [ 3.175041, 50.8948905 ], [ 3.1749488, 50.8949038 ], [ 3.1747496, 50.8949243 ], [ 3.1746603, 50.8950017 ], [ 3.1743352, 50.8952832 ], [ 3.1744747, 50.8961628 ], [ 3.1743103, 50.8963631 ], [ 3.1743217, 50.8965464 ], [ 3.1745818, 50.8967201 ], [ 3.1747358, 50.897089 ], [ 3.174926, 50.8970771 ], [ 3.1750528, 50.8971397 ], [ 3.1753088, 50.8972661 ], [ 3.1753639, 50.8972933 ] ] ] } },
{ "type": "Feature", "properties": { "stop_id": "osm-way-355498231", "name": "Aire de Polleur" }, "geometry": { "type": "Polygon", "coordinates": [ [ [ 5.8719801, 50.5409985 ], [ 5.8719135, 50.540922 ], [ 5.8717189, 50.5407116 ], [ 5.871648, 50.5406077 ], [ 5.8716334, 50.5405094 ], [ 5.8716306, 50.540396 ], [ 5.8716544, 50.540299 ], [ 5.8716953, 50.5401712 ], [ 5.8717748, 50.5399615 ], [ 5.8718044, 50.5398831 ], [ 5.8718338, 50.5398056 ], [ 5.8718404, 50.539788 ], [ 5.8718726, 50.5397053 ], [ 5.8719143, 50.5396187 ], [ 5.87192, 50.539603 ], [ 5.8719392, 50.5395408 ], [ 5.8720137, 50.5394127 ], [ 5.8721197, 50.5393024 ], [ 5.8722312, 50.5392077 ], [ 5.8723598, 50.5391325 ], [ 5.8725549, 50.5390328 ], [ 5.8728235, 50.5389638 ], [ 5.8731477, 50.5390203 ], [ 5.8731144, 50.5389988 ], [ 5.8731487, 50.5389717 ], [ 5.8731855, 50.5389888 ], [ 5.8733437, 50.5388746 ], [ 5.8733829, 50.5389043 ], [ 5.8734244, 50.5389368 ], [ 5.8733838, 50.5389767 ], [ 5.8733257, 50.5390474 ], [ 5.8732466, 50.5391856 ], [ 5.8732305, 50.5392158 ], [ 5.8728057, 50.540011 ], [ 5.8725986, 50.540416 ], [ 5.8723931, 50.5408152 ], [ 5.8723404, 50.5409204 ], [ 5.8722966, 50.5410131 ], [ 5.8722834, 50.541057 ], [ 5.8722753, 50.5411118 ], [ 5.8722725, 50.5411714 ], [ 5.8722771, 50.5411981 ], [ 5.8722202, 50.541198 ], [ 5.8721649, 50.5411977 ], [ 5.8721129, 50.5410067 ], [ 5.8719897, 50.5410113 ], [ 5.8719801, 50.5409985 ] ] ] } },
{ "type": "Feature", "properties": { "stop_id": "osm-way-355498235", "name": "Aire de Polleur" }, "geometry": { "type": "Polygon", "coordinates": [ [ [ 5.8727002, 50.5416968 ], [ 5.8726426, 50.5417949 ], [ 5.8726272, 50.5418036 ], [ 5.8726799, 50.5418152 ], [ 5.8727387, 50.5418275 ], [ 5.8728441, 50.5418298 ], [ 5.8729107, 50.541776 ], [ 5.8730441, 50.5416684 ], [ 5.8731268, 50.5416016 ], [ 5.8732142, 50.5415311 ], [ 5.8733285, 50.5414508 ], [ 5.8734589, 50.5414262 ], [ 5.873593, 50.5414009 ], [ 5.8737238, 50.5413741 ], [ 5.8737629, 50.5413705 ], [ 5.8738677, 50.5410973 ], [ 5.8739676, 50.5408368 ], [ 5.8741667, 50.5404247 ], [ 5.8743857, 50.5400054 ], [ 5.8744403, 50.5398945 ], [ 5.8744751, 50.539765 ], [ 5.8744776, 50.5397099 ], [ 5.8744568, 50.5396245 ], [ 5.8743998, 50.5394852 ], [ 5.8744571, 50.5394185 ], [ 5.8744644, 50.5393677 ], [ 5.874444, 50.5392914 ], [ 5.8744124, 50.5391933 ], [ 5.8744055, 50.5391578 ], [ 5.8742321, 50.5391672 ], [ 5.8742092, 50.5390175 ], [ 5.8741541, 50.5390177 ], [ 5.8740911, 50.5390192 ], [ 5.8740656, 50.5391627 ], [ 5.8740442, 50.5392306 ], [ 5.8740355, 50.5392531 ], [ 5.8740192, 50.539295 ], [ 5.8739926, 50.5393542 ], [ 5.873964, 50.5394127 ], [ 5.8739473, 50.5394433 ], [ 5.8737307, 50.5398393 ], [ 5.8735396, 50.5401883 ], [ 5.8734847, 50.5402915 ], [ 5.8733687, 50.5404991 ], [ 5.8732585, 50.5407005 ], [ 5.8730205, 50.5411244 ], [ 5.872861, 50.5414167 ], [ 5.8727002, 50.5416968 ] ] ] } },
{ "type": "Feature", "properties": { "stop_id": "osm-way-360936164", "name": "Aire de Fontaine-l'Évêque" }, "geometry": { "type": "Polygon", "coordinates": [ [ [ 4.3168975, 50.4504611 ], [ 4.3178738, 50.450222 ], [ 4.3194617, 50.4491289 ], [ 4.3198908, 50.4482203 ], [ 4.3190755, 50.4478104 ], [ 4.3179382, 50.4481042 ], [ 4.316286, 50.4492588 ], [ 4.3160151, 50.4500885 ], [ 4.3168975, 50.4504611 ] ] ] } },
{ "type": "Feature", "properties": { "stop_id": "osm-way-368050272", "name": "Aire des Nutons" }, "geometry": { "type": "Polygon", "coordinates": [ [ [ 5.7890615, 50.1736927 ], [ 5.7884313, 50.1745441 ], [ 5.788038, 50.1750813 ], [ 5.7880004, 50.1750693 ], [ 5.7881667, 50.1744732 ], [ 5.7880369, 50.1744443 ], [ 5.7879871, 50.174444 ], [ 5.7879662, 50.174041 ], [ 5.7879412, 50.1735573 ], [ 5.7880525, 50.1731147 ], [ 5.7888454, 50.1720105 ], [ 5.7892715, 50.1714222 ], [ 5.7905178, 50.1707067 ], [ 5.7911, 50.1702983 ], [ 5.7911359, 50.1703586 ], [ 5.7913891, 50.1701475 ], [ 5.7915523, 50.170209 ], [ 5.7912812, 50.1705785 ], [ 5.7904641, 50.1717268 ], [ 5.7898217, 50.1726173 ], [ 5.7890615, 50.1736927 ] ] ] } },
{ "type": "Feature", "properties": { "stop_id": "osm-way-368050273", "name": "Aire des Nutons" }, "geometry": { "type": "Polygon", "coordinates": [ [ [ 5.7887688, 50.1746301 ], [ 5.7882727, 50.1752849 ], [ 5.7883075, 50.1753003 ], [ 5.788626, 50.1750623 ], [ 5.7890851, 50.1747841 ], [ 5.789179, 50.1748341 ], [ 5.7892496, 50.1748615 ], [ 5.7904544, 50.1742933 ], [ 5.7906269, 50.1741907 ], [ 5.7908303, 50.1739953 ], [ 5.7911938, 50.1734408 ], [ 5.7918033, 50.1725439 ], [ 5.7918729, 50.1721222 ], [ 5.7919246, 50.1717512 ], [ 5.7919468, 50.1706562 ], [ 5.7920189, 50.1703373 ], [ 5.7919349, 50.1702928 ], [ 5.791884, 50.1702756 ], [ 5.7915861, 50.1707087 ], [ 5.7905373, 50.1721851 ], [ 5.7891184, 50.1741588 ], [ 5.7887688, 50.1746301 ] ] ] } },
{ "type": "Feature", "properties": { "stop_id": "osm-way-369289992", "name": "Aire d'Orival Total Nivelles" }, "geometry": { "type": "Polygon", "coordinates": [ [ [ 4.2980806, 50.6133411 ], [ 4.2988193, 50.6131428 ], [ 4.2992416, 50.613435 ], [ 4.2995434, 50.6135273 ], [ 4.300114, 50.6137627 ], [ 4.3008382, 50.6143414 ], [ 4.3012198, 50.6147082 ], [ 4.3015646, 50.6150904 ], [ 4.301928, 50.6156963 ], [ 4.3021231, 50.6160832 ], [ 4.302183, 50.6163771 ], [ 4.3021073, 50.6169549 ], [ 4.3022185, 50.6172627 ], [ 4.3015126, 50.6175476 ], [ 4.301154, 50.6173325 ], [ 4.3003125, 50.6170474 ], [ 4.2995507, 50.616639 ], [ 4.2988694, 50.6159787 ], [ 4.2983169, 50.6152434 ], [ 4.2982384, 50.6150292 ], [ 4.2980862, 50.6145933 ], [ 4.2980165, 50.6141746 ], [ 4.2981023, 50.6137525 ], [ 4.2980806, 50.6133411 ] ] ] } },
{ "type": "Feature", "properties": { "stop_id": "osm-way-369291772", "name": "Aire de Hubaumont" }, "geometry": { "type": "Polygon", "coordinates": [ [ [ 4.2761978, 50.5552841 ], [ 4.2765374, 50.5549804 ], [ 4.2773098, 50.5551611 ], [ 4.2785313, 50.5554068 ], [ 4.2795345, 50.5556863 ], [ 4.2801476, 50.5559279 ], [ 4.2809507, 50.5563134 ], [ 4.2816175, 50.5566879 ], [ 4.2822022, 50.5571446 ], [ 4.2825654, 50.557513 ], [ 4.2830498, 50.557983 ], [ 4.2834521, 50.5582556 ], [ 4.2829731, 50.5585797 ], [ 4.2823132, 50.5583241 ], [ 4.2812581, 50.5581057 ], [ 4.2800709, 50.5577686 ], [ 4.2791606, 50.5574036 ], [ 4.278254, 50.5569469 ], [ 4.277673, 50.5565349 ], [ 4.2770738, 50.5560097 ], [ 4.2766178, 50.5556212 ], [ 4.2761978, 50.5552841 ] ] ] } },
{ "type": "Feature", "properties": { "stop_id": "osm-way-369294767", "name": "Rustzone Halle" }, "geometry": { "type": "Polygon", "coordinates": [ [ [ 4.2812296, 50.6990637 ], [ 4.2808058, 50.6986117 ], [ 4.2816218, 50.6980374 ], [ 4.2822693, 50.6975604 ], [ 4.2832074, 50.6971933 ], [ 4.2840308, 50.6968731 ], [ 4.2847541, 50.696645 ], [ 4.2857459, 50.696505 ], [ 4.2868686, 50.696402 ], [ 4.2875505, 50.6964029 ], [ 4.287926, 50.6968821 ], [ 4.2872009, 50.697408 ], [ 4.2867237, 50.6977262 ], [ 4.2862949, 50.6980356 ], [ 4.2854438, 50.6983209 ], [ 4.2847182, 50.6984991 ], [ 4.2837347, 50.6986978 ], [ 4.2826987, 50.6988697 ], [ 4.2820067, 50.6989672 ], [ 4.2812296, 50.6990637 ] ] ] } },
{ "type": "Feature", "properties": { "stop_id": "osm-way-369295375", "name": "Dienstenzone Ruisbroek" }, "geometry": { "type": "Polygon", "coordinates": [ [ [ 4.2981112, 50.7747699 ], [ 4.298023, 50.7747845 ], [ 4.2978347, 50.7748099 ], [ 4.2977164, 50.7751068 ], [ 4.2973436, 50.7755238 ], [ 4.2969793, 50.7757163 ], [ 4.2969249, 50.7757431 ], [ 4.2971982, 50.7758007 ], [ 4.2974547, 50.7758164 ], [ 4.2975289, 50.7758249 ], [ 4.2976528, 50.7760398 ], [ 4.2978333, 50.7762524 ], [ 4.2981483, 50.7765165 ], [ 4.2983235, 50.776672 ], [ 4.2983129, 50.7767112 ], [ 4.2984686, 50.7768958 ], [ 4.2985146, 50.776898 ], [ 4.298645, 50.7771071 ], [ 4.2987817, 50.7774107 ], [ 4.2988597, 50.7776796 ], [ 4.2988374, 50.7781526 ], [ 4.2989176, 50.7785274 ], [ 4.2992108, 50.7791592 ], [ 4.2996162, 50.7798584 ], [ 4.2996932, 50.7799257 ], [ 4.2999325, 50.7796172 ], [ 4.3000407, 50.7798021 ], [ 4.3000608, 50.7797748 ], [ 4.3001214, 50.7798711 ], [ 4.3001559, 50.7798955 ], [ 4.3004852, 50.779988 ], [ 4.3005523, 50.7800214 ], [ 4.3006031, 50.7801037 ], [ 4.3006682, 50.7801872 ], [ 4.3008491, 50.7802425 ], [ 4.3010483, 50.7803415 ], [ 4.301122, 50.780431 ], [ 4.3011947, 50.7805086 ], [ 4.3013638, 50.7808664 ], [ 4.3014634, 50.7810731 ], [ 4.3017893, 50.7815289 ], [ 4.3018428, 50.781518 ], [ 4.3018931, 50.7815065 ], [ 4.3009597, 50.7794646 ], [ 4.3002436, 50.7780908 ], [ 4.2987817, 50.7756994 ], [ 4.2981112, 50.7747699 ] ] ] } },
{ "type": "Feature", "properties": { "stop_id": "osm-way-369418640", "name": "Aire de Fromiée" }, "geometry": { "type": "Polygon", "coordinates": [ [ [ 4.3947201, 50.5207155 ], [ 4.395632, 50.5204972 ], [ 4.3965279, 50.5203506 ], [ 4.3973154, 50.5201019 ], [ 4.3981898, 50.5196176 ], [ 4.3987863, 50.5191261 ], [ 4.3989736, 50.5189161 ], [ 4.3986944, 50.5185991 ], [ 4.3981039, 50.5186865 ], [ 4.3967746, 50.5189692 ], [ 4.3958455, 50.5193993 ], [ 4.3953144, 50.519795 ], [ 4.3948477, 50.5202486 ], [ 4.3944186, 50.5204567 ], [ 4.3947201, 50.5207155 ] ] ] } },
{ "type": "Feature", "properties": { "stop_id": "osm-way-369424188", "name": "Aire de Bierges" }, "geometry": { "type": "Polygon", "coordinates": [ [ [ 4.5864326, 50.7172673 ], [ 4.5864058, 50.7172325 ], [ 4.5863531, 50.7171585 ], [ 4.5859347, 50.7172043 ], [ 4.5844542, 50.7170379 ], [ 4.5841688, 50.7169871 ], [ 4.584084, 50.7167831 ], [ 4.5842761, 50.7163044 ], [ 4.5839099, 50.7159102 ], [ 4.5838881, 50.7158869 ], [ 4.5831953, 50.7161577 ], [ 4.5828491, 50.7168206 ], [ 4.5827526, 50.7172044 ], [ 4.5829227, 50.7175015 ], [ 4.5826802, 50.7176868 ], [ 4.5823916, 50.7178021 ], [ 4.5821196, 50.7179856 ], [ 4.5818363, 50.7182334 ], [ 4.5817226, 50.7187023 ], [ 4.5817843, 50.7187524 ], [ 4.5818527, 50.7188008 ], [ 4.5820364, 50.7189333 ], [ 4.5821766, 50.7189413 ], [ 4.5822904, 50.7189166 ], [ 4.5843673, 50.7181521 ], [ 4.5854267, 50.7177174 ], [ 4.5864326, 50.7172673 ] ] ] } },
{ "type": "Feature", "properties": { "stop_id": "osm-way-369425064", "name": "Aire de Nil-Saint-Martin" }, "geometry": { "type": "Polygon", "coordinates": [ [ [ 4.6902673, 50.6533649 ], [ 4.6900677, 50.6529603 ], [ 4.6912114, 50.6523514 ], [ 4.6924077, 50.6519806 ], [ 4.692912, 50.651865 ], [ 4.6940278, 50.6516711 ], [ 4.6947895, 50.6516167 ], [ 4.6958195, 50.6516609 ], [ 4.696328, 50.6517189 ], [ 4.6964954, 50.6521099 ], [ 4.6957658, 50.6524466 ], [ 4.6948217, 50.6528955 ], [ 4.6940707, 50.6531608 ], [ 4.6930192, 50.6533683 ], [ 4.6921556, 50.6534431 ], [ 4.6911578, 50.6533785 ], [ 4.6902673, 50.6533649 ] ] ] } },
{ "type": "Feature", "properties": { "stop_id": "osm-way-369427323", "name": "Aire de Spy" }, "geometry": { "type": "Polygon", "coordinates": [ [ [ 4.698647, 50.4948543 ], [ 4.6986543, 50.4947995 ], [ 4.6986642, 50.4947254 ], [ 4.698702, 50.4945641 ], [ 4.6986969, 50.4944799 ], [ 4.6987006, 50.4944519 ], [ 4.6989131, 50.494446 ], [ 4.6992563, 50.4943958 ], [ 4.6996014, 50.4942919 ], [ 4.6998706, 50.4941609 ], [ 4.7005135, 50.4938497 ], [ 4.7008915, 50.4936641 ], [ 4.7010528, 50.4936151 ], [ 4.7011802, 50.4935998 ], [ 4.7014524, 50.4936057 ], [ 4.7021618, 50.4936638 ], [ 4.7022348, 50.4936703 ], [ 4.7023319, 50.4936813 ], [ 4.7029055, 50.4937322 ], [ 4.7031908, 50.4937755 ], [ 4.7033743, 50.4938458 ], [ 4.7037201, 50.4941827 ], [ 4.7041184, 50.4946187 ], [ 4.7042756, 50.494734 ], [ 4.7045221, 50.4948485 ], [ 4.7048019, 50.4949054 ], [ 4.704793, 50.4949584 ], [ 4.7047783, 50.4950453 ], [ 4.7047522, 50.4952004 ], [ 4.7047425, 50.4952583 ], [ 4.704735, 50.4953028 ], [ 4.704385, 50.4953365 ], [ 4.7041043, 50.4954102 ], [ 4.7033471, 50.4956626 ], [ 4.7032704, 50.4956927 ], [ 4.7032049, 50.4957185 ], [ 4.7020897, 50.4960831 ], [ 4.7019189, 50.4961198 ], [ 4.7016795, 50.4961142 ], [ 4.7010755, 50.4960699 ], [ 4.7002063, 50.495996 ], [ 4.7000056, 50.4959615 ], [ 4.6997866, 50.4958537 ], [ 4.6990472, 50.495044 ], [ 4.6989329, 50.4949616 ], [ 4.698647, 50.4948543 ] ] ] } },
{ "type": "Feature", "properties": { "stop_id": "osm-way-369428038", "name": "Aire de Sprimont" }, "geometry": { "type": "Polygon", "coordinates": [ [ [ 5.6638659, 50.52191 ], [ 5.6644785, 50.5213518 ], [ 5.66505, 50.521624 ], [ 5.6658065, 50.5219375 ], [ 5.6661517, 50.5220684 ], [ 5.6665247, 50.5220145 ], [ 5.6668625, 50.5219344 ], [ 5.6672915, 50.521745 ], [ 5.6677224, 50.521505 ], [ 5.6685928, 50.5211008 ], [ 5.6690526, 50.5208728 ], [ 5.6694332, 50.5211587 ], [ 5.6692155, 50.521302 ], [ 5.6690494, 50.5214113 ], [ 5.6687422, 50.5216921 ], [ 5.6684442, 50.5220075 ], [ 5.6682212, 50.5222317 ], [ 5.6681726, 50.5223143 ], [ 5.6680884, 50.5224574 ], [ 5.6680937, 50.5226285 ], [ 5.6680977, 50.5227554 ], [ 5.6688391, 50.5230347 ], [ 5.6692242, 50.5232704 ], [ 5.6693587, 50.5234155 ], [ 5.6693506, 50.5235594 ], [ 5.6686691, 50.5241625 ], [ 5.6684877, 50.524503 ], [ 5.6684249, 50.524621 ], [ 5.6683042, 50.5247468 ], [ 5.6682779, 50.5247742 ], [ 5.668229, 50.5248252 ], [ 5.6681087, 50.5249505 ], [ 5.6677115, 50.5253644 ], [ 5.6674057, 50.5256952 ], [ 5.6669976, 50.5256113 ], [ 5.6666075, 50.5255312 ], [ 5.6663514, 50.5254191 ], [ 5.6660253, 50.5252764 ], [ 5.6657533, 50.5251573 ], [ 5.6654893, 50.5251023 ], [ 5.6653362, 50.5251301 ], [ 5.6650706, 50.5252387 ], [ 5.6647386, 50.5254535 ], [ 5.6635444, 50.525081 ], [ 5.6635755, 50.5245664 ], [ 5.6630176, 50.524181 ], [ 5.6621647, 50.5237274 ], [ 5.6617795, 50.5235224 ], [ 5.6623095, 50.5225917 ], [ 5.6626202, 50.5224556 ], [ 5.6632365, 50.5221857 ], [ 5.6638659, 50.52191 ] ] ] } },
{ "type": "Feature", "properties": { "stop_id": "osm-way-369726625", "name": "Aire de Harre-Ouest" }, "geometry": { "type": "Polygon", "coordinates": [ [ [ 5.6753582, 50.358278 ], [ 5.6752931, 50.3582382 ], [ 5.6752108, 50.3581984 ], [ 5.6750144, 50.3583409 ], [ 5.6748045, 50.3584864 ], [ 5.6743811, 50.358697 ], [ 5.6742044, 50.3588167 ], [ 5.6738389, 50.3590642 ], [ 5.6734904, 50.3594761 ], [ 5.6731547, 50.3601172 ], [ 5.6730287, 50.3603877 ], [ 5.6729818, 50.3605952 ], [ 5.6730574, 50.3609113 ], [ 5.6732885, 50.3613745 ], [ 5.6733356, 50.3618225 ], [ 5.6734188, 50.3618311 ], [ 5.6735081, 50.3618366 ], [ 5.6737917, 50.3611591 ], [ 5.6740956, 50.3604834 ], [ 5.6746518, 50.35941 ], [ 5.6753582, 50.358278 ] ] ] } },
{ "type": "Feature", "properties": { "stop_id": "osm-way-369727343", "name": "Aire de Crisnée" }, "geometry": { "type": "Polygon", "coordinates": [ [ [ 5.4111461, 50.6885643 ], [ 5.4112199, 50.6884386 ], [ 5.4120217, 50.6877974 ], [ 5.412545, 50.6875877 ], [ 5.4130434, 50.6873955 ], [ 5.4134832, 50.6872927 ], [ 5.4139582, 50.6872784 ], [ 5.4146076, 50.6874879 ], [ 5.4148006, 50.6875295 ], [ 5.4149911, 50.6875448 ], [ 5.4154716, 50.6875864 ], [ 5.414734, 50.6877478 ], [ 5.4115028, 50.6884923 ], [ 5.4111461, 50.6885643 ] ] ] } },
{ "type": "Feature", "properties": { "stop_id": "osm-way-369727368", "name": "Aire de Crisnée" }, "geometry": { "type": "Polygon", "coordinates": [ [ [ 5.4157135, 50.6878956 ], [ 5.4159296, 50.6880122 ], [ 5.4167601, 50.6881918 ], [ 5.4169613, 50.6881645 ], [ 5.4171959, 50.6882092 ], [ 5.4176782, 50.6882218 ], [ 5.418296, 50.6880094 ], [ 5.4191731, 50.6876166 ], [ 5.4195386, 50.6872654 ], [ 5.4200066, 50.6870147 ], [ 5.4196553, 50.6870113 ], [ 5.4189912, 50.6871611 ], [ 5.4157135, 50.6878956 ] ] ] } },
{ "type": "Feature", "properties": { "stop_id": "osm-way-369728441", "name": "Aire de Hellebecq" }, "geometry": { "type": "Polygon", "coordinates": [ [ [ 3.8937629, 50.6822794 ], [ 3.8941384, 50.6820143 ], [ 3.89464, 50.6821836 ], [ 3.895391, 50.6821632 ], [ 3.8960803, 50.6821367 ], [ 3.8965605, 50.6822652 ], [ 3.8975466, 50.6826382 ], [ 3.8977147, 50.6825419 ], [ 3.8986633, 50.6830197 ], [ 3.8989251, 50.6831022 ], [ 3.9006052, 50.6836315 ], [ 3.9013026, 50.6843929 ], [ 3.9017344, 50.6846451 ], [ 3.9015199, 50.6850258 ], [ 3.9009834, 50.6849714 ], [ 3.9003719, 50.6850937 ], [ 3.8995994, 50.6852433 ], [ 3.8989342, 50.6851753 ], [ 3.8976897, 50.6848286 ], [ 3.896488, 50.6844208 ], [ 3.8949431, 50.683843 ], [ 3.8946105, 50.6836322 ], [ 3.8944388, 50.6832108 ], [ 3.8942994, 50.6826805 ], [ 3.8937629, 50.6822794 ] ] ] } },
{ "type": "Feature", "properties": { "stop_id": "osm-way-369728955", "name": "Aire de Verlaine Sud" }, "geometry": { "type": "Polygon", "coordinates": [ [ [ 5.3040744, 50.5926337 ], [ 5.3021652, 50.5924228 ], [ 5.3000767, 50.5922403 ], [ 5.2999141, 50.5922049 ], [ 5.2997844, 50.5921891 ], [ 5.2998759, 50.5921695 ], [ 5.3002475, 50.5920958 ], [ 5.3006431, 50.5919706 ], [ 5.3010515, 50.5917555 ], [ 5.3010429, 50.5916922 ], [ 5.3009464, 50.5916299 ], [ 5.299894, 50.5916723 ], [ 5.2999022, 50.5916064 ], [ 5.2999236, 50.5914353 ], [ 5.3003959, 50.5913982 ], [ 5.3006201, 50.5912896 ], [ 5.3015667, 50.5904655 ], [ 5.3017046, 50.5904183 ], [ 5.3018506, 50.590402 ], [ 5.3033715, 50.5905615 ], [ 5.3066323, 50.5909145 ], [ 5.3064234, 50.5914854 ], [ 5.3060228, 50.5925586 ], [ 5.3058804, 50.592673 ], [ 5.3058423, 50.5927036 ], [ 5.3057733, 50.5928573 ], [ 5.3040744, 50.5926337 ] ] ] } },
{ "type": "Feature", "properties": { "stop_id": "osm-way-369730315", "name": "Aire de Saint-Ghislain (Nord)" }, "geometry": { "type": "Polygon", "coordinates": [ [ [ 3.8019813, 50.45214 ], [ 3.7997942, 50.4520533 ], [ 3.7997645, 50.4521028 ], [ 3.7997209, 50.4521756 ], [ 3.8016325, 50.4526414 ], [ 3.8023545, 50.4526734 ], [ 3.8024649, 50.452745 ], [ 3.8044261, 50.4528247 ], [ 3.8045228, 50.4528286 ], [ 3.8048563, 50.4528466 ], [ 3.8048923, 50.4528512 ], [ 3.8049545, 50.4528593 ], [ 3.8052051, 50.452969 ], [ 3.8053269, 50.4530045 ], [ 3.8054588, 50.4530335 ], [ 3.8064624, 50.4531423 ], [ 3.8071368, 50.4532665 ], [ 3.8073953, 50.4530342 ], [ 3.8075981, 50.4529078 ], [ 3.8079575, 50.4528839 ], [ 3.808258, 50.4529796 ], [ 3.8085448, 50.4527048 ], [ 3.8084479, 50.4525058 ], [ 3.8084222, 50.4524517 ], [ 3.8071476, 50.4523964 ], [ 3.8019813, 50.45214 ] ] ] } },
{ "type": "Feature", "properties": { "stop_id": "osm-way-369730453", "name": "Aire du Rœulx-Thieu Sud" }, "geometry": { "type": "Polygon", "coordinates": [ [ [ 4.0926493, 50.4874007 ], [ 4.0927995, 50.4873824 ], [ 4.0928994, 50.487367 ], [ 4.0929933, 50.4873508 ], [ 4.0930784, 50.4873342 ], [ 4.0932045, 50.4873043 ], [ 4.0933494, 50.4872655 ], [ 4.0936319, 50.4877027 ], [ 4.0936359, 50.4877253 ], [ 4.0936403, 50.4877502 ], [ 4.0932058, 50.4877852 ], [ 4.0930743, 50.4878 ], [ 4.0930421, 50.4878165 ], [ 4.0929508, 50.4879566 ], [ 4.0945109, 50.4882974 ], [ 4.0946915, 50.4883358 ], [ 4.0948156, 50.4883571 ], [ 4.0959601, 50.4886208 ], [ 4.0967549, 50.4888332 ], [ 4.0973402, 50.489003 ], [ 4.0986139, 50.4894182 ], [ 4.0987486, 50.4894685 ], [ 4.0992147, 50.4896424 ], [ 4.0992681, 50.4896397 ], [ 4.0993161, 50.4896285 ], [ 4.0992631, 50.4895181 ], [ 4.0993757, 50.4893986 ], [ 4.0993729, 50.4891273 ], [ 4.0994072, 50.4889767 ], [ 4.0994295, 50.4888788 ], [ 4.0993299, 50.48869 ], [ 4.0996086, 50.4885368 ], [ 4.0995775, 50.4884385 ], [ 4.0995525, 50.4883595 ], [ 4.0994881, 50.4882341 ], [ 4.0993199, 50.4880392 ], [ 4.0990663, 50.4878924 ], [ 4.0988398, 50.4877421 ], [ 4.0986758, 50.4876514 ], [ 4.0985056, 50.4875888 ], [ 4.0983322, 50.4875297 ], [ 4.0980275, 50.4874514 ], [ 4.0977034, 50.4874117 ], [ 4.0970358, 50.4873449 ], [ 4.0963386, 50.4872713 ], [ 4.0953737, 50.4870676 ], [ 4.095208, 50.4869644 ], [ 4.095044, 50.4869383 ], [ 4.0945924, 50.4868652 ], [ 4.094343, 50.4868601 ], [ 4.0940408, 50.4869157 ], [ 4.093703, 50.4870139 ], [ 4.0934548, 50.4871014 ], [ 4.0931208, 50.487201 ], [ 4.0927322, 50.4872766 ], [ 4.0923516, 50.4873166 ], [ 4.0923768, 50.4873872 ], [ 4.0923905, 50.4874255 ], [ 4.0926493, 50.4874007 ] ] ] } },
{ "type": "Feature", "properties": { "stop_id": "osm-way-369731599", "name": "Aire de Froyennes" }, "geometry": { "type": "Polygon", "coordinates": [ [ [ 3.336267, 50.6182039 ], [ 3.3362716, 50.6180252 ], [ 3.3362737, 50.6179451 ], [ 3.3362788, 50.6177508 ], [ 3.3362835, 50.6174484 ], [ 3.3363932, 50.617225 ], [ 3.3377488, 50.6173281 ], [ 3.3388511, 50.6175805 ], [ 3.3395368, 50.6177511 ], [ 3.3399043, 50.6178521 ], [ 3.3400899, 50.6179242 ], [ 3.3404518, 50.6182317 ], [ 3.341307, 50.6185989 ], [ 3.3424907, 50.6195293 ], [ 3.3433035, 50.6202122 ], [ 3.343288, 50.6202713 ], [ 3.343434, 50.6203784 ], [ 3.3436993, 50.6205385 ], [ 3.3439193, 50.6206548 ], [ 3.3438552, 50.620725 ], [ 3.3434654, 50.6211124 ], [ 3.3427722, 50.6214289 ], [ 3.3418788, 50.6212751 ], [ 3.3413637, 50.6211549 ], [ 3.3408549, 50.6210113 ], [ 3.3404235, 50.6208699 ], [ 3.3395694, 50.6205501 ], [ 3.339229, 50.6204227 ], [ 3.3385865, 50.6201271 ], [ 3.337775, 50.619646 ], [ 3.3366821, 50.6184039 ], [ 3.336267, 50.6182039 ] ] ] } },
{ "type": "Feature", "properties": { "stop_id": "osm-way-369732635", "name": "Aire de Couthuin" }, "geometry": { "type": "Polygon", "coordinates": [ [ [ 5.1198384, 50.5378458 ], [ 5.1201566, 50.5381621 ], [ 5.1201747, 50.5382211 ], [ 5.1200366, 50.5383209 ], [ 5.12031, 50.5386708 ], [ 5.1212096, 50.5394795 ], [ 5.12191, 50.5399292 ], [ 5.1226646, 50.540333 ], [ 5.1234877, 50.5406425 ], [ 5.1241861, 50.5408648 ], [ 5.124312, 50.5407512 ], [ 5.1245573, 50.5408117 ], [ 5.1247008, 50.5407224 ], [ 5.125376, 50.5409443 ], [ 5.1254187, 50.5409265 ], [ 5.125891, 50.540729 ], [ 5.1259697, 50.5406964 ], [ 5.1255811, 50.5402491 ], [ 5.1257842, 50.5401671 ], [ 5.1251388, 50.5395578 ], [ 5.1248086, 50.539283 ], [ 5.1243468, 50.5389559 ], [ 5.123604, 50.5385208 ], [ 5.1228163, 50.5381494 ], [ 5.1221831, 50.537893 ], [ 5.1214593, 50.5376882 ], [ 5.121204, 50.5378614 ], [ 5.1205641, 50.5376331 ], [ 5.1204529, 50.5376657 ], [ 5.1198962, 50.5378289 ], [ 5.1198384, 50.5378458 ] ] ] } },
{ "type": "Feature", "properties": { "stop_id": "osm-way-369734899", "name": "Aire de Bourgambray" }, "geometry": { "type": "Polygon", "coordinates": [ [ [ 3.4480429, 50.597588 ], [ 3.448693, 50.5974925 ], [ 3.4514014, 50.5971016 ], [ 3.4514034, 50.5971466 ], [ 3.4514088, 50.5972673 ], [ 3.450543, 50.5974509 ], [ 3.4494201, 50.5976183 ], [ 3.4488427, 50.597653 ], [ 3.4480726, 50.5976843 ], [ 3.4480543, 50.5976248 ], [ 3.4480429, 50.597588 ] ] ] } },
{ "type": "Feature", "properties": { "stop_id": "osm-way-369912128", "name": "Aire de Tignée" }, "geometry": { "type": "Polygon", "coordinates": [ [ [ 5.7123377, 50.6555119 ], [ 5.712, 50.6557696 ], [ 5.7119152, 50.656392 ], [ 5.7109754, 50.6570142 ], [ 5.7107243, 50.657028 ], [ 5.7104507, 50.6569361 ], [ 5.7089219, 50.6563954 ], [ 5.7080628, 50.6561233 ], [ 5.707731, 50.6556098 ], [ 5.7076575, 50.6554575 ], [ 5.7072383, 50.6553114 ], [ 5.7069006, 50.6551936 ], [ 5.7060975, 50.6548703 ], [ 5.7054939, 50.6545379 ], [ 5.7054548, 50.654448 ], [ 5.7054606, 50.6543469 ], [ 5.7067268, 50.6534 ], [ 5.7071763, 50.6532697 ], [ 5.7073516, 50.6532563 ], [ 5.7077583, 50.6534883 ], [ 5.7079034, 50.6535424 ], [ 5.7080371, 50.6534743 ], [ 5.708074, 50.6532799 ], [ 5.708128, 50.6529954 ], [ 5.7089565, 50.6524382 ], [ 5.7091166, 50.6524011 ], [ 5.7092965, 50.65242 ], [ 5.7094148, 50.6524713 ], [ 5.7104132, 50.6530284 ], [ 5.7106707, 50.6530318 ], [ 5.710865, 50.6529971 ], [ 5.7110932, 50.6530864 ], [ 5.7111812, 50.6531406 ], [ 5.7113357, 50.6531497 ], [ 5.7115602, 50.6531143 ], [ 5.7117944, 50.6530511 ], [ 5.7123819, 50.6533991 ], [ 5.7121394, 50.6537052 ], [ 5.7121566, 50.6540555 ], [ 5.7122827, 50.6545592 ], [ 5.7124905, 50.6551253 ], [ 5.7124562, 50.6553246 ], [ 5.7123377, 50.6555119 ] ] ] } },
{ "type": "Feature", "properties": { "stop_id": "osm-way-369915037", "name": "Aire de Waremme" }, "geometry": { "type": "Polygon", "coordinates": [ [ [ 5.2476677, 50.7071193 ], [ 5.2470449, 50.7062493 ], [ 5.2495292, 50.7053782 ], [ 5.2508989, 50.7054003 ], [ 5.2511434, 50.7055647 ], [ 5.2517545, 50.7055582 ], [ 5.2518886, 50.7056517 ], [ 5.2523128, 50.7058756 ], [ 5.2529678, 50.7059303 ], [ 5.2539329, 50.7063308 ], [ 5.2544698, 50.7072212 ], [ 5.2539763, 50.7073979 ], [ 5.2537403, 50.7077308 ], [ 5.2537188, 50.7081996 ], [ 5.2525145, 50.7089079 ], [ 5.2521503, 50.7088113 ], [ 5.2514282, 50.7086174 ], [ 5.2508453, 50.7084679 ], [ 5.2503499, 50.7081979 ], [ 5.2496922, 50.7075728 ], [ 5.2490619, 50.7072281 ], [ 5.2488195, 50.7071696 ], [ 5.2476677, 50.7071193 ] ] ] } },
{ "type": "Feature", "properties": { "stop_id": "osm-way-369915852", "name": "Aire de Hautregard" }, "geometry": { "type": "Polygon", "coordinates": [ [ [ 5.8113369, 50.6347123 ], [ 5.8129261, 50.6347813 ], [ 5.8145033, 50.6348595 ], [ 5.8167735, 50.6350126 ], [ 5.8178721, 50.6350875 ], [ 5.8177069, 50.6351998 ], [ 5.8163551, 50.6352304 ], [ 5.8148423, 50.6352032 ], [ 5.8125571, 50.6350807 ], [ 5.8113369, 50.6347123 ] ] ] } },
{ "type": "Feature", "properties": { "stop_id": "osm-way-369917560", "name": "Aire de Haut Vent" }, "geometry": { "type": "Polygon", "coordinates": [ [ [ 5.9054945, 50.6467121 ], [ 5.9067723, 50.6472496 ], [ 5.9083387, 50.6475149 ], [ 5.9097657, 50.6474605 ], [ 5.910742, 50.6475013 ], [ 5.9120831, 50.6476441 ], [ 5.9122762, 50.6471339 ], [ 5.9114179, 50.6468142 ], [ 5.9105862, 50.6466704 ], [ 5.9079847, 50.6463039 ], [ 5.9070942, 50.6464468 ], [ 5.9056125, 50.6463583 ], [ 5.9054945, 50.6467121 ] ] ] } },
{ "type": "Feature", "properties": { "stop_id": "osm-way-369918496", "name": "Aire de Hozémont" }, "geometry": { "type": "Polygon", "coordinates": [ [ [ 5.3919111, 50.6153422 ], [ 5.3939583, 50.6157039 ], [ 5.3960722, 50.6160746 ], [ 5.3967209, 50.6161493 ], [ 5.397879, 50.6161774 ], [ 5.3985806, 50.6161797 ], [ 5.4008642, 50.6162098 ], [ 5.4012279, 50.6161988 ], [ 5.4012449, 50.6161738 ], [ 5.4014624, 50.6158527 ], [ 5.4014875, 50.6158156 ], [ 5.3972356, 50.6150721 ], [ 5.396564, 50.6149974 ], [ 5.3920488, 50.6149666 ], [ 5.3920396, 50.6149878 ], [ 5.3919165, 50.6153186 ], [ 5.3919111, 50.6153422 ] ] ] } },
{ "type": "Feature", "properties": { "stop_id": "osm-way-369920952", "name": "Rastplatz Drei Hütten" }, "geometry": { "type": "Polygon", "coordinates": [ [ [ 6.1697322, 50.253947 ], [ 6.1699585, 50.2538185 ], [ 6.170813, 50.2533117 ], [ 6.1715337, 50.2522995 ], [ 6.1715426, 50.251706 ], [ 6.1715615, 50.2513904 ], [ 6.1714586, 50.2513746 ], [ 6.1713577, 50.2513628 ], [ 6.1712587, 50.2515944 ], [ 6.1708356, 50.2521732 ], [ 6.1704188, 50.2527667 ], [ 6.1699999, 50.253324 ], [ 6.169682, 50.2537655 ], [ 6.1695724, 50.2538381 ], [ 6.1696569, 50.2538952 ], [ 6.1697322, 50.253947 ] ] ] } },
{ "type": "Feature", "properties": { "stop_id": "osm-way-369921100", "name": "Aire de Melen" }, "geometry": { "type": "Polygon", "coordinates": [ [ [ 5.7284859, 50.642215 ], [ 5.7298152, 50.6415312 ], [ 5.732359, 50.6403167 ], [ 5.7331637, 50.6399289 ], [ 5.7320157, 50.6402521 ], [ 5.7308516, 50.6405617 ], [ 5.7300684, 50.6409291 ], [ 5.7294837, 50.6413781 ], [ 5.7284859, 50.642215 ] ] ] } },
{ "type": "Feature", "properties": { "stop_id": "osm-way-370070136", "name": "Aire de Oreye" }, "geometry": { "type": "Polygon", "coordinates": [ [ [ 5.3180267, 50.7033416 ], [ 5.3189384, 50.703576 ], [ 5.3195098, 50.7037645 ], [ 5.3200074, 50.7037508 ], [ 5.3205062, 50.7037219 ], [ 5.3214221, 50.7035998 ], [ 5.3220744, 50.7034148 ], [ 5.3225948, 50.703149 ], [ 5.3225748, 50.7031149 ], [ 5.3225393, 50.7030554 ], [ 5.3180553, 50.7033395 ], [ 5.3180267, 50.7033416 ] ] ] } },
{ "type": "Feature", "properties": { "stop_id": "osm-way-370070736", "name": null }, "geometry": { "type": "Polygon", "coordinates": [ [ [ 3.4449865, 50.6452427 ], [ 3.447835, 50.6463006 ], [ 3.4512176, 50.6475781 ], [ 3.4522368, 50.6479727 ], [ 3.4543206, 50.6487633 ], [ 3.4561206, 50.6494897 ], [ 3.4559943, 50.6492939 ], [ 3.4552433, 50.6487973 ], [ 3.4545245, 50.6483551 ], [ 3.4539075, 50.6481443 ], [ 3.4522929, 50.6475456 ], [ 3.4507908, 50.6470082 ], [ 3.449042, 50.6464299 ], [ 3.4470035, 50.6457972 ], [ 3.4456946, 50.645406 ], [ 3.4449865, 50.6452427 ] ] ] } },
{ "type": "Feature", "properties": { "stop_id": "osm-way-370073800", "name": "Aire de Slins" }, "geometry": { "type": "Polygon", "coordinates": [ [ [ 5.5760342, 50.7431052 ], [ 5.5765991, 50.7415434 ], [ 5.5772298, 50.7397822 ], [ 5.5774923, 50.7390588 ], [ 5.5776332, 50.7388522 ], [ 5.5777554, 50.7389317 ], [ 5.577847, 50.7395077 ], [ 5.5777051, 50.7401067 ], [ 5.577292, 50.7412066 ], [ 5.5770761, 50.7418012 ], [ 5.5769186, 50.7422399 ], [ 5.576747, 50.7426405 ], [ 5.5764144, 50.7429121 ], [ 5.5761219, 50.7431575 ], [ 5.5760342, 50.7431052 ] ] ] } },
{ "type": "Feature", "properties": { "stop_id": "osm-way-370073801", "name": "Aire de Slins" }, "geometry": { "type": "Polygon", "coordinates": [ [ [ 5.5786513, 50.7344078 ], [ 5.5785363, 50.7343459 ], [ 5.5779597, 50.7349644 ], [ 5.5777709, 50.7355308 ], [ 5.5775217, 50.7360401 ], [ 5.5772009, 50.7364854 ], [ 5.5772941, 50.7367674 ], [ 5.5771799, 50.7373004 ], [ 5.5772363, 50.7380756 ], [ 5.5774336, 50.7378471 ], [ 5.5778038, 50.7367267 ], [ 5.5781793, 50.7356878 ], [ 5.5786513, 50.7344078 ] ] ] } },
{ "type": "Feature", "properties": { "stop_id": "osm-way-370074333", "name": "Aire de Nandy-Gennotte" }, "geometry": { "type": "Polygon", "coordinates": [ [ [ 3.5554536, 50.5443343 ], [ 3.5581929, 50.5438565 ], [ 3.5584517, 50.5435379 ], [ 3.55878, 50.5433327 ], [ 3.559313, 50.5431154 ], [ 3.5592697, 50.5430604 ], [ 3.5592211, 50.5429987 ], [ 3.5542171, 50.5439136 ], [ 3.5541402, 50.5439829 ], [ 3.5540757, 50.5440409 ], [ 3.5542774, 50.5440382 ], [ 3.5546149, 50.5440751 ], [ 3.555089, 50.5441924 ], [ 3.5554536, 50.5443343 ] ] ] } },
{ "type": "Feature", "properties": { "stop_id": "osm-way-370074678", "name": "Aire de Bury" }, "geometry": { "type": "Polygon", "coordinates": [ [ [ 3.578397, 50.5391332 ], [ 3.5778891, 50.5390922 ], [ 3.5784222, 50.5387872 ], [ 3.5789593, 50.5384108 ], [ 3.5795203, 50.5379955 ], [ 3.579678, 50.5379302 ], [ 3.5818853, 50.5375127 ], [ 3.5820435, 50.5375382 ], [ 3.5836047, 50.5379928 ], [ 3.5834605, 50.5381077 ], [ 3.5833735, 50.5381771 ], [ 3.5833103, 50.5382275 ], [ 3.578397, 50.5391332 ] ] ] } },
{ "type": "Feature", "properties": { "stop_id": "osm-way-375486184", "name": "Aire de Lamain" }, "geometry": { "type": "Polygon", "coordinates": [ [ [ 3.2717304, 50.6035744 ], [ 3.271495, 50.6037465 ], [ 3.2714375, 50.6037821 ], [ 3.2716314, 50.6039382 ], [ 3.2718703, 50.6041881 ], [ 3.27195, 50.6043399 ], [ 3.2720858, 50.6044719 ], [ 3.2722763, 50.6046319 ], [ 3.2724989, 50.6047523 ], [ 3.2727342, 50.6048369 ], [ 3.2730206, 50.6049058 ], [ 3.274362, 50.6051774 ], [ 3.2748244, 50.6051903 ], [ 3.2749727, 50.6051771 ], [ 3.275055, 50.6051698 ], [ 3.2752079, 50.6051409 ], [ 3.2754743, 50.6050509 ], [ 3.2756824, 50.6049272 ], [ 3.2757883, 50.6048497 ], [ 3.275995, 50.6047668 ], [ 3.2762109, 50.6047255 ], [ 3.2764837, 50.6047094 ], [ 3.2764994, 50.6046528 ], [ 3.2765049, 50.6046206 ], [ 3.2765185, 50.6045411 ], [ 3.2750069, 50.6042359 ], [ 3.2717304, 50.6035744 ] ] ] } },
{ "type": "Feature", "properties": { "stop_id": "osm-way-393576238", "name": null }, "geometry": { "type": "Polygon", "coordinates": [ [ [ 4.412329, 50.6793204 ], [ 4.4128224, 50.6793713 ], [ 4.4126345, 50.6790578 ], [ 4.412571, 50.6789307 ], [ 4.4123961, 50.678779 ], [ 4.412329, 50.6793204 ] ] ] } },
{ "type": "Feature", "properties": { "stop_id": "osm-way-393576489", "name": null }, "geometry": { "type": "Polygon", "coordinates": [ [ [ 4.4341902, 50.6254134 ], [ 4.4343107, 50.6253463 ], [ 4.4343835, 50.6253057 ], [ 4.4349253, 50.6245604 ], [ 4.4352463, 50.6241669 ], [ 4.4354028, 50.6239751 ], [ 4.434641, 50.6244753 ], [ 4.4343245, 50.6247408 ], [ 4.4342065, 50.6249348 ], [ 4.4341902, 50.6254134 ] ] ] } },
{ "type": "Feature", "properties": { "stop_id": "osm-way-398804873", "name": "Waarloos-Oost" }, "geometry": { "type": "Polygon", "coordinates": [ [ [ 4.4377002, 51.0995769 ], [ 4.4380418, 51.099225 ], [ 4.4383171, 51.0988586 ], [ 4.4386018, 51.098331 ], [ 4.4389256, 51.0972829 ], [ 4.4389443, 51.0971012 ], [ 4.4388183, 51.0960284 ], [ 4.4386839, 51.0960964 ], [ 4.4385923, 51.0961428 ], [ 4.4378019, 51.0977247 ], [ 4.4371871, 51.0990033 ], [ 4.4368557, 51.0997128 ], [ 4.4365084, 51.1004423 ], [ 4.4365699, 51.100461 ], [ 4.4366401, 51.1004824 ], [ 4.4368917, 51.1002668 ], [ 4.4371871, 51.1000813 ], [ 4.4374625, 51.0998105 ], [ 4.4377002, 51.0995769 ] ] ] } },
{ "type": "Feature", "properties": { "stop_id": "osm-way-398804874", "name": "Waarloos-West" }, "geometry": { "type": "Polygon", "coordinates": [ [ [ 4.4356388, 51.0999519 ], [ 4.4355637, 51.0999413 ], [ 4.4354474, 51.0999248 ], [ 4.4352678, 51.0996603 ], [ 4.4352743, 51.0995139 ], [ 4.4352616, 51.0989266 ], [ 4.4354755, 51.0981479 ], [ 4.4357244, 51.0974795 ], [ 4.4358532, 51.0972369 ], [ 4.4364477, 51.0965314 ], [ 4.4365865, 51.0963932 ], [ 4.4369742, 51.0961557 ], [ 4.4373492, 51.0955669 ], [ 4.4375394, 51.0956049 ], [ 4.4375851, 51.095614 ], [ 4.4376736, 51.0956316 ], [ 4.4371812, 51.0966156 ], [ 4.4368224, 51.0973765 ], [ 4.436616, 51.0978271 ], [ 4.4363452, 51.098369 ], [ 4.4360847, 51.0989471 ], [ 4.4358545, 51.0994657 ], [ 4.4356388, 51.0999519 ] ] ] } },
{ "type": "Feature", "properties": { "stop_id": "osm-way-401423785", "name": "Dienstenzone Jabbeke" }, "geometry": { "type": "Polygon", "coordinates": [ [ [ 3.1075067, 51.1867706 ], [ 3.107378, 51.1871458 ], [ 3.1073122, 51.1872921 ], [ 3.1072532, 51.1876046 ], [ 3.107176, 51.1875969 ], [ 3.1070857, 51.1877025 ], [ 3.1068738, 51.1878432 ], [ 3.1070956, 51.1880093 ], [ 3.1071059, 51.1880855 ], [ 3.1070317, 51.1881403 ], [ 3.1066408, 51.1883999 ], [ 3.1062181, 51.1886298 ], [ 3.1061376, 51.1886867 ], [ 3.1055725, 51.1886539 ], [ 3.1054347, 51.1886011 ], [ 3.1053295, 51.1886188 ], [ 3.1052353, 51.1886419 ], [ 3.1051312, 51.1886793 ], [ 3.1049995, 51.1887463 ], [ 3.1047102, 51.1888886 ], [ 3.1043734, 51.1890566 ], [ 3.1042242, 51.1890904 ], [ 3.1041549, 51.1891032 ], [ 3.1040555, 51.1890941 ], [ 3.1039499, 51.189046 ], [ 3.1038725, 51.1890056 ], [ 3.1038467, 51.1889946 ], [ 3.1036817, 51.1887886 ], [ 3.1035365, 51.1886356 ], [ 3.1030608, 51.1883877 ], [ 3.1028589, 51.1883398 ], [ 3.1026387, 51.1883072 ], [ 3.1025194, 51.1883072 ], [ 3.102515, 51.1882384 ], [ 3.1028577, 51.1882384 ], [ 3.1029592, 51.1882534 ], [ 3.1030665, 51.1882793 ], [ 3.1032821, 51.188335 ], [ 3.1035902, 51.1884841 ], [ 3.1036282, 51.1882096 ], [ 3.1037549, 51.1881371 ], [ 3.1040829, 51.1879124 ], [ 3.1043036, 51.1877787 ], [ 3.1045797, 51.1876123 ], [ 3.104907, 51.1874875 ], [ 3.1052205, 51.1873743 ], [ 3.1055593, 51.1872632 ], [ 3.1059133, 51.187125 ], [ 3.1062526, 51.187028 ], [ 3.1064774, 51.1871568 ], [ 3.1067406, 51.1870548 ], [ 3.1069396, 51.1869723 ], [ 3.1071132, 51.1868813 ], [ 3.1073226, 51.1867425 ], [ 3.1073631, 51.1867063 ], [ 3.1075067, 51.1867706 ] ] ] } },
{ "type": "Feature", "properties": { "stop_id": "osm-way-434731769", "name": "Zuidelijke Dienstenzone Wetteren" }, "geometry": { "type": "Polygon", "coordinates": [ [ [ 3.8442176, 50.9692412 ], [ 3.8440953, 50.9693025 ], [ 3.8439643, 50.9693885 ], [ 3.8420783, 50.9702644 ], [ 3.8399686, 50.9712973 ], [ 3.8399444, 50.9712534 ], [ 3.8399131, 50.9711905 ], [ 3.8398982, 50.971159 ], [ 3.8400149, 50.9710285 ], [ 3.8402978, 50.9706269 ], [ 3.8395535, 50.9702598 ], [ 3.8390158, 50.9698076 ], [ 3.8393202, 50.9696334 ], [ 3.83986, 50.9690394 ], [ 3.8418176, 50.9683622 ], [ 3.8426036, 50.9684104 ], [ 3.8429033, 50.9684039 ], [ 3.8433711, 50.9682004 ], [ 3.8434727, 50.9681673 ], [ 3.8435396, 50.9681546 ], [ 3.8436094, 50.9681571 ], [ 3.8436737, 50.9681744 ], [ 3.8440251, 50.9682635 ], [ 3.8441471, 50.9683256 ], [ 3.8442295, 50.968395 ], [ 3.844232, 50.9685053 ], [ 3.8442711, 50.9687144 ], [ 3.8443435, 50.9687536 ], [ 3.8445176, 50.9687888 ], [ 3.8447337, 50.9688052 ], [ 3.8449918, 50.9687825 ], [ 3.845369, 50.9687289 ], [ 3.8442176, 50.9692412 ] ] ] } },
{ "type": "Feature", "properties": { "stop_id": "osm-way-434732550", "name": "Dienstenzone Groot Bijgaarden-Zuid" }, "geometry": { "type": "Polygon", "coordinates": [ [ [ 4.2571819, 50.8798201 ], [ 4.2572131, 50.8795733 ], [ 4.2572184, 50.8795315 ], [ 4.2569972, 50.8794676 ], [ 4.2563874, 50.8792717 ], [ 4.2559077, 50.8790294 ], [ 4.2555611, 50.8787955 ], [ 4.2551559, 50.8787485 ], [ 4.2548919, 50.8786892 ], [ 4.2544779, 50.8786623 ], [ 4.2542184, 50.8786256 ], [ 4.2531016, 50.8783974 ], [ 4.2528489, 50.8784308 ], [ 4.252024, 50.8787614 ], [ 4.2519906, 50.8788034 ], [ 4.251961, 50.8788406 ], [ 4.2518028, 50.8789584 ], [ 4.2516177, 50.8790532 ], [ 4.2516177, 50.8791161 ], [ 4.2515955, 50.879154 ], [ 4.2515544, 50.879186 ], [ 4.25148, 50.8792199 ], [ 4.2514705, 50.8794276 ], [ 4.2512632, 50.8795094 ], [ 4.2512814, 50.8799524 ], [ 4.2512513, 50.8801638 ], [ 4.2511678, 50.8803831 ], [ 4.2511303, 50.8804379 ], [ 4.2510639, 50.8804977 ], [ 4.2510494, 50.8805343 ], [ 4.2510419, 50.8805867 ], [ 4.2510371, 50.8806134 ], [ 4.2522408, 50.8804086 ], [ 4.2528579, 50.8803269 ], [ 4.2531934, 50.8801283 ], [ 4.2532702, 50.8801006 ], [ 4.2533606, 50.8800979 ], [ 4.2538477, 50.8801921 ], [ 4.255687, 50.8799543 ], [ 4.2559338, 50.8799282 ], [ 4.2565996, 50.879916 ], [ 4.2568953, 50.8799104 ], [ 4.2569558, 50.8798636 ], [ 4.2570036, 50.8798266 ], [ 4.2571819, 50.8798201 ] ] ] } },
{ "type": "Feature", "properties": { "stop_id": "osm-way-434733974", "name": "Dienstenzone Drongen-Zuid" }, "geometry": { "type": "Polygon", "coordinates": [ [ [ 3.640711, 51.033368 ], [ 3.6412367, 51.0331184 ], [ 3.6412099, 51.0327844 ], [ 3.6408881, 51.0324167 ], [ 3.6401478, 51.0322716 ], [ 3.6387011, 51.0329339 ], [ 3.6385571, 51.0327744 ], [ 3.6385477, 51.0325081 ], [ 3.6383228, 51.032191 ], [ 3.6382543, 51.0322177 ], [ 3.6362789, 51.0327856 ], [ 3.6362001, 51.0328074 ], [ 3.6361626, 51.0328182 ], [ 3.6367025, 51.0332422 ], [ 3.6370247, 51.0334943 ], [ 3.6370812, 51.0335515 ], [ 3.6371148, 51.0336307 ], [ 3.6371073, 51.0337304 ], [ 3.637022, 51.0339122 ], [ 3.636753, 51.0343352 ], [ 3.6366787, 51.034452 ], [ 3.6367321, 51.0344578 ], [ 3.6368254, 51.0344678 ], [ 3.63997, 51.0335789 ], [ 3.640711, 51.033368 ] ] ] } },
{ "type": "Feature", "properties": { "stop_id": "osm-way-434738394", "name": "Dienstenzone Jabbeke" }, "geometry": { "type": "Polygon", "coordinates": [ [ [ 3.1060585, 51.1859906 ], [ 3.1063095, 51.1858765 ], [ 3.1064569, 51.1859181 ], [ 3.1066078, 51.185933 ], [ 3.1068369, 51.1858718 ], [ 3.1074396, 51.185694 ], [ 3.1077771, 51.1855809 ], [ 3.1099984, 51.1848366 ], [ 3.1102774, 51.1845878 ], [ 3.1087002, 51.1840363 ], [ 3.1078741, 51.1839018 ], [ 3.1074774, 51.1840106 ], [ 3.1071875, 51.1840901 ], [ 3.1068545, 51.1842773 ], [ 3.1056386, 51.1849606 ], [ 3.105851, 51.1852099 ], [ 3.1058466, 51.185333 ], [ 3.1057899, 51.1855271 ], [ 3.1057354, 51.1857569 ], [ 3.1060585, 51.1859906 ] ] ] } },
{ "type": "Feature", "properties": { "stop_id": "osm-way-434857976", "name": "Aire frontalière de Saint-Aybert-Hensies" }, "geometry": { "type": "Polygon", "coordinates": [ [ [ 3.6666068, 50.4380529 ], [ 3.6687955, 50.4386474 ], [ 3.6698522, 50.4390506 ], [ 3.6720463, 50.4400995 ], [ 3.672129, 50.4400859 ], [ 3.6722251, 50.4400378 ], [ 3.6723682, 50.4399662 ], [ 3.6715904, 50.4390382 ], [ 3.6715206, 50.4389549 ], [ 3.6711075, 50.4386884 ], [ 3.6699789, 50.4382583 ], [ 3.6698791, 50.4382203 ], [ 3.6696527, 50.4381247 ], [ 3.6694284, 50.4380284 ], [ 3.6681946, 50.4375575 ], [ 3.6678352, 50.4375268 ], [ 3.6670252, 50.4377762 ], [ 3.6667157, 50.4378283 ], [ 3.6664244, 50.4378343 ], [ 3.6664699, 50.4378894 ], [ 3.6666068, 50.4380529 ] ] ] } },
{ "type": "Feature", "properties": { "stop_id": "osm-way-434858126", "name": "Aire Frontalière de Saint-Aybert-Hensies" }, "geometry": { "type": "Polygon", "coordinates": [ [ [ 3.6667731, 50.4397851 ], [ 3.6675655, 50.4400886 ], [ 3.6676094, 50.440106 ], [ 3.6690208, 50.4406461 ], [ 3.6696149, 50.4406843 ], [ 3.6698397, 50.4407054 ], [ 3.6707017, 50.4403541 ], [ 3.6710803, 50.4403025 ], [ 3.6709737, 50.4402572 ], [ 3.6707266, 50.4401473 ], [ 3.6687525, 50.4395699 ], [ 3.667508, 50.4390574 ], [ 3.6669233, 50.4388012 ], [ 3.6660606, 50.4383485 ], [ 3.6657002, 50.4381759 ], [ 3.6654637, 50.4382957 ], [ 3.6653193, 50.4383673 ], [ 3.6660328, 50.4393205 ], [ 3.6660782, 50.4393766 ], [ 3.6663868, 50.4396348 ], [ 3.6667731, 50.4397851 ] ] ] } },
{ "type": "Feature", "properties": { "stop_id": "osm-way-450268203", "name": "Tessenderlo" }, "geometry": { "type": "Polygon", "coordinates": [ [ [ 5.1469409, 51.0699028 ], [ 5.1467839, 51.0700514 ], [ 5.1466458, 51.0702039 ], [ 5.1464993, 51.0702618 ], [ 5.1463633, 51.0704485 ], [ 5.1463737, 51.0705564 ], [ 5.1461749, 51.0708115 ], [ 5.1461854, 51.0708707 ], [ 5.1460494, 51.0710495 ], [ 5.1459322, 51.071206 ], [ 5.1458171, 51.0713401 ], [ 5.1456203, 51.0715111 ], [ 5.1455572, 51.0715176 ], [ 5.1453602, 51.0716731 ], [ 5.1449583, 51.0719702 ], [ 5.1445406, 51.0722881 ], [ 5.1444366, 51.0723703 ], [ 5.1444161, 51.072404 ], [ 5.1444035, 51.072425 ], [ 5.1443562, 51.0724211 ], [ 5.1442256, 51.0724043 ], [ 5.1443558, 51.0721806 ], [ 5.1443876, 51.0720794 ], [ 5.1443981, 51.0719944 ], [ 5.1443902, 51.0718122 ], [ 5.144324, 51.0716498 ], [ 5.1442515, 51.0715309 ], [ 5.1442263, 51.0714616 ], [ 5.1442641, 51.0713725 ], [ 5.1445037, 51.0710139 ], [ 5.1448788, 51.0704633 ], [ 5.1449278, 51.0704245 ], [ 5.1450051, 51.0703849 ], [ 5.1450785, 51.0703595 ], [ 5.1450979, 51.0703495 ], [ 5.1451403, 51.0703256 ], [ 5.1452129, 51.0702593 ], [ 5.1452255, 51.0702216 ], [ 5.1452161, 51.0701959 ], [ 5.1452757, 51.0701269 ], [ 5.1452894, 51.0701414 ], [ 5.1453922, 51.0700159 ], [ 5.1453385, 51.0700078 ], [ 5.1453697, 51.0699558 ], [ 5.1454097, 51.0699662 ], [ 5.1454962, 51.0698339 ], [ 5.1455344, 51.0697974 ], [ 5.1456462, 51.0696395 ], [ 5.1457339, 51.0695258 ], [ 5.1458915, 51.0694862 ], [ 5.1475181, 51.0691395 ], [ 5.1479536, 51.06903 ], [ 5.1479036, 51.0691769 ], [ 5.1477278, 51.0693321 ], [ 5.1475855, 51.0694491 ], [ 5.1473322, 51.0696056 ], [ 5.1471355, 51.0697437 ], [ 5.1469409, 51.0699028 ] ] ] } },
{ "type": "Feature", "properties": { "stop_id": "osm-way-461255817", "name": "Parking Everberg-Noord" }, "geometry": { "type": "Polygon", "coordinates": [ [ [ 4.5433151, 50.869517 ], [ 4.5472324, 50.8694722 ], [ 4.5472503, 50.8695099 ], [ 4.5472448, 50.8695864 ], [ 4.5470849, 50.86964 ], [ 4.5469512, 50.8697011 ], [ 4.5467803, 50.8698101 ], [ 4.5463562, 50.8701177 ], [ 4.5460741, 50.8702591 ], [ 4.5458391, 50.8703325 ], [ 4.5455907, 50.8703585 ], [ 4.5452741, 50.8703565 ], [ 4.5449769, 50.8703131 ], [ 4.5446928, 50.8702165 ], [ 4.5444517, 50.8700619 ], [ 4.5442105, 50.8699386 ], [ 4.5437888, 50.8697327 ], [ 4.5435848, 50.8696517 ], [ 4.5433022, 50.8695876 ], [ 4.5433062, 50.8695606 ], [ 4.5433151, 50.869517 ] ] ] } },
{ "type": "Feature", "properties": { "stop_id": "osm-way-461255818", "name": "Parking Everberg-Zuid" }, "geometry": { "type": "Polygon", "coordinates": [ [ [ 4.5437793, 50.8687301 ], [ 4.5431754, 50.8689154 ], [ 4.543161, 50.8689938 ], [ 4.5431235, 50.8691587 ], [ 4.5472395, 50.8691157 ], [ 4.5472237, 50.868989 ], [ 4.5472134, 50.8689064 ], [ 4.5469275, 50.8687958 ], [ 4.5465053, 50.8686105 ], [ 4.5462129, 50.86848 ], [ 4.5458886, 50.8683742 ], [ 4.5455117, 50.8683176 ], [ 4.5452031, 50.868311 ], [ 4.5449367, 50.8683214 ], [ 4.5447236, 50.8683482 ], [ 4.5444007, 50.8684322 ], [ 4.5437793, 50.8687301 ] ] ] } },
{ "type": "Feature", "properties": { "stop_id": "osm-way-472676826", "name": "Wezemaal" }, "geometry": { "type": "Polygon", "coordinates": [ [ [ 4.7894463, 50.9505919 ], [ 4.7901865, 50.9509029 ], [ 4.7905352, 50.9512577 ], [ 4.7908088, 50.9517072 ], [ 4.7909161, 50.951937 ], [ 4.7912702, 50.9520992 ], [ 4.7922465, 50.9523053 ], [ 4.7927936, 50.95216 ], [ 4.793389, 50.9519157 ], [ 4.7937029, 50.9518532 ], [ 4.7941711, 50.9518385 ], [ 4.7946454, 50.9512066 ], [ 4.7943225, 50.9509366 ], [ 4.794124, 50.9506967 ], [ 4.7939416, 50.9503419 ], [ 4.7936627, 50.9500985 ], [ 4.7931584, 50.9499329 ], [ 4.7925522, 50.9498045 ], [ 4.7921767, 50.949889 ], [ 4.791474, 50.9501222 ], [ 4.7908195, 50.9502168 ], [ 4.7900685, 50.9501256 ], [ 4.7897467, 50.9500478 ], [ 4.7894463, 50.9505919 ] ] ] } },
{ "type": "Feature", "properties": { "stop_id": "osm-way-472678462", "name": "Halveweg / Zolder" }, "geometry": { "type": "Polygon", "coordinates": [ [ [ 5.3318426, 51.0105838 ], [ 5.3327063, 51.0107087 ], [ 5.3334519, 51.0108504 ], [ 5.3341225, 51.0109753 ], [ 5.3346535, 51.0110496 ], [ 5.3350988, 51.0112723 ], [ 5.3357157, 51.0115491 ], [ 5.3362897, 51.0116706 ], [ 5.3369495, 51.0117482 ], [ 5.3369227, 51.0123287 ], [ 5.3360536, 51.012349 ], [ 5.3353724, 51.0124266 ], [ 5.3346696, 51.012619 ], [ 5.3338918, 51.0128215 ], [ 5.3332992, 51.013011 ], [ 5.333184, 51.0130365 ], [ 5.3328045, 51.0131532 ], [ 5.3324434, 51.013375 ], [ 5.332025, 51.0134425 ], [ 5.3315207, 51.0134661 ], [ 5.3311568, 51.013303 ], [ 5.3304425, 51.0130645 ], [ 5.3296019, 51.0127941 ], [ 5.3286097, 51.0124757 ], [ 5.3280345, 51.0123503 ], [ 5.3278669, 51.0123138 ], [ 5.3278729, 51.0117937 ], [ 5.3285005, 51.0117752 ], [ 5.3292301, 51.0117077 ], [ 5.3300777, 51.0115423 ], [ 5.3308287, 51.0112352 ], [ 5.3313544, 51.0110091 ], [ 5.3316495, 51.0107525 ], [ 5.3318426, 51.0105838 ] ] ] } },
{ "type": "Feature", "properties": { "stop_id": "osm-way-472679299", "name": null }, "geometry": { "type": "Polygon", "coordinates": [ [ [ 5.7193132, 50.9512129 ], [ 5.7193483, 50.9513634 ], [ 5.7193813, 50.9515341 ], [ 5.7194312, 50.9517283 ], [ 5.7205953, 50.9516708 ], [ 5.7216735, 50.9517148 ], [ 5.7223172, 50.9517993 ], [ 5.7248063, 50.9517756 ], [ 5.7252248, 50.9517215 ], [ 5.7261367, 50.9516032 ], [ 5.7270487, 50.9516168 ], [ 5.7270998, 50.9514324 ], [ 5.7271405, 50.9512743 ], [ 5.7271935, 50.9511098 ], [ 5.7260133, 50.9510524 ], [ 5.7251175, 50.9510017 ], [ 5.7242109, 50.9508598 ], [ 5.7235725, 50.9508361 ], [ 5.7212926, 50.9508936 ], [ 5.7203592, 50.9510456 ], [ 5.7198979, 50.9511369 ], [ 5.7193132, 50.9512129 ] ] ] } },
{ "type": "Feature", "properties": { "stop_id": "osm-way-493659200", "name": "Grenzrastplatz Aire frontalière de Lichtenbusch" }, "geometry": { "type": "Polygon", "coordinates": [ [ [ 6.1239434, 50.7197539 ], [ 6.1239696, 50.7197325 ], [ 6.1240347, 50.7196826 ], [ 6.1241875, 50.7195019 ], [ 6.123848, 50.719008 ], [ 6.1235032, 50.7191169 ], [ 6.1233762, 50.7188635 ], [ 6.1232151, 50.7183296 ], [ 6.123054, 50.7180396 ], [ 6.1220536, 50.7175437 ], [ 6.121965, 50.7175263 ], [ 6.1218457, 50.7175136 ], [ 6.1217002, 50.7175162 ], [ 6.1216528, 50.7175195 ], [ 6.1216029, 50.7175263 ], [ 6.1215077, 50.7175382 ], [ 6.1213685, 50.7175585 ], [ 6.1212409, 50.7175645 ], [ 6.121099, 50.7175619 ], [ 6.1210115, 50.7175547 ], [ 6.1208908, 50.7175272 ], [ 6.1207923, 50.7174983 ], [ 6.1207672, 50.7174875 ], [ 6.1206307, 50.7174289 ], [ 6.1205536, 50.7173915 ], [ 6.1203289, 50.7172945 ], [ 6.1197871, 50.7172164 ], [ 6.1196711, 50.7171726 ], [ 6.1197133, 50.7171259 ], [ 6.1195886, 50.7170839 ], [ 6.1195524, 50.7171225 ], [ 6.1190736, 50.7169039 ], [ 6.1186901, 50.7168631 ], [ 6.1174777, 50.7163435 ], [ 6.1174402, 50.7162908 ], [ 6.1174589, 50.7162127 ], [ 6.1172363, 50.7159766 ], [ 6.1169895, 50.7157677 ], [ 6.1167645, 50.7156786 ], [ 6.116203, 50.7154527 ], [ 6.1161644, 50.7154467 ], [ 6.1159887, 50.7154196 ], [ 6.1158751, 50.7155444 ], [ 6.11585, 50.715554 ], [ 6.1152917, 50.7152889 ], [ 6.1142752, 50.7152158 ], [ 6.1148643, 50.7155389 ], [ 6.1186795, 50.7172515 ], [ 6.1188695, 50.7173232 ], [ 6.1189418, 50.7173647 ], [ 6.1190788, 50.7174327 ], [ 6.1193585, 50.7175534 ], [ 6.1193196, 50.7175862 ], [ 6.119287, 50.7176128 ], [ 6.1205787, 50.7182083 ], [ 6.1239434, 50.7197539 ] ] ] } },
{ "type": "Feature", "properties": { "stop_id": "osm-way-503100597", "name": null }, "geometry": { "type": "Polygon", "coordinates": [ [ [ 4.4649909, 50.8563123 ], [ 4.4649687, 50.8562034 ], [ 4.465035, 50.8561979 ], [ 4.4650492, 50.8562687 ], [ 4.4650375, 50.8563081 ], [ 4.4649909, 50.8563123 ] ] ] } },
{ "type": "Feature", "properties": { "stop_id": "osm-way-503604861", "name": null }, "geometry": { "type": "Polygon", "coordinates": [ [ [ 3.1857696, 51.3218621 ], [ 3.1857041, 51.321703 ], [ 3.1856899, 51.3216689 ], [ 3.1855805, 51.3216581 ], [ 3.1857501, 51.3209925 ], [ 3.1859786, 51.3208213 ], [ 3.1863029, 51.319477 ], [ 3.1863546, 51.3194819 ], [ 3.1864479, 51.3194907 ], [ 3.1866201, 51.3195069 ], [ 3.1866653, 51.3195469 ], [ 3.1867683, 51.319558 ], [ 3.1865486, 51.3204068 ], [ 3.18654, 51.3205373 ], [ 3.1864805, 51.3207843 ], [ 3.1862967, 51.3215476 ], [ 3.1862096, 51.3216173 ], [ 3.186113, 51.3216945 ], [ 3.1860596, 51.3217372 ], [ 3.186013, 51.3218708 ], [ 3.1860424, 51.3219652 ], [ 3.1859032, 51.3219252 ], [ 3.1857621, 51.3218847 ], [ 3.1857703, 51.3218752 ], [ 3.1857696, 51.3218621 ] ] ] } },
{ "type": "Feature", "properties": { "stop_id": "osm-way-548111602", "name": null }, "geometry": { "type": "Polygon", "coordinates": [ [ [ 3.4087299, 51.2217752 ], [ 3.4087296, 51.221681 ], [ 3.4087321, 51.2215822 ], [ 3.4087434, 51.221524 ], [ 3.4087643, 51.22148 ], [ 3.4088099, 51.2214348 ], [ 3.4097801, 51.2206342 ], [ 3.4098297, 51.2206047 ], [ 3.4098969, 51.2205804 ], [ 3.4099755, 51.2205681 ], [ 3.4100557, 51.220573 ], [ 3.4101226, 51.2205875 ], [ 3.4101858, 51.2206212 ], [ 3.4102166, 51.2206727 ], [ 3.410217, 51.2207196 ], [ 3.4101686, 51.2207698 ], [ 3.4094395, 51.2213493 ], [ 3.4093976, 51.2214013 ], [ 3.4093863, 51.2214326 ], [ 3.4093884, 51.2214577 ], [ 3.4094101, 51.2214728 ], [ 3.409441, 51.2214793 ], [ 3.409479, 51.2214735 ], [ 3.409332, 51.2215333 ], [ 3.4092741, 51.2215561 ], [ 3.408898, 51.2217075 ], [ 3.4087868, 51.2217519 ], [ 3.4087299, 51.2217752 ] ] ] } },
{ "type": "Feature", "properties": { "stop_id": "osm-way-568500042", "name": null }, "geometry": { "type": "Polygon", "coordinates": [ [ [ 5.6914886, 50.6720638 ], [ 5.6915458, 50.672068 ], [ 5.6915554, 50.6720149 ], [ 5.6914983, 50.6720107 ], [ 5.6914886, 50.6720638 ] ] ] } },
{ "type": "Feature", "properties": { "stop_id": "osm-way-626741849", "name": "Nazareth-Zuid" }, "geometry": { "type": "Polygon", "coordinates": [ [ [ 3.6056935, 50.9699526 ], [ 3.6104744, 50.9714395 ], [ 3.6104671, 50.9713899 ], [ 3.6103646, 50.9706963 ], [ 3.6083855, 50.9700475 ], [ 3.6083028, 50.9698408 ], [ 3.6081445, 50.9696723 ], [ 3.608007, 50.969526 ], [ 3.6069236, 50.9692172 ], [ 3.6068816, 50.969341 ], [ 3.6068717, 50.9693702 ], [ 3.6060306, 50.9695445 ], [ 3.6056838, 50.969483 ], [ 3.6056737, 50.9694982 ], [ 3.6056369, 50.9695535 ], [ 3.6055877, 50.9696276 ], [ 3.6056935, 50.9699526 ] ] ] } },
{ "type": "Feature", "properties": { "stop_id": "osm-way-627939978", "name": null }, "geometry": { "type": "Polygon", "coordinates": [ [ [ 5.1897211, 51.3123934 ], [ 5.1914075, 51.3121243 ], [ 5.1916623, 51.3121679 ], [ 5.1939207, 51.3129248 ], [ 5.1941071, 51.3132442 ], [ 5.1942104, 51.313375 ], [ 5.1944961, 51.3136944 ], [ 5.1949091, 51.3139987 ], [ 5.1949722, 51.3141127 ], [ 5.1897211, 51.3123934 ] ] ] } },
{ "type": "Feature", "properties": { "stop_id": "osm-way-627939979", "name": null }, "geometry": { "type": "Polygon", "coordinates": [ [ [ 5.1876765, 51.3121779 ], [ 5.1941675, 51.3143021 ], [ 5.1937874, 51.3148875 ], [ 5.1933665, 51.3148372 ], [ 5.1929192, 51.314747 ], [ 5.1920938, 51.3145428 ], [ 5.1913229, 51.3143124 ], [ 5.1908375, 51.3141194 ], [ 5.1903481, 51.3139083 ], [ 5.1900128, 51.3137388 ], [ 5.1894749, 51.3134576 ], [ 5.1889417, 51.3131208 ], [ 5.188401, 51.312773 ], [ 5.1880484, 51.3125533 ], [ 5.1875397, 51.31233 ], [ 5.1876765, 51.3121779 ] ] ] } },
{ "type": "Feature", "properties": { "stop_id": "osm-way-656825623", "name": "Aire du Rœulx-Thieu Nord" }, "geometry": { "type": "Polygon", "coordinates": [ [ [ 4.0983091, 50.4901166 ], [ 4.097194, 50.4899807 ], [ 4.0967604, 50.489919 ], [ 4.0958154, 50.4897544 ], [ 4.0952455, 50.4896435 ], [ 4.0945574, 50.4894985 ], [ 4.0938465, 50.4893217 ], [ 4.0935308, 50.4892372 ], [ 4.0932444, 50.489163 ], [ 4.0927829, 50.4890453 ], [ 4.0925779, 50.4890291 ], [ 4.0924275, 50.489044 ], [ 4.0922583, 50.4890932 ], [ 4.0922077, 50.4891111 ], [ 4.092078, 50.489177 ], [ 4.0921835, 50.4891844 ], [ 4.092244, 50.4892018 ], [ 4.0926029, 50.4898074 ], [ 4.0925135, 50.489941 ], [ 4.0924857, 50.4900918 ], [ 4.0925545, 50.4902478 ], [ 4.0931812, 50.4907244 ], [ 4.0933132, 50.4908018 ], [ 4.0944325, 50.4906794 ], [ 4.0946086, 50.4906975 ], [ 4.0949815, 50.4907931 ], [ 4.0959373, 50.4913001 ], [ 4.0961335, 50.4913757 ], [ 4.0964245, 50.4914316 ], [ 4.097018, 50.4914596 ], [ 4.0974607, 50.4915055 ], [ 4.0976995, 50.4914329 ], [ 4.0979191, 50.4912884 ], [ 4.0981174, 50.4909869 ], [ 4.0982557, 50.490563 ], [ 4.0983732, 50.4904118 ], [ 4.0985899, 50.490331 ], [ 4.0989543, 50.4902747 ], [ 4.0990746, 50.4902137 ], [ 4.0984365, 50.4901714 ], [ 4.0983712, 50.4901409 ], [ 4.0983091, 50.4901166 ] ] ] } },
{ "type": "Feature", "properties": { "stop_id": "osm-way-658559555", "name": "Aire de Saint-Ghislain (Sud)" }, "geometry": { "type": "Polygon", "coordinates": [ [ [ 3.8095049, 50.4521732 ], [ 3.8095126, 50.4521313 ], [ 3.8095196, 50.4520934 ], [ 3.8095468, 50.451945 ], [ 3.8084791, 50.4517483 ], [ 3.8073352, 50.4513824 ], [ 3.8070413, 50.4512884 ], [ 3.8076312, 50.4508705 ], [ 3.8074004, 50.4508738 ], [ 3.8048506, 50.4508988 ], [ 3.8043392, 50.4509202 ], [ 3.8038233, 50.4509436 ], [ 3.8036782, 50.450962 ], [ 3.8035278, 50.4510266 ], [ 3.8034705, 50.4510546 ], [ 3.8035751, 50.4511812 ], [ 3.8036241, 50.4513389 ], [ 3.8035898, 50.4514693 ], [ 3.8034407, 50.4516328 ], [ 3.803334, 50.4516834 ], [ 3.8032142, 50.4517401 ], [ 3.8029876, 50.4517738 ], [ 3.8029983, 50.4518036 ], [ 3.8030123, 50.451857 ], [ 3.8038504, 50.4518979 ], [ 3.8071965, 50.4520829 ], [ 3.8095049, 50.4521732 ] ] ] } },
{ "type": "Feature", "properties": { "stop_id": "osm-way-665443485", "name": "Peutie" }, "geometry": { "type": "Polygon", "coordinates": [ [ [ 4.4766309, 50.9392188 ], [ 4.4756864, 50.9380894 ], [ 4.4737575, 50.9356037 ], [ 4.4732608, 50.9356428 ], [ 4.4735474, 50.9363261 ], [ 4.473896, 50.9370936 ], [ 4.4742304, 50.9376023 ], [ 4.4746794, 50.9380748 ], [ 4.4752879, 50.9385845 ], [ 4.4763382, 50.9394218 ], [ 4.4766309, 50.9392188 ] ] ] } },
{ "type": "Feature", "properties": { "stop_id": "osm-way-665443486", "name": "Peutie" }, "geometry": { "type": "Polygon", "coordinates": [ [ [ 4.4748891, 50.9355274 ], [ 4.4752082, 50.93534 ], [ 4.4758464, 50.9357626 ], [ 4.4764738, 50.9363045 ], [ 4.4766757, 50.93661 ], [ 4.476908, 50.9369016 ], [ 4.4771832, 50.9373486 ], [ 4.4773445, 50.9376814 ], [ 4.4774852, 50.9381824 ], [ 4.4775879, 50.9387107 ], [ 4.4773824, 50.9387448 ], [ 4.4765008, 50.9375758 ], [ 4.4753434, 50.9361273 ], [ 4.4748891, 50.9355274 ] ] ] } },
{ "type": "Feature", "properties": { "stop_id": "osm-way-678450733", "name": null }, "geometry": { "type": "Polygon", "coordinates": [ [ [ 4.5435831, 51.2103588 ], [ 4.5436103, 51.2104003 ], [ 4.5436474, 51.2104569 ], [ 4.5437027, 51.2105575 ], [ 4.5437715, 51.2106825 ], [ 4.5458994, 51.211196 ], [ 4.5460932, 51.2112177 ], [ 4.5462618, 51.2112184 ], [ 4.5481711, 51.210729 ], [ 4.5487662, 51.2105705 ], [ 4.548995, 51.2105087 ], [ 4.5499574, 51.2102587 ], [ 4.5502055, 51.210187 ], [ 4.5507356, 51.2100457 ], [ 4.5515479, 51.2098268 ], [ 4.5517752, 51.2097372 ], [ 4.5519098, 51.2095816 ], [ 4.5519835, 51.2094935 ], [ 4.5519355, 51.2093778 ], [ 4.5519288, 51.2092483 ], [ 4.5520003, 51.2090163 ], [ 4.5521981, 51.2084573 ], [ 4.5520003, 51.2081374 ], [ 4.5512679, 51.2083286 ], [ 4.5501108, 51.208631 ], [ 4.5492424, 51.2088641 ], [ 4.5481127, 51.2091683 ], [ 4.5469227, 51.2094887 ], [ 4.5455319, 51.2098528 ], [ 4.5435831, 51.2103588 ] ] ] } },
{ "type": "Feature", "properties": { "stop_id": "osm-way-678645006", "name": null }, "geometry": { "type": "Polygon", "coordinates": [ [ [ 4.5436316, 51.2098241 ], [ 4.5439032, 51.2097206 ], [ 4.5439673, 51.2096929 ], [ 4.5442952, 51.2095627 ], [ 4.5444257, 51.209502 ], [ 4.5445161, 51.2094387 ], [ 4.5446901, 51.2093177 ], [ 4.5451151, 51.2090059 ], [ 4.5455921, 51.2086449 ], [ 4.5460621, 51.2082906 ], [ 4.5464791, 51.2079622 ], [ 4.5464993, 51.2079442 ], [ 4.5464993, 51.2079289 ], [ 4.5465831, 51.2075479 ], [ 4.5467451, 51.2075056 ], [ 4.5473832, 51.207339 ], [ 4.5475728, 51.207281 ], [ 4.5477399, 51.2072476 ], [ 4.5478822, 51.2072877 ], [ 4.54794, 51.2073056 ], [ 4.5480911, 51.2072863 ], [ 4.548173, 51.2072538 ], [ 4.5483334, 51.2072382 ], [ 4.548775, 51.2072975 ], [ 4.5489864, 51.2072305 ], [ 4.5494614, 51.2071466 ], [ 4.5500564, 51.2069808 ], [ 4.5501224, 51.2069753 ], [ 4.5502542, 51.2069282 ], [ 4.5505463, 51.2069623 ], [ 4.5506248, 51.2070504 ], [ 4.5506155, 51.2071342 ], [ 4.5506325, 51.2072018 ], [ 4.5506282, 51.2072689 ], [ 4.5507845, 51.2074549 ], [ 4.5516202, 51.207501 ], [ 4.5522816, 51.2074854 ], [ 4.5526906, 51.2074386 ], [ 4.5528439, 51.207415 ], [ 4.5528758, 51.2074997 ], [ 4.5528895, 51.2075325 ], [ 4.5526821, 51.2075884 ], [ 4.5523055, 51.2076899 ], [ 4.5518545, 51.2078115 ], [ 4.5509944, 51.2080349 ], [ 4.5502654, 51.2082282 ], [ 4.5491704, 51.2085185 ], [ 4.547935, 51.208846 ], [ 4.5467804, 51.2091521 ], [ 4.546068, 51.209341 ], [ 4.5450965, 51.2095986 ], [ 4.5443866, 51.2097867 ], [ 4.5437657, 51.2099513 ], [ 4.5437546, 51.2099543 ], [ 4.5437454, 51.2099446 ], [ 4.5436634, 51.2098578 ], [ 4.5436316, 51.2098241 ] ] ] } },
{ "type": "Feature", "properties": { "stop_id": "osm-way-678645007", "name": null }, "geometry": { "type": "Polygon", "coordinates": [ [ [ 5.1448228, 51.0728323 ], [ 5.1447894, 51.0727498 ], [ 5.1508552, 51.0681672 ], [ 5.1511937, 51.0682423 ], [ 5.1510951, 51.068345 ], [ 5.150846, 51.0686042 ], [ 5.1505796, 51.0689212 ], [ 5.1501936, 51.0693807 ], [ 5.1495538, 51.0701849 ], [ 5.1493969, 51.0705475 ], [ 5.1493719, 51.0708037 ], [ 5.1493773, 51.070933 ], [ 5.1492408, 51.0711106 ], [ 5.1483403, 51.0717349 ], [ 5.1480919, 51.0719272 ], [ 5.1478746, 51.0719941 ], [ 5.1478125, 51.0720694 ], [ 5.1478613, 51.072231 ], [ 5.1477282, 51.0722489 ], [ 5.1474584, 51.0724401 ], [ 5.1472577, 51.0723553 ], [ 5.1470005, 51.0725288 ], [ 5.1468876, 51.0725563 ], [ 5.1467101, 51.0725675 ], [ 5.1461779, 51.0725912 ], [ 5.1456788, 51.0726191 ], [ 5.1454127, 51.0726483 ], [ 5.1452175, 51.0726776 ], [ 5.144998, 51.0727514 ], [ 5.1448228, 51.0728323 ] ] ] } },
{ "type": "Feature", "properties": { "stop_id": "osm-way-689429118", "name": "Dienstenzone Ruisbroek" }, "geometry": { "type": "Polygon", "coordinates": [ [ [ 4.3026924, 50.781805 ], [ 4.3027541, 50.7818016 ], [ 4.3028031, 50.7817995 ], [ 4.3030464, 50.780655 ], [ 4.303186, 50.7799521 ], [ 4.3031175, 50.7794808 ], [ 4.3027209, 50.7783225 ], [ 4.3024474, 50.777496 ], [ 4.3023169, 50.7764251 ], [ 4.3021989, 50.7758792 ], [ 4.3021534, 50.775696 ], [ 4.3018488, 50.7749799 ], [ 4.301173, 50.7749988 ], [ 4.2988961, 50.7742333 ], [ 4.2984438, 50.7738421 ], [ 4.2983392, 50.7738718 ], [ 4.2982882, 50.7738828 ], [ 4.2996186, 50.7758367 ], [ 4.2996037, 50.7758842 ], [ 4.2995864, 50.7759377 ], [ 4.3006325, 50.7775447 ], [ 4.3016678, 50.7795324 ], [ 4.3023705, 50.7810181 ], [ 4.3026924, 50.781805 ] ] ] } },
{ "type": "Feature", "properties": { "stop_id": "osm-way-689429129", "name": "Aire de Bierges" }, "geometry": { "type": "Polygon", "coordinates": [ [ [ 4.5819948, 50.7195658 ], [ 4.5819184, 50.7196074 ], [ 4.5820149, 50.719823 ], [ 4.5822564, 50.7201169 ], [ 4.5824941, 50.7202062 ], [ 4.5828143, 50.7202103 ], [ 4.5836393, 50.7203648 ], [ 4.5843458, 50.7203376 ], [ 4.5851987, 50.7199946 ], [ 4.585585, 50.7195837 ], [ 4.5854636, 50.7195195 ], [ 4.5855925, 50.7193651 ], [ 4.5860339, 50.718978 ], [ 4.5864094, 50.7185178 ], [ 4.5865874, 50.7181251 ], [ 4.5868617, 50.7176911 ], [ 4.5868889, 50.7176619 ], [ 4.5867088, 50.7176698 ], [ 4.5864996, 50.717787 ], [ 4.5857057, 50.7181113 ], [ 4.5844424, 50.7186021 ], [ 4.5819948, 50.7195658 ] ] ] } },
{ "type": "Feature", "properties": { "stop_id": "osm-way-694921312", "name": null }, "geometry": { "type": "Polygon", "coordinates": [ [ [ 4.753553, 51.2436466 ], [ 4.7564313, 51.2438336 ], [ 4.7576231, 51.243908 ], [ 4.7588516, 51.243991 ], [ 4.7593037, 51.2440177 ], [ 4.7593143, 51.2439925 ], [ 4.7593386, 51.2439349 ], [ 4.7584882, 51.2437663 ], [ 4.7580452, 51.243704 ], [ 4.7570689, 51.2435764 ], [ 4.7571327, 51.2431203 ], [ 4.7561569, 51.2430255 ], [ 4.7550678, 51.2430153 ], [ 4.7550948, 51.2435025 ], [ 4.7542302, 51.2435102 ], [ 4.7535295, 51.2435512 ], [ 4.753553, 51.2436466 ] ] ] } },
{ "type": "Feature", "properties": { "stop_id": "osm-way-694921313", "name": null }, "geometry": { "type": "Polygon", "coordinates": [ [ [ 4.7521234, 51.244016 ], [ 4.7539955, 51.2440597 ], [ 4.7564042, 51.2442074 ], [ 4.7585392, 51.2443586 ], [ 4.7599583, 51.2444825 ], [ 4.7608083, 51.2445567 ], [ 4.7608298, 51.2446877 ], [ 4.7603685, 51.2447112 ], [ 4.7591293, 51.2448959 ], [ 4.7578579, 51.2450168 ], [ 4.7568279, 51.245047 ], [ 4.7561359, 51.2450302 ], [ 4.7545266, 51.2447985 ], [ 4.7531319, 51.2444694 ], [ 4.7521126, 51.2441671 ], [ 4.7521234, 51.244016 ] ] ] } },
{ "type": "Feature", "properties": { "stop_id": "osm-way-694936223", "name": null }, "geometry": { "type": "Polygon", "coordinates": [ [ [ 4.9727096, 51.2985278 ], [ 4.9747172, 51.2986219 ], [ 4.9755448, 51.2986153 ], [ 4.9761612, 51.2985941 ], [ 4.9768732, 51.2985464 ], [ 4.977509, 51.2984813 ], [ 4.9784254, 51.2983643 ], [ 4.9792219, 51.2982398 ], [ 4.9792557, 51.2983159 ], [ 4.9786426, 51.2984094 ], [ 4.9785458, 51.2985299 ], [ 4.9780503, 51.2986003 ], [ 4.9780134, 51.2985977 ], [ 4.9779669, 51.2985809 ], [ 4.9779293, 51.2985204 ], [ 4.9775788, 51.2985626 ], [ 4.9769225, 51.2986264 ], [ 4.9763299, 51.2986671 ], [ 4.9756996, 51.2986867 ], [ 4.9750461, 51.2986952 ], [ 4.9742998, 51.2986847 ], [ 4.9735313, 51.2986531 ], [ 4.9728665, 51.2986181 ], [ 4.9726838, 51.2986085 ], [ 4.9727096, 51.2985278 ] ] ] } },
{ "type": "Feature", "properties": { "stop_id": "osm-way-700079604", "name": null }, "geometry": { "type": "Polygon", "coordinates": [ [ [ 4.8713098, 50.3258752 ], [ 4.8715719, 50.3259722 ], [ 4.8721221, 50.3247855 ], [ 4.8726768, 50.3235007 ], [ 4.8725654, 50.3234673 ], [ 4.8716482, 50.324311 ], [ 4.87138, 50.3246552 ], [ 4.8712673, 50.3256142 ], [ 4.8713098, 50.3258752 ] ] ] } },
{ "type": "Feature", "properties": { "stop_id": "osm-way-700103113", "name": "Dienstenzone Drongen-Noord" }, "geometry": { "type": "Polygon", "coordinates": [ [ [ 3.6399588, 51.0340628 ], [ 3.6398296, 51.0341087 ], [ 3.6388183, 51.0344055 ], [ 3.6369307, 51.0349283 ], [ 3.6369138, 51.034946 ], [ 3.6369172, 51.0349581 ], [ 3.6368067, 51.035002 ], [ 3.6366826, 51.0350513 ], [ 3.636379, 51.0350895 ], [ 3.6360708, 51.0351453 ], [ 3.6350873, 51.0354297 ], [ 3.6351518, 51.0354874 ], [ 3.6352464, 51.035572 ], [ 3.6353569, 51.0357136 ], [ 3.6355415, 51.0359261 ], [ 3.6357453, 51.036078 ], [ 3.6360672, 51.0361791 ], [ 3.6363912, 51.0362138 ], [ 3.6366139, 51.0362037 ], [ 3.6367921, 51.0361711 ], [ 3.6369791, 51.0361117 ], [ 3.6375002, 51.0358902 ], [ 3.6380105, 51.0360424 ], [ 3.6381997, 51.0361386 ], [ 3.6382505, 51.0362163 ], [ 3.6382966, 51.0362938 ], [ 3.6383631, 51.036331 ], [ 3.6385745, 51.0363841 ], [ 3.6391452, 51.0363103 ], [ 3.6391817, 51.0363001 ], [ 3.6405785, 51.03591 ], [ 3.6405645, 51.0357703 ], [ 3.6396445, 51.0350508 ], [ 3.6395744, 51.0349439 ], [ 3.6395978, 51.0348294 ], [ 3.6399994, 51.0342039 ], [ 3.6400792, 51.0341252 ], [ 3.6400201, 51.0340958 ], [ 3.6399836, 51.0340776 ], [ 3.6399588, 51.0340628 ] ] ] } },
{ "type": "Feature", "properties": { "stop_id": "osm-way-708633828", "name": "Noordelijke Dienstenzone Wetteren" }, "geometry": { "type": "Polygon", "coordinates": [ [ [ 3.8453885, 50.9690984 ], [ 3.8454146, 50.9691106 ], [ 3.8454967, 50.9690895 ], [ 3.8455844, 50.9690648 ], [ 3.8457419, 50.969174 ], [ 3.8455474, 50.9693631 ], [ 3.8455099, 50.9694493 ], [ 3.8454965, 50.9695734 ], [ 3.845534, 50.9697618 ], [ 3.8457271, 50.9700202 ], [ 3.8458157, 50.9700827 ], [ 3.8460551, 50.9702577 ], [ 3.8461255, 50.9703283 ], [ 3.8463097, 50.9704089 ], [ 3.8465814, 50.9705486 ], [ 3.846658, 50.9705589 ], [ 3.8467083, 50.9706515 ], [ 3.8466315, 50.9706889 ], [ 3.8465327, 50.9707446 ], [ 3.8457176, 50.9711086 ], [ 3.8446394, 50.9713417 ], [ 3.8433948, 50.9716862 ], [ 3.8425151, 50.9719193 ], [ 3.8419572, 50.9719632 ], [ 3.8410372, 50.9718906 ], [ 3.8407233, 50.971764 ], [ 3.8402808, 50.9715678 ], [ 3.8402434, 50.9715504 ], [ 3.8402326, 50.9715395 ], [ 3.842593, 50.970407 ], [ 3.8453885, 50.9690984 ] ] ] } },
{ "type": "Feature", "properties": { "stop_id": "osm-way-851905492", "name": "Rustplaats Gentbrugge-Zuid" }, "geometry": { "type": "Polygon", "coordinates": [ [ [ 3.7857918, 51.0422449 ], [ 3.7858867, 51.0423015 ], [ 3.7859696, 51.042351 ], [ 3.7859339, 51.0423984 ], [ 3.7859124, 51.0424172 ], [ 3.7857797, 51.042376 ], [ 3.7854426, 51.0422766 ], [ 3.7852131, 51.0422149 ], [ 3.7814512, 51.0413201 ], [ 3.7811671, 51.0412569 ], [ 3.7809719, 51.0412203 ], [ 3.7809799, 51.0412018 ], [ 3.7810022, 51.0411537 ], [ 3.7811882, 51.0411705 ], [ 3.7815056, 51.0411695 ], [ 3.7819621, 51.0411026 ], [ 3.7823827, 51.0410716 ], [ 3.7826221, 51.0410727 ], [ 3.7829851, 51.0410923 ], [ 3.7833279, 51.0411395 ], [ 3.7837257, 51.0412306 ], [ 3.7847487, 51.0414922 ], [ 3.7852326, 51.0416559 ], [ 3.785416, 51.04177 ], [ 3.7855058, 51.0418795 ], [ 3.7856048, 51.0420766 ], [ 3.7857918, 51.0422449 ] ] ] } },
{ "type": "Feature", "properties": { "stop_id": "osm-way-851905493", "name": "Rustplaats Gentbrugge-Noord" }, "geometry": { "type": "Polygon", "coordinates": [ [ [ 3.7862265, 51.0430769 ], [ 3.7865184, 51.0430958 ], [ 3.7865332, 51.0430539 ], [ 3.786542, 51.0430278 ], [ 3.7861087, 51.0429514 ], [ 3.7833188, 51.0422889 ], [ 3.7823248, 51.0420502 ], [ 3.7818797, 51.0419386 ], [ 3.7815589, 51.0418342 ], [ 3.7815395, 51.0418508 ], [ 3.7814937, 51.0418899 ], [ 3.7816377, 51.0419638 ], [ 3.7818059, 51.0420986 ], [ 3.7819277, 51.0422935 ], [ 3.7820346, 51.042442 ], [ 3.7821232, 51.0425371 ], [ 3.7822486, 51.0425951 ], [ 3.7829681, 51.0428085 ], [ 3.7837724, 51.0430196 ], [ 3.7842557, 51.0431147 ], [ 3.7846689, 51.043168 ], [ 3.7849354, 51.0431954 ], [ 3.7853264, 51.0431838 ], [ 3.7858061, 51.0431049 ], [ 3.7860075, 51.0430833 ], [ 3.7862265, 51.0430769 ] ] ] } },
{ "type": "Feature", "properties": { "stop_id": "osm-way-855558392", "name": null }, "geometry": { "type": "Polygon", "coordinates": [ [ [ 4.9776978, 51.2979224 ], [ 4.9776968, 51.2978885 ], [ 4.9777036, 51.297798 ], [ 4.9773656, 51.2977892 ], [ 4.97682, 51.2977899 ], [ 4.9761987, 51.297797 ], [ 4.9756187, 51.2978212 ], [ 4.9749215, 51.2978631 ], [ 4.9748486, 51.2977612 ], [ 4.9742924, 51.2978207 ], [ 4.9741861, 51.2979379 ], [ 4.9738016, 51.2979791 ], [ 4.9731162, 51.2980744 ], [ 4.9726403, 51.2981295 ], [ 4.9726655, 51.2982 ], [ 4.9733116, 51.2981369 ], [ 4.9739601, 51.2980678 ], [ 4.9747501, 51.2979812 ], [ 4.9753367, 51.2979401 ], [ 4.9759553, 51.2979149 ], [ 4.9766059, 51.2979067 ], [ 4.9772331, 51.2979105 ], [ 4.9776978, 51.2979224 ] ] ] } },
{ "type": "Feature", "properties": { "stop_id": "osm-way-907143624", "name": null }, "geometry": { "type": "Polygon", "coordinates": [ [ [ 6.0912026, 50.2007175 ], [ 6.0913271, 50.2005992 ], [ 6.0914129, 50.2005717 ], [ 6.0914263, 50.2004378 ], [ 6.0913646, 50.200388 ], [ 6.0913658, 50.2003622 ], [ 6.0913673, 50.2003313 ], [ 6.0912203, 50.2002951 ], [ 6.0912026, 50.2007175 ] ] ] } },
{ "type": "Feature", "properties": { "stop_id": "osm-way-913332398", "name": null }, "geometry": { "type": "Polygon", "coordinates": [ [ [ 6.0867655, 50.7044196 ], [ 6.0866593, 50.7041035 ], [ 6.0865898, 50.7039012 ], [ 6.0865484, 50.7037795 ], [ 6.0866513, 50.7038284 ], [ 6.0870186, 50.7038682 ], [ 6.0870941, 50.7038818 ], [ 6.0872868, 50.7037219 ], [ 6.0874208, 50.7037711 ], [ 6.0875412, 50.7037697 ], [ 6.087673, 50.7038468 ], [ 6.087732, 50.7039122 ], [ 6.0878728, 50.7038995 ], [ 6.0880512, 50.7043895 ], [ 6.0880633, 50.7044414 ], [ 6.0876458, 50.7044231 ], [ 6.0875241, 50.7044602 ], [ 6.087154, 50.7044372 ], [ 6.0870632, 50.7043599 ], [ 6.0869384, 50.7043495 ], [ 6.0868141, 50.7043748 ], [ 6.0867655, 50.7044196 ] ] ] } },
{ "type": "Feature", "properties": { "stop_id": "osm-way-952264512", "name": "Dienstenzone Groot Bijgaarden-Noord" }, "geometry": { "type": "Polygon", "coordinates": [ [ [ 4.2559892, 50.8804039 ], [ 4.2541659, 50.880673 ], [ 4.2509581, 50.8810542 ], [ 4.2507154, 50.8811504 ], [ 4.2504387, 50.8811974 ], [ 4.2502613, 50.8813563 ], [ 4.2507351, 50.881575 ], [ 4.251309, 50.8819784 ], [ 4.2514094, 50.8819481 ], [ 4.2515415, 50.8819482 ], [ 4.2516366, 50.8819711 ], [ 4.2516954, 50.8820053 ], [ 4.2517814, 50.8821024 ], [ 4.2520847, 50.8823309 ], [ 4.25279, 50.8826143 ], [ 4.2532389, 50.8826323 ], [ 4.2536522, 50.8827222 ], [ 4.2541959, 50.8825406 ], [ 4.2546898, 50.8823364 ], [ 4.2553673, 50.8820052 ], [ 4.2556541, 50.8818034 ], [ 4.2558847, 50.8815278 ], [ 4.2565022, 50.8811547 ], [ 4.2567666, 50.8809609 ], [ 4.2567037, 50.8809093 ], [ 4.2566697, 50.8808748 ], [ 4.2565805, 50.8809107 ], [ 4.2565074, 50.8809271 ], [ 4.2564492, 50.8809251 ], [ 4.2563893, 50.8809185 ], [ 4.2563234, 50.8808909 ], [ 4.2562708, 50.8808577 ], [ 4.2562467, 50.8808124 ], [ 4.2562369, 50.8807941 ], [ 4.2562323, 50.8807854 ], [ 4.2562402, 50.8807333 ], [ 4.2562705, 50.8806906 ], [ 4.2564216, 50.8805798 ], [ 4.2565496, 50.8804992 ], [ 4.2567472, 50.8804184 ], [ 4.2569244, 50.8803672 ], [ 4.2569046, 50.8803323 ], [ 4.2569098, 50.8803061 ], [ 4.2568262, 50.8802594 ], [ 4.2559892, 50.8804039 ] ] ] } },
{ "type": "Feature", "properties": { "stop_id": "osm-way-965000826", "name": "Heverlee Noord" }, "geometry": { "type": "Polygon", "coordinates": [ [ [ 4.6560887, 50.8540748 ], [ 4.6560992, 50.854118 ], [ 4.6561283, 50.8542177 ], [ 4.6571349, 50.8546532 ], [ 4.6571664, 50.8550407 ], [ 4.6571947, 50.8550856 ], [ 4.6572317, 50.8551408 ], [ 4.6573726, 50.8551041 ], [ 4.6574038, 50.8551542 ], [ 4.657436, 50.8551463 ], [ 4.657471, 50.8551377 ], [ 4.6581978, 50.8549588 ], [ 4.6583292, 50.8549264 ], [ 4.6594327, 50.8546544 ], [ 4.6598457, 50.8544851 ], [ 4.6600603, 50.8543445 ], [ 4.6601427, 50.8542349 ], [ 4.6603906, 50.8541874 ], [ 4.6605195, 50.8541405 ], [ 4.6606466, 50.8538778 ], [ 4.660869, 50.8538255 ], [ 4.661295, 50.8535579 ], [ 4.6610722, 50.8532959 ], [ 4.6612242, 50.8530787 ], [ 4.6613313, 50.8528634 ], [ 4.6613512, 50.8528235 ], [ 4.6612945, 50.8527826 ], [ 4.66117, 50.8527168 ], [ 4.656179, 50.8539816 ], [ 4.6560887, 50.8540748 ] ] ] } },
{ "type": "Feature", "properties": { "stop_id": "osm-way-965000827", "name": "Heverlee Zuid" }, "geometry": { "type": "Polygon", "coordinates": [ [ [ 4.660853, 50.852063 ], [ 4.6607599, 50.8521882 ], [ 4.656601, 50.8532333 ], [ 4.6559877, 50.8532049 ], [ 4.6561285, 50.8528564 ], [ 4.6561757, 50.852631 ], [ 4.6561408, 50.8524678 ], [ 4.6558707, 50.8520329 ], [ 4.6580355, 50.8514884 ], [ 4.658381, 50.8514165 ], [ 4.6585294, 50.851427 ], [ 4.658679, 50.8514654 ], [ 4.6588096, 50.8515349 ], [ 4.6588922, 50.8516061 ], [ 4.6594044, 50.8514873 ], [ 4.659624, 50.8515881 ], [ 4.6597502, 50.8516461 ], [ 4.6597948, 50.8516358 ], [ 4.6599257, 50.8516057 ], [ 4.6602548, 50.851756 ], [ 4.6604362, 50.8518389 ], [ 4.660853, 50.852063 ] ] ] } },
{ "type": "Feature", "properties": { "stop_id": "osm-way-967633475", "name": "Dienstenzone Mannekensvere Noord" }, "geometry": { "type": "Polygon", "coordinates": [ [ [ 2.8208356, 51.1361149 ], [ 2.8223123, 51.1359124 ], [ 2.8223052, 51.1358872 ], [ 2.8222972, 51.1358679 ], [ 2.8221845, 51.1357896 ], [ 2.8208918, 51.1355261 ], [ 2.8196301, 51.1352441 ], [ 2.8180803, 51.1348974 ], [ 2.8179969, 51.1349732 ], [ 2.8179769, 51.1349914 ], [ 2.8182347, 51.135223 ], [ 2.8183519, 51.1353259 ], [ 2.8185522, 51.1354935 ], [ 2.8187076, 51.135613 ], [ 2.8190052, 51.1356995 ], [ 2.8194095, 51.1358115 ], [ 2.8208356, 51.1361149 ] ] ] } },
{ "type": "Feature", "properties": { "stop_id": "osm-way-967633476", "name": "Dienstenzone Mannekensvere Zuid" }, "geometry": { "type": "Polygon", "coordinates": [ [ [ 2.8203891, 51.1348987 ], [ 2.8203536, 51.1349074 ], [ 2.8202254, 51.1349389 ], [ 2.8187266, 51.1345723 ], [ 2.817528, 51.134274 ], [ 2.8162997, 51.1339599 ], [ 2.816238, 51.1338784 ], [ 2.8161969, 51.1338241 ], [ 2.8169835, 51.1337334 ], [ 2.8176374, 51.1336703 ], [ 2.8177713, 51.1336942 ], [ 2.8195338, 51.1341622 ], [ 2.8198258, 51.134305 ], [ 2.8200894, 51.1344683 ], [ 2.8201897, 51.1346105 ], [ 2.8203105, 51.1347982 ], [ 2.8203891, 51.1348987 ] ] ] } },
{ "type": "Feature", "properties": { "stop_id": "osm-way-987794560", "name": null }, "geometry": { "type": "Polygon", "coordinates": [ [ [ 4.8861084, 50.3164181 ], [ 4.8862572, 50.3163544 ], [ 4.8861371, 50.3162399 ], [ 4.8859883, 50.3163035 ], [ 4.8861084, 50.3164181 ] ] ] } },
{ "type": "Feature", "properties": { "stop_id": "osm-way-1005353439", "name": "Minderhout" }, "geometry": { "type": "Polygon", "coordinates": [ [ [ 4.7052531, 51.4208431 ], [ 4.705156, 51.4208598 ], [ 4.7049634, 51.4208903 ], [ 4.7048843, 51.4207641 ], [ 4.7047958, 51.4206687 ], [ 4.7045584, 51.4206068 ], [ 4.703979, 51.4204011 ], [ 4.7036894, 51.4204053 ], [ 4.7021256, 51.4206336 ], [ 4.7014417, 51.4193423 ], [ 4.7014001, 51.419221 ], [ 4.7015959, 51.4189576 ], [ 4.7017997, 51.4186766 ], [ 4.7020894, 51.4182902 ], [ 4.7023912, 51.4178787 ], [ 4.7027734, 51.4173476 ], [ 4.7031056, 51.4172524 ], [ 4.7033983, 51.4171745 ], [ 4.7052531, 51.4208431 ] ] ] } },
{ "type": "Feature", "properties": { "stop_id": "osm-way-1005353440", "name": "Minderhout" }, "geometry": { "type": "Polygon", "coordinates": [ [ [ 4.7057533, 51.418639 ], [ 4.705866, 51.418608 ], [ 4.7077811, 51.4182818 ], [ 4.7086796, 51.4185762 ], [ 4.7091646, 51.4195211 ], [ 4.7101763, 51.4208251 ], [ 4.7090699, 51.4212232 ], [ 4.7073553, 51.4216823 ], [ 4.7072808, 51.4216949 ], [ 4.7057533, 51.418639 ] ] ] } },
{ "type": "Feature", "properties": { "stop_id": "osm-way-1010044669", "name": "Grenzrastplatz Aire frontalière de Lichtenbusch" }, "geometry": { "type": "Polygon", "coordinates": [ [ [ 6.1225598, 50.7195164 ], [ 6.1225699, 50.7195013 ], [ 6.1206984, 50.7186313 ], [ 6.1203544, 50.7184714 ], [ 6.1203556, 50.7184524 ], [ 6.1172797, 50.7170185 ], [ 6.1171671, 50.7170534 ], [ 6.1170544, 50.7170882 ], [ 6.1170593, 50.7171315 ], [ 6.1169869, 50.717269 ], [ 6.117129, 50.7174762 ], [ 6.11729, 50.7175628 ], [ 6.1175217, 50.718379 ], [ 6.1176252, 50.7184901 ], [ 6.1177728, 50.7185803 ], [ 6.1191419, 50.7192226 ], [ 6.1191628, 50.7192313 ], [ 6.1192191, 50.7192415 ], [ 6.1192822, 50.7192374 ], [ 6.1193535, 50.719177 ], [ 6.1194505, 50.7191523 ], [ 6.1196034, 50.7191354 ], [ 6.1199333, 50.7191124 ], [ 6.1200057, 50.719126 ], [ 6.1201115, 50.7191546 ], [ 6.1210587, 50.7196005 ], [ 6.1212153, 50.7196313 ], [ 6.1213826, 50.719628 ], [ 6.1221179, 50.7195531 ], [ 6.1222588, 50.7195548 ], [ 6.1225632, 50.7195913 ], [ 6.1225598, 50.7195164 ] ] ] } },
{ "type": "Feature", "properties": { "stop_id": "osm-way-1025593410", "name": "Kruibeke-Zuid" }, "geometry": { "type": "Polygon", "coordinates": [ [ [ 4.291065, 51.1846829 ], [ 4.2911595, 51.184795 ], [ 4.2912126, 51.1847771 ], [ 4.2912729, 51.1847588 ], [ 4.2912122, 51.1846577 ], [ 4.291209, 51.184617 ], [ 4.291208, 51.1845902 ], [ 4.2912167, 51.1845221 ], [ 4.2913016, 51.1844836 ], [ 4.2915253, 51.1844008 ], [ 4.2913834, 51.1842984 ], [ 4.2907035, 51.1838075 ], [ 4.2903844, 51.183643 ], [ 4.2891202, 51.1830272 ], [ 4.288174, 51.1827382 ], [ 4.2877751, 51.1826385 ], [ 4.2874584, 51.1826466 ], [ 4.2872574, 51.1826567 ], [ 4.2871825, 51.1827936 ], [ 4.2870517, 51.1828099 ], [ 4.2864191, 51.1827555 ], [ 4.2860959, 51.1826987 ], [ 4.2860571, 51.1827555 ], [ 4.2860293, 51.1828008 ], [ 4.2862424, 51.1828553 ], [ 4.2864918, 51.182889 ], [ 4.2867993, 51.182926 ], [ 4.2872455, 51.1829798 ], [ 4.2873957, 51.1830689 ], [ 4.2875003, 51.1831731 ], [ 4.2875486, 51.1832908 ], [ 4.2876023, 51.1833396 ], [ 4.2877364, 51.1833858 ], [ 4.2882701, 51.1835581 ], [ 4.2884311, 51.1836792 ], [ 4.2886295, 51.1837599 ], [ 4.2890506, 51.1837801 ], [ 4.2893885, 51.1839161 ], [ 4.2895629, 51.1841215 ], [ 4.291065, 51.1846829 ] ] ] } },
{ "type": "Feature", "properties": { "stop_id": "osm-way-1025593411", "name": "Kruibeke-Noord" }, "geometry": { "type": "Polygon", "coordinates": [ [ [ 4.2921037, 51.1856753 ], [ 4.2920806, 51.1857308 ], [ 4.2919847, 51.1859143 ], [ 4.2914395, 51.1858369 ], [ 4.2911673, 51.1859879 ], [ 4.2908354, 51.1859363 ], [ 4.2905501, 51.1858765 ], [ 4.2899089, 51.1856755 ], [ 4.289383, 51.1854785 ], [ 4.2884893, 51.185052 ], [ 4.2879354, 51.1847443 ], [ 4.2877676, 51.1846273 ], [ 4.2874939, 51.1843538 ], [ 4.2874366, 51.1842432 ], [ 4.2874149, 51.184208 ], [ 4.287281, 51.1839254 ], [ 4.2872007, 51.1838078 ], [ 4.2873029, 51.1837771 ], [ 4.2873562, 51.183758 ], [ 4.2892737, 51.1845275 ], [ 4.2905143, 51.1850219 ], [ 4.2916408, 51.1855037 ], [ 4.2921037, 51.1856753 ] ] ] } },
{ "type": "Feature", "properties": { "stop_id": "osm-way-1025769524", "name": "Nazareth-Noord" }, "geometry": { "type": "Polygon", "coordinates": [ [ [ 3.6155155, 50.9746073 ], [ 3.6155537, 50.9746185 ], [ 3.6156125, 50.9746379 ], [ 3.6156552, 50.9746388 ], [ 3.6156817, 50.9746407 ], [ 3.6157832, 50.9746092 ], [ 3.6164433, 50.9744066 ], [ 3.616815, 50.9742998 ], [ 3.6172967, 50.9743341 ], [ 3.617525, 50.9740096 ], [ 3.6167225, 50.9737506 ], [ 3.6151457, 50.9732757 ], [ 3.6138137, 50.9728843 ], [ 3.6115542, 50.9721954 ], [ 3.6113085, 50.972309 ], [ 3.6112554, 50.9724078 ], [ 3.6116815, 50.9735847 ], [ 3.6137218, 50.9742026 ], [ 3.6139696, 50.9742768 ], [ 3.6142782, 50.9743693 ], [ 3.6144893, 50.9744325 ], [ 3.6146367, 50.9744767 ], [ 3.6147389, 50.9745073 ], [ 3.6147782, 50.9745191 ], [ 3.6153211, 50.9746817 ], [ 3.6155155, 50.9746073 ] ] ] } },
{ "type": "Feature", "properties": { "stop_id": "osm-way-1041715487", "name": null }, "geometry": { "type": "Polygon", "coordinates": [ [ [ 4.5048478, 50.0631199 ], [ 4.5048264, 50.0630071 ], [ 4.5048197, 50.0628814 ], [ 4.5048344, 50.0627291 ], [ 4.5051321, 50.0610821 ], [ 4.5051777, 50.0609099 ], [ 4.5052502, 50.0607222 ], [ 4.5053383, 50.0605758 ], [ 4.5053226, 50.060569 ], [ 4.5052055, 50.0605216 ], [ 4.5050588, 50.0604622 ], [ 4.5047741, 50.0607575 ], [ 4.5047083, 50.0610167 ], [ 4.5048934, 50.0612112 ], [ 4.5047513, 50.0619551 ], [ 4.5045353, 50.0620687 ], [ 4.5044982, 50.0621424 ], [ 4.5044348, 50.062315 ], [ 4.504416, 50.0624803 ], [ 4.504422, 50.0626438 ], [ 4.5044455, 50.0628969 ], [ 4.5044938, 50.0631432 ], [ 4.504709, 50.063129 ], [ 4.5048341, 50.0631208 ], [ 4.5048478, 50.0631199 ] ] ] } },
{ "type": "Feature", "properties": { "stop_id": "osm-way-1044077153", "name": null }, "geometry": { "type": "Polygon", "coordinates": [ [ [ 3.5570665, 50.7411594 ], [ 3.5571575, 50.7412249 ], [ 3.5573421, 50.7412868 ], [ 3.5575964, 50.7413456 ], [ 3.5578236, 50.7413679 ], [ 3.5579458, 50.7411614 ], [ 3.5578345, 50.7411334 ], [ 3.5577512, 50.7411404 ], [ 3.5570665, 50.7411594 ] ] ] } },
{ "type": "Feature", "properties": { "stop_id": "osm-way-1088208088", "name": "Rastplatz Drei Hütten" }, "geometry": { "type": "Polygon", "coordinates": [ [ [ 6.1687085, 50.2538012 ], [ 6.1687602, 50.2532594 ], [ 6.1688045, 50.2529985 ], [ 6.16881, 50.2526998 ], [ 6.1690464, 50.2523268 ], [ 6.169471, 50.2517967 ], [ 6.1698273, 50.2515677 ], [ 6.1705068, 50.2511803 ], [ 6.1705552, 50.2512204 ], [ 6.1706039, 50.2512604 ], [ 6.1705388, 50.2513198 ], [ 6.1702862, 50.2516738 ], [ 6.1695094, 50.2527762 ], [ 6.1689663, 50.2535434 ], [ 6.1689031, 50.2536982 ], [ 6.1688058, 50.2537497 ], [ 6.1687085, 50.2538012 ] ] ] } },
{ "type": "Feature", "properties": { "stop_id": "osm-way-1111828395", "name": null }, "geometry": { "type": "Polygon", "coordinates": [ [ [ 4.0994601, 50.314455 ], [ 4.0995738, 50.3144153 ], [ 4.0996511, 50.3143975 ], [ 4.0998399, 50.3143783 ], [ 4.1000824, 50.3143797 ], [ 4.1003055, 50.3142454 ], [ 4.0999901, 50.3139932 ], [ 4.0982113, 50.3129998 ], [ 4.097692, 50.3133862 ], [ 4.0977778, 50.313452 ], [ 4.0977886, 50.3135095 ], [ 4.0977521, 50.3135548 ], [ 4.0977359, 50.3135771 ], [ 4.0976856, 50.3136466 ], [ 4.0977113, 50.3137603 ], [ 4.0977928, 50.3138658 ], [ 4.0984356, 50.3142138 ], [ 4.0988786, 50.3144536 ], [ 4.0990009, 50.3145194 ], [ 4.0991339, 50.3145263 ], [ 4.0993442, 50.314492 ], [ 4.0994601, 50.314455 ] ] ] } },
{ "type": "Feature", "properties": { "stop_id": "osm-way-1112913701", "name": "Aire de Besonrieux" }, "geometry": { "type": "Polygon", "coordinates": [ [ [ 4.1796725, 50.5133469 ], [ 4.179761, 50.5132152 ], [ 4.1798061, 50.513151 ], [ 4.1798503, 50.5130882 ], [ 4.1798666, 50.5130665 ], [ 4.1800893, 50.5127401 ], [ 4.1801063, 50.5127023 ], [ 4.1801717, 50.5126632 ], [ 4.1802419, 50.5126211 ], [ 4.1798475, 50.5122316 ], [ 4.1798599, 50.5121499 ], [ 4.1798658, 50.5120205 ], [ 4.1796331, 50.5117544 ], [ 4.1791078, 50.5113134 ], [ 4.1783615, 50.5108693 ], [ 4.1781199, 50.510722 ], [ 4.1770372, 50.5101657 ], [ 4.176765, 50.510052 ], [ 4.1767349, 50.510041 ], [ 4.1765641, 50.5099787 ], [ 4.1765294, 50.509966 ], [ 4.1755376, 50.5096119 ], [ 4.1750763, 50.5094618 ], [ 4.174993, 50.5095742 ], [ 4.1749415, 50.5096314 ], [ 4.174889, 50.5096898 ], [ 4.1748684, 50.5097106 ], [ 4.1748186, 50.5101626 ], [ 4.1748115, 50.5101727 ], [ 4.1747383, 50.5102237 ], [ 4.1746727, 50.5102694 ], [ 4.1746516, 50.5103797 ], [ 4.1749332, 50.5106631 ], [ 4.1752545, 50.510988 ], [ 4.1754106, 50.5111548 ], [ 4.1755018, 50.5112674 ], [ 4.1756198, 50.5113219 ], [ 4.1761831, 50.5116494 ], [ 4.1770264, 50.5122076 ], [ 4.1776814, 50.5125634 ], [ 4.1784559, 50.512907 ], [ 4.1796725, 50.5133469 ] ] ] } },
{ "type": "Feature", "properties": { "stop_id": "osm-way-1136952420", "name": "Parking Kalken (Zuid)" }, "geometry": { "type": "Polygon", "coordinates": [ [ [ 3.9169047, 51.0704291 ], [ 3.9169039, 51.0703868 ], [ 3.9169061, 51.0703403 ], [ 3.9169869, 51.0701628 ], [ 3.9170757, 51.0701313 ], [ 3.9178383, 51.0700367 ], [ 3.9189268, 51.0694198 ], [ 3.918628, 51.0689728 ], [ 3.9186472, 51.0689319 ], [ 3.9186665, 51.068891 ], [ 3.9191, 51.0689625 ], [ 3.9191129, 51.0689307 ], [ 3.9195745, 51.068984 ], [ 3.9210897, 51.0690988 ], [ 3.9211912, 51.0691052 ], [ 3.9213061, 51.0691125 ], [ 3.9231779, 51.0692453 ], [ 3.9232087, 51.069272 ], [ 3.923332, 51.0693832 ], [ 3.9237424, 51.0697634 ], [ 3.9242494, 51.0698523 ], [ 3.923878, 51.0700916 ], [ 3.9236533, 51.0702701 ], [ 3.9236132, 51.0703056 ], [ 3.9235446, 51.0703714 ], [ 3.923486, 51.0705281 ], [ 3.9235145, 51.0705388 ], [ 3.9238235, 51.0706208 ], [ 3.9238668, 51.0707189 ], [ 3.923869, 51.0708136 ], [ 3.9236916, 51.0707913 ], [ 3.9234919, 51.0707384 ], [ 3.9234499, 51.0707674 ], [ 3.9234147, 51.0707978 ], [ 3.9233974, 51.0708578 ], [ 3.9229147, 51.07081 ], [ 3.9220173, 51.0707498 ], [ 3.9210837, 51.0706959 ], [ 3.9201665, 51.070642 ], [ 3.918837, 51.070555 ], [ 3.9169066, 51.0704531 ], [ 3.9169047, 51.0704291 ] ] ] } },
{ "type": "Feature", "properties": { "stop_id": "osm-way-1136952421", "name": "Parking Kalken (Noord)" }, "geometry": { "type": "Polygon", "coordinates": [ [ [ 3.917882, 51.0725588 ], [ 3.9178373, 51.072432 ], [ 3.9178442, 51.0723829 ], [ 3.9179206, 51.0723103 ], [ 3.9178864, 51.0721916 ], [ 3.9174656, 51.0713484 ], [ 3.9172867, 51.0713326 ], [ 3.9171482, 51.0709821 ], [ 3.917213, 51.0709085 ], [ 3.9172567, 51.0708693 ], [ 3.9173479, 51.0708746 ], [ 3.9177676, 51.0708987 ], [ 3.9239705, 51.0712841 ], [ 3.9239857, 51.0713378 ], [ 3.9239979, 51.0713777 ], [ 3.9240771, 51.0716058 ], [ 3.9227778, 51.0717491 ], [ 3.9226254, 51.0720677 ], [ 3.9220787, 51.0726506 ], [ 3.92186, 51.0729254 ], [ 3.9214513, 51.072885 ], [ 3.9211112, 51.0732664 ], [ 3.9181495, 51.0730917 ], [ 3.9179381, 51.0726784 ], [ 3.917882, 51.0725588 ] ] ] } },
{ "type": "Feature", "properties": { "stop_id": "osm-way-1136958826", "name": "Rustplaats Waasmunster-Noord" }, "geometry": { "type": "Polygon", "coordinates": [ [ [ 4.1063304, 51.1309984 ], [ 4.1061316, 51.1311775 ], [ 4.107272, 51.1314981 ], [ 4.1080177, 51.1317069 ], [ 4.1080445, 51.1317515 ], [ 4.1085938, 51.1318515 ], [ 4.1093379, 51.131987 ], [ 4.109785, 51.1320316 ], [ 4.1105903, 51.1321004 ], [ 4.1115053, 51.1321147 ], [ 4.1130477, 51.1320131 ], [ 4.1130783, 51.1317439 ], [ 4.1130801, 51.1317063 ], [ 4.1130863, 51.1316746 ], [ 4.1130948, 51.1316541 ], [ 4.1118868, 51.1315249 ], [ 4.1094752, 51.1312597 ], [ 4.1080688, 51.1311085 ], [ 4.1068165, 51.1309707 ], [ 4.1064162, 51.1309283 ], [ 4.106377, 51.1309542 ], [ 4.1063304, 51.1309984 ] ] ] } },
{ "type": "Feature", "properties": { "stop_id": "osm-way-1136958827", "name": "Rustplaats Waasmunster-Zuid" }, "geometry": { "type": "Polygon", "coordinates": [ [ [ 4.1126904, 51.1312981 ], [ 4.1127013, 51.1312601 ], [ 4.1127112, 51.1312265 ], [ 4.1127528, 51.131015 ], [ 4.1115515, 51.1306412 ], [ 4.1105219, 51.1303752 ], [ 4.1090936, 51.1301376 ], [ 4.1072564, 51.1300838 ], [ 4.1060503, 51.1301731 ], [ 4.106015, 51.1304513 ], [ 4.1060129, 51.1304914 ], [ 4.1060122, 51.1305297 ], [ 4.1060072, 51.1305617 ], [ 4.1079239, 51.1307677 ], [ 4.112204, 51.1312348 ], [ 4.1126904, 51.1312981 ] ] ] } },
{ "type": "Feature", "properties": { "stop_id": "osm-way-1184086576", "name": "Honsem" }, "geometry": { "type": "Polygon", "coordinates": [ [ [ 4.8483584, 50.8178925 ], [ 4.8469019, 50.8184609 ], [ 4.8453919, 50.8190305 ], [ 4.8432782, 50.8197522 ], [ 4.842343, 50.8200623 ], [ 4.8423833, 50.8201206 ], [ 4.8424256, 50.8201724 ], [ 4.8425686, 50.8201362 ], [ 4.8426157, 50.8200953 ], [ 4.8428866, 50.8200335 ], [ 4.8432286, 50.8199869 ], [ 4.8435357, 50.8199674 ], [ 4.8437919, 50.8199708 ], [ 4.844296, 50.8199961 ], [ 4.8452831, 50.8200702 ], [ 4.8454294, 50.820058 ], [ 4.8455702, 50.8200352 ], [ 4.8456517, 50.8200476 ], [ 4.8462833, 50.8198298 ], [ 4.8462971, 50.8198064 ], [ 4.8468966, 50.8195904 ], [ 4.8470065, 50.8195183 ], [ 4.8471366, 50.8194031 ], [ 4.8472132, 50.8192959 ], [ 4.8474952, 50.8188847 ], [ 4.8478298, 50.8183967 ], [ 4.847936, 50.8182899 ], [ 4.8481156, 50.8181551 ], [ 4.8482671, 50.8180712 ], [ 4.8484408, 50.8179873 ], [ 4.8484025, 50.8179372 ], [ 4.8483584, 50.8178925 ] ] ] } },
{ "type": "Feature", "properties": { "stop_id": "osm-way-1209746992", "name": null }, "geometry": { "type": "Polygon", "coordinates": [ [ [ 5.1455302, 50.4477928 ], [ 5.1455784, 50.4477201 ], [ 5.145685, 50.4477589 ], [ 5.145685, 50.4478033 ], [ 5.1456495, 50.4478227 ], [ 5.1455302, 50.4477928 ] ] ] } },
{ "type": "Feature", "properties": { "stop_id": "osm-way-1221985529", "name": "Aire de Verlaine Nord" }, "geometry": { "type": "Polygon", "coordinates": [ [ [ 5.3007735, 50.5926406 ], [ 5.3007829, 50.592629 ], [ 5.3022538, 50.5927705 ], [ 5.3031266, 50.5928652 ], [ 5.3037388, 50.5929316 ], [ 5.3052302, 50.5931273 ], [ 5.3067119, 50.5933418 ], [ 5.3067324, 50.5933649 ], [ 5.3067755, 50.5934067 ], [ 5.3068966, 50.593529 ], [ 5.3064997, 50.5935705 ], [ 5.305931, 50.5937239 ], [ 5.3056871, 50.5938586 ], [ 5.3055397, 50.5940452 ], [ 5.305422, 50.5944287 ], [ 5.3049316, 50.5950404 ], [ 5.3047292, 50.595129 ], [ 5.3044076, 50.595122 ], [ 5.300922, 50.5946983 ], [ 5.2998863, 50.594212 ], [ 5.2994065, 50.593931 ], [ 5.2991442, 50.5937699 ], [ 5.2989717, 50.5936178 ], [ 5.2988317, 50.5934443 ], [ 5.2987245, 50.5932689 ], [ 5.2986949, 50.5930901 ], [ 5.2987467, 50.5927459 ], [ 5.2993723, 50.5927202 ], [ 5.2996369, 50.5927392 ], [ 5.3005013, 50.5928541 ], [ 5.3010372, 50.5930188 ], [ 5.3012938, 50.5930242 ], [ 5.3012767, 50.5929591 ], [ 5.3011484, 50.5928686 ], [ 5.3009741, 50.5927798 ], [ 5.3007333, 50.5926897 ], [ 5.3007534, 50.5926638 ], [ 5.3007735, 50.5926406 ] ] ] } },
{ "type": "Feature", "properties": { "stop_id": "osm-way-1225060087", "name": null }, "geometry": { "type": "Polygon", "coordinates": [ [ [ 4.6482792, 50.2940148 ], [ 4.6481297, 50.2939148 ], [ 4.6477468, 50.2935538 ], [ 4.6476861, 50.2933867 ], [ 4.6478892, 50.2934673 ], [ 4.6483889, 50.2939417 ], [ 4.6484426, 50.2940737 ], [ 4.6482792, 50.2940148 ] ] ] } },
{ "type": "Feature", "properties": { "stop_id": "osm-way-1240314131", "name": "Rastplatz Aire de Walhorner Heide" }, "geometry": { "type": "Polygon", "coordinates": [ [ [ 6.0555623, 50.6868794 ], [ 6.0578237, 50.6883332 ], [ 6.0578901, 50.6882957 ], [ 6.0579055, 50.6882869 ], [ 6.0579435, 50.688269 ], [ 6.0576774, 50.6880467 ], [ 6.0574602, 50.687864 ], [ 6.0575005, 50.6877678 ], [ 6.0573929, 50.6876544 ], [ 6.0573683, 50.6876285 ], [ 6.0572976, 50.6875678 ], [ 6.0557605, 50.6868054 ], [ 6.0556496, 50.6868459 ], [ 6.0555623, 50.6868794 ] ] ] } },
{ "type": "Feature", "properties": { "stop_id": "osm-way-1240314135", "name": "Rastplatz Aire de Walhorner Heide" }, "geometry": { "type": "Polygon", "coordinates": [ [ [ 6.0570191, 50.6883515 ], [ 6.05684, 50.6882392 ], [ 6.056591, 50.6880802 ], [ 6.0563407, 50.6879217 ], [ 6.0560757, 50.6877528 ], [ 6.055867, 50.6876171 ], [ 6.0556251, 50.6874576 ], [ 6.0553886, 50.6873014 ], [ 6.0551429, 50.6871379 ], [ 6.0549011, 50.6869725 ], [ 6.0547801, 50.6868881 ], [ 6.054668, 50.6868163 ], [ 6.0546381, 50.686833 ], [ 6.0545031, 50.6869084 ], [ 6.0554131, 50.6877821 ], [ 6.0559167, 50.6880961 ], [ 6.0567504, 50.6884596 ], [ 6.0569894, 50.6884632 ], [ 6.0571838, 50.6885538 ], [ 6.0571889, 50.6885509 ], [ 6.0572112, 50.6885304 ], [ 6.0570191, 50.6883515 ] ] ] } },
{ "type": "Feature", "properties": { "stop_id": "osm-way-1254077099", "name": null }, "geometry": { "type": "Polygon", "coordinates": [ [ [ 5.170432, 50.4083321 ], [ 5.170605, 50.4081979 ], [ 5.1705862, 50.4081962 ], [ 5.1705801, 50.4081902 ], [ 5.1705855, 50.4081654 ], [ 5.1706097, 50.4081197 ], [ 5.1706827, 50.4080586 ], [ 5.1708115, 50.4079778 ], [ 5.1709228, 50.4079218 ], [ 5.1710153, 50.4079013 ], [ 5.1710898, 50.407888 ], [ 5.1712279, 50.407856 ], [ 5.1712916, 50.4078423 ], [ 5.1713801, 50.4078338 ], [ 5.1714351, 50.4078312 ], [ 5.1714841, 50.4078389 ], [ 5.1714975, 50.407847 ], [ 5.1715001, 50.4078573 ], [ 5.1717087, 50.4078316 ], [ 5.1718348, 50.4078235 ], [ 5.1719648, 50.4078167 ], [ 5.1720279, 50.4078141 ], [ 5.1717938, 50.4077949 ], [ 5.1715518, 50.4077786 ], [ 5.1713935, 50.4077744 ], [ 5.1712688, 50.4077786 ], [ 5.171195, 50.4077872 ], [ 5.1710933, 50.4078121 ], [ 5.1709597, 50.4078449 ], [ 5.1708249, 50.4079004 ], [ 5.1707055, 50.4079603 ], [ 5.1705956, 50.40805 ], [ 5.1705057, 50.408156 ], [ 5.1704729, 50.4082034 ], [ 5.1704554, 50.4082641 ], [ 5.170446, 50.4082992 ], [ 5.170432, 50.4083321 ] ] ] } },
{ "type": "Feature", "properties": { "stop_id": "osm-way-1286257978", "name": "Aire de repos" }, "geometry": { "type": "Polygon", "coordinates": [ [ [ 5.0698614, 50.3516789 ], [ 5.0706692, 50.351015 ], [ 5.0707137, 50.3510232 ], [ 5.0707744, 50.3510345 ], [ 5.0708292, 50.3510207 ], [ 5.070858, 50.3510437 ], [ 5.0708849, 50.3510518 ], [ 5.0708291, 50.3511457 ], [ 5.0702093, 50.3515927 ], [ 5.0701725, 50.3515667 ], [ 5.069892, 50.3517509 ], [ 5.0698744, 50.3517094 ], [ 5.0698614, 50.3516789 ] ] ] } },
{ "type": "Feature", "properties": { "stop_id": "osm-way-1286257980", "name": "Aire de repos" }, "geometry": { "type": "Polygon", "coordinates": [ [ [ 5.0703834, 50.3508321 ], [ 5.0695552, 50.3515197 ], [ 5.0695372, 50.3514934 ], [ 5.0695063, 50.3514484 ], [ 5.0694858, 50.3514381 ], [ 5.0695851, 50.3513033 ], [ 5.0698587, 50.3510669 ], [ 5.0703546, 50.3506591 ], [ 5.0704436, 50.3507111 ], [ 5.0704145, 50.3507695 ], [ 5.0703834, 50.3508321 ] ] ] } },
{ "type": "Feature", "properties": { "stop_id": "osm-way-1287411771", "name": "Aire de repos" }, "geometry": { "type": "Polygon", "coordinates": [ [ [ 5.1252455, 50.3201217 ], [ 5.1252449, 50.3200684 ], [ 5.1252443, 50.3200256 ], [ 5.1252441, 50.320005 ], [ 5.1240862, 50.3204497 ], [ 5.1241251, 50.3204965 ], [ 5.1241438, 50.320519 ], [ 5.1241784, 50.3205606 ], [ 5.1252455, 50.3201217 ] ] ] } },
{ "type": "Feature", "properties": { "stop_id": "osm-way-1289202738", "name": null }, "geometry": { "type": "Polygon", "coordinates": [ [ [ 5.3700955, 50.1968255 ], [ 5.3701751, 50.1968409 ], [ 5.3702547, 50.1968562 ], [ 5.3703101, 50.1970608 ], [ 5.3703056, 50.1974616 ], [ 5.3700634, 50.1974695 ], [ 5.3699967, 50.1974737 ], [ 5.3700955, 50.1968255 ] ] ] } },
{ "type": "Feature", "properties": { "stop_id": "osm-way-1289736788", "name": null }, "geometry": { "type": "Polygon", "coordinates": [ [ [ 5.3750892, 50.1676968 ], [ 5.3750666, 50.167717 ], [ 5.3749658, 50.1676752 ], [ 5.3746869, 50.1675856 ], [ 5.3746899, 50.1675288 ], [ 5.3746684, 50.1674331 ], [ 5.3746399, 50.1673538 ], [ 5.3746458, 50.1673242 ], [ 5.3747711, 50.1673841 ], [ 5.3748046, 50.1673725 ], [ 5.3748562, 50.1673729 ], [ 5.3749079, 50.1673734 ], [ 5.3749333, 50.1673626 ], [ 5.3749859, 50.1673158 ], [ 5.3750592, 50.167342 ], [ 5.3751622, 50.1673463 ], [ 5.3752178, 50.1673705 ], [ 5.3752354, 50.1674172 ], [ 5.3752754, 50.1674546 ], [ 5.375299, 50.1674778 ], [ 5.37539, 50.1674709 ], [ 5.3754468, 50.1674436 ], [ 5.3754701, 50.1675173 ], [ 5.3754883, 50.1675366 ], [ 5.3755285, 50.1675434 ], [ 5.3755043, 50.1675683 ], [ 5.3755527, 50.1676005 ], [ 5.3754833, 50.1676468 ], [ 5.3754148, 50.1676451 ], [ 5.3753555, 50.1676835 ], [ 5.3752574, 50.1676527 ], [ 5.3752272, 50.1676729 ], [ 5.3751967, 50.1676933 ], [ 5.375156, 50.1676862 ], [ 5.37511, 50.167679 ], [ 5.3750892, 50.1676968 ] ] ] } },
{ "type": "Feature", "properties": { "stop_id": "osm-way-1308563385", "name": null }, "geometry": { "type": "Polygon", "coordinates": [ [ [ 4.6114967, 50.2940033 ], [ 4.611471, 50.2940474 ], [ 4.6119272, 50.2941475 ], [ 4.6128584, 50.2943519 ], [ 4.6134131, 50.2944736 ], [ 4.6132822, 50.2944265 ], [ 4.6131803, 50.2943604 ], [ 4.6129678, 50.2942426 ], [ 4.6120046, 50.2940285 ], [ 4.6114967, 50.2940033 ] ] ] } },
{ "type": "Feature", "properties": { "stop_id": "osm-way-1308604231", "name": null }, "geometry": { "type": "Polygon", "coordinates": [ [ [ 4.2857463, 50.2246645 ], [ 4.2862149, 50.2240414 ], [ 4.2862444, 50.2240143 ], [ 4.2862746, 50.2240066 ], [ 4.286343, 50.2240208 ], [ 4.2879574, 50.2245319 ], [ 4.2880194, 50.22456 ], [ 4.288061, 50.2245896 ], [ 4.2880931, 50.224621 ], [ 4.2881166, 50.2246501 ], [ 4.2881314, 50.2246836 ], [ 4.2881334, 50.2247149 ], [ 4.2881284, 50.2247353 ], [ 4.2881187, 50.2247492 ], [ 4.2880948, 50.2247636 ], [ 4.2880673, 50.2247726 ], [ 4.2880429, 50.2247769 ], [ 4.2880074, 50.2247758 ], [ 4.2862035, 50.2247098 ], [ 4.28611, 50.2246766 ], [ 4.2857463, 50.2246645 ] ] ] } },
{ "type": "Feature", "properties": { "stop_id": "osm-way-1308606471", "name": null }, "geometry": { "type": "Polygon", "coordinates": [ [ [ 4.2186022, 50.1869453 ], [ 4.2185978, 50.1868426 ], [ 4.2186038, 50.1867513 ], [ 4.2186175, 50.1865866 ], [ 4.2186353, 50.1865131 ], [ 4.2187043, 50.1863375 ], [ 4.2187308, 50.1862828 ], [ 4.2187705, 50.1862007 ], [ 4.2187889, 50.186173 ], [ 4.2188868, 50.1860415 ], [ 4.2187661, 50.1861202 ], [ 4.2186689, 50.1861988 ], [ 4.2185043, 50.1863417 ], [ 4.2184062, 50.1864573 ], [ 4.2183752, 50.1865139 ], [ 4.2183613, 50.1865893 ], [ 4.2183698, 50.1866376 ], [ 4.2184331, 50.1867692 ], [ 4.2184764, 50.1868595 ], [ 4.2185073, 50.1868844 ], [ 4.2186022, 50.1869453 ] ] ] } },
{ "type": "Feature", "properties": { "stop_id": "osm-way-1311199336", "name": null }, "geometry": { "type": "Polygon", "coordinates": [ [ [ 5.1737966, 50.16862 ], [ 5.1740539, 50.1686763 ], [ 5.1746732, 50.1682184 ], [ 5.1747918, 50.1679155 ], [ 5.1745731, 50.1676836 ], [ 5.1740755, 50.167651 ], [ 5.1739723, 50.1680586 ], [ 5.1737443, 50.168472 ], [ 5.1737966, 50.16862 ] ] ] } },
{ "type": "Feature", "properties": { "stop_id": "osm-way-1318889131", "name": "Aire de Hélécine" }, "geometry": { "type": "Polygon", "coordinates": [ [ [ 4.9519003, 50.7540869 ], [ 4.9517992, 50.7541166 ], [ 4.9516981, 50.7541462 ], [ 4.9516641, 50.7541326 ], [ 4.9531306, 50.7527131 ], [ 4.9545971, 50.7512935 ], [ 4.9546421, 50.7513128 ], [ 4.954679, 50.7513145 ], [ 4.9547158, 50.7513162 ], [ 4.9545802, 50.7514654 ], [ 4.9545286, 50.7515222 ], [ 4.9540286, 50.7520029 ], [ 4.9534584, 50.7525571 ], [ 4.9530749, 50.7529229 ], [ 4.9519003, 50.7540869 ] ] ] } },
{ "type": "Feature", "properties": { "stop_id": "osm-way-1318889132", "name": "Tienen" }, "geometry": { "type": "Polygon", "coordinates": [ [ [ 4.9507493, 50.754118 ], [ 4.9540785, 50.7509701 ], [ 4.9540003, 50.7509057 ], [ 4.953922, 50.7508414 ], [ 4.9534338, 50.7509806 ], [ 4.9534719, 50.7509074 ], [ 4.9504232, 50.7538601 ], [ 4.9504566, 50.7539568 ], [ 4.950629, 50.7541002 ], [ 4.9506892, 50.7541091 ], [ 4.9507493, 50.754118 ] ] ] } },
{ "type": "Feature", "properties": { "stop_id": "osm-way-1327258327", "name": "Aire de Bastogne" }, "geometry": { "type": "Polygon", "coordinates": [ [ [ 5.7083502, 50.0422892 ], [ 5.7081991, 50.0422 ], [ 5.7081422, 50.0422175 ], [ 5.7083795, 50.0425013 ], [ 5.7086533, 50.0428269 ], [ 5.7091116, 50.0433319 ], [ 5.7097312, 50.044005 ], [ 5.710264, 50.04457 ], [ 5.7107887, 50.045109 ], [ 5.7112686, 50.0455547 ], [ 5.7113052, 50.0455338 ], [ 5.7112785, 50.0454573 ], [ 5.7112518, 50.0453809 ], [ 5.7083502, 50.0422892 ] ] ] } },
{ "type": "Feature", "properties": { "stop_id": "osm-way-1327521618", "name": "Aire de Cronchamps" }, "geometry": { "type": "Polygon", "coordinates": [ [ [ 5.9954131, 50.4616261 ], [ 5.9955862, 50.4616944 ], [ 5.9956556, 50.4617117 ], [ 5.9985795, 50.4588156 ], [ 5.998519, 50.4588051 ], [ 5.9984058, 50.4587854 ], [ 5.9981516, 50.4589128 ], [ 5.9979477, 50.4591331 ], [ 5.9973657, 50.4596846 ], [ 5.9968722, 50.4601883 ], [ 5.9963652, 50.4607108 ], [ 5.9959012, 50.4611531 ], [ 5.9954131, 50.4616261 ] ] ] } },
{ "type": "Feature", "properties": { "stop_id": "osm-way-1327521620", "name": "Aire de Cronchamps" }, "geometry": { "type": "Polygon", "coordinates": [ [ [ 5.999557, 50.458516 ], [ 5.9994916, 50.4584864 ], [ 5.9994348, 50.4584654 ], [ 5.9989108, 50.4589672 ], [ 5.9983918, 50.4594768 ], [ 5.9963907, 50.4614883 ], [ 5.9965378, 50.4615467 ], [ 5.9988742, 50.4594568 ], [ 5.9994149, 50.4588923 ], [ 5.999557, 50.458516 ] ] ] } },
{ "type": "Feature", "properties": { "stop_id": "osm-way-1327521625", "name": "Rastplatz Emmelser Wald" }, "geometry": { "type": "Polygon", "coordinates": [ [ [ 6.0848063, 50.316287 ], [ 6.0849277, 50.3162728 ], [ 6.0850387, 50.3162598 ], [ 6.0851714, 50.3164285 ], [ 6.0859975, 50.3177918 ], [ 6.086931, 50.3195044 ], [ 6.0870002, 50.3199908 ], [ 6.0868695, 50.3200078 ], [ 6.0867963, 50.3200173 ], [ 6.0848063, 50.316287 ] ] ] } },
{ "type": "Feature", "properties": { "stop_id": "osm-way-1327521626", "name": "Rastplatz Emmelser Wald" }, "geometry": { "type": "Polygon", "coordinates": [ [ [ 6.0861746, 50.3202374 ], [ 6.0863145, 50.3201702 ], [ 6.0863735, 50.3201419 ], [ 6.0842168, 50.3161637 ], [ 6.0841422, 50.3161618 ], [ 6.0840676, 50.3161598 ], [ 6.0840653, 50.3166134 ], [ 6.0846243, 50.3177849 ], [ 6.0858366, 50.3198812 ], [ 6.0861746, 50.3202374 ] ] ] } },
{ "type": "Feature", "properties": { "stop_id": "osm-way-1339863719", "name": null }, "geometry": { "type": "Polygon", "coordinates": [ [ [ 5.8266318, 50.6464615 ], [ 5.8272966, 50.646444 ], [ 5.8277326, 50.6461591 ], [ 5.827581, 50.6458367 ], [ 5.8274088, 50.6459508 ], [ 5.8275529, 50.6460461 ], [ 5.8271525, 50.6463084 ], [ 5.8270297, 50.6462399 ], [ 5.8266318, 50.6464615 ] ] ] } },
{ "type": "Feature", "properties": { "stop_id": "osm-way-1339876351", "name": null }, "geometry": { "type": "Polygon", "coordinates": [ [ [ 5.7986008, 50.6475396 ], [ 5.7982247, 50.6474147 ], [ 5.7982742, 50.6474672 ], [ 5.7980496, 50.6475525 ], [ 5.7982404, 50.6476418 ], [ 5.7983163, 50.6477741 ], [ 5.7985648, 50.6481842 ], [ 5.7984377, 50.6482154 ], [ 5.7985363, 50.6483778 ], [ 5.7989915, 50.6482876 ], [ 5.7989634, 50.6482377 ], [ 5.7988565, 50.6480562 ], [ 5.7986467, 50.6481109 ], [ 5.7986124, 50.6480581 ], [ 5.7984415, 50.6477515 ], [ 5.7984323, 50.647621 ], [ 5.7986008, 50.6475396 ] ] ] } },
{ "type": "Feature", "properties": { "stop_id": "osm-way-1339878664", "name": null }, "geometry": { "type": "Polygon", "coordinates": [ [ [ 5.7977035, 50.6463461 ], [ 5.7977822, 50.6463353 ], [ 5.7978595, 50.6465151 ], [ 5.7977844, 50.6465244 ], [ 5.7977889, 50.646577 ], [ 5.7971478, 50.6466672 ], [ 5.7970302, 50.6466456 ], [ 5.7969676, 50.6466059 ], [ 5.7966888, 50.6462812 ], [ 5.7967723, 50.6462607 ], [ 5.7967173, 50.6461537 ], [ 5.7966812, 50.6460575 ], [ 5.7968121, 50.6460394 ], [ 5.7967419, 50.6458578 ], [ 5.7966187, 50.6455875 ], [ 5.7967988, 50.6455512 ], [ 5.7967988, 50.6455175 ], [ 5.797199, 50.6454874 ], [ 5.7970776, 50.6447851 ], [ 5.7971623, 50.6447761 ], [ 5.7971819, 50.6449462 ], [ 5.7972066, 50.6450917 ], [ 5.797257, 50.6450973 ], [ 5.7973854, 50.6460328 ], [ 5.797118, 50.6460756 ], [ 5.7971684, 50.6461974 ], [ 5.797057, 50.6462171 ], [ 5.7971153, 50.6463499 ], [ 5.7972267, 50.6463302 ], [ 5.7972567, 50.6463833 ], [ 5.7976902, 50.6463137 ], [ 5.7977035, 50.6463461 ] ] ] } },
{ "type": "Feature", "properties": { "stop_id": "osm-way-1339895722", "name": null }, "geometry": { "type": "Polygon", "coordinates": [ [ [ 6.3033308, 50.4223861 ], [ 6.3031377, 50.4224135 ], [ 6.3025838, 50.4224152 ], [ 6.3024445, 50.4224259 ], [ 6.3027016, 50.422661 ], [ 6.301808, 50.423052 ], [ 6.3016069, 50.4228657 ], [ 6.3011348, 50.4230496 ], [ 6.3012543, 50.4231847 ], [ 6.3012948, 50.4231507 ], [ 6.3016383, 50.4233019 ], [ 6.3015742, 50.423361 ], [ 6.3016734, 50.4234372 ], [ 6.3018522, 50.4233662 ], [ 6.3018962, 50.4233699 ], [ 6.3019941, 50.42336 ], [ 6.3019896, 50.4232134 ], [ 6.3019806, 50.4231732 ], [ 6.3019129, 50.4231171 ], [ 6.3019016, 50.4230869 ], [ 6.3021362, 50.4229792 ], [ 6.3023054, 50.4231085 ], [ 6.3026955, 50.4228628 ], [ 6.3029978, 50.4226932 ], [ 6.3033406, 50.422515 ], [ 6.3033308, 50.4223861 ] ] ] } },
{ "type": "Feature", "properties": { "stop_id": "osm-way-1339895723", "name": null }, "geometry": { "type": "Polygon", "coordinates": [ [ [ 6.3012904, 50.4237537 ], [ 6.3012385, 50.4235195 ], [ 6.3011438, 50.4233255 ], [ 6.3014122, 50.4234706 ], [ 6.3015881, 50.4235884 ], [ 6.3016207, 50.4235924 ], [ 6.3017683, 50.4235243 ], [ 6.3018452, 50.4235841 ], [ 6.3016016, 50.4236876 ], [ 6.3014347, 50.4237465 ], [ 6.3012904, 50.4237537 ] ] ] } },
{ "type": "Feature", "properties": { "stop_id": "osm-way-1339901365", "name": null }, "geometry": { "type": "Polygon", "coordinates": [ [ [ 6.3008187, 50.4240547 ], [ 6.3007657, 50.4239412 ], [ 6.3006907, 50.4238088 ], [ 6.3005766, 50.4236919 ], [ 6.3001164, 50.4236025 ], [ 6.2998812, 50.4236485 ], [ 6.2996624, 50.4236183 ], [ 6.2992976, 50.4236336 ], [ 6.2991655, 50.4237598 ], [ 6.2991325, 50.4239689 ], [ 6.3000363, 50.4240057 ], [ 6.3000673, 50.4237099 ], [ 6.3001704, 50.4237165 ], [ 6.3001622, 50.4239873 ], [ 6.3005439, 50.4241043 ], [ 6.3008187, 50.4240547 ] ] ] } },
{ "type": "Feature", "properties": { "stop_id": "osm-way-1339901366", "name": null }, "geometry": { "type": "Polygon", "coordinates": [ [ [ 6.3004511, 50.4241805 ], [ 6.3009917, 50.4241385 ], [ 6.3009106, 50.4241811 ], [ 6.3008779, 50.4242146 ], [ 6.3008245, 50.4243023 ], [ 6.300467, 50.4243546 ], [ 6.3004511, 50.4241805 ] ] ] } },
{ "type": "Feature", "properties": { "stop_id": "osm-way-1340392308", "name": null }, "geometry": { "type": "Polygon", "coordinates": [ [ [ 5.3390152, 50.2235758 ], [ 5.3396348, 50.2230155 ], [ 5.3392245, 50.2230386 ], [ 5.3388892, 50.2230146 ], [ 5.3386317, 50.2230412 ], [ 5.338456, 50.2231656 ], [ 5.3384399, 50.223284 ], [ 5.3385594, 50.2234176 ], [ 5.3387913, 50.2235003 ], [ 5.3390152, 50.2235758 ] ] ] } },
{ "type": "Feature", "properties": { "stop_id": "osm-way-1347962552", "name": "Kruishoutem Frankrijk - Antwerpen" }, "geometry": { "type": "Polygon", "coordinates": [ [ [ 3.4786226, 50.8987625 ], [ 3.478866, 50.8987658 ], [ 3.4791268, 50.8987506 ], [ 3.4784777, 50.8975631 ], [ 3.4782169, 50.8971983 ], [ 3.4775681, 50.8965456 ], [ 3.4771299, 50.8961581 ], [ 3.4767479, 50.8963299 ], [ 3.4767061, 50.8963433 ], [ 3.4765318, 50.8963594 ], [ 3.4764587, 50.8963842 ], [ 3.4764191, 50.8963975 ], [ 3.4763521, 50.8964795 ], [ 3.4786226, 50.8987625 ] ] ] } },
{ "type": "Feature", "properties": { "stop_id": "osm-way-1347962553", "name": "Kruishoutem Antwerpen - Frankrijk" }, "geometry": { "type": "Polygon", "coordinates": [ [ [ 3.4755059, 50.8973914 ], [ 3.4757325, 50.897282 ], [ 3.4759789, 50.8971836 ], [ 3.4761482, 50.8971114 ], [ 3.4738523, 50.8947835 ], [ 3.4736605, 50.8948537 ], [ 3.4736076, 50.8948556 ], [ 3.4734727, 50.8948563 ], [ 3.4735546, 50.8951989 ], [ 3.4742707, 50.8963103 ], [ 3.4755059, 50.8973914 ] ] ] } },
{ "type": "Feature", "properties": { "stop_id": "osm-way-1381420499", "name": "Aire de Harre-Est" }, "geometry": { "type": "Polygon", "coordinates": [ [ [ 5.6739603, 50.3619063 ], [ 5.6740317, 50.3619209 ], [ 5.6741612, 50.3618846 ], [ 5.6753178, 50.361226 ], [ 5.67572, 50.3607122 ], [ 5.6760022, 50.3597152 ], [ 5.6760366, 50.3592958 ], [ 5.6758545, 50.3585835 ], [ 5.6758692, 50.3583875 ], [ 5.67579, 50.358387 ], [ 5.6756722, 50.3583864 ], [ 5.6751312, 50.3592557 ], [ 5.6744898, 50.3604701 ], [ 5.6741649, 50.3611692 ], [ 5.6738572, 50.3618881 ], [ 5.6739603, 50.3619063 ] ] ] } },
{ "type": "Feature", "properties": { "stop_id": "osm-way-1452454959", "name": null }, "geometry": { "type": "Polygon", "coordinates": [ [ [ 4.5085254, 50.156386 ], [ 4.5084396, 50.1563533 ], [ 4.5080319, 50.1563551 ], [ 4.5075982, 50.1558933 ], [ 4.5074657, 50.1557625 ], [ 4.5074445, 50.1557261 ], [ 4.5075759, 50.1556539 ], [ 4.5076993, 50.155513 ], [ 4.5085254, 50.156386 ] ] ] } },
{ "type": "Feature", "properties": { "stop_id": "osm-way-1454744398", "name": null }, "geometry": { "type": "Polygon", "coordinates": [ [ [ 4.3765588, 50.0355293 ], [ 4.3765593, 50.0355147 ], [ 4.3765602, 50.0354915 ], [ 4.3767935, 50.0354949 ], [ 4.3769947, 50.0354846 ], [ 4.3770551, 50.0354803 ], [ 4.3770587, 50.0355019 ], [ 4.3770606, 50.0355133 ], [ 4.3769679, 50.0355208 ], [ 4.3768499, 50.0355277 ], [ 4.3765588, 50.0355293 ] ] ] } },
{ "type": "Feature", "properties": { "stop_id": "osm-way-1458838727", "name": null }, "geometry": { "type": "Polygon", "coordinates": [ [ [ 4.4453306, 50.0479538 ], [ 4.4453157, 50.0479796 ], [ 4.4453003, 50.0480062 ], [ 4.4449805, 50.0479493 ], [ 4.4449913, 50.0479027 ], [ 4.4452783, 50.0479543 ], [ 4.4453306, 50.0479538 ] ] ] } },
{ "type": "Feature", "properties": { "stop_id": "osm-way-1502857614", "name": null }, "geometry": { "type": "Polygon", "coordinates": [ [ [ 4.7833384, 50.631512 ], [ 4.7832054, 50.6315331 ], [ 4.7831842, 50.6315484 ], [ 4.7831731, 50.6315651 ], [ 4.7831669, 50.6315885 ], [ 4.7831677, 50.6316005 ], [ 4.7831761, 50.6316195 ], [ 4.7831889, 50.6316347 ], [ 4.783252, 50.6316957 ], [ 4.7832686, 50.631673 ], [ 4.7832755, 50.631662 ], [ 4.7832874, 50.6316366 ], [ 4.7833117, 50.6315829 ], [ 4.7833198, 50.6315633 ], [ 4.7833271, 50.631548 ], [ 4.7833302, 50.6315401 ], [ 4.7833352, 50.6315252 ], [ 4.7833384, 50.631512 ] ] ] } },
{ "type": "Feature", "properties": { "stop_id": "osm-way-1540207934", "name": null }, "geometry": { "type": "Polygon", "coordinates": [ [ [ 5.7562834, 50.0953236 ], [ 5.7556316, 50.0947231 ], [ 5.7554251, 50.0946629 ], [ 5.755291, 50.0946956 ], [ 5.7549369, 50.0948521 ], [ 5.7556665, 50.0954613 ], [ 5.7562834, 50.0953236 ] ] ] } }
]
}
