{
"type": "FeatureCollection",
"name": "ch-discovered",
"crs": { "type": "name", "properties": { "name": "urn:ogc:def:crs:OGC:1.3:CRS84" } },
"features": [
{ "type": "Feature", "properties": { "stop_id": "osm-way-14009288", "name": "Rastplatz Baltenswil-Nord" }, "geometry": { "type": "Polygon", "coordinates": [ [ [ 8.6460958, 47.4239902 ], [ 8.6461143, 47.4239584 ], [ 8.6461485, 47.423898 ], [ 8.64795, 47.4239715 ], [ 8.6479613, 47.4240223 ], [ 8.6479767, 47.4240867 ], [ 8.6475352, 47.4241743 ], [ 8.6475067, 47.4241897 ], [ 8.647439, 47.4243355 ], [ 8.6473231, 47.4243322 ], [ 8.6473222, 47.4243542 ], [ 8.6469926, 47.4243386 ], [ 8.6468217, 47.4243062 ], [ 8.6467725, 47.4242483 ], [ 8.6465865, 47.4242423 ], [ 8.6463522, 47.4241 ], [ 8.6460958, 47.4239902 ] ] ] } },
{ "type": "Feature", "properties": { "stop_id": "osm-way-17124902", "name": "Rastplatz Gerenau" }, "geometry": { "type": "Polygon", "coordinates": [ [ [ 8.6718249, 47.2120811 ], [ 8.6718334, 47.2120224 ], [ 8.6718416, 47.2119804 ], [ 8.671849, 47.211956 ], [ 8.6718638, 47.2119266 ], [ 8.6718819, 47.2119001 ], [ 8.6722419, 47.2115177 ], [ 8.6724386, 47.2112934 ], [ 8.6726104, 47.2111856 ], [ 8.672172, 47.210865 ], [ 8.6711577, 47.2116371 ], [ 8.6715028, 47.2118227 ], [ 8.6717323, 47.2121058 ], [ 8.6717804, 47.212179 ], [ 8.6718249, 47.2120811 ] ] ] } },
{ "type": "Feature", "properties": { "stop_id": "osm-way-17503288", "name": "Herrlisberg Nord" }, "geometry": { "type": "Polygon", "coordinates": [ [ [ 8.6613691, 47.2209681 ], [ 8.6614611, 47.2209014 ], [ 8.6615042, 47.2208587 ], [ 8.6615479, 47.2207964 ], [ 8.661552, 47.2207885 ], [ 8.6615392, 47.2207776 ], [ 8.6615204, 47.2207615 ], [ 8.6615425, 47.2207448 ], [ 8.6615577, 47.2207232 ], [ 8.661568, 47.2207011 ], [ 8.6615662, 47.220557 ], [ 8.6615632, 47.2204903 ], [ 8.6615501, 47.220413 ], [ 8.6615064, 47.2203781 ], [ 8.6614725, 47.2203476 ], [ 8.6587846, 47.2218303 ], [ 8.6588715, 47.2218448 ], [ 8.6590247, 47.2218728 ], [ 8.6592081, 47.2219113 ], [ 8.65939, 47.2219278 ], [ 8.6595157, 47.2219624 ], [ 8.660386, 47.2214642 ], [ 8.6603612, 47.2213883 ], [ 8.6604902, 47.2212797 ], [ 8.6605203, 47.2212672 ], [ 8.6607115, 47.2214388 ], [ 8.6608933, 47.2213426 ], [ 8.6614592, 47.2210431 ], [ 8.6613691, 47.2209681 ] ] ] } },
{ "type": "Feature", "properties": { "stop_id": "osm-way-29200563", "name": "Raststätte Sankt Katharina Nord" }, "geometry": { "type": "Polygon", "coordinates": [ [ [ 8.3742318, 47.1197211 ], [ 8.3733868, 47.1193953 ], [ 8.3729966, 47.1192729 ], [ 8.3730189, 47.1191972 ], [ 8.3730294, 47.1191614 ], [ 8.3752648, 47.1191612 ], [ 8.3752757, 47.1192182 ], [ 8.3752831, 47.1192593 ], [ 8.3750864, 47.119495 ], [ 8.3748312, 47.1199888 ], [ 8.3742318, 47.1197211 ] ] ] } },
{ "type": "Feature", "properties": { "stop_id": "osm-way-29200565", "name": "Raststätte Sankt Katharina Süd" }, "geometry": { "type": "Polygon", "coordinates": [ [ [ 8.3736696, 47.118896 ], [ 8.3736659, 47.1188335 ], [ 8.3736632, 47.1187865 ], [ 8.3739485, 47.1187741 ], [ 8.3743618, 47.1186902 ], [ 8.3744266, 47.1186612 ], [ 8.3744911, 47.1186461 ], [ 8.3747056, 47.1185959 ], [ 8.3749461, 47.1185351 ], [ 8.3756289, 47.1185117 ], [ 8.3764151, 47.118411 ], [ 8.3765466, 47.1184363 ], [ 8.3767941, 47.1187847 ], [ 8.3767906, 47.118831 ], [ 8.3767873, 47.1188756 ], [ 8.3736696, 47.118896 ] ] ] } },
{ "type": "Feature", "properties": { "stop_id": "osm-way-30004425", "name": "Viamala Raststätte Thusis" }, "geometry": { "type": "Polygon", "coordinates": [ [ [ 9.4445268, 46.7129163 ], [ 9.4446383, 46.7124189 ], [ 9.4448986, 46.7117245 ], [ 9.4453646, 46.7117891 ], [ 9.4457772, 46.7118809 ], [ 9.4463302, 46.7120183 ], [ 9.4465502, 46.7120633 ], [ 9.4463407, 46.7124577 ], [ 9.4463288, 46.7124812 ], [ 9.4461652, 46.7127954 ], [ 9.4461396, 46.7128436 ], [ 9.4456565, 46.7132652 ], [ 9.4453557, 46.7133243 ], [ 9.4445268, 46.7129163 ] ] ] } },
{ "type": "Feature", "properties": { "stop_id": "osm-way-32526541", "name": "Crans-près-Céligny (côté Lac)" }, "geometry": { "type": "Polygon", "coordinates": [ [ [ 6.1951861, 46.3675242 ], [ 6.1954378, 46.3675958 ], [ 6.1956098, 46.3676636 ], [ 6.1957294, 46.3677673 ], [ 6.1958909, 46.3676915 ], [ 6.1959611, 46.3677378 ], [ 6.1961964, 46.3679822 ], [ 6.1966124, 46.3684209 ], [ 6.1966447, 46.3684668 ], [ 6.1966516, 46.3685185 ], [ 6.1965719, 46.3687062 ], [ 6.196543, 46.3687533 ], [ 6.1965681, 46.3688584 ], [ 6.1964232, 46.3688958 ], [ 6.1963897, 46.3688671 ], [ 6.1963176, 46.368798 ], [ 6.1962491, 46.3687287 ], [ 6.1961742, 46.3686375 ], [ 6.1960924, 46.3685494 ], [ 6.1959238, 46.3683763 ], [ 6.1957973, 46.3682463 ], [ 6.1956686, 46.3681177 ], [ 6.1955382, 46.3679894 ], [ 6.1954072, 46.3678623 ], [ 6.1953914, 46.3678467 ], [ 6.1953784, 46.3678302 ], [ 6.1952973, 46.3677219 ], [ 6.1951086, 46.3675633 ], [ 6.1951861, 46.3675242 ] ] ] } },
{ "type": "Feature", "properties": { "stop_id": "osm-way-32705236", "name": "Pierre Féline" }, "geometry": { "type": "Polygon", "coordinates": [ [ [ 6.1920599, 46.3657694 ], [ 6.1920553, 46.3657728 ], [ 6.1920089, 46.3658273 ], [ 6.1919216, 46.365803 ], [ 6.1916555, 46.365759 ], [ 6.1915914, 46.3657459 ], [ 6.1914598, 46.3656566 ], [ 6.1911612, 46.365454 ], [ 6.1910281, 46.3655466 ], [ 6.1907916, 46.3653867 ], [ 6.1908713, 46.3653412 ], [ 6.1909529, 46.3652946 ], [ 6.1908334, 46.3651745 ], [ 6.1907853, 46.3651261 ], [ 6.1906157, 46.3651924 ], [ 6.1906059, 46.3651858 ], [ 6.1903828, 46.3650357 ], [ 6.1905551, 46.3649652 ], [ 6.1903532, 46.3647987 ], [ 6.1902449, 46.3647094 ], [ 6.1901855, 46.3645421 ], [ 6.1903057, 46.3645078 ], [ 6.1905797, 46.3647087 ], [ 6.1906575, 46.3647705 ], [ 6.1907373, 46.3648316 ], [ 6.1917976, 46.3655472 ], [ 6.1920599, 46.3657694 ] ] ] } },
{ "type": "Feature", "properties": { "stop_id": "osm-way-39381681", "name": "Kriessern West" }, "geometry": { "type": "Polygon", "coordinates": [ [ [ 9.6207326, 47.3667108 ], [ 9.6207115, 47.3667246 ], [ 9.6206655, 47.3667545 ], [ 9.6198268, 47.3661763 ], [ 9.6197613, 47.3661744 ], [ 9.6192949, 47.3658485 ], [ 9.6193246, 47.3658293 ], [ 9.6191003, 47.3656695 ], [ 9.6191496, 47.3656387 ], [ 9.6191769, 47.3656217 ], [ 9.6207326, 47.3667108 ] ] ] } },
{ "type": "Feature", "properties": { "stop_id": "osm-way-39520103", "name": "Fuchsberg Süd" }, "geometry": { "type": "Polygon", "coordinates": [ [ [ 8.7497674, 47.1956021 ], [ 8.750098, 47.1955058 ], [ 8.7501267, 47.1954282 ], [ 8.750195, 47.1952439 ], [ 8.7514469, 47.1953598 ], [ 8.7521088, 47.1954251 ], [ 8.7523544, 47.1955114 ], [ 8.7523778, 47.1957283 ], [ 8.752386, 47.1958044 ], [ 8.7497674, 47.1956021 ] ] ] } },
{ "type": "Feature", "properties": { "stop_id": "osm-way-39520107", "name": "Fuchsberg Nord" }, "geometry": { "type": "Polygon", "coordinates": [ [ [ 8.7536712, 47.1962153 ], [ 8.7536717, 47.1963929 ], [ 8.7535867, 47.1963936 ], [ 8.753588, 47.1964646 ], [ 8.7524702, 47.1964728 ], [ 8.7523135, 47.1964524 ], [ 8.7516561, 47.1964196 ], [ 8.7515067, 47.1963516 ], [ 8.7511261, 47.1963259 ], [ 8.7509619, 47.1962416 ], [ 8.7506725, 47.1962108 ], [ 8.7505495, 47.1961122 ], [ 8.7504035, 47.1959797 ], [ 8.7503461, 47.1959492 ], [ 8.7502859, 47.195926 ], [ 8.7502239, 47.1959074 ], [ 8.7502287, 47.1958908 ], [ 8.750233, 47.1958562 ], [ 8.753075, 47.1961002 ], [ 8.7530785, 47.1962056 ], [ 8.7536712, 47.1962153 ] ] ] } },
{ "type": "Feature", "properties": { "stop_id": "osm-way-41176348", "name": "Wildhus Nord" }, "geometry": { "type": "Polygon", "coordinates": [ [ [ 9.2607164, 47.4232554 ], [ 9.2607424, 47.4232298 ], [ 9.2620521, 47.4223916 ], [ 9.2621608, 47.4224612 ], [ 9.2608082, 47.4233208 ], [ 9.2607164, 47.4232554 ] ] ] } },
{ "type": "Feature", "properties": { "stop_id": "osm-way-41176356", "name": "Wildhus Süd" }, "geometry": { "type": "Polygon", "coordinates": [ [ [ 9.2611684, 47.4223594 ], [ 9.2614994, 47.4221475 ], [ 9.2618649, 47.4219426 ], [ 9.2623281, 47.4217007 ], [ 9.2626506, 47.4215616 ], [ 9.2629081, 47.4216064 ], [ 9.2624596, 47.4218053 ], [ 9.2620275, 47.4220314 ], [ 9.2616551, 47.4222387 ], [ 9.2614226, 47.4223718 ], [ 9.2611684, 47.4223594 ] ] ] } },
{ "type": "Feature", "properties": { "stop_id": "osm-way-41258434", "name": "Rastplatz Kefikon Nord" }, "geometry": { "type": "Polygon", "coordinates": [ [ [ 8.8341148, 47.5533058 ], [ 8.8348933, 47.5535215 ], [ 8.8356932, 47.5537106 ], [ 8.8364849, 47.5538886 ], [ 8.836411, 47.5539424 ], [ 8.8371351, 47.554116 ], [ 8.8365362, 47.5541465 ], [ 8.8361999, 47.5541272 ], [ 8.8358666, 47.5540754 ], [ 8.8345047, 47.5537696 ], [ 8.8343619, 47.5537192 ], [ 8.8340183, 47.5534806 ], [ 8.8340828, 47.5533743 ], [ 8.8341148, 47.5533058 ] ] ] } },
{ "type": "Feature", "properties": { "stop_id": "osm-way-42253550", "name": "Rastplatz Sonnenberg West" }, "geometry": { "type": "Polygon", "coordinates": [ [ [ 7.7887453, 47.4720979 ], [ 7.7886677, 47.4720721 ], [ 7.7886261, 47.4720599 ], [ 7.7883874, 47.4721931 ], [ 7.7884626, 47.4719919 ], [ 7.7886468, 47.471872 ], [ 7.7892169, 47.4716574 ], [ 7.7895473, 47.4715401 ], [ 7.7897053, 47.4715106 ], [ 7.7898809, 47.4715301 ], [ 7.7899001, 47.4716099 ], [ 7.7899077, 47.4716466 ], [ 7.7893159, 47.4718793 ], [ 7.7887453, 47.4720979 ] ] ] } },
{ "type": "Feature", "properties": { "stop_id": "osm-way-45705238", "name": null }, "geometry": { "type": "Polygon", "coordinates": [ [ [ 7.5482547, 47.0576187 ], [ 7.5490379, 47.0576212 ], [ 7.5491992, 47.0577394 ], [ 7.5489841, 47.0577391 ], [ 7.5488543, 47.0578941 ], [ 7.5482261, 47.0576503 ], [ 7.5482547, 47.0576187 ] ] ] } },
{ "type": "Feature", "properties": { "stop_id": "osm-way-50436222", "name": "Rastplatz Suhr" }, "geometry": { "type": "Polygon", "coordinates": [ [ [ 8.1098179, 47.3809295 ], [ 8.109785, 47.3809402 ], [ 8.1095393, 47.381032 ], [ 8.109316, 47.3809317 ], [ 8.1091386, 47.380854 ], [ 8.1089747, 47.3807762 ], [ 8.1087096, 47.3804612 ], [ 8.1090915, 47.3801797 ], [ 8.1091307, 47.3801634 ], [ 8.1091797, 47.3801766 ], [ 8.1092266, 47.380193 ], [ 8.1098179, 47.3809295 ] ] ] } },
{ "type": "Feature", "properties": { "stop_id": "osm-way-77687417", "name": "Raststätte Pratteln" }, "geometry": { "type": "Polygon", "coordinates": [ [ [ 7.6981689, 47.5281904 ], [ 7.6982016, 47.5282466 ], [ 7.6985353, 47.528241 ], [ 7.6992375, 47.52831 ], [ 7.6994529, 47.5282972 ], [ 7.7000888, 47.5281637 ], [ 7.700437, 47.5280941 ], [ 7.7006361, 47.5280607 ], [ 7.7010249, 47.5280068 ], [ 7.701302, 47.5279222 ], [ 7.7016477, 47.5278356 ], [ 7.7026117, 47.5275939 ], [ 7.7027209, 47.5275339 ], [ 7.7031626, 47.5271116 ], [ 7.7032254, 47.5270749 ], [ 7.7032001, 47.5270374 ], [ 7.7031876, 47.5269646 ], [ 7.7032325, 47.5266325 ], [ 7.7030794, 47.5263009 ], [ 7.7025146, 47.5264381 ], [ 7.7015323, 47.5266711 ], [ 7.7014428, 47.5266965 ], [ 7.701349, 47.5266694 ], [ 7.7011572, 47.5266576 ], [ 7.7004489, 47.5268215 ], [ 7.7003611, 47.5267548 ], [ 7.7002889, 47.5267791 ], [ 7.7001977, 47.5268103 ], [ 7.6996552, 47.5269832 ], [ 7.699528, 47.5269367 ], [ 7.6988731, 47.5272093 ], [ 7.6979559, 47.5275898 ], [ 7.6979113, 47.5277951 ], [ 7.6979391, 47.5278358 ], [ 7.6981689, 47.5281904 ] ] ] } },
{ "type": "Feature", "properties": { "stop_id": "osm-way-79499424", "name": "Forrenberg Süd" }, "geometry": { "type": "Polygon", "coordinates": [ [ [ 8.7324891, 47.5255387 ], [ 8.7324539, 47.5257989 ], [ 8.7320514, 47.5257488 ], [ 8.7317456, 47.5257257 ], [ 8.7317069, 47.5258038 ], [ 8.7316926, 47.5258367 ], [ 8.7319659, 47.5258818 ], [ 8.7323938, 47.525935 ], [ 8.7328233, 47.5259997 ], [ 8.7332435, 47.5260679 ], [ 8.7336624, 47.5261442 ], [ 8.7341287, 47.5262374 ], [ 8.7346002, 47.5263393 ], [ 8.7352487, 47.5264943 ], [ 8.7358925, 47.5266602 ], [ 8.7366588, 47.5268722 ], [ 8.736684, 47.5268406 ], [ 8.7367339, 47.5267779 ], [ 8.7363942, 47.5266526 ], [ 8.7359681, 47.5265222 ], [ 8.7359117, 47.5264904 ], [ 8.7358842, 47.5264574 ], [ 8.7358769, 47.5264342 ], [ 8.7358749, 47.5264157 ], [ 8.7359162, 47.5260399 ], [ 8.7359301, 47.5259169 ], [ 8.735955, 47.525692 ], [ 8.7359229, 47.5256429 ], [ 8.7358542, 47.5256221 ], [ 8.7354797, 47.5256467 ], [ 8.7346503, 47.5256449 ], [ 8.7345666, 47.5256455 ], [ 8.7345301, 47.5256462 ], [ 8.7344614, 47.5256469 ], [ 8.7339525, 47.5256402 ], [ 8.7334852, 47.5256065 ], [ 8.7327195, 47.5255428 ], [ 8.7324891, 47.5255387 ] ] ] } },
{ "type": "Feature", "properties": { "stop_id": "osm-way-79499435", "name": "Forrenberg Nord" }, "geometry": { "type": "Polygon", "coordinates": [ [ [ 8.7321594, 47.5261267 ], [ 8.7321425, 47.5261959 ], [ 8.7321355, 47.5262242 ], [ 8.7322196, 47.5262526 ], [ 8.7322773, 47.5262865 ], [ 8.7323294, 47.5263263 ], [ 8.7323892, 47.5263959 ], [ 8.7325442, 47.5265833 ], [ 8.7325969, 47.5266308 ], [ 8.7326771, 47.5266776 ], [ 8.7326404, 47.5267765 ], [ 8.7326332, 47.5267974 ], [ 8.7334328, 47.5269523 ], [ 8.7334335, 47.52708 ], [ 8.7334336, 47.5270844 ], [ 8.7334735, 47.5271373 ], [ 8.7335049, 47.5271777 ], [ 8.7332709, 47.5272598 ], [ 8.7333004, 47.5273012 ], [ 8.7332966, 47.5273124 ], [ 8.733263, 47.527325 ], [ 8.733111, 47.5273693 ], [ 8.7329649, 47.5273983 ], [ 8.732934, 47.5274049 ], [ 8.732955, 47.5274342 ], [ 8.7329713, 47.527457 ], [ 8.7329866, 47.527501 ], [ 8.7331529, 47.5274686 ], [ 8.733531, 47.5273609 ], [ 8.7337941, 47.5272846 ], [ 8.7339085, 47.5273982 ], [ 8.7344908, 47.5273425 ], [ 8.734804, 47.5273037 ], [ 8.7352663, 47.5272462 ], [ 8.7353571, 47.5272199 ], [ 8.7357487, 47.5270766 ], [ 8.7358481, 47.5270518 ], [ 8.7358573, 47.5270177 ], [ 8.7358631, 47.5268888 ], [ 8.7356392, 47.5268291 ], [ 8.7349911, 47.5266643 ], [ 8.7345941, 47.5265703 ], [ 8.7340726, 47.526456 ], [ 8.7335625, 47.526353 ], [ 8.7331221, 47.5262739 ], [ 8.7326914, 47.5262021 ], [ 8.7321594, 47.5261267 ] ] ] } },
{ "type": "Feature", "properties": { "stop_id": "osm-way-80905202", "name": "Rastplatz Baltenswil Süd" }, "geometry": { "type": "Polygon", "coordinates": [ [ [ 8.6532718, 47.4233462 ], [ 8.6538462, 47.4232709 ], [ 8.6544137, 47.4231893 ], [ 8.6552259, 47.423061 ], [ 8.6553345, 47.4229577 ], [ 8.6545811, 47.4227155 ], [ 8.6537801, 47.422842 ], [ 8.6531822, 47.4232075 ], [ 8.6532273, 47.4232776 ], [ 8.6532718, 47.4233462 ] ] ] } },
{ "type": "Feature", "properties": { "stop_id": "osm-way-80905320", "name": null }, "geometry": { "type": "Polygon", "coordinates": [ [ [ 8.699246, 47.4483648 ], [ 8.6992346, 47.4483914 ], [ 8.6991483, 47.4483711 ], [ 8.6990714, 47.4483464 ], [ 8.698885, 47.4484441 ], [ 8.699336, 47.4489865 ], [ 8.699716, 47.4493564 ], [ 8.7002564, 47.4498141 ], [ 8.7009117, 47.4503553 ], [ 8.7011277, 47.4505235 ], [ 8.7012411, 47.4506241 ], [ 8.7013266, 47.4507878 ], [ 8.7013924, 47.4508265 ], [ 8.7016512, 47.4508225 ], [ 8.7016932, 47.4508162 ], [ 8.7017589, 47.450807 ], [ 8.7018553, 47.4507379 ], [ 8.7019599, 47.450612 ], [ 8.7020744, 47.4504325 ], [ 8.7021245, 47.4503371 ], [ 8.7021562, 47.4502364 ], [ 8.7021626, 47.4501301 ], [ 8.7021464, 47.4500342 ], [ 8.7021133, 47.4499552 ], [ 8.7020667, 47.4498817 ], [ 8.7019692, 47.4497822 ], [ 8.701761, 47.4495933 ], [ 8.7016357, 47.4494296 ], [ 8.7013477, 47.4489086 ], [ 8.7012997, 47.448861 ], [ 8.7012219, 47.4488344 ], [ 8.7010641, 47.4488555 ], [ 8.7009814, 47.4488467 ], [ 8.7009194, 47.4488252 ], [ 8.7008676, 47.4487919 ], [ 8.7007811, 47.4486956 ], [ 8.7007153, 47.448604 ], [ 8.700524, 47.4482112 ], [ 8.6999607, 47.4483012 ], [ 8.6997029, 47.4483388 ], [ 8.6992601, 47.4483346 ], [ 8.699246, 47.4483648 ] ] ] } },
{ "type": "Feature", "properties": { "stop_id": "osm-way-91649836", "name": "Wileroltigen" }, "geometry": { "type": "Polygon", "coordinates": [ [ [ 7.2250565, 46.9628943 ], [ 7.2254712, 46.9628184 ], [ 7.2261871, 46.9624888 ], [ 7.2274024, 46.9626531 ], [ 7.227403, 46.9626733 ], [ 7.2274149, 46.9627008 ], [ 7.2274271, 46.9627299 ], [ 7.2277095, 46.9630141 ], [ 7.2277379, 46.9630777 ], [ 7.2278811, 46.963225 ], [ 7.2279121, 46.9632518 ], [ 7.2279469, 46.9632771 ], [ 7.2279839, 46.9632978 ], [ 7.2280237, 46.9633128 ], [ 7.2280718, 46.9633237 ], [ 7.2281188, 46.9633311 ], [ 7.2284489, 46.9633704 ], [ 7.2285419, 46.9633886 ], [ 7.2287991, 46.9634503 ], [ 7.2287154, 46.9635271 ], [ 7.2286855, 46.9635546 ], [ 7.2280624, 46.9634929 ], [ 7.2273044, 46.9633982 ], [ 7.2266165, 46.9633029 ], [ 7.2257216, 46.9631727 ], [ 7.2251678, 46.9630888 ], [ 7.2250418, 46.963068 ], [ 7.2248234, 46.9630213 ], [ 7.2248226, 46.9629941 ], [ 7.22482, 46.9629001 ], [ 7.2250565, 46.9628943 ] ] ] } },
{ "type": "Feature", "properties": { "stop_id": "osm-way-93155713", "name": "Gurbrü" }, "geometry": { "type": "Polygon", "coordinates": [ [ [ 7.2093946, 46.9608352 ], [ 7.2095371, 46.9609723 ], [ 7.2096287, 46.9611479 ], [ 7.2096844, 46.9611343 ], [ 7.2097357, 46.9611217 ], [ 7.2100781, 46.9611698 ], [ 7.2108538, 46.9612771 ], [ 7.2111191, 46.9613139 ], [ 7.2112168, 46.9613462 ], [ 7.2113194, 46.9613677 ], [ 7.2113741, 46.9613721 ], [ 7.2114321, 46.9613725 ], [ 7.2115349, 46.9613675 ], [ 7.2116386, 46.9613499 ], [ 7.2117586, 46.961321 ], [ 7.2118371, 46.9612945 ], [ 7.2121022, 46.9612002 ], [ 7.2122178, 46.9611873 ], [ 7.2122597, 46.9610652 ], [ 7.2111203, 46.9609014 ], [ 7.2099709, 46.960749 ], [ 7.2094109, 46.9606813 ], [ 7.2094026, 46.9607413 ], [ 7.2093946, 46.9608352 ] ] ] } },
{ "type": "Feature", "properties": { "stop_id": "osm-way-104200676", "name": null }, "geometry": { "type": "Polygon", "coordinates": [ [ [ 9.5164761, 47.472314 ], [ 9.5164792, 47.4723054 ], [ 9.5164853, 47.4722885 ], [ 9.5165106, 47.4722186 ], [ 9.5169066, 47.4721314 ], [ 9.5172688, 47.4720889 ], [ 9.5177831, 47.4721828 ], [ 9.5183202, 47.4723732 ], [ 9.5191366, 47.4728597 ], [ 9.5190269, 47.4729676 ], [ 9.5190078, 47.4729889 ], [ 9.5188375, 47.4729426 ], [ 9.5186549, 47.4728955 ], [ 9.5184029, 47.4728087 ], [ 9.5179932, 47.4726826 ], [ 9.517579, 47.4725679 ], [ 9.5172061, 47.4724777 ], [ 9.5166918, 47.4723758 ], [ 9.5164761, 47.472314 ] ] ] } },
{ "type": "Feature", "properties": { "stop_id": "osm-way-107680867", "name": "Heidiland" }, "geometry": { "type": "Polygon", "coordinates": [ [ [ 9.5112445, 47.0125507 ], [ 9.5113174, 47.0125094 ], [ 9.5117829, 47.0122442 ], [ 9.5123888, 47.0119292 ], [ 9.5133015, 47.0112702 ], [ 9.514094, 47.0105672 ], [ 9.5141195, 47.0104813 ], [ 9.5141402, 47.0104117 ], [ 9.5138255, 47.0104023 ], [ 9.5137465, 47.0104595 ], [ 9.5128829, 47.0105241 ], [ 9.5119393, 47.0106193 ], [ 9.5116047, 47.010814 ], [ 9.511225, 47.0112427 ], [ 9.5110596, 47.0114376 ], [ 9.510902, 47.0116554 ], [ 9.510779, 47.0119343 ], [ 9.5107773, 47.0120578 ], [ 9.5108259, 47.012148 ], [ 9.5108369, 47.0121683 ], [ 9.5112445, 47.0125507 ] ] ] } },
{ "type": "Feature", "properties": { "stop_id": "osm-way-137215704", "name": "Raststätte Gunzgen Süd" }, "geometry": { "type": "Polygon", "coordinates": [ [ [ 7.8474942, 47.3107085 ], [ 7.8474627, 47.3107302 ], [ 7.8474193, 47.310758 ], [ 7.8452615, 47.3102589 ], [ 7.8451067, 47.3102104 ], [ 7.8451813, 47.3101725 ], [ 7.8452706, 47.3101272 ], [ 7.8454409, 47.3100993 ], [ 7.845703, 47.3100562 ], [ 7.8459089, 47.3099965 ], [ 7.8460006, 47.3099521 ], [ 7.8460399, 47.3099496 ], [ 7.846227, 47.3099902 ], [ 7.8464049, 47.309659 ], [ 7.8466332, 47.3096729 ], [ 7.8468166, 47.3097021 ], [ 7.8470281, 47.3097491 ], [ 7.8475054, 47.3099305 ], [ 7.8475073, 47.3099788 ], [ 7.8474691, 47.3100454 ], [ 7.8475158, 47.3100668 ], [ 7.8475577, 47.310086 ], [ 7.8476752, 47.3100651 ], [ 7.8478433, 47.3101585 ], [ 7.8479946, 47.310279 ], [ 7.848149, 47.3104334 ], [ 7.8482784, 47.3105665 ], [ 7.8478173, 47.3108175 ], [ 7.8477015, 47.3107914 ], [ 7.8475535, 47.3107427 ], [ 7.8474942, 47.3107085 ] ] ] } },
{ "type": "Feature", "properties": { "stop_id": "osm-way-159325351", "name": "Restoroute de la Gruyère" }, "geometry": { "type": "Polygon", "coordinates": [ [ [ 7.0846137, 46.6812207 ], [ 7.084841, 46.6812299 ], [ 7.0881617, 46.6827242 ], [ 7.0889451, 46.6830623 ], [ 7.0889832, 46.683272 ], [ 7.0889029, 46.6833638 ], [ 7.0890948, 46.6836771 ], [ 7.0892785, 46.6843277 ], [ 7.0879059, 46.6835955 ], [ 7.0873222, 46.6834954 ], [ 7.0834529, 46.6819309 ], [ 7.0825474, 46.6814102 ], [ 7.0835427, 46.6812745 ], [ 7.0846137, 46.6812207 ] ] ] } },
{ "type": "Feature", "properties": { "stop_id": "osm-way-159325362", "name": "La Joux des Ponts (Nord)" }, "geometry": { "type": "Polygon", "coordinates": [ [ [ 6.9560138, 46.6064215 ], [ 6.9565549, 46.606624 ], [ 6.9577024, 46.6071953 ], [ 6.9586094, 46.6077381 ], [ 6.9584639, 46.6078645 ], [ 6.9574251, 46.6074991 ], [ 6.9557429, 46.6069962 ], [ 6.9551459, 46.6068054 ], [ 6.9530418, 46.6055267 ], [ 6.9532506, 46.6053094 ], [ 6.9549675, 46.6059778 ], [ 6.9554751, 46.6062244 ], [ 6.9557506, 46.6062722 ], [ 6.9560138, 46.6064215 ] ] ] } },
{ "type": "Feature", "properties": { "stop_id": "osm-way-159325363", "name": "La Joux des Ponts (Sud)" }, "geometry": { "type": "Polygon", "coordinates": [ [ [ 6.9574029, 46.6067083 ], [ 6.9575572, 46.6066699 ], [ 6.9574846, 46.6064874 ], [ 6.9574574, 46.6063037 ], [ 6.9584591, 46.6068836 ], [ 6.9588269, 46.607044 ], [ 6.9590132, 46.60692 ], [ 6.958862, 46.6068017 ], [ 6.9590213, 46.6066205 ], [ 6.9589692, 46.6064179 ], [ 6.9586117, 46.606189 ], [ 6.9581726, 46.6060205 ], [ 6.957685, 46.6059553 ], [ 6.9572895, 46.6060468 ], [ 6.9556804, 46.6053756 ], [ 6.9555558, 46.6053574 ], [ 6.9553831, 46.6053649 ], [ 6.9549289, 46.6054518 ], [ 6.9547787, 46.605451 ], [ 6.954604, 46.6054076 ], [ 6.9545505, 46.6055066 ], [ 6.955211, 46.6057328 ], [ 6.9563836, 46.6062193 ], [ 6.9572838, 46.606622 ], [ 6.9574029, 46.6067083 ] ] ] } },
{ "type": "Feature", "properties": { "stop_id": "osm-way-163207896", "name": "Apfelwuhr" }, "geometry": { "type": "Polygon", "coordinates": [ [ [ 9.5472646, 46.9562981 ], [ 9.5470944, 46.9562454 ], [ 9.5470525, 46.956482 ], [ 9.5470755, 46.9567012 ], [ 9.5472225, 46.9571904 ], [ 9.5473263, 46.9575787 ], [ 9.5474852, 46.9581019 ], [ 9.5480374, 46.9586436 ], [ 9.5481883, 46.9585496 ], [ 9.5481951, 46.9583816 ], [ 9.5472646, 46.9562981 ] ] ] } },
{ "type": "Feature", "properties": { "stop_id": "osm-way-172567254", "name": "Rastplatz Kemptthal Nord" }, "geometry": { "type": "Polygon", "coordinates": [ [ [ 8.7008213, 47.451432 ], [ 8.7008734, 47.4513986 ], [ 8.7010576, 47.4515653 ], [ 8.7012081, 47.4516831 ], [ 8.7012622, 47.4517217 ], [ 8.7015782, 47.4519832 ], [ 8.7015323, 47.4520179 ], [ 8.7014874, 47.4520258 ], [ 8.7014477, 47.452019 ], [ 8.7013414, 47.4519851 ], [ 8.7012874, 47.4519875 ], [ 8.7012157, 47.451931 ], [ 8.7011436, 47.4519475 ], [ 8.7009711, 47.4518088 ], [ 8.7008543, 47.4516503 ], [ 8.7008257, 47.4515756 ], [ 8.7008213, 47.451432 ] ] ] } },
{ "type": "Feature", "properties": { "stop_id": "osm-way-174497113", "name": "Les Muéses" }, "geometry": { "type": "Polygon", "coordinates": [ [ [ 7.0928448, 46.7723143 ], [ 7.0929055, 46.772294 ], [ 7.0929649, 46.7722908 ], [ 7.0930633, 46.7722925 ], [ 7.0931517, 46.7722888 ], [ 7.0932545, 46.7726551 ], [ 7.093321, 46.7729288 ], [ 7.0934087, 46.7733221 ], [ 7.0934893, 46.7739294 ], [ 7.0934113, 46.773935 ], [ 7.0934177, 46.7740637 ], [ 7.0933842, 46.7741028 ], [ 7.0933545, 46.7740794 ], [ 7.0930129, 46.7741233 ], [ 7.092927, 46.7738135 ], [ 7.0929399, 46.7737648 ], [ 7.0929844, 46.7737573 ], [ 7.0930496, 46.7736556 ], [ 7.0930853, 46.7733505 ], [ 7.0930526, 46.7732349 ], [ 7.0930751, 46.7731777 ], [ 7.0930379, 46.7730381 ], [ 7.0930004, 46.7730191 ], [ 7.0929939, 46.7729864 ], [ 7.0930269, 46.7729466 ], [ 7.0930031, 46.7728208 ], [ 7.0929397, 46.7727668 ], [ 7.0929317, 46.7727289 ], [ 7.0929641, 46.772639 ], [ 7.0929405, 46.7725348 ], [ 7.0928729, 46.7724716 ], [ 7.0928048, 46.772348 ], [ 7.0928448, 46.7723143 ] ] ] } },
{ "type": "Feature", "properties": { "stop_id": "osm-way-185426460", "name": "Oftringen" }, "geometry": { "type": "Polygon", "coordinates": [ [ [ 7.9437038, 47.3157107 ], [ 7.9445931, 47.3158515 ], [ 7.9447505, 47.3158327 ], [ 7.945493, 47.3159043 ], [ 7.94569, 47.3159716 ], [ 7.9459801, 47.3162248 ], [ 7.9460777, 47.3162521 ], [ 7.9464997, 47.3163045 ], [ 7.9473787, 47.3167034 ], [ 7.9477046, 47.3168513 ], [ 7.9476328, 47.3169836 ], [ 7.9476042, 47.3170345 ], [ 7.9466925, 47.3167483 ], [ 7.9462347, 47.3165915 ], [ 7.944987, 47.3161852 ], [ 7.9436775, 47.3157437 ], [ 7.9437038, 47.3157107 ] ] ] } },
{ "type": "Feature", "properties": { "stop_id": "osm-way-185428178", "name": "Etoy" }, "geometry": { "type": "Polygon", "coordinates": [ [ [ 6.432497, 46.4800876 ], [ 6.4326995, 46.480209 ], [ 6.4335098, 46.480637 ], [ 6.4342893, 46.4810838 ], [ 6.4355006, 46.4818303 ], [ 6.4357598, 46.4820174 ], [ 6.4358944, 46.4819058 ], [ 6.4356581, 46.4816721 ], [ 6.4360115, 46.4813515 ], [ 6.435994, 46.481252 ], [ 6.4350384, 46.4806522 ], [ 6.4343068, 46.4801931 ], [ 6.4342475, 46.4801373 ], [ 6.4342562, 46.4800727 ], [ 6.4342843, 46.4800441 ], [ 6.4335711, 46.4797642 ], [ 6.4331387, 46.479592 ], [ 6.4326674, 46.4800335 ], [ 6.432497, 46.4800876 ] ] ] } },
{ "type": "Feature", "properties": { "stop_id": "osm-way-185428179", "name": "Etoy" }, "geometry": { "type": "Polygon", "coordinates": [ [ [ 6.4313114, 46.479972 ], [ 6.4313489, 46.4799978 ], [ 6.430157, 46.4807963 ], [ 6.4305401, 46.4810943 ], [ 6.4324854, 46.4808419 ], [ 6.4331503, 46.4811968 ], [ 6.4332344, 46.4812108 ], [ 6.4334386, 46.4812311 ], [ 6.4335418, 46.4812572 ], [ 6.4342318, 46.4815723 ], [ 6.4343658, 46.4814595 ], [ 6.434259, 46.4813857 ], [ 6.4339351, 46.4811873 ], [ 6.4327953, 46.4805375 ], [ 6.4314398, 46.4798802 ], [ 6.4313114, 46.479972 ] ] ] } },
{ "type": "Feature", "properties": { "stop_id": "osm-way-205826206", "name": null }, "geometry": { "type": "Polygon", "coordinates": [ [ [ 9.0929665, 47.4608588 ], [ 9.0929293, 47.4608496 ], [ 9.0928992, 47.4608388 ], [ 9.0928762, 47.4608225 ], [ 9.092858, 47.4608057 ], [ 9.0928436, 47.4607827 ], [ 9.0928399, 47.4607559 ], [ 9.0928437, 47.4607257 ], [ 9.0929044, 47.4605571 ], [ 9.0929181, 47.4605318 ], [ 9.0929414, 47.4605101 ], [ 9.0929679, 47.4604948 ], [ 9.0930013, 47.4604832 ], [ 9.0930314, 47.4604778 ], [ 9.0930646, 47.4604756 ], [ 9.0932533, 47.460436 ], [ 9.0934263, 47.4604487 ], [ 9.0938495, 47.4605102 ], [ 9.0961507, 47.460903 ], [ 9.0961548, 47.4609497 ], [ 9.0961541, 47.4610108 ], [ 9.0958318, 47.4610342 ], [ 9.0950186, 47.4611354 ], [ 9.0946983, 47.4611632 ], [ 9.0941562, 47.461091 ], [ 9.0929665, 47.4608588 ] ] ] } },
{ "type": "Feature", "properties": { "stop_id": "osm-way-205826207", "name": null }, "geometry": { "type": "Polygon", "coordinates": [ [ [ 9.0911335, 47.4597243 ], [ 9.0912533, 47.459815 ], [ 9.091516, 47.4598644 ], [ 9.0925193, 47.4600381 ], [ 9.0946866, 47.4604009 ], [ 9.0948519, 47.4604232 ], [ 9.094648, 47.4603158 ], [ 9.0947798, 47.4601064 ], [ 9.094583, 47.4599052 ], [ 9.0944754, 47.4597853 ], [ 9.0943848, 47.4597558 ], [ 9.0943623, 47.4597485 ], [ 9.0942822, 47.4596949 ], [ 9.0926405, 47.4595051 ], [ 9.0921542, 47.4597439 ], [ 9.0911335, 47.4597243 ] ] ] } },
{ "type": "Feature", "properties": { "stop_id": "osm-way-217836144", "name": "Münsingen" }, "geometry": { "type": "Polygon", "coordinates": [ [ [ 7.5418889, 46.8793533 ], [ 7.5421786, 46.87829 ], [ 7.5424334, 46.8775181 ], [ 7.5427473, 46.8767224 ], [ 7.5429538, 46.876543 ], [ 7.5430913, 46.8766009 ], [ 7.5431529, 46.8767105 ], [ 7.543155, 46.8768567 ], [ 7.543123, 46.8771303 ], [ 7.5429913, 46.8777972 ], [ 7.5428587, 46.8780031 ], [ 7.5425207, 46.8790893 ], [ 7.5423839, 46.8792668 ], [ 7.5420057, 46.8794002 ], [ 7.5418889, 46.8793533 ] ] ] } },
{ "type": "Feature", "properties": { "stop_id": "osm-way-255061849", "name": "Knonauer Amt" }, "geometry": { "type": "Polygon", "coordinates": [ [ [ 8.4381676, 47.2723739 ], [ 8.4386259, 47.2719321 ], [ 8.4390339, 47.2719132 ], [ 8.4392966, 47.2716363 ], [ 8.4393434, 47.27161 ], [ 8.440054, 47.2712116 ], [ 8.4401108, 47.2710982 ], [ 8.4400819, 47.2709916 ], [ 8.440025, 47.2709322 ], [ 8.439975, 47.2709239 ], [ 8.4398305, 47.2709709 ], [ 8.4393074, 47.2712007 ], [ 8.4390573, 47.2708509 ], [ 8.4389256, 47.2705519 ], [ 8.4383922, 47.2705447 ], [ 8.4381392, 47.270666 ], [ 8.4380867, 47.2706452 ], [ 8.4379747, 47.2706288 ], [ 8.4378682, 47.2706559 ], [ 8.4378015, 47.2707259 ], [ 8.4377225, 47.2707447 ], [ 8.437395, 47.271098 ], [ 8.4373877, 47.271188 ], [ 8.4374131, 47.2712291 ], [ 8.4373596, 47.2717378 ], [ 8.4373784, 47.271754 ], [ 8.437275, 47.2721886 ], [ 8.4373338, 47.2722008 ], [ 8.4375433, 47.2722443 ], [ 8.4381676, 47.2723739 ] ] ] } },
{ "type": "Feature", "properties": { "stop_id": "osm-way-255464092", "name": "Weinland West" }, "geometry": { "type": "Polygon", "coordinates": [ [ [ 8.6839883, 47.5816507 ], [ 8.6834747, 47.5816751 ], [ 8.6834311, 47.5817045 ], [ 8.6834224, 47.5817479 ], [ 8.6833258, 47.5817665 ], [ 8.6828705, 47.5817706 ], [ 8.6826007, 47.5816076 ], [ 8.6825861, 47.5815852 ], [ 8.6825401, 47.5815872 ], [ 8.6825166, 47.5814015 ], [ 8.682563, 47.5813994 ], [ 8.6825404, 47.5812251 ], [ 8.6824702, 47.5812092 ], [ 8.6825091, 47.5811253 ], [ 8.6824621, 47.581088 ], [ 8.6825627, 47.5808419 ], [ 8.6826526, 47.5805904 ], [ 8.6828189, 47.5805913 ], [ 8.6828148, 47.5811341 ], [ 8.6831233, 47.5811378 ], [ 8.6833405, 47.5811133 ], [ 8.6833204, 47.5810382 ], [ 8.6838421, 47.5812146 ], [ 8.6839628, 47.5813024 ], [ 8.6839896, 47.5814435 ], [ 8.6839937, 47.5814688 ], [ 8.6839883, 47.5816507 ] ] ] } },
{ "type": "Feature", "properties": { "stop_id": "osm-way-261750304", "name": "Glooten" }, "geometry": { "type": "Polygon", "coordinates": [ [ [ 7.9889676, 46.7197784 ], [ 7.9890097, 46.7197166 ], [ 7.9894692, 46.7196795 ], [ 7.9897611, 46.7197435 ], [ 7.9898531, 46.7197871 ], [ 7.9900483, 46.7198797 ], [ 7.9901296, 46.7199553 ], [ 7.9902357, 46.720062 ], [ 7.9910719, 46.7207212 ], [ 7.9909127, 46.7207987 ], [ 7.9889676, 46.7197784 ] ] ] } },
{ "type": "Feature", "properties": { "stop_id": "osm-way-273988891", "name": "Rastplatz Erstfeld" }, "geometry": { "type": "Polygon", "coordinates": [ [ [ 8.6540571, 46.8147769 ], [ 8.6537624, 46.8145429 ], [ 8.6546204, 46.8141179 ], [ 8.6556576, 46.8134281 ], [ 8.6558057, 46.8134728 ], [ 8.6555946, 46.8136667 ], [ 8.6554394, 46.8138066 ], [ 8.6552391, 46.8139747 ], [ 8.6550224, 46.8141446 ], [ 8.6547922, 46.8143128 ], [ 8.6546089, 46.8144474 ], [ 8.6542297, 46.8146957 ], [ 8.6541033, 46.8147752 ], [ 8.6540571, 46.8147769 ] ] ] } },
{ "type": "Feature", "properties": { "stop_id": "osm-way-276624216", "name": null }, "geometry": { "type": "Polygon", "coordinates": [ [ [ 7.2548022, 46.1975354 ], [ 7.2546282, 46.197508 ], [ 7.2545325, 46.1975087 ], [ 7.2544225, 46.1974893 ], [ 7.2542504, 46.1974564 ], [ 7.2541122, 46.1974217 ], [ 7.2539498, 46.1973494 ], [ 7.2531866, 46.1967324 ], [ 7.253093, 46.1966066 ], [ 7.2530606, 46.1965133 ], [ 7.2530606, 46.1963796 ], [ 7.2530228, 46.1963074 ], [ 7.2530073, 46.1960123 ], [ 7.2548022, 46.1975354 ] ] ] } },
{ "type": "Feature", "properties": { "stop_id": "osm-way-276625290", "name": null }, "geometry": { "type": "Polygon", "coordinates": [ [ [ 7.2597319, 46.2008749 ], [ 7.2597936, 46.2007876 ], [ 7.2597159, 46.2004739 ], [ 7.2595928, 46.2003483 ], [ 7.2588227, 46.1997842 ], [ 7.2586242, 46.1997239 ], [ 7.2583399, 46.1997029 ], [ 7.2582326, 46.1997582 ], [ 7.2597319, 46.2008749 ] ] ] } },
{ "type": "Feature", "properties": { "stop_id": "osm-way-276627766", "name": null }, "geometry": { "type": "Polygon", "coordinates": [ [ [ 7.4036595, 46.2434955 ], [ 7.4038714, 46.2435587 ], [ 7.4040617, 46.2436038 ], [ 7.4049482, 46.2436305 ], [ 7.4051426, 46.2436156 ], [ 7.4052374, 46.2435459 ], [ 7.4053225, 46.2434469 ], [ 7.4053734, 46.2434414 ], [ 7.4054908, 46.2435479 ], [ 7.4057894, 46.2434414 ], [ 7.4058928, 46.2433929 ], [ 7.4061969, 46.2432957 ], [ 7.4053895, 46.2431637 ], [ 7.4051787, 46.2432004 ], [ 7.4051468, 46.2431963 ], [ 7.4050732, 46.2431492 ], [ 7.4049554, 46.2431218 ], [ 7.4048025, 46.2431336 ], [ 7.4044199, 46.2431148 ], [ 7.4043518, 46.2431068 ], [ 7.4042826, 46.2430746 ], [ 7.4041429, 46.2429618 ], [ 7.4040527, 46.242939 ], [ 7.4034342, 46.2428359 ], [ 7.4031977, 46.2427851 ], [ 7.4029568, 46.2427835 ], [ 7.402955, 46.2428088 ], [ 7.4029831, 46.2428122 ], [ 7.4030426, 46.242915 ], [ 7.4030647, 46.2430211 ], [ 7.4030487, 46.2432278 ], [ 7.4036595, 46.2434955 ] ] ] } },
{ "type": "Feature", "properties": { "stop_id": "osm-way-276636213", "name": "Aire de repos du Grand-Chavalard" }, "geometry": { "type": "Polygon", "coordinates": [ [ [ 7.1113553, 46.1215593 ], [ 7.1114184, 46.1219753 ], [ 7.1114427, 46.1220443 ], [ 7.111477, 46.1220887 ], [ 7.1115342, 46.122156 ], [ 7.1121911, 46.1225671 ], [ 7.1123209, 46.1226105 ], [ 7.1124286, 46.1226273 ], [ 7.1127922, 46.1226218 ], [ 7.1128046, 46.1225308 ], [ 7.1125175, 46.1223878 ], [ 7.111746, 46.1219101 ], [ 7.1115184, 46.1217181 ], [ 7.1113553, 46.1215593 ] ] ] } },
{ "type": "Feature", "properties": { "stop_id": "osm-way-276641501", "name": null }, "geometry": { "type": "Polygon", "coordinates": [ [ [ 7.059634, 46.1278018 ], [ 7.059921, 46.127914 ], [ 7.0599236, 46.127915 ], [ 7.0595292, 46.1284082 ], [ 7.0597278, 46.1284571 ], [ 7.0600245, 46.1285135 ], [ 7.0601553, 46.1285178 ], [ 7.0601905, 46.1284763 ], [ 7.0616829, 46.1267149 ], [ 7.0617177, 46.1265985 ], [ 7.061713, 46.1264836 ], [ 7.0616838, 46.1264083 ], [ 7.061643, 46.1263476 ], [ 7.0613732, 46.1263423 ], [ 7.06126, 46.1264806 ], [ 7.0609324, 46.1263495 ], [ 7.0608953, 46.1263331 ], [ 7.0609191, 46.1263041 ], [ 7.0608396, 46.1262709 ], [ 7.0606573, 46.1264893 ], [ 7.0605123, 46.1263779 ], [ 7.059993, 46.1267194 ], [ 7.0600314, 46.1267461 ], [ 7.0602849, 46.1269346 ], [ 7.060268, 46.1269563 ], [ 7.0600936, 46.1271664 ], [ 7.059634, 46.1278018 ] ] ] } },
{ "type": "Feature", "properties": { "stop_id": "osm-way-278695813", "name": "Le Chablais" }, "geometry": { "type": "Polygon", "coordinates": [ [ [ 6.9305629, 46.3408932 ], [ 6.9311143, 46.3406709 ], [ 6.9318057, 46.3408028 ], [ 6.9321004, 46.3401378 ], [ 6.9327353, 46.3388255 ], [ 6.9312635, 46.3385594 ], [ 6.9303067, 46.3408499 ], [ 6.9305629, 46.3408932 ] ] ] } },
{ "type": "Feature", "properties": { "stop_id": "osm-way-282430823", "name": "Rastplatz Oberweiher" }, "geometry": { "type": "Polygon", "coordinates": [ [ [ 8.8310972, 47.5287283 ], [ 8.8314149, 47.5287446 ], [ 8.8337963, 47.5288101 ], [ 8.8339052, 47.5287368 ], [ 8.8336617, 47.5286988 ], [ 8.8329655, 47.5285356 ], [ 8.8326857, 47.5284925 ], [ 8.8324263, 47.5284921 ], [ 8.8322703, 47.5285068 ], [ 8.831835, 47.5285642 ], [ 8.831713, 47.528549 ], [ 8.8316098, 47.5285935 ], [ 8.8310965, 47.5286721 ], [ 8.8310972, 47.5287283 ] ] ] } },
{ "type": "Feature", "properties": { "stop_id": "osm-way-282445447", "name": null }, "geometry": { "type": "Polygon", "coordinates": [ [ [ 6.8418482, 46.4763267 ], [ 6.8423604, 46.4762905 ], [ 6.8423586, 46.4762803 ], [ 6.8423477, 46.4762193 ], [ 6.842189, 46.476247 ], [ 6.8421275, 46.4762579 ], [ 6.8418396, 46.4763093 ], [ 6.8418482, 46.4763267 ] ] ] } },
{ "type": "Feature", "properties": { "stop_id": "osm-way-287615571", "name": "Rastplatz Kefikon Süd" }, "geometry": { "type": "Polygon", "coordinates": [ [ [ 8.836087, 47.5531874 ], [ 8.8361078, 47.5532303 ], [ 8.8361286, 47.553341 ], [ 8.8360429, 47.5534582 ], [ 8.836004, 47.5534894 ], [ 8.8352204, 47.5532996 ], [ 8.8341538, 47.5530034 ], [ 8.833901, 47.5529243 ], [ 8.8336164, 47.5528419 ], [ 8.8336525, 47.5527803 ], [ 8.8337553, 47.5526487 ], [ 8.8339848, 47.5526487 ], [ 8.8340964, 47.5526599 ], [ 8.834196, 47.5526784 ], [ 8.8360168, 47.5531568 ], [ 8.836087, 47.5531874 ] ] ] } },
{ "type": "Feature", "properties": { "stop_id": "osm-way-290068631", "name": "Rastplatz Sonnenberg Ost" }, "geometry": { "type": "Polygon", "coordinates": [ [ [ 7.7908432, 47.4715398 ], [ 7.7908707, 47.4715765 ], [ 7.7908951, 47.4716079 ], [ 7.7909222, 47.4716168 ], [ 7.7909653, 47.4716308 ], [ 7.7914074, 47.4714749 ], [ 7.7914305, 47.4715028 ], [ 7.7916476, 47.4714249 ], [ 7.7917861, 47.4714271 ], [ 7.7921989, 47.471281 ], [ 7.7919869, 47.4710474 ], [ 7.7919206, 47.471085 ], [ 7.791806, 47.4711829 ], [ 7.7917728, 47.4711728 ], [ 7.7917137, 47.4711551 ], [ 7.7912816, 47.4713498 ], [ 7.7908432, 47.4715398 ] ] ] } },
{ "type": "Feature", "properties": { "stop_id": "osm-way-297048576", "name": "Lavorgo Sud" }, "geometry": { "type": "Polygon", "coordinates": [ [ [ 8.8290837, 46.4482347 ], [ 8.8291511, 46.4480933 ], [ 8.829933, 46.4464528 ], [ 8.8301652, 46.4461039 ], [ 8.8304991, 46.4458553 ], [ 8.8309859, 46.445678 ], [ 8.8312409, 46.4457363 ], [ 8.8302044, 46.4474967 ], [ 8.8297654, 46.4480825 ], [ 8.8292323, 46.4482781 ], [ 8.8290837, 46.4482347 ] ] ] } },
{ "type": "Feature", "properties": { "stop_id": "osm-way-304183537", "name": "Rastplatz Büsisee Nord" }, "geometry": { "type": "Polygon", "coordinates": [ [ [ 8.5108524, 47.4299644 ], [ 8.5124865, 47.4305033 ], [ 8.5123779, 47.4306503 ], [ 8.5121895, 47.4306997 ], [ 8.5119206, 47.4308498 ], [ 8.5116163, 47.4308822 ], [ 8.5113573, 47.4307809 ], [ 8.5111012, 47.4304806 ], [ 8.5109469, 47.4303708 ], [ 8.5107203, 47.4301377 ], [ 8.5108524, 47.4299644 ] ] ] } },
{ "type": "Feature", "properties": { "stop_id": "osm-way-304443819", "name": null }, "geometry": { "type": "Polygon", "coordinates": [ [ [ 8.6676919, 46.7804164 ], [ 8.6679661, 46.7803305 ], [ 8.6681278, 46.7805463 ], [ 8.668311, 46.780814 ], [ 8.6684979, 46.7811928 ], [ 8.6686577, 46.7815751 ], [ 8.6687339, 46.781794 ], [ 8.6685232, 46.7818253 ], [ 8.6682898, 46.7813318 ], [ 8.6682369, 46.7812464 ], [ 8.6681274, 46.7810694 ], [ 8.667998, 46.7808991 ], [ 8.6679799, 46.7808829 ], [ 8.6678762, 46.7807896 ], [ 8.6676919, 46.7804164 ] ] ] } },
{ "type": "Feature", "properties": { "stop_id": "osm-way-304449285", "name": "Gurtnellen" }, "geometry": { "type": "Polygon", "coordinates": [ [ [ 8.6218293, 46.7257949 ], [ 8.6218415, 46.7257933 ], [ 8.6219384, 46.7257805 ], [ 8.6219464, 46.7257795 ], [ 8.6220442, 46.725858 ], [ 8.6223695, 46.7263199 ], [ 8.6226178, 46.7266745 ], [ 8.6225296, 46.7267239 ], [ 8.6224905, 46.7266882 ], [ 8.6224537, 46.7266492 ], [ 8.6224189, 46.7266083 ], [ 8.6223595, 46.7265282 ], [ 8.6223272, 46.726538 ], [ 8.6222308, 46.7264199 ], [ 8.6220041, 46.7260958 ], [ 8.6218768, 46.7259229 ], [ 8.6218293, 46.7257949 ] ] ] } },
{ "type": "Feature", "properties": { "stop_id": "osm-way-304449289", "name": "Rastplatz Wassen" }, "geometry": { "type": "Polygon", "coordinates": [ [ [ 8.6069182, 46.7089524 ], [ 8.6069714, 46.7089281 ], [ 8.6069758, 46.7089257 ], [ 8.6070701, 46.7089942 ], [ 8.607287, 46.7091518 ], [ 8.6075144, 46.709331 ], [ 8.6075516, 46.7093612 ], [ 8.6075878, 46.7093914 ], [ 8.6076034, 46.7094059 ], [ 8.6075593, 46.7094949 ], [ 8.6074756, 46.7094509 ], [ 8.6072881, 46.709304 ], [ 8.6072634, 46.7093157 ], [ 8.607229, 46.7093321 ], [ 8.6070696, 46.7092229 ], [ 8.6069233, 46.7091072 ], [ 8.6068495, 46.7090145 ], [ 8.6069452, 46.7089837 ], [ 8.6069182, 46.7089524 ] ] ] } },
{ "type": "Feature", "properties": { "stop_id": "osm-way-304539754", "name": "San Gottardo Sud" }, "geometry": { "type": "Polygon", "coordinates": [ [ [ 8.6679959, 46.5146673 ], [ 8.668317, 46.5152674 ], [ 8.6683873, 46.5153651 ], [ 8.6687187, 46.5159146 ], [ 8.6682713, 46.5160058 ], [ 8.6667978, 46.5159486 ], [ 8.6659221, 46.5159146 ], [ 8.6643217, 46.5158713 ], [ 8.6629864, 46.5159123 ], [ 8.6628969, 46.5156889 ], [ 8.6646928, 46.5152192 ], [ 8.6664489, 46.5147882 ], [ 8.6670373, 46.5146265 ], [ 8.6671002, 46.5146092 ], [ 8.667242, 46.5148613 ], [ 8.6679959, 46.5146673 ] ] ] } },
{ "type": "Feature", "properties": { "stop_id": "osm-way-304539755", "name": "San Gottardo Sud Stalvedro" }, "geometry": { "type": "Polygon", "coordinates": [ [ [ 8.6322237, 46.5212441 ], [ 8.6322283, 46.5214157 ], [ 8.6330376, 46.521639 ], [ 8.6342854, 46.5213642 ], [ 8.6343322, 46.5213257 ], [ 8.6343725, 46.521317 ], [ 8.634419, 46.5213065 ], [ 8.6344995, 46.5212875 ], [ 8.6348058, 46.5212206 ], [ 8.6348193, 46.5212177 ], [ 8.634831, 46.5212161 ], [ 8.6350336, 46.5211724 ], [ 8.6350659, 46.5212432 ], [ 8.6352139, 46.5212099 ], [ 8.6354637, 46.5211538 ], [ 8.6354391, 46.5211117 ], [ 8.6356003, 46.5210626 ], [ 8.6360898, 46.5209546 ], [ 8.6363175, 46.5208883 ], [ 8.6365314, 46.5206258 ], [ 8.6366027, 46.5205547 ], [ 8.6373335, 46.5204026 ], [ 8.6372801, 46.5202186 ], [ 8.6364423, 46.5202873 ], [ 8.6361967, 46.5203128 ], [ 8.6352707, 46.5204384 ], [ 8.6346864, 46.5205322 ], [ 8.6338041, 46.5206872 ], [ 8.6324532, 46.5209886 ], [ 8.6323535, 46.521047 ], [ 8.6322237, 46.5212441 ] ] ] } },
{ "type": "Feature", "properties": { "stop_id": "osm-way-304546447", "name": "Personico" }, "geometry": { "type": "Polygon", "coordinates": [ [ [ 8.9158277, 46.3742063 ], [ 8.9160045, 46.3740153 ], [ 8.9160037, 46.3739624 ], [ 8.9164517, 46.3734768 ], [ 8.9167554, 46.3733385 ], [ 8.9181144, 46.3732408 ], [ 8.9184539, 46.3733618 ], [ 8.9191241, 46.3737214 ], [ 8.9192204, 46.3739148 ], [ 8.9176272, 46.3740941 ], [ 8.9158277, 46.3742063 ] ] ] } },
{ "type": "Feature", "properties": { "stop_id": "osm-way-304550927", "name": "Moleno Sud" }, "geometry": { "type": "Polygon", "coordinates": [ [ [ 8.9979147, 46.2738876 ], [ 8.9975179, 46.2738437 ], [ 8.997502, 46.2734457 ], [ 8.9973864, 46.2731683 ], [ 8.9974612, 46.2730037 ], [ 8.9978149, 46.2725837 ], [ 8.998316, 46.2723815 ], [ 8.9987332, 46.2722828 ], [ 8.9989622, 46.2722434 ], [ 8.999325, 46.2721809 ], [ 8.9994565, 46.2723219 ], [ 8.9986108, 46.273173 ], [ 8.9979147, 46.2738876 ] ] ] } },
{ "type": "Feature", "properties": { "stop_id": "osm-way-304551098", "name": "Moleno Nord" }, "geometry": { "type": "Polygon", "coordinates": [ [ [ 8.9961088, 46.2808185 ], [ 8.9966573, 46.2808319 ], [ 8.9966947, 46.2794907 ], [ 8.9966701, 46.2792726 ], [ 8.9962866, 46.2787619 ], [ 8.9957185, 46.2785305 ], [ 8.9952893, 46.2786986 ], [ 8.9948618, 46.2796824 ], [ 8.9949193, 46.2799348 ], [ 8.9956328, 46.2797824 ], [ 8.995775, 46.2804646 ], [ 8.9959493, 46.2805425 ], [ 8.9961088, 46.2808185 ] ] ] } },
{ "type": "Feature", "properties": { "stop_id": "osm-way-304570624", "name": "Bellinzona Nord" }, "geometry": { "type": "Polygon", "coordinates": [ [ [ 9.0289311, 46.2095055 ], [ 9.0295364, 46.2096578 ], [ 9.0294749, 46.2097985 ], [ 9.0294239, 46.2098823 ], [ 9.0288798, 46.2098925 ], [ 9.028707, 46.2099004 ], [ 9.0285931, 46.2099084 ], [ 9.028449, 46.209925 ], [ 9.0283418, 46.2099429 ], [ 9.028115, 46.209971 ], [ 9.0280188, 46.2099726 ], [ 9.0278292, 46.209966 ], [ 9.0277312, 46.2099758 ], [ 9.0276536, 46.209994 ], [ 9.0275941, 46.2100202 ], [ 9.0275463, 46.2100506 ], [ 9.0274966, 46.2101046 ], [ 9.0273935, 46.2102647 ], [ 9.0272887, 46.2104125 ], [ 9.0272623, 46.2104251 ], [ 9.0272362, 46.2104296 ], [ 9.0272077, 46.210428 ], [ 9.0269846, 46.2103006 ], [ 9.0267925, 46.2101695 ], [ 9.026656, 46.210068 ], [ 9.0265438, 46.2099524 ], [ 9.0263981, 46.2097809 ], [ 9.025955, 46.2090405 ], [ 9.0259598, 46.2087423 ], [ 9.0261628, 46.2086186 ], [ 9.0262256, 46.2085669 ], [ 9.0268745, 46.2088371 ], [ 9.0272654, 46.2089834 ], [ 9.0277417, 46.209149 ], [ 9.0282841, 46.2093279 ], [ 9.0289311, 46.2095055 ] ] ] } },
{ "type": "Feature", "properties": { "stop_id": "osm-way-304600375", "name": null }, "geometry": { "type": "Polygon", "coordinates": [ [ [ 8.9163317, 45.9969333 ], [ 8.9162468, 45.9969069 ], [ 8.9163379, 45.9966803 ], [ 8.9163304, 45.9965163 ], [ 8.9165328, 45.9962801 ], [ 8.9166409, 45.9959535 ], [ 8.9167595, 45.9960051 ], [ 8.9169708, 45.9958248 ], [ 8.9170397, 45.9958687 ], [ 8.9166437, 45.996449 ], [ 8.9163317, 45.9969333 ] ] ] } },
{ "type": "Feature", "properties": { "stop_id": "osm-way-309844034", "name": "Rastplatz Stegen" }, "geometry": { "type": "Polygon", "coordinates": [ [ [ 8.8550657, 47.5310983 ], [ 8.8549054, 47.5310891 ], [ 8.8548304, 47.5310734 ], [ 8.854766, 47.5310412 ], [ 8.8547349, 47.5309974 ], [ 8.8547232, 47.5309051 ], [ 8.85473, 47.530859 ], [ 8.8547566, 47.530804 ], [ 8.8548082, 47.5307455 ], [ 8.8548862, 47.5306972 ], [ 8.8549738, 47.5306761 ], [ 8.8550543, 47.5306645 ], [ 8.855084, 47.530664 ], [ 8.8551023, 47.5306664 ], [ 8.8551258, 47.5306752 ], [ 8.8551765, 47.5306967 ], [ 8.8553147, 47.5305563 ], [ 8.8553098, 47.5303958 ], [ 8.8545006, 47.5304075 ], [ 8.8534591, 47.5304457 ], [ 8.851643, 47.5304982 ], [ 8.8516843, 47.5306262 ], [ 8.8519247, 47.5311002 ], [ 8.8527195, 47.531239 ], [ 8.8535908, 47.5312741 ], [ 8.8552612, 47.5313246 ], [ 8.8552416, 47.5310389 ], [ 8.8551957, 47.5310642 ], [ 8.8551591, 47.5310808 ], [ 8.8551274, 47.5310913 ], [ 8.8550941, 47.5310976 ], [ 8.8550657, 47.5310983 ] ] ] } },
{ "type": "Feature", "properties": { "stop_id": "osm-way-310299640", "name": null }, "geometry": { "type": "Polygon", "coordinates": [ [ [ 6.6097705, 46.7286581 ], [ 6.6096538, 46.7282911 ], [ 6.6094095, 46.7284297 ], [ 6.6094533, 46.7285653 ], [ 6.6096554, 46.7286117 ], [ 6.6097705, 46.7286581 ] ] ] } },
{ "type": "Feature", "properties": { "stop_id": "osm-way-313888371", "name": "Bavois" }, "geometry": { "type": "Polygon", "coordinates": [ [ [ 6.5684399, 46.6742793 ], [ 6.5683835, 46.6742555 ], [ 6.5684209, 46.6742116 ], [ 6.5683571, 46.6741878 ], [ 6.568469, 46.6739944 ], [ 6.5684885, 46.6739666 ], [ 6.5685277, 46.6739206 ], [ 6.5685442, 46.6739021 ], [ 6.568733, 46.6737422 ], [ 6.5688596, 46.6736486 ], [ 6.5690403, 46.6734945 ], [ 6.5691455, 46.6734164 ], [ 6.5695453, 46.6731092 ], [ 6.5703136, 46.673191 ], [ 6.5705428, 46.6735756 ], [ 6.5705913, 46.6736636 ], [ 6.5706243, 46.6737622 ], [ 6.5707281, 46.6742968 ], [ 6.5708312, 46.6747856 ], [ 6.570935, 46.6751367 ], [ 6.5710211, 46.6754786 ], [ 6.5710918, 46.6757145 ], [ 6.5710156, 46.6758798 ], [ 6.5709597, 46.6759943 ], [ 6.5699499, 46.6759015 ], [ 6.5696356, 46.6749405 ], [ 6.569562, 46.6749146 ], [ 6.5693994, 46.6748484 ], [ 6.5691716, 46.6747549 ], [ 6.5691349, 46.674801 ], [ 6.5690829, 46.6747798 ], [ 6.5690463, 46.674822 ], [ 6.5689883, 46.6747958 ], [ 6.5689301, 46.67486 ], [ 6.5687836, 46.6747943 ], [ 6.5687354, 46.6748506 ], [ 6.5686757, 46.6748251 ], [ 6.5687213, 46.6747686 ], [ 6.5682104, 46.6745525 ], [ 6.568313, 46.6744255 ], [ 6.5684399, 46.6742793 ] ] ] } },
{ "type": "Feature", "properties": { "stop_id": "osm-way-317776918", "name": null }, "geometry": { "type": "Polygon", "coordinates": [ [ [ 8.3671209, 47.2482202 ], [ 8.3672626, 47.2482303 ], [ 8.3672934, 47.2480391 ], [ 8.3671593, 47.2480309 ], [ 8.3671322, 47.2481514 ], [ 8.3671209, 47.2482202 ] ] ] } },
{ "type": "Feature", "properties": { "stop_id": "osm-way-318555598", "name": "Col du Mont d'Orzeires" }, "geometry": { "type": "Polygon", "coordinates": [ [ [ 6.3364248, 46.6847062 ], [ 6.3364937, 46.6846137 ], [ 6.3365158, 46.6845313 ], [ 6.336554, 46.6846564 ], [ 6.3365964, 46.6847535 ], [ 6.3367561, 46.685047 ], [ 6.3366422, 46.6849202 ], [ 6.3365738, 46.6848242 ], [ 6.3364545, 46.6847856 ], [ 6.3364248, 46.6847062 ] ] ] } },
{ "type": "Feature", "properties": { "stop_id": "osm-way-337002054", "name": null }, "geometry": { "type": "Polygon", "coordinates": [ [ [ 8.7158318, 47.682755 ], [ 8.7159304, 47.6825816 ], [ 8.7169084, 47.6828551 ], [ 8.7167864, 47.6830285 ], [ 8.716699, 47.6830035 ], [ 8.7159222, 47.682779 ], [ 8.7158318, 47.682755 ] ] ] } },
{ "type": "Feature", "properties": { "stop_id": "osm-way-339381156", "name": "Walterswil" }, "geometry": { "type": "Polygon", "coordinates": [ [ [ 7.963634, 47.3213915 ], [ 7.9635834, 47.3215442 ], [ 7.963647, 47.3215947 ], [ 7.9637861, 47.3216675 ], [ 7.9637679, 47.3217214 ], [ 7.9646463, 47.3218772 ], [ 7.9651184, 47.3220068 ], [ 7.965444, 47.3220579 ], [ 7.9655582, 47.3220507 ], [ 7.966114, 47.3219213 ], [ 7.9661257, 47.3218863 ], [ 7.9661599, 47.3217847 ], [ 7.963634, 47.3213915 ] ] ] } },
{ "type": "Feature", "properties": { "stop_id": "osm-way-361313813", "name": null }, "geometry": { "type": "Polygon", "coordinates": [ [ [ 8.7910973, 46.2007594 ], [ 8.7911199, 46.2007735 ], [ 8.7911347, 46.2007919 ], [ 8.7911401, 46.2008126 ], [ 8.7911355, 46.2008334 ], [ 8.7911214, 46.2008521 ], [ 8.7910994, 46.2008666 ], [ 8.7910718, 46.2008753 ], [ 8.7910415, 46.2008775 ], [ 8.7910117, 46.2008726 ], [ 8.7909858, 46.2008613 ], [ 8.7909666, 46.2008448 ], [ 8.7909562, 46.2008248 ], [ 8.7909559, 46.2008036 ], [ 8.7909655, 46.2007835 ], [ 8.7909841, 46.2007666 ], [ 8.7910096, 46.2007549 ], [ 8.791039, 46.2007496 ], [ 8.7910694, 46.2007512 ], [ 8.7910973, 46.2007594 ] ] ] } },
{ "type": "Feature", "properties": { "stop_id": "osm-way-372365900", "name": "Sasso" }, "geometry": { "type": "Polygon", "coordinates": [ [ [ 8.9593072, 46.1500362 ], [ 8.9595164, 46.1499191 ], [ 8.9591463, 46.1495475 ], [ 8.9588719, 46.149278 ], [ 8.9585803, 46.1490402 ], [ 8.9585252, 46.1490524 ], [ 8.9584838, 46.1490625 ], [ 8.9584677, 46.1496032 ], [ 8.9581351, 46.1499024 ], [ 8.9581324, 46.1500139 ], [ 8.9585723, 46.1501885 ], [ 8.9589144, 46.1500436 ], [ 8.9593072, 46.1500362 ] ] ] } },
{ "type": "Feature", "properties": { "stop_id": "osm-way-387545140", "name": "Rastplatz Berg" }, "geometry": { "type": "Polygon", "coordinates": [ [ [ 8.700649, 47.7433296 ], [ 8.7007501, 47.7434385 ], [ 8.7014072, 47.743184 ], [ 8.7013153, 47.7430548 ], [ 8.7011323, 47.7430564 ], [ 8.7007213, 47.7432009 ], [ 8.700649, 47.7433296 ] ] ] } },
{ "type": "Feature", "properties": { "stop_id": "osm-way-400964537", "name": null }, "geometry": { "type": "Polygon", "coordinates": [ [ [ 8.160326, 47.3927588 ], [ 8.1604196, 47.3927837 ], [ 8.1606838, 47.3928917 ], [ 8.1611035, 47.3929798 ], [ 8.1611827, 47.3927937 ], [ 8.1611679, 47.392544 ], [ 8.1606248, 47.392485 ], [ 8.1601594, 47.3924305 ], [ 8.1590744, 47.3923245 ], [ 8.1584079, 47.3922478 ], [ 8.1583653, 47.3923622 ], [ 8.1589898, 47.3924955 ], [ 8.1601391, 47.3927862 ], [ 8.160326, 47.3927588 ] ] ] } },
{ "type": "Feature", "properties": { "stop_id": "osm-way-425367906", "name": null }, "geometry": { "type": "Polygon", "coordinates": [ [ [ 9.7448251, 46.4326013 ], [ 9.7449171, 46.4325794 ], [ 9.7452498, 46.4326038 ], [ 9.7454338, 46.4326404 ], [ 9.7455205, 46.4327282 ], [ 9.7454055, 46.4327184 ], [ 9.7453807, 46.4326952 ], [ 9.7449844, 46.4326208 ], [ 9.7449224, 46.4326245 ], [ 9.7448251, 46.4326013 ] ] ] } },
{ "type": "Feature", "properties": { "stop_id": "osm-way-436466128", "name": "Wolfssprung" }, "geometry": { "type": "Polygon", "coordinates": [ [ [ 8.6119704, 46.9838189 ], [ 8.6119973, 46.983823 ], [ 8.6120259, 46.9838236 ], [ 8.6121443, 46.9838347 ], [ 8.6121196, 46.9838548 ], [ 8.6120982, 46.9838879 ], [ 8.6120489, 46.9840063 ], [ 8.6120091, 46.9841148 ], [ 8.6119809, 46.9842136 ], [ 8.6119647, 46.9843051 ], [ 8.6119569, 46.9843548 ], [ 8.6119533, 46.9844039 ], [ 8.6119354, 46.9844783 ], [ 8.6118752, 46.9844767 ], [ 8.6118464, 46.9843867 ], [ 8.6118414, 46.9843581 ], [ 8.6118404, 46.9843205 ], [ 8.6118538, 46.9842236 ], [ 8.6118551, 46.9841979 ], [ 8.6118559, 46.9841706 ], [ 8.6118504, 46.9841178 ], [ 8.6118518, 46.9841037 ], [ 8.6118746, 46.9840339 ], [ 8.6119296, 46.9838996 ], [ 8.6119704, 46.9838189 ] ] ] } },
{ "type": "Feature", "properties": { "stop_id": "osm-way-440311467", "name": null }, "geometry": { "type": "Polygon", "coordinates": [ [ [ 6.5010819, 46.6785076 ], [ 6.5009696, 46.6785038 ], [ 6.5008921, 46.6784847 ], [ 6.50083, 46.6784485 ], [ 6.5007924, 46.6784104 ], [ 6.5007874, 46.6783836 ], [ 6.5007811, 46.6783014 ], [ 6.5010819, 46.6785076 ] ] ] } },
{ "type": "Feature", "properties": { "stop_id": "osm-way-457198382", "name": null }, "geometry": { "type": "Polygon", "coordinates": [ [ [ 8.4311144, 47.0339403 ], [ 8.4311226, 47.0339079 ], [ 8.4318092, 47.0340249 ], [ 8.4317984, 47.0340573 ], [ 8.4311144, 47.0339403 ] ] ] } },
{ "type": "Feature", "properties": { "stop_id": "osm-way-465881342", "name": "Raststätte Gunzgen Nord" }, "geometry": { "type": "Polygon", "coordinates": [ [ [ 7.8294286, 47.3103586 ], [ 7.8293964, 47.3103061 ], [ 7.8293709, 47.3102602 ], [ 7.8309811, 47.3100135 ], [ 7.8326005, 47.3098017 ], [ 7.8327415, 47.3097831 ], [ 7.8327851, 47.3098118 ], [ 7.8328305, 47.3098418 ], [ 7.8328359, 47.3100853 ], [ 7.8324955, 47.310341 ], [ 7.8324074, 47.3104658 ], [ 7.8322703, 47.3106988 ], [ 7.8322513, 47.3107617 ], [ 7.8321953, 47.3108383 ], [ 7.8321352, 47.3109389 ], [ 7.8320789, 47.3109476 ], [ 7.8319681, 47.310964 ], [ 7.8315109, 47.3110524 ], [ 7.8313362, 47.3109178 ], [ 7.831233, 47.3108891 ], [ 7.8308677, 47.3109358 ], [ 7.8308042, 47.3109322 ], [ 7.8307115, 47.3109017 ], [ 7.8296607, 47.3104494 ], [ 7.8296316, 47.3104189 ], [ 7.8295733, 47.3103812 ], [ 7.8295209, 47.3103651 ], [ 7.8294286, 47.3103586 ] ] ] } },
{ "type": "Feature", "properties": { "stop_id": "osm-way-473362934", "name": "Kriessern-Ost" }, "geometry": { "type": "Polygon", "coordinates": [ [ [ 9.6212337, 47.3666693 ], [ 9.6212885, 47.3666391 ], [ 9.6213257, 47.3666185 ], [ 9.6213282, 47.3662805 ], [ 9.6212835, 47.3662363 ], [ 9.6212726, 47.3662255 ], [ 9.6207511, 47.3658975 ], [ 9.6201269, 47.3655019 ], [ 9.6193664, 47.3650227 ], [ 9.6191975, 47.3650332 ], [ 9.6188578, 47.3648547 ], [ 9.6187942, 47.3648964 ], [ 9.6187322, 47.3649369 ], [ 9.619789, 47.3656508 ], [ 9.6212337, 47.3666693 ] ] ] } },
{ "type": "Feature", "properties": { "stop_id": "osm-way-484482787", "name": "Aire de Repos de Reconvilier" }, "geometry": { "type": "Polygon", "coordinates": [ [ [ 7.2187176, 47.2269146 ], [ 7.2182187, 47.2270822 ], [ 7.2176876, 47.2276651 ], [ 7.2177037, 47.2278326 ], [ 7.2179317, 47.2280694 ], [ 7.2193252, 47.2286353 ], [ 7.2193878, 47.2286607 ], [ 7.2203538, 47.229053 ], [ 7.2207454, 47.2288708 ], [ 7.2208231, 47.2286479 ], [ 7.2209385, 47.2283171 ], [ 7.220622, 47.2279164 ], [ 7.2197905, 47.2273663 ], [ 7.2190717, 47.2269474 ], [ 7.2187176, 47.2269146 ] ] ] } },
{ "type": "Feature", "properties": { "stop_id": "osm-way-546521277", "name": "Glarnerland" }, "geometry": { "type": "Polygon", "coordinates": [ [ [ 9.0522549, 47.1360523 ], [ 9.0521886, 47.1360217 ], [ 9.0521545, 47.1360055 ], [ 9.0519255, 47.136235 ], [ 9.0516438, 47.1365263 ], [ 9.0513893, 47.1367856 ], [ 9.0509745, 47.1372431 ], [ 9.0500262, 47.1383818 ], [ 9.0499523, 47.1384758 ], [ 9.0501757, 47.1385335 ], [ 9.0503413, 47.1385762 ], [ 9.0506517, 47.1386539 ], [ 9.0515333, 47.1377162 ], [ 9.0516828, 47.1374723 ], [ 9.0519043, 47.137112 ], [ 9.0526572, 47.1358825 ], [ 9.0526722, 47.1358565 ], [ 9.0524344, 47.1357918 ], [ 9.0523198, 47.1359455 ], [ 9.0522549, 47.1360523 ] ] ] } },
{ "type": "Feature", "properties": { "stop_id": "osm-way-546521279", "name": "Glarnerland" }, "geometry": { "type": "Polygon", "coordinates": [ [ [ 9.0507462, 47.1370652 ], [ 9.0505831, 47.1369747 ], [ 9.0503918, 47.1370739 ], [ 9.050282, 47.137139 ], [ 9.0502065, 47.1371924 ], [ 9.0500084, 47.1372855 ], [ 9.0495729, 47.1371191 ], [ 9.0484641, 47.1385203 ], [ 9.0484506, 47.1385324 ], [ 9.0484286, 47.1385714 ], [ 9.0484846, 47.1385854 ], [ 9.0485195, 47.1386026 ], [ 9.0485359, 47.1386204 ], [ 9.0485478, 47.1386457 ], [ 9.0485727, 47.1386726 ], [ 9.0487571, 47.1387806 ], [ 9.0488213, 47.1388235 ], [ 9.0488748, 47.1388818 ], [ 9.0488972, 47.1389236 ], [ 9.0489105, 47.1389816 ], [ 9.0489113, 47.1390215 ], [ 9.0488871, 47.1390854 ], [ 9.0490684, 47.1391425 ], [ 9.0495352, 47.1385209 ], [ 9.0498945, 47.1380702 ], [ 9.0501054, 47.1378108 ], [ 9.05017, 47.1377344 ], [ 9.0501817, 47.1377217 ], [ 9.0504716, 47.1373777 ], [ 9.0507265, 47.1370888 ], [ 9.0507462, 47.1370652 ] ] ] } },
{ "type": "Feature", "properties": { "stop_id": "osm-way-546582548", "name": null }, "geometry": { "type": "Polygon", "coordinates": [ [ [ 9.2682204, 47.1131836 ], [ 9.268333, 47.1129992 ], [ 9.2684269, 47.1128642 ], [ 9.2682901, 47.1127364 ], [ 9.2676195, 47.1129207 ], [ 9.2669275, 47.1131033 ], [ 9.2667961, 47.1133515 ], [ 9.2667693, 47.1134465 ], [ 9.2671448, 47.1134939 ], [ 9.2673406, 47.1135067 ], [ 9.2675981, 47.113441 ], [ 9.2681614, 47.1132475 ], [ 9.2682204, 47.1131836 ] ] ] } },
{ "type": "Feature", "properties": { "stop_id": "osm-way-546582549", "name": "Bergsboden Walensee" }, "geometry": { "type": "Polygon", "coordinates": [ [ [ 9.2667183, 47.1118419 ], [ 9.2668873, 47.111988 ], [ 9.2667703, 47.1121689 ], [ 9.2667467, 47.1123026 ], [ 9.2666674, 47.1127528 ], [ 9.2659244, 47.112928 ], [ 9.2656642, 47.1127108 ], [ 9.2656928, 47.1125248 ], [ 9.2657286, 47.1123841 ], [ 9.2658654, 47.112238 ], [ 9.2659554, 47.1122055 ], [ 9.2660815, 47.112168 ], [ 9.2667183, 47.1118419 ] ] ] } },
{ "type": "Feature", "properties": { "stop_id": "osm-way-546686054", "name": "Apfelwuhr" }, "geometry": { "type": "Polygon", "coordinates": [ [ [ 9.5484973, 46.9581919 ], [ 9.5486475, 46.9582983 ], [ 9.5490632, 46.9582071 ], [ 9.549091, 46.9580979 ], [ 9.5495, 46.9580081 ], [ 9.5493025, 46.9575273 ], [ 9.5489328, 46.9567904 ], [ 9.5487097, 46.9566098 ], [ 9.5480891, 46.9564862 ], [ 9.5480564, 46.9564521 ], [ 9.5479141, 46.9561134 ], [ 9.5475436, 46.9561315 ], [ 9.5484973, 46.9581919 ] ] ] } },
{ "type": "Feature", "properties": { "stop_id": "osm-way-547097874", "name": null }, "geometry": { "type": "Polygon", "coordinates": [ [ [ 9.4164553, 46.575074 ], [ 9.4164003, 46.5749071 ], [ 9.4164084, 46.5745301 ], [ 9.416403, 46.5740405 ], [ 9.4164889, 46.5735427 ], [ 9.4166592, 46.5735234 ], [ 9.4168228, 46.5735556 ], [ 9.4168483, 46.5736939 ], [ 9.4169529, 46.5739364 ], [ 9.4169582, 46.5743826 ], [ 9.4169569, 46.5746988 ], [ 9.416863, 46.5749956 ], [ 9.416627, 46.5751818 ], [ 9.4164553, 46.575074 ] ] ] } },
{ "type": "Feature", "properties": { "stop_id": "osm-way-547396466", "name": null }, "geometry": { "type": "Polygon", "coordinates": [ [ [ 9.2329386, 46.4198947 ], [ 9.2328903, 46.4197375 ], [ 9.2327267, 46.4195397 ], [ 9.2332309, 46.4195415 ], [ 9.233416, 46.4193862 ], [ 9.2335877, 46.419168 ], [ 9.2336333, 46.4190534 ], [ 9.2337272, 46.4190413 ], [ 9.2337914, 46.4190643 ], [ 9.2337808, 46.4193511 ], [ 9.2336756, 46.4195277 ], [ 9.2336091, 46.4195961 ], [ 9.2335414, 46.4196455 ], [ 9.2334149, 46.4197048 ], [ 9.2331853, 46.4197874 ], [ 9.2330191, 46.4198485 ], [ 9.2329386, 46.4198947 ] ] ] } },
{ "type": "Feature", "properties": { "stop_id": "osm-way-547396469", "name": null }, "geometry": { "type": "Polygon", "coordinates": [ [ [ 9.2320079, 46.4205215 ], [ 9.2315385, 46.4202682 ], [ 9.2317396, 46.4198503 ], [ 9.2319059, 46.4196876 ], [ 9.2320561, 46.4196007 ], [ 9.2321956, 46.4195693 ], [ 9.2323592, 46.419573 ], [ 9.2324665, 46.4195988 ], [ 9.2325336, 46.419634 ], [ 9.2326167, 46.419695 ], [ 9.232657, 46.4197616 ], [ 9.2326784, 46.4198688 ], [ 9.232657, 46.4199594 ], [ 9.2326006, 46.4200519 ], [ 9.2325067, 46.4201499 ], [ 9.2323807, 46.4202552 ], [ 9.2321956, 46.4203717 ], [ 9.2320079, 46.4205215 ] ] ] } },
{ "type": "Feature", "properties": { "stop_id": "osm-way-547688598", "name": "Campagnola" }, "geometry": { "type": "Polygon", "coordinates": [ [ [ 9.1022837, 46.2321916 ], [ 9.1022454, 46.232576 ], [ 9.1026664, 46.2325956 ], [ 9.1026647, 46.2327034 ], [ 9.102729, 46.2327345 ], [ 9.1027737, 46.2327561 ], [ 9.1034279, 46.232926 ], [ 9.1036787, 46.232979 ], [ 9.1038387, 46.2329998 ], [ 9.1039745, 46.233003 ], [ 9.1041153, 46.2329894 ], [ 9.1042675, 46.232962 ], [ 9.1044129, 46.2329077 ], [ 9.1046856, 46.2327848 ], [ 9.1045338, 46.2326212 ], [ 9.1047707, 46.2325079 ], [ 9.1047724, 46.2324856 ], [ 9.1048057, 46.2320473 ], [ 9.1038795, 46.2320561 ], [ 9.1031284, 46.2320352 ], [ 9.1028081, 46.2320197 ], [ 9.1023117, 46.2319956 ], [ 9.1022837, 46.2321916 ] ] ] } },
{ "type": "Feature", "properties": { "stop_id": "osm-way-551847468", "name": null }, "geometry": { "type": "Polygon", "coordinates": [ [ [ 8.9171353, 45.9963914 ], [ 8.9173177, 45.9964865 ], [ 8.917492, 45.9963952 ], [ 8.9176637, 45.9962126 ], [ 8.9177576, 45.9960486 ], [ 8.9178085, 45.9958883 ], [ 8.9178277, 45.9956874 ], [ 8.9176556, 45.9956517 ], [ 8.9171353, 45.9963914 ] ] ] } },
{ "type": "Feature", "properties": { "stop_id": "osm-way-551874073", "name": "Segoma" }, "geometry": { "type": "Polygon", "coordinates": [ [ [ 8.9764497, 45.8955732 ], [ 8.9762056, 45.8947761 ], [ 8.9760554, 45.8947798 ], [ 8.9760205, 45.8951681 ], [ 8.9762002, 45.8955881 ], [ 8.976329, 45.8956628 ], [ 8.9764497, 45.8955732 ] ] ] } },
{ "type": "Feature", "properties": { "stop_id": "osm-way-551896999", "name": "Coldrerio" }, "geometry": { "type": "Polygon", "coordinates": [ [ [ 8.9819831, 45.8512897 ], [ 8.9823371, 45.8512785 ], [ 8.9825517, 45.8512 ], [ 8.9827985, 45.8510282 ], [ 8.9832303, 45.85052 ], [ 8.9832813, 45.8503051 ], [ 8.9831659, 45.8497409 ], [ 8.9828467, 45.8496008 ], [ 8.9823666, 45.8495242 ], [ 8.9819992, 45.8495803 ], [ 8.9816317, 45.8497465 ], [ 8.9813152, 45.8500585 ], [ 8.9812213, 45.8503406 ], [ 8.9811838, 45.8506564 ], [ 8.9812562, 45.8508974 ], [ 8.9814734, 45.8510954 ], [ 8.9816907, 45.8512038 ], [ 8.9819831, 45.8512897 ] ] ] } },
{ "type": "Feature", "properties": { "stop_id": "osm-way-551937983", "name": "Coldrerio-Est" }, "geometry": { "type": "Polygon", "coordinates": [ [ [ 8.9841916, 45.8502943 ], [ 8.9843193, 45.8504639 ], [ 8.9844393, 45.8505313 ], [ 8.9851667, 45.8504463 ], [ 8.985113, 45.8505076 ], [ 8.9855994, 45.850491 ], [ 8.9857506, 45.8504193 ], [ 8.986361, 45.8499378 ], [ 8.9864298, 45.8498764 ], [ 8.9864248, 45.8497372 ], [ 8.9862888, 45.8494322 ], [ 8.986217, 45.8493312 ], [ 8.9862195, 45.849161 ], [ 8.9863117, 45.8489961 ], [ 8.986154, 45.8488885 ], [ 8.985647, 45.8491916 ], [ 8.9851413, 45.8495472 ], [ 8.9849523, 45.849679 ], [ 8.9843989, 45.8501087 ], [ 8.9841916, 45.8502943 ] ] ] } },
{ "type": "Feature", "properties": { "stop_id": "osm-way-551946685", "name": "Segoma" }, "geometry": { "type": "Polygon", "coordinates": [ [ [ 8.9761868, 45.8929709 ], [ 8.9761975, 45.8932565 ], [ 8.97627, 45.8938221 ], [ 8.9764953, 45.8938315 ], [ 8.976616, 45.8937848 ], [ 8.9766455, 45.8936373 ], [ 8.9765804, 45.8934145 ], [ 8.9764658, 45.8931184 ], [ 8.9763746, 45.8929485 ], [ 8.9762592, 45.892967 ], [ 8.9761868, 45.8929709 ] ] ] } },
{ "type": "Feature", "properties": { "stop_id": "osm-way-552067120", "name": "Bellinzona Sud" }, "geometry": { "type": "Polygon", "coordinates": [ [ [ 9.000749, 46.1812942 ], [ 9.0005648, 46.1814109 ], [ 9.0008953, 46.1817488 ], [ 9.0015364, 46.1824916 ], [ 9.0020567, 46.1831119 ], [ 9.0022474, 46.1830343 ], [ 9.0024684, 46.183318 ], [ 9.0022619, 46.1834127 ], [ 9.0024124, 46.1836073 ], [ 9.0026495, 46.1839141 ], [ 9.0036902, 46.185435 ], [ 9.0038484, 46.1856746 ], [ 9.0041086, 46.1856021 ], [ 9.0040228, 46.1853273 ], [ 9.0037814, 46.1848519 ], [ 9.0034702, 46.184384 ], [ 9.0033817, 46.1840683 ], [ 9.0036339, 46.1840367 ], [ 9.0035507, 46.1837711 ], [ 9.0034032, 46.1833812 ], [ 9.0032637, 46.1832512 ], [ 9.0031591, 46.1831156 ], [ 9.0030652, 46.1830745 ], [ 9.0030223, 46.1830339 ], [ 9.0025757, 46.1832725 ], [ 9.0023491, 46.1829541 ], [ 9.0025234, 46.1828965 ], [ 9.0026897, 46.1827349 ], [ 9.0027385, 46.1826474 ], [ 9.0028077, 46.1825232 ], [ 9.0028185, 46.1822391 ], [ 9.0026682, 46.1820627 ], [ 9.0026361, 46.1820367 ], [ 9.0013095, 46.1812809 ], [ 9.0010173, 46.181138 ], [ 9.000749, 46.1812942 ] ] ] } },
{ "type": "Feature", "properties": { "stop_id": "osm-way-552079756", "name": "Campagnola" }, "geometry": { "type": "Polygon", "coordinates": [ [ [ 9.1006225, 46.2314415 ], [ 9.1007289, 46.2316347 ], [ 9.1008897, 46.2316519 ], [ 9.101515, 46.2317108 ], [ 9.1021274, 46.2317552 ], [ 9.1025173, 46.2317795 ], [ 9.1030231, 46.2318098 ], [ 9.1032528, 46.2318187 ], [ 9.1034509, 46.2317672 ], [ 9.1034818, 46.2316753 ], [ 9.1035595, 46.2316369 ], [ 9.1036339, 46.2315992 ], [ 9.1034307, 46.2314188 ], [ 9.1033164, 46.2313148 ], [ 9.103097, 46.2311352 ], [ 9.1030473, 46.2311595 ], [ 9.1029493, 46.2311076 ], [ 9.1028233, 46.2310751 ], [ 9.1025323, 46.2310556 ], [ 9.1024303, 46.2310176 ], [ 9.1022506, 46.2307764 ], [ 9.1021876, 46.2307495 ], [ 9.1020857, 46.230743 ], [ 9.1012657, 46.2309129 ], [ 9.1012039, 46.2309436 ], [ 9.1011643, 46.2309907 ], [ 9.100868, 46.2313673 ], [ 9.1006225, 46.2314415 ] ] ] } },
{ "type": "Feature", "properties": { "stop_id": "osm-way-552405758", "name": "Rheintal" }, "geometry": { "type": "Polygon", "coordinates": [ [ [ 9.5012131, 47.1452058 ], [ 9.5010897, 47.1450726 ], [ 9.5006043, 47.1451766 ], [ 9.5003226, 47.1453937 ], [ 9.4998908, 47.1455925 ], [ 9.4997406, 47.1458151 ], [ 9.4996145, 47.1461234 ], [ 9.4996172, 47.1462292 ], [ 9.4997245, 47.1463368 ], [ 9.499636, 47.1466524 ], [ 9.4995046, 47.1470829 ], [ 9.4997701, 47.1471194 ], [ 9.5001698, 47.1466086 ], [ 9.5008001, 47.1457695 ], [ 9.5012131, 47.1452058 ] ] ] } },
{ "type": "Feature", "properties": { "stop_id": "osm-way-552405759", "name": "Rheintal" }, "geometry": { "type": "Polygon", "coordinates": [ [ [ 9.5002153, 47.1471085 ], [ 9.5003253, 47.1471942 ], [ 9.5005801, 47.1472927 ], [ 9.5011327, 47.1467728 ], [ 9.5013499, 47.1465594 ], [ 9.5015645, 47.1463751 ], [ 9.5017442, 47.1462055 ], [ 9.5019865, 47.1460139 ], [ 9.5023167, 47.1457676 ], [ 9.5018568, 47.1452875 ], [ 9.5016396, 47.1452094 ], [ 9.5011944, 47.1457859 ], [ 9.5002153, 47.1471085 ] ] ] } },
{ "type": "Feature", "properties": { "stop_id": "osm-way-552531006", "name": "St. Margrethen Süd" }, "geometry": { "type": "Polygon", "coordinates": [ [ [ 9.6012568, 47.4610184 ], [ 9.6012327, 47.4608715 ], [ 9.601568, 47.4607754 ], [ 9.6023485, 47.4605813 ], [ 9.6028201, 47.4604774 ], [ 9.6030886, 47.4603998 ], [ 9.6033563, 47.4606413 ], [ 9.6037068, 47.4609027 ], [ 9.6037119, 47.460979 ], [ 9.6028367, 47.4609839 ], [ 9.6020159, 47.4609894 ], [ 9.6012568, 47.4610184 ] ] ] } },
{ "type": "Feature", "properties": { "stop_id": "osm-way-552531008", "name": "St. Margrethen Nord" }, "geometry": { "type": "Polygon", "coordinates": [ [ [ 9.6019354, 47.4613901 ], [ 9.6020069, 47.4612787 ], [ 9.6027701, 47.461286 ], [ 9.6033419, 47.4612676 ], [ 9.6039279, 47.4612762 ], [ 9.6044277, 47.4612893 ], [ 9.6044173, 47.4613637 ], [ 9.6044084, 47.4616589 ], [ 9.6039961, 47.46163 ], [ 9.6036344, 47.4616012 ], [ 9.6031077, 47.4615905 ], [ 9.6028474, 47.4615624 ], [ 9.602349, 47.4614815 ], [ 9.6019354, 47.4613901 ] ] ] } },
{ "type": "Feature", "properties": { "stop_id": "osm-way-552551587", "name": null }, "geometry": { "type": "Polygon", "coordinates": [ [ [ 9.4745493, 47.4668065 ], [ 9.4745198, 47.4669987 ], [ 9.4752091, 47.4670912 ], [ 9.4754881, 47.4672906 ], [ 9.4760111, 47.4673396 ], [ 9.4764081, 47.4673069 ], [ 9.4767889, 47.4672362 ], [ 9.4774219, 47.4670767 ], [ 9.4775856, 47.4669135 ], [ 9.4776231, 47.4667285 ], [ 9.4768614, 47.4667847 ], [ 9.4756275, 47.4668283 ], [ 9.4748604, 47.4668246 ], [ 9.4745493, 47.4668065 ] ] ] } },
{ "type": "Feature", "properties": { "stop_id": "osm-way-553014607", "name": null }, "geometry": { "type": "Polygon", "coordinates": [ [ [ 9.2710128, 47.6167192 ], [ 9.271051, 47.6167599 ], [ 9.2711144, 47.6167522 ], [ 9.2715605, 47.6165678 ], [ 9.2715543, 47.6165428 ], [ 9.271531, 47.6164893 ], [ 9.2714732, 47.6164685 ], [ 9.2713746, 47.6164916 ], [ 9.2710832, 47.6166138 ], [ 9.2710341, 47.616665 ], [ 9.2710128, 47.6167192 ] ] ] } },
{ "type": "Feature", "properties": { "stop_id": "osm-way-554472771", "name": "Rastplatz Eitenberg" }, "geometry": { "type": "Polygon", "coordinates": [ [ [ 8.4615233, 47.228209 ], [ 8.4617098, 47.2277097 ], [ 8.4617723, 47.2276128 ], [ 8.4621787, 47.2273236 ], [ 8.4621897, 47.2273298 ], [ 8.462231, 47.2273005 ], [ 8.4626804, 47.2269819 ], [ 8.4628472, 47.2268653 ], [ 8.4631267, 47.2267028 ], [ 8.463217, 47.226764 ], [ 8.4632546, 47.2267907 ], [ 8.46288, 47.2272273 ], [ 8.4624153, 47.2276968 ], [ 8.4619411, 47.2281145 ], [ 8.4618826, 47.2281183 ], [ 8.4618347, 47.228123 ], [ 8.4618008, 47.2281717 ], [ 8.4616994, 47.2282946 ], [ 8.4616543, 47.2282773 ], [ 8.4615233, 47.228209 ] ] ] } },
{ "type": "Feature", "properties": { "stop_id": "osm-way-630142088", "name": "Buchholz Ost" }, "geometry": { "type": "Polygon", "coordinates": [ [ [ 7.6021159, 46.7320019 ], [ 7.6021496, 46.7320296 ], [ 7.6022399, 46.732105 ], [ 7.6023559, 46.732461 ], [ 7.6020766, 46.7330384 ], [ 7.6021553, 46.7332689 ], [ 7.6021693, 46.7332987 ], [ 7.6021081, 46.7333888 ], [ 7.6020299, 46.7333871 ], [ 7.6019837, 46.7333872 ], [ 7.6019532, 46.7333903 ], [ 7.6018963, 46.7334026 ], [ 7.6016872, 46.7334605 ], [ 7.6016663, 46.7334671 ], [ 7.6016434, 46.7334774 ], [ 7.6016221, 46.7334951 ], [ 7.6015989, 46.7335187 ], [ 7.6015777, 46.7335489 ], [ 7.6014042, 46.7335296 ], [ 7.601358, 46.7335149 ], [ 7.6013401, 46.7333955 ], [ 7.6014848, 46.7330594 ], [ 7.6017293, 46.7325807 ], [ 7.6020426, 46.7319893 ], [ 7.6021159, 46.7320019 ] ] ] } },
{ "type": "Feature", "properties": { "stop_id": "osm-way-630142089", "name": "Buchholz West" }, "geometry": { "type": "Polygon", "coordinates": [ [ [ 7.6008184, 46.7337332 ], [ 7.6007805, 46.7337419 ], [ 7.6007189, 46.7337311 ], [ 7.6005873, 46.7337068 ], [ 7.6005694, 46.7331691 ], [ 7.600605, 46.7329849 ], [ 7.6007255, 46.7327598 ], [ 7.6008405, 46.7325449 ], [ 7.6006304, 46.7323639 ], [ 7.6007515, 46.7320708 ], [ 7.6009448, 46.731732 ], [ 7.6014595, 46.7315415 ], [ 7.6018343, 46.7316644 ], [ 7.6018791, 46.7316791 ], [ 7.6013278, 46.7325396 ], [ 7.6009137, 46.7333648 ], [ 7.6008184, 46.7337332 ] ] ] } },
{ "type": "Feature", "properties": { "stop_id": "osm-way-645015707", "name": "Lavorgo Nord" }, "geometry": { "type": "Polygon", "coordinates": [ [ [ 8.8317221, 46.4458983 ], [ 8.8318163, 46.4456312 ], [ 8.8324531, 46.4447772 ], [ 8.8330163, 46.4440866 ], [ 8.8334104, 46.4436976 ], [ 8.8336845, 46.4439293 ], [ 8.8337437, 46.4443422 ], [ 8.8338911, 46.4447071 ], [ 8.8334279, 46.4452837 ], [ 8.8332934, 46.4452679 ], [ 8.8332409, 46.4453397 ], [ 8.833255, 46.445361 ], [ 8.8331517, 46.4454979 ], [ 8.8328693, 46.4455498 ], [ 8.8328427, 46.4454964 ], [ 8.8325512, 46.4455711 ], [ 8.8321127, 46.4456732 ], [ 8.8317221, 46.4458983 ] ] ] } },
{ "type": "Feature", "properties": { "stop_id": "osm-way-667725805", "name": "Rastplatz Büsisee Süd" }, "geometry": { "type": "Polygon", "coordinates": [ [ [ 8.5095498, 47.4291586 ], [ 8.5095871, 47.4289995 ], [ 8.5098901, 47.4290205 ], [ 8.5103016, 47.4290111 ], [ 8.5106032, 47.4290057 ], [ 8.5109278, 47.4290676 ], [ 8.5111029, 47.4291284 ], [ 8.511638, 47.4292316 ], [ 8.5117661, 47.429497 ], [ 8.5115957, 47.4297528 ], [ 8.5114629, 47.4297955 ], [ 8.5095498, 47.4291586 ] ] ] } },
{ "type": "Feature", "properties": { "stop_id": "osm-way-708340762", "name": "Rastplatz Teufengraben" }, "geometry": { "type": "Polygon", "coordinates": [ [ [ 7.8225054, 47.3334391 ], [ 7.8224192, 47.3333508 ], [ 7.822372, 47.3332996 ], [ 7.820366, 47.3324648 ], [ 7.8203097, 47.3324756 ], [ 7.8202214, 47.3325016 ], [ 7.8201541, 47.3325446 ], [ 7.8202743, 47.332692 ], [ 7.8204007, 47.3328616 ], [ 7.8204691, 47.3330759 ], [ 7.8208838, 47.3333255 ], [ 7.8211547, 47.3333445 ], [ 7.82148, 47.33335 ], [ 7.8218503, 47.333437 ], [ 7.8222462, 47.3334341 ], [ 7.8225054, 47.3334391 ] ] ] } },
{ "type": "Feature", "properties": { "stop_id": "osm-way-708807130", "name": "Rastplatz Eggberg" }, "geometry": { "type": "Polygon", "coordinates": [ [ [ 7.8278317, 47.3356617 ], [ 7.828306, 47.3359603 ], [ 7.829143, 47.3365132 ], [ 7.8295447, 47.336795 ], [ 7.8298443, 47.3369807 ], [ 7.8300307, 47.3370955 ], [ 7.8302822, 47.3373016 ], [ 7.8303568, 47.3372757 ], [ 7.8302956, 47.3370133 ], [ 7.8302349, 47.3367649 ], [ 7.8301018, 47.3366161 ], [ 7.8299383, 47.3364927 ], [ 7.8296791, 47.3363234 ], [ 7.8295363, 47.33624 ], [ 7.8294362, 47.3361095 ], [ 7.8293468, 47.336027 ], [ 7.8292128, 47.335931 ], [ 7.8291373, 47.3358851 ], [ 7.8287137, 47.335647 ], [ 7.8283663, 47.3356804 ], [ 7.8277767, 47.3355354 ], [ 7.8278008, 47.3355906 ], [ 7.8278317, 47.3356617 ] ] ] } },
{ "type": "Feature", "properties": { "stop_id": "osm-way-776358649", "name": "Münsingen" }, "geometry": { "type": "Polygon", "coordinates": [ [ [ 7.5424361, 46.8766619 ], [ 7.542066, 46.8776134 ], [ 7.541669, 46.8788657 ], [ 7.5415456, 46.8793882 ], [ 7.5413364, 46.8793445 ], [ 7.5410313, 46.8791611 ], [ 7.5414918, 46.8777251 ], [ 7.541774, 46.8766545 ], [ 7.5420315, 46.8765371 ], [ 7.5423179, 46.8764677 ], [ 7.5424361, 46.8766619 ] ] ] } },
{ "type": "Feature", "properties": { "stop_id": "osm-way-834031243", "name": "Rastplatz Heuberg" }, "geometry": { "type": "Polygon", "coordinates": [ [ [ 8.6665132, 47.3186506 ], [ 8.6667812, 47.3182641 ], [ 8.6668429, 47.3181586 ], [ 8.6669113, 47.3181109 ], [ 8.6669851, 47.3180495 ], [ 8.6671111, 47.3178913 ], [ 8.6673123, 47.3176294 ], [ 8.6674571, 47.3174603 ], [ 8.667492, 47.317424 ], [ 8.6675131, 47.3174041 ], [ 8.6675805, 47.3173403 ], [ 8.6676503, 47.3172694 ], [ 8.6676463, 47.3172499 ], [ 8.6676288, 47.3171639 ], [ 8.6675859, 47.3171421 ], [ 8.6675162, 47.317233 ], [ 8.6671782, 47.3173367 ], [ 8.6670065, 47.3173785 ], [ 8.6669234, 47.3174167 ], [ 8.6667618, 47.3174078 ], [ 8.6667118, 47.317423 ], [ 8.6666355, 47.3174778 ], [ 8.6665433, 47.317706 ], [ 8.6664709, 47.3178315 ], [ 8.6663126, 47.3179797 ], [ 8.6662777, 47.3182151 ], [ 8.6661479, 47.3184784 ], [ 8.6661718, 47.3185258 ], [ 8.666264, 47.3185611 ], [ 8.6663779, 47.3186074 ], [ 8.6665132, 47.3186506 ] ] ] } },
{ "type": "Feature", "properties": { "stop_id": "osm-way-856830279", "name": null }, "geometry": { "type": "Polygon", "coordinates": [ [ [ 7.2213143, 47.3408991 ], [ 7.2210843, 47.3406593 ], [ 7.2213285, 47.3405705 ], [ 7.2235936, 47.3407936 ], [ 7.2241351, 47.3410358 ], [ 7.2239935, 47.3411365 ], [ 7.2213143, 47.3408991 ] ] ] } },
{ "type": "Feature", "properties": { "stop_id": "osm-way-856830287", "name": null }, "geometry": { "type": "Polygon", "coordinates": [ [ [ 7.2243227, 47.3413908 ], [ 7.2245032, 47.3415754 ], [ 7.2238944, 47.3416666 ], [ 7.2235653, 47.3416761 ], [ 7.2214559, 47.3415442 ], [ 7.220971, 47.3413404 ], [ 7.2211126, 47.3411581 ], [ 7.2243227, 47.3413908 ] ] ] } },
{ "type": "Feature", "properties": { "stop_id": "osm-way-883675012", "name": "Martischeiju" }, "geometry": { "type": "Polygon", "coordinates": [ [ [ 7.7100515, 46.309198 ], [ 7.7100193, 46.3090331 ], [ 7.7108696, 46.3088793 ], [ 7.710909, 46.3088796 ], [ 7.7118728, 46.3088108 ], [ 7.7120873, 46.308896 ], [ 7.7119935, 46.3090572 ], [ 7.7100515, 46.309198 ] ] ] } },
{ "type": "Feature", "properties": { "stop_id": "osm-way-883675015", "name": "Martischeiju" }, "geometry": { "type": "Polygon", "coordinates": [ [ [ 7.7102876, 46.3095463 ], [ 7.7101588, 46.3095241 ], [ 7.7101669, 46.3094426 ], [ 7.7120605, 46.3092814 ], [ 7.7120981, 46.3094111 ], [ 7.7116501, 46.3094889 ], [ 7.7107489, 46.3095711 ], [ 7.7104613, 46.3095902 ], [ 7.710427, 46.3095945 ], [ 7.7102876, 46.3095463 ] ] ] } },
{ "type": "Feature", "properties": { "stop_id": "osm-way-932337610", "name": "Herrlisberg Süd" }, "geometry": { "type": "Polygon", "coordinates": [ [ [ 8.662929, 47.2191964 ], [ 8.6608227, 47.2203397 ], [ 8.6606956, 47.2202722 ], [ 8.6610379, 47.2194315 ], [ 8.6615287, 47.2191215 ], [ 8.6617119, 47.2191623 ], [ 8.6620418, 47.2189845 ], [ 8.662929, 47.2191964 ] ] ] } },
{ "type": "Feature", "properties": { "stop_id": "osm-way-946202336", "name": "Oberbipp" }, "geometry": { "type": "Polygon", "coordinates": [ [ [ 7.6658497, 47.2493176 ], [ 7.6659844, 47.2492437 ], [ 7.6670623, 47.2495998 ], [ 7.6680284, 47.2499754 ], [ 7.668017, 47.2500902 ], [ 7.6682416, 47.2501247 ], [ 7.6683782, 47.2501602 ], [ 7.6685317, 47.2502171 ], [ 7.6685997, 47.250243 ], [ 7.6685805, 47.2502561 ], [ 7.6684905, 47.250222 ], [ 7.6683186, 47.2502744 ], [ 7.6675788, 47.2502043 ], [ 7.6674635, 47.2502442 ], [ 7.6673348, 47.2502145 ], [ 7.6672787, 47.2502017 ], [ 7.6672456, 47.2501941 ], [ 7.6672379, 47.250208 ], [ 7.6671907, 47.250197 ], [ 7.6671076, 47.2501591 ], [ 7.666794, 47.2499957 ], [ 7.6663954, 47.2497835 ], [ 7.6661549, 47.249597 ], [ 7.6658497, 47.2493176 ] ] ] } },
{ "type": "Feature", "properties": { "stop_id": "osm-way-968508129", "name": "Rastplatz Mühlematt Ost" }, "geometry": { "type": "Polygon", "coordinates": [ [ [ 7.8092462, 47.4276871 ], [ 7.8092904, 47.4276672 ], [ 7.8092678, 47.4275471 ], [ 7.8092678, 47.4274609 ], [ 7.8096602, 47.4274997 ], [ 7.8095328, 47.4277989 ], [ 7.8094225, 47.4280364 ], [ 7.8093128, 47.4282912 ], [ 7.8092185, 47.4285213 ], [ 7.8091841, 47.4285887 ], [ 7.8091038, 47.428588 ], [ 7.8090597, 47.4286952 ], [ 7.8090139, 47.4287726 ], [ 7.8089785, 47.4287541 ], [ 7.8089284, 47.4287279 ], [ 7.8090104, 47.4283451 ], [ 7.8090897, 47.4280269 ], [ 7.809165, 47.4277267 ], [ 7.8092462, 47.4276871 ] ] ] } },
{ "type": "Feature", "properties": { "stop_id": "osm-way-968516710", "name": "Rastplatz Mühlematt West" }, "geometry": { "type": "Polygon", "coordinates": [ [ [ 7.8083638, 47.4295168 ], [ 7.8084364, 47.4294925 ], [ 7.8085306, 47.4288612 ], [ 7.8086483, 47.4283076 ], [ 7.8087087, 47.4280577 ], [ 7.8087572, 47.4278758 ], [ 7.8087294, 47.4278356 ], [ 7.8086415, 47.427815 ], [ 7.8083969, 47.4280492 ], [ 7.8083419, 47.4280898 ], [ 7.8081387, 47.4281154 ], [ 7.8081335, 47.4281177 ], [ 7.8080244, 47.428165 ], [ 7.8079301, 47.4282772 ], [ 7.8080169, 47.428506 ], [ 7.8081055, 47.428571 ], [ 7.8081017, 47.4285964 ], [ 7.8081008, 47.4286509 ], [ 7.8080897, 47.4287417 ], [ 7.8081075, 47.4288536 ], [ 7.8081634, 47.4289231 ], [ 7.8081953, 47.4289406 ], [ 7.8082189, 47.4289534 ], [ 7.8082464, 47.4290153 ], [ 7.8083217, 47.4290955 ], [ 7.8082934, 47.4293157 ], [ 7.8083088, 47.4295154 ], [ 7.8083638, 47.4295168 ] ] ] } },
{ "type": "Feature", "properties": { "stop_id": "osm-way-984807567", "name": "Motto" }, "geometry": { "type": "Polygon", "coordinates": [ [ [ 8.944275, 46.1445026 ], [ 8.944597, 46.1445007 ], [ 8.944971, 46.1444964 ], [ 8.9453169, 46.1444795 ], [ 8.9457113, 46.1444505 ], [ 8.9460484, 46.1444185 ], [ 8.9463749, 46.1443882 ], [ 8.9464448, 46.144386 ], [ 8.9466968, 46.14439 ], [ 8.9467101, 46.1443295 ], [ 8.9467003, 46.1442442 ], [ 8.9470946, 46.1442175 ], [ 8.9470764, 46.1440939 ], [ 8.9466179, 46.1441204 ], [ 8.9462913, 46.1441813 ], [ 8.9453107, 46.1442541 ], [ 8.9450686, 46.1442961 ], [ 8.9445855, 46.1443883 ], [ 8.9443977, 46.1444159 ], [ 8.9442689, 46.1444278 ], [ 8.944275, 46.1445026 ] ] ] } },
{ "type": "Feature", "properties": { "stop_id": "osm-way-1011076803", "name": "La Tuffière" }, "geometry": { "type": "Polygon", "coordinates": [ [ [ 7.0912031, 46.7553117 ], [ 7.0914862, 46.7552637 ], [ 7.0913384, 46.7549095 ], [ 7.0912489, 46.7547009 ], [ 7.0911427, 46.7544736 ], [ 7.0910273, 46.7542351 ], [ 7.0910133, 46.7542386 ], [ 7.0909947, 46.7542433 ], [ 7.0909836, 46.75422 ], [ 7.0909735, 46.7542009 ], [ 7.0910195, 46.7541889 ], [ 7.091054, 46.754179 ], [ 7.0903702, 46.7528892 ], [ 7.0902207, 46.752921 ], [ 7.0901247, 46.7529414 ], [ 7.0900062, 46.7529666 ], [ 7.0903787, 46.7536504 ], [ 7.0905407, 46.7539633 ], [ 7.0907412, 46.754388 ], [ 7.0908003, 46.7544197 ], [ 7.0908634, 46.7544522 ], [ 7.0909074, 46.7544726 ], [ 7.0909493, 46.7546201 ], [ 7.0912031, 46.7553117 ] ] ] } },
{ "type": "Feature", "properties": { "stop_id": "osm-way-1017802707", "name": "Glooten" }, "geometry": { "type": "Polygon", "coordinates": [ [ [ 7.9899623, 46.7204974 ], [ 7.9901346, 46.7207002 ], [ 7.9898283, 46.7207565 ], [ 7.9897417, 46.7207896 ], [ 7.9892936, 46.7207617 ], [ 7.9890502, 46.7206919 ], [ 7.9884784, 46.7204937 ], [ 7.9885503, 46.720304 ], [ 7.9884986, 46.7202006 ], [ 7.9885158, 46.7198284 ], [ 7.9899623, 46.7204974 ] ] ] } },
{ "type": "Feature", "properties": { "stop_id": "osm-way-1046812454", "name": "Kölliken-Nord" }, "geometry": { "type": "Polygon", "coordinates": [ [ [ 8.0299991, 47.3294532 ], [ 8.0308056, 47.3299243 ], [ 8.0310017, 47.3300782 ], [ 8.0301978, 47.3307117 ], [ 8.0300406, 47.3307419 ], [ 8.0295542, 47.3305971 ], [ 8.0296521, 47.330169 ], [ 8.0297915, 47.329677 ], [ 8.0299146, 47.3295443 ], [ 8.0299991, 47.3294532 ] ] ] } },
{ "type": "Feature", "properties": { "stop_id": "osm-way-1046812785", "name": "Kölliken-Süd" }, "geometry": { "type": "Polygon", "coordinates": [ [ [ 8.0202906, 47.3229266 ], [ 8.0203427, 47.3228437 ], [ 8.0214103, 47.3228828 ], [ 8.021657, 47.3229019 ], [ 8.0221383, 47.322936 ], [ 8.0225822, 47.3233792 ], [ 8.0224158, 47.323732 ], [ 8.0223802, 47.3238188 ], [ 8.0221681, 47.3238402 ], [ 8.0211531, 47.3233242 ], [ 8.0206879, 47.3231027 ], [ 8.0202906, 47.3229266 ] ] ] } },
{ "type": "Feature", "properties": { "stop_id": "osm-way-1060506140", "name": "Aire de repos de Pierre-Avoi" }, "geometry": { "type": "Polygon", "coordinates": [ [ [ 7.1187311, 46.1258113 ], [ 7.1187221, 46.1256772 ], [ 7.1186799, 46.1255098 ], [ 7.1187301, 46.1255419 ], [ 7.1187814, 46.1255532 ], [ 7.1188244, 46.125552 ], [ 7.1193685, 46.1251553 ], [ 7.1194007, 46.1251198 ], [ 7.119414, 46.1250785 ], [ 7.1194073, 46.1250377 ], [ 7.1189631, 46.1247397 ], [ 7.1186079, 46.1247233 ], [ 7.118553, 46.1247528 ], [ 7.1184422, 46.1247771 ], [ 7.1179355, 46.1247667 ], [ 7.117925, 46.1248265 ], [ 7.1178618, 46.1248123 ], [ 7.1175027, 46.1247768 ], [ 7.117327, 46.1247638 ], [ 7.1172666, 46.1248214 ], [ 7.1173712, 46.1248716 ], [ 7.1176059, 46.1249739 ], [ 7.11842, 46.1254972 ], [ 7.1187311, 46.1258113 ] ] ] } },
{ "type": "Feature", "properties": { "stop_id": "osm-way-1062460643", "name": "Cime de l'Est" }, "geometry": { "type": "Polygon", "coordinates": [ [ [ 7.0255486, 46.1850404 ], [ 7.025662, 46.1850444 ], [ 7.0256698, 46.1849565 ], [ 7.0256777, 46.1848549 ], [ 7.0256991, 46.1847397 ], [ 7.0258324, 46.1840221 ], [ 7.0258419, 46.1839709 ], [ 7.0259123, 46.1837909 ], [ 7.0256992, 46.1837841 ], [ 7.0255629, 46.1839022 ], [ 7.0255361, 46.1834665 ], [ 7.0255726, 46.1834075 ], [ 7.0255787, 46.1832904 ], [ 7.0255361, 46.1832272 ], [ 7.0254266, 46.1832398 ], [ 7.0253827, 46.183362 ], [ 7.0253134, 46.1834126 ], [ 7.0253024, 46.1834775 ], [ 7.0252939, 46.1835828 ], [ 7.0253596, 46.1836401 ], [ 7.0253134, 46.183828 ], [ 7.0253195, 46.1839451 ], [ 7.0252696, 46.1839434 ], [ 7.0252647, 46.1842308 ], [ 7.0253608, 46.1845527 ], [ 7.0253596, 46.1847085 ], [ 7.0255069, 46.18492 ], [ 7.0255486, 46.1850404 ] ] ] } },
{ "type": "Feature", "properties": { "stop_id": "osm-way-1062460651", "name": "Dents de Morcles" }, "geometry": { "type": "Polygon", "coordinates": [ [ [ 7.0261491, 46.1847597 ], [ 7.0263188, 46.1847544 ], [ 7.0263824, 46.1847806 ], [ 7.0264643, 46.1847145 ], [ 7.0265165, 46.1846532 ], [ 7.0265514, 46.184595 ], [ 7.0265794, 46.1844061 ], [ 7.0267832, 46.1845105 ], [ 7.0268377, 46.1843411 ], [ 7.0268733, 46.1840028 ], [ 7.0268294, 46.1836855 ], [ 7.0268105, 46.1835266 ], [ 7.026713, 46.1835158 ], [ 7.026687, 46.1835817 ], [ 7.0266468, 46.1836855 ], [ 7.0266915, 46.1837128 ], [ 7.0266302, 46.1838717 ], [ 7.026315, 46.1838408 ], [ 7.0261491, 46.1847597 ] ] ] } },
{ "type": "Feature", "properties": { "stop_id": "osm-way-1070807062", "name": null }, "geometry": { "type": "Polygon", "coordinates": [ [ [ 9.1929157, 47.5462834 ], [ 9.1929067, 47.5463239 ], [ 9.1929965, 47.5463743 ], [ 9.1938186, 47.5464581 ], [ 9.1939353, 47.5464298 ], [ 9.1939997, 47.5464023 ], [ 9.1940234, 47.5463746 ], [ 9.1939295, 47.5463123 ], [ 9.1932355, 47.5462426 ], [ 9.1930959, 47.5462697 ], [ 9.1930885, 47.5463023 ], [ 9.1929157, 47.5462834 ] ] ] } },
{ "type": "Feature", "properties": { "stop_id": "osm-way-1074876867", "name": "Mumpf-Süd" }, "geometry": { "type": "Polygon", "coordinates": [ [ [ 7.9310489, 47.5452163 ], [ 7.9310244, 47.5451593 ], [ 7.9309593, 47.5450324 ], [ 7.9317383, 47.5449529 ], [ 7.9324679, 47.5449066 ], [ 7.9329768, 47.544882 ], [ 7.9346966, 47.5448082 ], [ 7.9347101, 47.5449239 ], [ 7.9339925, 47.545009 ], [ 7.9335639, 47.5450782 ], [ 7.932964, 47.5451315 ], [ 7.9319859, 47.5451837 ], [ 7.9310489, 47.5452163 ] ] ] } },
{ "type": "Feature", "properties": { "stop_id": "osm-way-1074876869", "name": "Mumpf-Nord" }, "geometry": { "type": "Polygon", "coordinates": [ [ [ 7.9340628, 47.545479 ], [ 7.93402, 47.5453866 ], [ 7.9339723, 47.5452835 ], [ 7.933824, 47.5453006 ], [ 7.9332816, 47.54538 ], [ 7.9332026, 47.5453391 ], [ 7.9331505, 47.5453437 ], [ 7.9330732, 47.5454038 ], [ 7.9323735, 47.5454454 ], [ 7.9319213, 47.5454537 ], [ 7.931338, 47.5454411 ], [ 7.9311658, 47.5454514 ], [ 7.9311557, 47.5455286 ], [ 7.9313152, 47.5455611 ], [ 7.9319496, 47.5455985 ], [ 7.9319489, 47.5456341 ], [ 7.9325691, 47.5456488 ], [ 7.9331253, 47.5456182 ], [ 7.9340628, 47.545479 ] ] ] } },
{ "type": "Feature", "properties": { "stop_id": "osm-way-1081866424", "name": "Rastplatz Chilchbüel" }, "geometry": { "type": "Polygon", "coordinates": [ [ [ 8.1832656, 47.1444535 ], [ 8.183307, 47.1444967 ], [ 8.1836372, 47.1448401 ], [ 8.1836592, 47.144847 ], [ 8.1837159, 47.1447895 ], [ 8.1841195, 47.1446315 ], [ 8.1841833, 47.1446079 ], [ 8.1843286, 47.1445504 ], [ 8.1851272, 47.1442525 ], [ 8.1854879, 47.1438872 ], [ 8.1854948, 47.1438802 ], [ 8.1854321, 47.1437763 ], [ 8.1853893, 47.1437055 ], [ 8.1840418, 47.1441588 ], [ 8.1833926, 47.1443871 ], [ 8.1832656, 47.1444535 ] ] ] } },
{ "type": "Feature", "properties": { "stop_id": "osm-way-1081867258", "name": "Rastplatz Inseli" }, "geometry": { "type": "Polygon", "coordinates": [ [ [ 8.1561066, 47.1564098 ], [ 8.1562407, 47.1564844 ], [ 8.1563095, 47.1565197 ], [ 8.15694, 47.1561068 ], [ 8.1577357, 47.1555826 ], [ 8.158529, 47.1550836 ], [ 8.1584957, 47.1550443 ], [ 8.1583778, 47.1549049 ], [ 8.1568508, 47.1558219 ], [ 8.1561066, 47.1564098 ] ] ] } },
{ "type": "Feature", "properties": { "stop_id": "osm-way-1081873076", "name": "Rastplatz Knutwil Süd" }, "geometry": { "type": "Polygon", "coordinates": [ [ [ 8.0764906, 47.1902567 ], [ 8.076717, 47.1898641 ], [ 8.0768163, 47.1897199 ], [ 8.0770648, 47.1889762 ], [ 8.0773157, 47.1883049 ], [ 8.0772321, 47.1882874 ], [ 8.0771772, 47.1882753 ], [ 8.0770064, 47.1882361 ], [ 8.0772428, 47.1877237 ], [ 8.0771524, 47.1874988 ], [ 8.0769928, 47.1876779 ], [ 8.0767652, 47.1883869 ], [ 8.0766873, 47.1886184 ], [ 8.0765889, 47.188885 ], [ 8.0765447, 47.1889469 ], [ 8.0765259, 47.1890093 ], [ 8.0765123, 47.1891028 ], [ 8.0762254, 47.1899106 ], [ 8.0762128, 47.1900032 ], [ 8.0762668, 47.1900446 ], [ 8.0762257, 47.190168 ], [ 8.0760549, 47.1905975 ], [ 8.0761488, 47.1906268 ], [ 8.0762216, 47.1906477 ], [ 8.0764906, 47.1902567 ] ] ] } },
{ "type": "Feature", "properties": { "stop_id": "osm-way-1081873087", "name": "Rastplatz Knutwil Nord" }, "geometry": { "type": "Polygon", "coordinates": [ [ [ 8.0661937, 47.1967381 ], [ 8.0662621, 47.1967901 ], [ 8.0663138, 47.1968345 ], [ 8.0662933, 47.1968712 ], [ 8.0660212, 47.1971341 ], [ 8.0655915, 47.1974261 ], [ 8.0652907, 47.1975997 ], [ 8.0643528, 47.1979667 ], [ 8.0638272, 47.1981458 ], [ 8.0635408, 47.198175 ], [ 8.0634907, 47.1981343 ], [ 8.0634628, 47.198105 ], [ 8.0636202, 47.1980414 ], [ 8.0643948, 47.1977007 ], [ 8.0650562, 47.1973799 ], [ 8.0661937, 47.1967381 ] ] ] } },
{ "type": "Feature", "properties": { "stop_id": "osm-way-1092663772", "name": "Fillistorf Alpes" }, "geometry": { "type": "Polygon", "coordinates": [ [ [ 7.222737, 46.869234 ], [ 7.2228557, 46.8689381 ], [ 7.2232441, 46.8688164 ], [ 7.2237243, 46.8687134 ], [ 7.2251929, 46.8690037 ], [ 7.2257137, 46.8691849 ], [ 7.2260077, 46.8696256 ], [ 7.2259809, 46.8697733 ], [ 7.2247899, 46.8696045 ], [ 7.222737, 46.869234 ] ] ] } },
{ "type": "Feature", "properties": { "stop_id": "osm-way-1092665253", "name": "Fillistorf Jura" }, "geometry": { "type": "Polygon", "coordinates": [ [ [ 7.2203735, 46.8690916 ], [ 7.2202053, 46.8692922 ], [ 7.2203096, 46.8693452 ], [ 7.2204527, 46.8696802 ], [ 7.2206032, 46.8698315 ], [ 7.2208694, 46.8699562 ], [ 7.2213688, 46.8701286 ], [ 7.2216728, 46.8702049 ], [ 7.221928, 46.8702274 ], [ 7.2223447, 46.8702097 ], [ 7.2227186, 46.8702496 ], [ 7.2230747, 46.8701563 ], [ 7.2237336, 46.8700882 ], [ 7.2237476, 46.8697624 ], [ 7.2234744, 46.8697399 ], [ 7.2203735, 46.8690916 ] ] ] } },
{ "type": "Feature", "properties": { "stop_id": "osm-way-1093128608", "name": "Deitingen Süd" }, "geometry": { "type": "Polygon", "coordinates": [ [ [ 7.615398, 47.2257553 ], [ 7.6156211, 47.2257517 ], [ 7.6158655, 47.2257102 ], [ 7.6160274, 47.2256704 ], [ 7.6162591, 47.2256123 ], [ 7.6167022, 47.2253341 ], [ 7.6179632, 47.2264646 ], [ 7.6185007, 47.2269918 ], [ 7.6181022, 47.2268818 ], [ 7.616112, 47.2261467 ], [ 7.6152362, 47.2258197 ], [ 7.615398, 47.2257553 ] ] ] } },
{ "type": "Feature", "properties": { "stop_id": "osm-way-1132020241", "name": null }, "geometry": { "type": "Polygon", "coordinates": [ [ [ 9.2708402, 47.1139823 ], [ 9.2709162, 47.1140017 ], [ 9.2711689, 47.1139708 ], [ 9.27141, 47.1139438 ], [ 9.2714064, 47.1139185 ], [ 9.2715112, 47.1138961 ], [ 9.2712718, 47.1139163 ], [ 9.2712742, 47.1139255 ], [ 9.2711495, 47.1139403 ], [ 9.2710196, 47.1139586 ], [ 9.2710125, 47.1139503 ], [ 9.2708402, 47.1139823 ] ] ] } },
{ "type": "Feature", "properties": { "stop_id": "osm-way-1147486286", "name": "Pertit" }, "geometry": { "type": "Polygon", "coordinates": [ [ [ 6.9155774, 46.439832 ], [ 6.9156296, 46.4399429 ], [ 6.9157666, 46.4400347 ], [ 6.9159368, 46.440151 ], [ 6.9163718, 46.4398268 ], [ 6.9164725, 46.4396712 ], [ 6.916357, 46.4393459 ], [ 6.9166408, 46.4389249 ], [ 6.9167169, 46.4385649 ], [ 6.9164639, 46.4385479 ], [ 6.9161718, 46.4390397 ], [ 6.9157666, 46.4395868 ], [ 6.9155774, 46.439832 ] ] ] } },
{ "type": "Feature", "properties": { "stop_id": "osm-way-1147486287", "name": "Pertit" }, "geometry": { "type": "Polygon", "coordinates": [ [ [ 6.9155363, 46.4384486 ], [ 6.9159209, 46.4385309 ], [ 6.9162582, 46.4379157 ], [ 6.9165606, 46.4373246 ], [ 6.9164989, 46.4371233 ], [ 6.9169123, 46.4366683 ], [ 6.9167848, 46.4366527 ], [ 6.9164495, 46.4368427 ], [ 6.9161945, 46.4372622 ], [ 6.9160073, 46.4375883 ], [ 6.9155363, 46.4384486 ] ] ] } },
{ "type": "Feature", "properties": { "stop_id": "osm-way-1148672187", "name": null }, "geometry": { "type": "Polygon", "coordinates": [ [ [ 8.2072797, 47.4014472 ], [ 8.2070127, 47.401516 ], [ 8.2066106, 47.401709 ], [ 8.2069368, 47.4020571 ], [ 8.2079745, 47.4031096 ], [ 8.2081414, 47.4030542 ], [ 8.2079776, 47.4026927 ], [ 8.2080731, 47.402666 ], [ 8.2073995, 47.4015539 ], [ 8.2073419, 47.4015478 ], [ 8.2072797, 47.4014472 ] ] ] } },
{ "type": "Feature", "properties": { "stop_id": "osm-way-1154636888", "name": null }, "geometry": { "type": "Polygon", "coordinates": [ [ [ 8.6120336, 46.9867707 ], [ 8.6120211, 46.9868423 ], [ 8.6119816, 46.9870756 ], [ 8.6120038, 46.9870867 ], [ 8.6120104, 46.9870924 ], [ 8.6120107, 46.9870987 ], [ 8.6120041, 46.9871284 ], [ 8.611994, 46.9871498 ], [ 8.6120358, 46.9871693 ], [ 8.6120847, 46.9871459 ], [ 8.612114, 46.9871164 ], [ 8.6121363, 46.9870753 ], [ 8.6121503, 46.9870275 ], [ 8.6121262, 46.9869515 ], [ 8.6121227, 46.9868975 ], [ 8.6120935, 46.9868264 ], [ 8.6120336, 46.9867707 ] ] ] } },
{ "type": "Feature", "properties": { "stop_id": "osm-way-1154636920", "name": null }, "geometry": { "type": "Polygon", "coordinates": [ [ [ 8.6118207, 46.9715359 ], [ 8.6118755, 46.9715526 ], [ 8.6118687, 46.9715846 ], [ 8.6115127, 46.9719596 ], [ 8.6114673, 46.9719413 ], [ 8.6114486, 46.9719287 ], [ 8.6115221, 46.9718678 ], [ 8.6116058, 46.9717986 ], [ 8.6116877, 46.9717206 ], [ 8.6117518, 46.9716412 ], [ 8.6118207, 46.9715359 ] ] ] } },
{ "type": "Feature", "properties": { "stop_id": "osm-way-1157131665", "name": null }, "geometry": { "type": "Polygon", "coordinates": [ [ [ 8.7302022, 47.1872937 ], [ 8.7302078, 47.1872895 ], [ 8.7302643, 47.1873172 ], [ 8.7303106, 47.1873401 ], [ 8.7303046, 47.1873468 ], [ 8.7303984, 47.1873927 ], [ 8.7304853, 47.1874337 ], [ 8.7305641, 47.187469 ], [ 8.7306394, 47.1875015 ], [ 8.7306463, 47.1874945 ], [ 8.7306592, 47.1874997 ], [ 8.7306665, 47.187512 ], [ 8.7306686, 47.1875249 ], [ 8.7306656, 47.1875383 ], [ 8.7306566, 47.1875492 ], [ 8.7306475, 47.1875579 ], [ 8.7306355, 47.1875617 ], [ 8.7306187, 47.1875655 ], [ 8.7306058, 47.1875661 ], [ 8.7305916, 47.1875661 ], [ 8.7305765, 47.1875632 ], [ 8.7305619, 47.1875559 ], [ 8.7302706, 47.1874041 ], [ 8.7302022, 47.1872937 ] ] ] } },
{ "type": "Feature", "properties": { "stop_id": "osm-way-1177247045", "name": null }, "geometry": { "type": "Polygon", "coordinates": [ [ [ 8.6124906, 46.9833709 ], [ 8.6125272, 46.9834145 ], [ 8.6125594, 46.9834695 ], [ 8.6125503, 46.9835289 ], [ 8.6125052, 46.9836252 ], [ 8.61246, 46.9836634 ], [ 8.612388, 46.9836795 ], [ 8.612351, 46.983682 ], [ 8.6123945, 46.9835871 ], [ 8.6124461, 46.9834761 ], [ 8.6124906, 46.9833709 ] ] ] } },
{ "type": "Feature", "properties": { "stop_id": "osm-way-1182705914", "name": "Rastplatz Chölfeld" }, "geometry": { "type": "Polygon", "coordinates": [ [ [ 7.578415, 47.1160168 ], [ 7.578496, 47.116119 ], [ 7.5786943, 47.1160952 ], [ 7.5780476, 47.1139275 ], [ 7.5778544, 47.1139513 ], [ 7.5777351, 47.1147907 ], [ 7.5778198, 47.114968 ], [ 7.5780907, 47.1154101 ], [ 7.5782877, 47.1156989 ], [ 7.578415, 47.1160168 ] ] ] } },
{ "type": "Feature", "properties": { "stop_id": "osm-way-1195041673", "name": null }, "geometry": { "type": "Polygon", "coordinates": [ [ [ 9.0633263, 47.275386 ], [ 9.0635034, 47.2754042 ], [ 9.0634562, 47.2753786 ], [ 9.0633192, 47.275338 ], [ 9.0631949, 47.2753204 ], [ 9.0631257, 47.2753092 ], [ 9.0629959, 47.2752969 ], [ 9.0628519, 47.2752873 ], [ 9.0627409, 47.2752878 ], [ 9.0626788, 47.2753001 ], [ 9.062641, 47.2753113 ], [ 9.062593, 47.2753316 ], [ 9.062722, 47.2753508 ], [ 9.0627976, 47.2753342 ], [ 9.0629518, 47.2753487 ], [ 9.0633161, 47.2753775 ], [ 9.0633263, 47.275386 ] ] ] } },
{ "type": "Feature", "properties": { "stop_id": "osm-way-1195042546", "name": null }, "geometry": { "type": "Polygon", "coordinates": [ [ [ 9.0831628, 47.2868349 ], [ 9.0831342, 47.2863804 ], [ 9.0829586, 47.2864348 ], [ 9.0829834, 47.2866277 ], [ 9.0831628, 47.2868349 ] ] ] } },
{ "type": "Feature", "properties": { "stop_id": "osm-way-1213440544", "name": "Area di Servizio San Gottardo Sud" }, "geometry": { "type": "Polygon", "coordinates": [ [ [ 8.664083, 46.5157442 ], [ 8.6640689, 46.5158044 ], [ 8.6667978, 46.5159486 ], [ 8.6668101, 46.5158854 ], [ 8.6669072, 46.515786 ], [ 8.6669596, 46.5157045 ], [ 8.6669683, 46.5156733 ], [ 8.6643907, 46.5155571 ], [ 8.6643779, 46.5155841 ], [ 8.6642739, 46.5156664 ], [ 8.664175, 46.515749 ], [ 8.664083, 46.5157442 ] ] ] } },
{ "type": "Feature", "properties": { "stop_id": "osm-way-1230830493", "name": null }, "geometry": { "type": "Polygon", "coordinates": [ [ [ 8.1783243, 46.82074 ], [ 8.1782057, 46.8206034 ], [ 8.1780224, 46.8203633 ], [ 8.1774406, 46.820595 ], [ 8.1774114, 46.8205808 ], [ 8.1773753, 46.8205718 ], [ 8.177041, 46.8205309 ], [ 8.1769457, 46.8205264 ], [ 8.1768839, 46.8205292 ], [ 8.1768282, 46.8205406 ], [ 8.1763587, 46.8212137 ], [ 8.1767159, 46.8212905 ], [ 8.1769902, 46.8211988 ], [ 8.1777086, 46.8212503 ], [ 8.1780326, 46.8213394 ], [ 8.1782603, 46.8212927 ], [ 8.1785839, 46.8216863 ], [ 8.1788602, 46.8218974 ], [ 8.1790265, 46.8219965 ], [ 8.1791847, 46.8220313 ], [ 8.179579, 46.8219377 ], [ 8.1796568, 46.8219359 ], [ 8.1798714, 46.8220277 ], [ 8.1800485, 46.8220728 ], [ 8.1801736, 46.8220632 ], [ 8.1802807, 46.8220221 ], [ 8.1803321, 46.821956 ], [ 8.1802582, 46.8219255 ], [ 8.180029, 46.8218295 ], [ 8.179461, 46.8215853 ], [ 8.1793135, 46.8215103 ], [ 8.1791222, 46.8214021 ], [ 8.1788372, 46.8212262 ], [ 8.1787194, 46.8211341 ], [ 8.1784661, 46.8208728 ], [ 8.1783243, 46.82074 ] ] ] } },
{ "type": "Feature", "properties": { "stop_id": "osm-way-1317126616", "name": null }, "geometry": { "type": "Polygon", "coordinates": [ [ [ 7.8150498, 46.6586721 ], [ 7.8159005, 46.658795 ], [ 7.8161085, 46.6586426 ], [ 7.8160769, 46.6586046 ], [ 7.8151174, 46.6584872 ], [ 7.814847, 46.6585438 ], [ 7.8150498, 46.6586721 ] ] ] } },
{ "type": "Feature", "properties": { "stop_id": "osm-way-1340607947", "name": null }, "geometry": { "type": "Polygon", "coordinates": [ [ [ 8.7204282, 47.740445 ], [ 8.7195981, 47.7405198 ], [ 8.7185912, 47.7405612 ], [ 8.7178797, 47.7406097 ], [ 8.7180058, 47.7406254 ], [ 8.7180866, 47.7406449 ], [ 8.7181551, 47.7406785 ], [ 8.7182056, 47.740724 ], [ 8.7183023, 47.74083 ], [ 8.7183573, 47.7408633 ], [ 8.7187207, 47.7409762 ], [ 8.7188325, 47.7409852 ], [ 8.7189397, 47.74097 ], [ 8.7204282, 47.740445 ] ] ] } },
{ "type": "Feature", "properties": { "stop_id": "osm-way-1347850640", "name": null }, "geometry": { "type": "Polygon", "coordinates": [ [ [ 9.1171757, 46.2870572 ], [ 9.1171156, 46.2870201 ], [ 9.117006, 46.2867884 ], [ 9.1169372, 46.2866088 ], [ 9.1169093, 46.2865108 ], [ 9.1170146, 46.2862658 ], [ 9.1171091, 46.2861099 ], [ 9.1171972, 46.2860089 ], [ 9.1173068, 46.2859465 ], [ 9.1172531, 46.2860876 ], [ 9.1171586, 46.2862673 ], [ 9.117107, 46.2864232 ], [ 9.1171091, 46.2865865 ], [ 9.1171392, 46.2867662 ], [ 9.1171693, 46.2869711 ], [ 9.1171757, 46.2870572 ] ] ] } },
{ "type": "Feature", "properties": { "stop_id": "osm-way-1358697337", "name": null }, "geometry": { "type": "Polygon", "coordinates": [ [ [ 6.7083108, 46.5870327 ], [ 6.7083784, 46.5870463 ], [ 6.7079496, 46.5863945 ], [ 6.7079496, 46.5864886 ], [ 6.7083108, 46.5870327 ] ] ] } },
{ "type": "Feature", "properties": { "stop_id": "osm-way-1412683383", "name": null }, "geometry": { "type": "Polygon", "coordinates": [ [ [ 7.0269852, 46.6727717 ], [ 7.0268141, 46.6726819 ], [ 7.026838, 46.6726384 ], [ 7.0270388, 46.6725989 ], [ 7.0269852, 46.6727717 ] ] ] } },
{ "type": "Feature", "properties": { "stop_id": "osm-way-1426185070", "name": "Pumptrack Egliswil" }, "geometry": { "type": "Polygon", "coordinates": [ [ [ 8.1835818, 47.3475069 ], [ 8.1834128, 47.3475786 ], [ 8.1836635, 47.3475802 ], [ 8.1835818, 47.3475069 ] ] ] } },
{ "type": "Feature", "properties": { "stop_id": "osm-way-1450067801", "name": "Rastplatz Oberengstringen" }, "geometry": { "type": "Polygon", "coordinates": [ [ [ 8.4560951, 47.4068739 ], [ 8.4556633, 47.4065837 ], [ 8.4558658, 47.4064413 ], [ 8.456873, 47.405883 ], [ 8.4577296, 47.4055719 ], [ 8.4583933, 47.405394 ], [ 8.4586186, 47.4053568 ], [ 8.4586642, 47.4053858 ], [ 8.4588974, 47.4053468 ], [ 8.4590383, 47.4054775 ], [ 8.4580247, 47.405867 ], [ 8.4576986, 47.4060113 ], [ 8.4573603, 47.4061694 ], [ 8.457012, 47.4063458 ], [ 8.4566678, 47.4065306 ], [ 8.4560951, 47.4068739 ] ] ] } },
{ "type": "Feature", "properties": { "stop_id": "osm-way-1529333652", "name": null }, "geometry": { "type": "Polygon", "coordinates": [ [ [ 7.3163421, 46.213234 ], [ 7.3164635, 46.2131797 ], [ 7.3165801, 46.213163 ], [ 7.3169882, 46.2132053 ], [ 7.3172377, 46.2132354 ], [ 7.317361, 46.2132568 ], [ 7.3174308, 46.2132865 ], [ 7.3174958, 46.2133282 ], [ 7.3175538, 46.2133753 ], [ 7.3175961, 46.2134097 ], [ 7.3176078, 46.2134192 ], [ 7.3176568, 46.2134535 ], [ 7.3177138, 46.2134763 ], [ 7.3176275, 46.2135458 ], [ 7.3161763, 46.2133678 ], [ 7.3162063, 46.2133019 ], [ 7.3163421, 46.213234 ] ] ] } },
{ "type": "Feature", "properties": { "stop_id": "osm-way-1533543928", "name": null }, "geometry": { "type": "Polygon", "coordinates": [ [ [ 6.5273473, 46.9089498 ], [ 6.5273551, 46.9089265 ], [ 6.5273629, 46.9088988 ], [ 6.5276171, 46.9089235 ], [ 6.5279824, 46.9089697 ], [ 6.5281714, 46.9090103 ], [ 6.5281602, 46.9090381 ], [ 6.5281494, 46.9090586 ], [ 6.5273473, 46.9089498 ] ] ] } },
{ "type": "Feature", "properties": { "stop_id": "osm-way-1539514199", "name": null }, "geometry": { "type": "Polygon", "coordinates": [ [ [ 6.9581899, 46.7725583 ], [ 6.9581158, 46.7725279 ], [ 6.9581019, 46.7724727 ], [ 6.9581462, 46.7724219 ], [ 6.958217, 46.7724106 ], [ 6.9582924, 46.7724382 ], [ 6.9583149, 46.772493 ], [ 6.9582739, 46.7725451 ], [ 6.9581899, 46.7725583 ] ] ] } },
{ "type": "Feature", "properties": { "stop_id": "osm-way-1539514200", "name": null }, "geometry": { "type": "Polygon", "coordinates": [ [ [ 6.9585592, 46.7727149 ], [ 6.9584879, 46.7726876 ], [ 6.9584668, 46.772629 ], [ 6.9585104, 46.7725804 ], [ 6.9585927, 46.7725672 ], [ 6.9586592, 46.7725968 ], [ 6.9586806, 46.7726529 ], [ 6.9586408, 46.7727041 ], [ 6.9585592, 46.7727149 ] ] ] } },
{ "type": "Feature", "properties": { "stop_id": "osm-way-1539514201", "name": null }, "geometry": { "type": "Polygon", "coordinates": [ [ [ 6.9580452, 46.7727938 ], [ 6.95796, 46.7728089 ], [ 6.957889, 46.7727781 ], [ 6.9578713, 46.7727239 ], [ 6.9579167, 46.7726738 ], [ 6.9579937, 46.772661 ], [ 6.9580673, 46.7726924 ], [ 6.9580837, 46.772749 ], [ 6.9580452, 46.7727938 ] ] ] } },
{ "type": "Feature", "properties": { "stop_id": "osm-way-1539514202", "name": null }, "geometry": { "type": "Polygon", "coordinates": [ [ [ 6.9583269, 46.7729675 ], [ 6.9582564, 46.7729372 ], [ 6.9582378, 46.7728854 ], [ 6.9582854, 46.7728311 ], [ 6.9583624, 46.7728217 ], [ 6.9584338, 46.7728504 ], [ 6.9584524, 46.7729064 ], [ 6.958413, 46.7729532 ], [ 6.9583269, 46.7729675 ] ] ] } },
{ "type": "Feature", "properties": { "stop_id": "osm-way-1539514203", "name": null }, "geometry": { "type": "Polygon", "coordinates": [ [ [ 6.9590063, 46.7732607 ], [ 6.9589326, 46.7732283 ], [ 6.9589142, 46.7731694 ], [ 6.9589581, 46.7731255 ], [ 6.9590379, 46.7731135 ], [ 6.9591134, 46.7731435 ], [ 6.9591309, 46.7731982 ], [ 6.9590915, 46.7732457 ], [ 6.9590063, 46.7732607 ] ] ] } },
{ "type": "Feature", "properties": { "stop_id": "osm-way-1539514204", "name": null }, "geometry": { "type": "Polygon", "coordinates": [ [ [ 6.9593714, 46.7734146 ], [ 6.9592994, 46.7733881 ], [ 6.9592827, 46.7733292 ], [ 6.9593196, 46.7732847 ], [ 6.9594012, 46.7732685 ], [ 6.9594784, 46.7733022 ], [ 6.9594916, 46.7733521 ], [ 6.9594565, 46.7734031 ], [ 6.9593714, 46.7734146 ] ] ] } },
{ "type": "Feature", "properties": { "stop_id": "osm-way-1539514205", "name": null }, "geometry": { "type": "Polygon", "coordinates": [ [ [ 6.9595951, 46.7731646 ], [ 6.9595276, 46.7731345 ], [ 6.95951, 46.7730798 ], [ 6.9595521, 46.7730299 ], [ 6.959632, 46.7730173 ], [ 6.9596987, 46.7730426 ], [ 6.9597171, 46.7731069 ], [ 6.9596794, 46.7731549 ], [ 6.9595951, 46.7731646 ] ] ] } },
{ "type": "Feature", "properties": { "stop_id": "osm-way-1539514206", "name": null }, "geometry": { "type": "Polygon", "coordinates": [ [ [ 6.9592278, 46.7730092 ], [ 6.9591652, 46.7729746 ], [ 6.9591459, 46.7729206 ], [ 6.9591853, 46.7728683 ], [ 6.9592643, 46.7728587 ], [ 6.9593401, 46.7728904 ], [ 6.9593521, 46.772944 ], [ 6.9593178, 46.7729957 ], [ 6.9592278, 46.7730092 ] ] ] } },
{ "type": "Feature", "properties": { "stop_id": "osm-way-1539514207", "name": null }, "geometry": { "type": "Polygon", "coordinates": [ [ [ 6.9568689, 46.77116 ], [ 6.9569344, 46.7711908 ], [ 6.9570205, 46.7711804 ], [ 6.9570677, 46.7711329 ], [ 6.957054, 46.7710791 ], [ 6.956987, 46.7710473 ], [ 6.9568986, 46.7710531 ], [ 6.9568552, 46.7710995 ], [ 6.9568689, 46.77116 ] ] ] } },
{ "type": "Feature", "properties": { "stop_id": "osm-way-1539514208", "name": null }, "geometry": { "type": "Polygon", "coordinates": [ [ [ 6.9566975, 46.7714376 ], [ 6.9566373, 46.7714027 ], [ 6.95663, 46.7713398 ], [ 6.9566598, 46.7713045 ], [ 6.9567484, 46.7712909 ], [ 6.9568238, 46.7713167 ], [ 6.9568396, 46.7713593 ], [ 6.9568072, 46.7714172 ], [ 6.9566975, 46.7714376 ] ] ] } },
{ "type": "Feature", "properties": { "stop_id": "osm-way-1539514209", "name": null }, "geometry": { "type": "Polygon", "coordinates": [ [ [ 6.9564257, 46.7712646 ], [ 6.9563403, 46.7712786 ], [ 6.9562696, 46.7712415 ], [ 6.956255, 46.7711849 ], [ 6.9563, 46.7711378 ], [ 6.9563899, 46.7711251 ], [ 6.956466, 46.7711572 ], [ 6.9564845, 46.7712048 ], [ 6.9564257, 46.7712646 ] ] ] } },
{ "type": "Feature", "properties": { "stop_id": "osm-way-1539514210", "name": null }, "geometry": { "type": "Polygon", "coordinates": [ [ [ 6.9565794, 46.7710278 ], [ 6.9566641, 46.7710151 ], [ 6.9567134, 46.7709643 ], [ 6.956689, 46.7709059 ], [ 6.9566207, 46.770883 ], [ 6.956538, 46.7708929 ], [ 6.9564986, 46.7709298 ], [ 6.9565106, 46.7709984 ], [ 6.9565794, 46.7710278 ] ] ] } },
{ "type": "Feature", "properties": { "stop_id": "osm-way-1539514211", "name": null }, "geometry": { "type": "Polygon", "coordinates": [ [ [ 6.9559979, 46.7706289 ], [ 6.9560916, 46.7706169 ], [ 6.9561366, 46.7705601 ], [ 6.9561236, 46.7705074 ], [ 6.9560589, 46.7704771 ], [ 6.9559674, 46.7704912 ], [ 6.9559195, 46.770534 ], [ 6.9559354, 46.7705961 ], [ 6.9559979, 46.7706289 ] ] ] } },
{ "type": "Feature", "properties": { "stop_id": "osm-way-1539514212", "name": null }, "geometry": { "type": "Polygon", "coordinates": [ [ [ 6.9556435, 46.7704666 ], [ 6.9557321, 46.7704534 ], [ 6.9557725, 46.7704036 ], [ 6.9557553, 46.7703479 ], [ 6.9556773, 46.770313 ], [ 6.9555959, 46.7703361 ], [ 6.9555589, 46.77038 ], [ 6.9555734, 46.7704398 ], [ 6.9556435, 46.7704666 ] ] ] } },
{ "type": "Feature", "properties": { "stop_id": "osm-way-1539514213", "name": null }, "geometry": { "type": "Polygon", "coordinates": [ [ [ 6.9558651, 46.7702129 ], [ 6.9559603, 46.7702057 ], [ 6.9560086, 46.770159 ], [ 6.9559887, 46.7701006 ], [ 6.9559186, 46.7700671 ], [ 6.9558353, 46.7700775 ], [ 6.955791, 46.770125 ], [ 6.9558036, 46.7701889 ], [ 6.9558651, 46.7702129 ] ] ] } },
{ "type": "Feature", "properties": { "stop_id": "osm-way-1539514214", "name": null }, "geometry": { "type": "Polygon", "coordinates": [ [ [ 6.9561653, 46.7703434 ], [ 6.9562546, 46.7703778 ], [ 6.9563267, 46.7703588 ], [ 6.9563703, 46.7703112 ], [ 6.9563545, 46.7702591 ], [ 6.9562744, 46.7702242 ], [ 6.956207, 46.7702401 ], [ 6.9561481, 46.7702827 ], [ 6.9561653, 46.7703434 ] ] ] } }
]
}
