{
"type": "FeatureCollection",
"name": "es-discovered",
"crs": { "type": "name", "properties": { "name": "urn:ogc:def:crs:OGC:1.3:CRS84" } },
"features": [
{ "type": "Feature", "properties": { "stop_id": "osm-way-13832111", "name": "Área de Servicio El Rebollar" }, "geometry": { "type": "Polygon", "coordinates": [ [ [ -1.0107233, 39.4716848 ], [ -1.0106269, 39.4716591 ], [ -1.0104559, 39.4716136 ], [ -1.010323, 39.47158 ], [ -1.0098656, 39.4714543 ], [ -1.0097328, 39.4714672 ], [ -1.0095555, 39.4715376 ], [ -1.0094076, 39.4716383 ], [ -1.0093493, 39.4716667 ], [ -1.0090255, 39.4714476 ], [ -1.0078737, 39.4711853 ], [ -1.0073716, 39.4717721 ], [ -1.0101361, 39.4726871 ], [ -1.0105006, 39.4725457 ], [ -1.0110308, 39.4725009 ], [ -1.0112939, 39.4724967 ], [ -1.0112043, 39.4724059 ], [ -1.0111081, 39.4723543 ], [ -1.0110566, 39.4723129 ], [ -1.0110946, 39.4722377 ], [ -1.0114215, 39.4723275 ], [ -1.0112953, 39.472003 ], [ -1.0110946, 39.4717913 ], [ -1.0107233, 39.4716848 ] ] ] } },
{ "type": "Feature", "properties": { "stop_id": "osm-way-13853915", "name": null }, "geometry": { "type": "Polygon", "coordinates": [ [ [ -1.142671, 39.5262766 ], [ -1.142719, 39.5261936 ], [ -1.1428321, 39.5261046 ], [ -1.1431485, 39.526094 ], [ -1.1433964, 39.52621 ], [ -1.1437022, 39.5263946 ], [ -1.1438182, 39.5265211 ], [ -1.1437676, 39.5267246 ], [ -1.1431375, 39.5273419 ], [ -1.1429921, 39.5274003 ], [ -1.1428295, 39.5273429 ], [ -1.1423382, 39.5269287 ], [ -1.1422783, 39.5267854 ], [ -1.1423052, 39.5267264 ], [ -1.1425303, 39.5265257 ], [ -1.142671, 39.5262766 ] ] ] } },
{ "type": "Feature", "properties": { "stop_id": "osm-way-23704514", "name": "Estación de servicio Funtesila" }, "geometry": { "type": "Polygon", "coordinates": [ [ [ -5.869142, 43.3401069 ], [ -5.869173, 43.3401259 ], [ -5.8698597, 43.3405466 ], [ -5.8697827, 43.3406452 ], [ -5.869592, 43.3408894 ], [ -5.86952, 43.3409816 ], [ -5.869275, 43.3409423 ], [ -5.8692312, 43.3410136 ], [ -5.8687873, 43.3409354 ], [ -5.8685793, 43.3408988 ], [ -5.8685299, 43.3408901 ], [ -5.869142, 43.3401069 ] ] ] } },
{ "type": "Feature", "properties": { "stop_id": "osm-way-30845530", "name": "Área de descanso de Horcajo" }, "geometry": { "type": "Polygon", "coordinates": [ [ [ -3.6085774, 41.0670828 ], [ -3.6094123, 41.0656285 ], [ -3.609442, 41.0654828 ], [ -3.6093692, 41.0653201 ], [ -3.6092394, 41.0650871 ], [ -3.6085359, 41.0652627 ], [ -3.6080747, 41.0660082 ], [ -3.6076247, 41.0668262 ], [ -3.6085774, 41.0670828 ] ] ] } },
{ "type": "Feature", "properties": { "stop_id": "osm-way-31978011", "name": null }, "geometry": { "type": "Polygon", "coordinates": [ [ [ -0.3669882, 39.740789 ], [ -0.3671437, 39.7408292 ], [ -0.3672106, 39.7408385 ], [ -0.3673911, 39.7409486 ], [ -0.3672739, 39.7411832 ], [ -0.3669204, 39.7414654 ], [ -0.3667905, 39.7413314 ], [ -0.3669882, 39.740789 ] ] ] } },
{ "type": "Feature", "properties": { "stop_id": "osm-way-32620967", "name": null }, "geometry": { "type": "Polygon", "coordinates": [ [ [ -0.3681271, 39.7429907 ], [ -0.3678969, 39.7434543 ], [ -0.3675054, 39.7433684 ], [ -0.3670652, 39.7427474 ], [ -0.3677901, 39.7428389 ], [ -0.3681271, 39.7429907 ] ] ] } },
{ "type": "Feature", "properties": { "stop_id": "osm-way-36821477", "name": "Estación de Servicio Troteras" }, "geometry": { "type": "Polygon", "coordinates": [ [ [ 0.0862884, 42.4350018 ], [ 0.0864409, 42.4350321 ], [ 0.0865611, 42.4349942 ], [ 0.086762, 42.4350295 ], [ 0.0869728, 42.4349114 ], [ 0.0874595, 42.4348452 ], [ 0.0873542, 42.4344831 ], [ 0.0870234, 42.4345429 ], [ 0.0870113, 42.4344901 ], [ 0.0865006, 42.4345534 ], [ 0.0865127, 42.4346063 ], [ 0.0863838, 42.4346306 ], [ 0.0862893, 42.4347043 ], [ 0.0862386, 42.4347088 ], [ 0.0862884, 42.4350018 ] ] ] } },
{ "type": "Feature", "properties": { "stop_id": "osm-way-36999062", "name": null }, "geometry": { "type": "Polygon", "coordinates": [ [ [ -1.4025716, 40.4324169 ], [ -1.4025646, 40.4322693 ], [ -1.4028825, 40.4322667 ], [ -1.4031676, 40.4323161 ], [ -1.4027987, 40.4324079 ], [ -1.4025716, 40.4324169 ] ] ] } },
{ "type": "Feature", "properties": { "stop_id": "osm-way-39856625", "name": null }, "geometry": { "type": "Polygon", "coordinates": [ [ [ -1.1083179, 37.8672524 ], [ -1.1077035, 37.8673052 ], [ -1.1069541, 37.8673701 ], [ -1.1053291, 37.8675211 ], [ -1.105285, 37.8672517 ], [ -1.1062054, 37.8671541 ], [ -1.1061778, 37.8669509 ], [ -1.1069047, 37.8668499 ], [ -1.1072909, 37.8668499 ], [ -1.1078166, 37.8669939 ], [ -1.1081063, 37.8671124 ], [ -1.1082868, 37.8671757 ], [ -1.1083179, 37.8672524 ] ] ] } },
{ "type": "Feature", "properties": { "stop_id": "osm-way-41333880", "name": "Area de descanso Ruta de Europa" }, "geometry": { "type": "Polygon", "coordinates": [ [ [ -2.7805762, 42.8180738 ], [ -2.7804831, 42.8181296 ], [ -2.7805123, 42.818188 ], [ -2.7804885, 42.818225 ], [ -2.7797722, 42.8185577 ], [ -2.7797984, 42.8185963 ], [ -2.779812, 42.8186161 ], [ -2.7784032, 42.8192953 ], [ -2.7783506, 42.8192094 ], [ -2.7783077, 42.8191396 ], [ -2.7781963, 42.8190695 ], [ -2.778138, 42.8190812 ], [ -2.7781671, 42.8191415 ], [ -2.7782361, 42.8192213 ], [ -2.7779231, 42.8193925 ], [ -2.777541, 42.8194626 ], [ -2.7773368, 42.8194509 ], [ -2.7771564, 42.8194101 ], [ -2.7769998, 42.8193167 ], [ -2.7770025, 42.8191279 ], [ -2.7771007, 42.8189605 ], [ -2.7772837, 42.8187854 ], [ -2.7776896, 42.8188808 ], [ -2.7777055, 42.8188696 ], [ -2.7777629, 42.8188294 ], [ -2.777809, 42.8187971 ], [ -2.7775729, 42.8185558 ], [ -2.7784298, 42.8180031 ], [ -2.7790851, 42.8176062 ], [ -2.7795148, 42.8174038 ], [ -2.7796713, 42.8175711 ], [ -2.7797377, 42.8175809 ], [ -2.7797934, 42.8175419 ], [ -2.7797722, 42.8174777 ], [ -2.7797032, 42.8174018 ], [ -2.7797253, 42.8173278 ], [ -2.7797512, 42.817305 ], [ -2.7796967, 42.817246 ], [ -2.7798628, 42.8171242 ], [ -2.7804309, 42.8168597 ], [ -2.7805632, 42.8168635 ], [ -2.7809887, 42.8172346 ], [ -2.7808823, 42.8173335 ], [ -2.780846, 42.8174135 ], [ -2.7808927, 42.8174972 ], [ -2.7803635, 42.8177503 ], [ -2.780475, 42.8178588 ], [ -2.7806255, 42.8180034 ], [ -2.7805762, 42.8180738 ] ] ] } },
{ "type": "Feature", "properties": { "stop_id": "osm-way-43922332", "name": null }, "geometry": { "type": "Polygon", "coordinates": [ [ [ -3.7329636, 42.3066139 ], [ -3.7333728, 42.3068725 ], [ -3.7334356, 42.3069027 ], [ -3.7334441, 42.306929 ], [ -3.7334441, 42.3069541 ], [ -3.7331215, 42.3070244 ], [ -3.7329246, 42.3069366 ], [ -3.7328878, 42.3069638 ], [ -3.7328618, 42.3069993 ], [ -3.7327276, 42.3069579 ], [ -3.7326631, 42.3069529 ], [ -3.7326343, 42.3071475 ], [ -3.7321453, 42.3072392 ], [ -3.7320859, 42.3072115 ], [ -3.7320248, 42.3072124 ], [ -3.7319483, 42.3072178 ], [ -3.731945, 42.3072756 ], [ -3.7319246, 42.3073044 ], [ -3.7318159, 42.3073258 ], [ -3.7316631, 42.3073346 ], [ -3.7315528, 42.307312 ], [ -3.7314526, 42.3072869 ], [ -3.7313864, 42.307258 ], [ -3.7312981, 42.3072053 ], [ -3.7312123, 42.3071591 ], [ -3.7313053, 42.3069366 ], [ -3.7312692, 42.3069278 ], [ -3.7311368, 42.3070144 ], [ -3.730894, 42.3068876 ], [ -3.7309008, 42.3068424 ], [ -3.7308363, 42.3067997 ], [ -3.730804, 42.3067758 ], [ -3.7307836, 42.3067758 ], [ -3.7307429, 42.3067369 ], [ -3.7307072, 42.3066892 ], [ -3.7306767, 42.3066478 ], [ -3.7306648, 42.3066214 ], [ -3.7306597, 42.3065737 ], [ -3.7306597, 42.3065209 ], [ -3.7306757, 42.306473 ], [ -3.7307033, 42.3064218 ], [ -3.730748, 42.3063652 ], [ -3.7308414, 42.3062774 ], [ -3.7309381, 42.3062095 ], [ -3.731113, 42.3060928 ], [ -3.7311521, 42.306079 ], [ -3.7312234, 42.3060626 ], [ -3.7313032, 42.3060551 ], [ -3.7313388, 42.3060614 ], [ -3.7316954, 42.306133 ], [ -3.7323337, 42.3062547 ], [ -3.7324883, 42.306305 ], [ -3.7326716, 42.3064217 ], [ -3.7327978, 42.3065048 ], [ -3.7329636, 42.3066139 ] ] ] } },
{ "type": "Feature", "properties": { "stop_id": "osm-way-44056126", "name": null }, "geometry": { "type": "Polygon", "coordinates": [ [ [ -3.7239628, 42.3097625 ], [ -3.7239892, 42.3092501 ], [ -3.72385, 42.3092032 ], [ -3.7235961, 42.3092392 ], [ -3.7228691, 42.3093516 ], [ -3.7224974, 42.3094115 ], [ -3.72259, 42.3094605 ], [ -3.7226377, 42.3095108 ], [ -3.7228819, 42.309933 ], [ -3.7239628, 42.3097625 ] ] ] } },
{ "type": "Feature", "properties": { "stop_id": "osm-way-51245236", "name": null }, "geometry": { "type": "Polygon", "coordinates": [ [ [ 2.0341554, 41.563797 ], [ 2.0348411, 41.5637533 ], [ 2.0348152, 41.5632518 ], [ 2.0343154, 41.5632754 ], [ 2.0342896, 41.5632841 ], [ 2.0342695, 41.5632905 ], [ 2.0342273, 41.5632861 ], [ 2.0341692, 41.5632673 ], [ 2.0341142, 41.5632337 ], [ 2.0341554, 41.563797 ] ] ] } },
{ "type": "Feature", "properties": { "stop_id": "osm-way-51297028", "name": "Area de Descanso" }, "geometry": { "type": "Polygon", "coordinates": [ [ [ -2.2510106, 41.2288767 ], [ -2.2510663, 41.2287204 ], [ -2.2492644, 41.2295325 ], [ -2.2496522, 41.2296469 ], [ -2.2503892, 41.2293166 ], [ -2.2504449, 41.2291297 ], [ -2.2510106, 41.2288767 ] ] ] } },
{ "type": "Feature", "properties": { "stop_id": "osm-way-51304523", "name": null }, "geometry": { "type": "Polygon", "coordinates": [ [ [ -2.4036826, 41.1898993 ], [ -2.4037981, 41.18963 ], [ -2.4038192, 41.1895808 ], [ -2.4038942, 41.1891818 ], [ -2.4039558, 41.1891878 ], [ -2.4039612, 41.1891516 ], [ -2.4039344, 41.1891092 ], [ -2.4039049, 41.1890911 ], [ -2.4039259, 41.1889545 ], [ -2.4039317, 41.1889198 ], [ -2.4042638, 41.1888855 ], [ -2.4044165, 41.1888916 ], [ -2.404545, 41.1888875 ], [ -2.40462, 41.1889359 ], [ -2.4045985, 41.1891929 ], [ -2.4045704, 41.1893449 ], [ -2.4044692, 41.1894524 ], [ -2.4041783, 41.1896463 ], [ -2.4040431, 41.1898146 ], [ -2.4039095, 41.1898489 ], [ -2.4037736, 41.1901467 ], [ -2.4044417, 41.190369 ], [ -2.4044918, 41.1905074 ], [ -2.4040828, 41.1912703 ], [ -2.4035749, 41.1914032 ], [ -2.4032822, 41.1907667 ], [ -2.4035672, 41.1902298 ], [ -2.4036658, 41.1900315 ], [ -2.4036826, 41.1898993 ] ] ] } },
{ "type": "Feature", "properties": { "stop_id": "osm-way-51783006", "name": null }, "geometry": { "type": "Polygon", "coordinates": [ [ [ -2.703067, 42.8959654 ], [ -2.7031117, 42.8959511 ], [ -2.702451, 42.8952913 ], [ -2.702441, 42.8953797 ], [ -2.7023504, 42.8955157 ], [ -2.7022546, 42.8955832 ], [ -2.7021977, 42.8956094 ], [ -2.7018484, 42.8956862 ], [ -2.7014469, 42.8957885 ], [ -2.7011142, 42.8958754 ], [ -2.7013261, 42.8961016 ], [ -2.7015069, 42.8963221 ], [ -2.7015539, 42.8964265 ], [ -2.7015772, 42.8964 ], [ -2.7016553, 42.8964515 ], [ -2.7023707, 42.896252 ], [ -2.7026469, 42.896506 ], [ -2.7033975, 42.8963162 ], [ -2.7033854, 42.8963034 ], [ -2.703067, 42.8959654 ] ] ] } },
{ "type": "Feature", "properties": { "stop_id": "osm-way-56187474", "name": null }, "geometry": { "type": "Polygon", "coordinates": [ [ [ -2.1578909, 39.4844576 ], [ -2.1579545, 39.4842974 ], [ -2.158122, 39.4839984 ], [ -2.1584158, 39.4839246 ], [ -2.1584788, 39.4840949 ], [ -2.158868, 39.4840159 ], [ -2.1589319, 39.4842035 ], [ -2.1585427, 39.4842825 ], [ -2.1586239, 39.4845349 ], [ -2.159035, 39.4844514 ], [ -2.1591119, 39.4844017 ], [ -2.1591683, 39.4843416 ], [ -2.1591977, 39.4842816 ], [ -2.1592111, 39.4841843 ], [ -2.1591789, 39.4840767 ], [ -2.1590636, 39.4838986 ], [ -2.1589744, 39.483797 ], [ -2.1588321, 39.4836988 ], [ -2.1587444, 39.4836792 ], [ -2.1586201, 39.4836871 ], [ -2.1579585, 39.4838448 ], [ -2.1579075, 39.4838966 ], [ -2.157819, 39.4840622 ], [ -2.1576904, 39.4843936 ], [ -2.1578909, 39.4844576 ] ] ] } },
{ "type": "Feature", "properties": { "stop_id": "osm-way-58429861", "name": null }, "geometry": { "type": "Polygon", "coordinates": [ [ [ -2.6583857, 42.8372057 ], [ -2.658598, 42.836775 ], [ -2.658283, 42.8365363 ], [ -2.6578775, 42.8368187 ], [ -2.6583857, 42.8372057 ] ] ] } },
{ "type": "Feature", "properties": { "stop_id": "osm-way-59960172", "name": "Las Terrazas" }, "geometry": { "type": "Polygon", "coordinates": [ [ [ -3.7123069, 42.3648885 ], [ -3.7123186, 42.3649124 ], [ -3.7123428, 42.3649486 ], [ -3.712601, 42.3648217 ], [ -3.7123737, 42.3645654 ], [ -3.7123755, 42.3645405 ], [ -3.7123796, 42.3644899 ], [ -3.7123399, 42.3644896 ], [ -3.7123083, 42.3644827 ], [ -3.7122804, 42.3644652 ], [ -3.7119346, 42.3640863 ], [ -3.7118698, 42.3641134 ], [ -3.7118563, 42.3640861 ], [ -3.7118489, 42.3640496 ], [ -3.7118497, 42.3640232 ], [ -3.7118572, 42.3640023 ], [ -3.7118779, 42.3639801 ], [ -3.7118936, 42.3639675 ], [ -3.7118386, 42.3639396 ], [ -3.7118097, 42.3639323 ], [ -3.7118212, 42.3639048 ], [ -3.7118289, 42.3638723 ], [ -3.7118243, 42.3638413 ], [ -3.7118179, 42.363823 ], [ -3.7118125, 42.3638261 ], [ -3.7118037, 42.3638264 ], [ -3.7117998, 42.3638238 ], [ -3.7117979, 42.3638198 ], [ -3.7117885, 42.3637975 ], [ -3.7117734, 42.3637693 ], [ -3.7117564, 42.363742 ], [ -3.7117419, 42.3637233 ], [ -3.7117095, 42.3636973 ], [ -3.7116719, 42.3636713 ], [ -3.7116495, 42.3636553 ], [ -3.711603, 42.3636279 ], [ -3.7115704, 42.3636128 ], [ -3.7115444, 42.3636006 ], [ -3.7114907, 42.3635875 ], [ -3.7114564, 42.3635825 ], [ -3.7114361, 42.3635826 ], [ -3.7114236, 42.3635827 ], [ -3.7113806, 42.3635896 ], [ -3.7113556, 42.3635979 ], [ -3.7113322, 42.3636079 ], [ -3.7113107, 42.3636213 ], [ -3.7112849, 42.3636431 ], [ -3.7112725, 42.3636642 ], [ -3.7112665, 42.3636745 ], [ -3.711257, 42.3637029 ], [ -3.7112536, 42.3637439 ], [ -3.7112595, 42.3637984 ], [ -3.7112625, 42.3638257 ], [ -3.7112971, 42.3638236 ], [ -3.7113073, 42.3639135 ], [ -3.7112734, 42.3639162 ], [ -3.7112886, 42.3640501 ], [ -3.7113203, 42.3643296 ], [ -3.7113338, 42.3644466 ], [ -3.7113489, 42.3645772 ], [ -3.7113649, 42.3646957 ], [ -3.7113772, 42.3647876 ], [ -3.7114008, 42.3649084 ], [ -3.7114185, 42.3649533 ], [ -3.7114245, 42.3649649 ], [ -3.7114455, 42.3650053 ], [ -3.7114911, 42.3650691 ], [ -3.7115492, 42.3651462 ], [ -3.7115619, 42.3651543 ], [ -3.7115813, 42.3651578 ], [ -3.7115879, 42.3651591 ], [ -3.7116176, 42.3651593 ], [ -3.7116273, 42.365158 ], [ -3.711768, 42.3651348 ], [ -3.7118825, 42.3651075 ], [ -3.712172, 42.3650271 ], [ -3.7121688, 42.3650179 ], [ -3.7121609, 42.3649908 ], [ -3.7121495, 42.3649415 ], [ -3.7123069, 42.3648885 ] ] ] } },
{ "type": "Feature", "properties": { "stop_id": "osm-way-67858553", "name": "Área de descanso de San Agustín" }, "geometry": { "type": "Polygon", "coordinates": [ [ [ -0.7165289, 40.0457983 ], [ -0.7175562, 40.0458207 ], [ -0.7175404, 40.0451153 ], [ -0.7174593, 40.0447997 ], [ -0.7172511, 40.0424823 ], [ -0.7167775, 40.0424072 ], [ -0.7166794, 40.0428977 ], [ -0.7167767, 40.043204 ], [ -0.7171354, 40.0440139 ], [ -0.7171426, 40.0442071 ], [ -0.7171083, 40.0443437 ], [ -0.7170272, 40.0444775 ], [ -0.7166649, 40.0449411 ], [ -0.7164703, 40.0452944 ], [ -0.7164379, 40.0455206 ], [ -0.7164847, 40.0455441 ], [ -0.7165289, 40.0457983 ] ] ] } },
{ "type": "Feature", "properties": { "stop_id": "osm-way-72449061", "name": null }, "geometry": { "type": "Polygon", "coordinates": [ [ [ -1.1048365, 37.8696493 ], [ -1.1041465, 37.8692826 ], [ -1.1038678, 37.8691345 ], [ -1.104067, 37.8690004 ], [ -1.1041001, 37.8688316 ], [ -1.1041065, 37.8687988 ], [ -1.1052464, 37.8690823 ], [ -1.1048365, 37.8696493 ] ] ] } },
{ "type": "Feature", "properties": { "stop_id": "osm-way-88236667", "name": null }, "geometry": { "type": "Polygon", "coordinates": [ [ [ -0.4461917, 39.8201325 ], [ -0.4462641, 39.8198676 ], [ -0.4464572, 39.819763 ], [ -0.4470349, 39.8201537 ], [ -0.4468383, 39.8201722 ], [ -0.4467038, 39.820355 ], [ -0.4466063, 39.820331 ], [ -0.4462727, 39.820249 ], [ -0.4461917, 39.8201325 ] ] ] } },
{ "type": "Feature", "properties": { "stop_id": "osm-way-88453327", "name": "Lagoa de cospeito" }, "geometry": { "type": "Polygon", "coordinates": [ [ [ -7.5508311, 43.2456077 ], [ -7.5508555, 43.2456045 ], [ -7.5508958, 43.2455984 ], [ -7.5509403, 43.2456036 ], [ -7.5509634, 43.2456218 ], [ -7.5510029, 43.2456917 ], [ -7.5510364, 43.2457411 ], [ -7.550846, 43.2458966 ], [ -7.5508202, 43.2458791 ], [ -7.5508033, 43.2458616 ], [ -7.5508335, 43.2457877 ], [ -7.5508311, 43.2456077 ] ] ] } },
{ "type": "Feature", "properties": { "stop_id": "osm-way-92415914", "name": null }, "geometry": { "type": "Polygon", "coordinates": [ [ [ 1.4242816, 41.7379868 ], [ 1.4237484, 41.7379255 ], [ 1.423788, 41.7377726 ], [ 1.4238225, 41.7376394 ], [ 1.425269, 41.7375118 ], [ 1.4259973, 41.7373888 ], [ 1.4269647, 41.7371779 ], [ 1.427874, 41.7369244 ], [ 1.4279415, 41.7370602 ], [ 1.427649, 41.7371544 ], [ 1.4273624, 41.7372788 ], [ 1.4268289, 41.737549 ], [ 1.4266786, 41.7376976 ], [ 1.4265878, 41.7377506 ], [ 1.4264031, 41.7378442 ], [ 1.4261671, 41.7379372 ], [ 1.4259195, 41.7380177 ], [ 1.4256838, 41.7380609 ], [ 1.4254283, 41.7380828 ], [ 1.425249, 41.7380875 ], [ 1.4250698, 41.7380824 ], [ 1.4247123, 41.7380452 ], [ 1.4242816, 41.7379868 ] ] ] } },
{ "type": "Feature", "properties": { "stop_id": "osm-way-92415926", "name": null }, "geometry": { "type": "Polygon", "coordinates": [ [ [ 1.4239157, 41.7373064 ], [ 1.4239077, 41.7373413 ], [ 1.4238881, 41.7374276 ], [ 1.4244591, 41.737382 ], [ 1.4253392, 41.7372785 ], [ 1.4261221, 41.737151 ], [ 1.4266269, 41.7370464 ], [ 1.4271248, 41.736923 ], [ 1.4273396, 41.7368618 ], [ 1.4273181, 41.7367982 ], [ 1.4272867, 41.7367054 ], [ 1.4271436, 41.7367362 ], [ 1.4267642, 41.7367582 ], [ 1.4266099, 41.736751 ], [ 1.4263844, 41.7367302 ], [ 1.4260653, 41.7367069 ], [ 1.4258866, 41.7367023 ], [ 1.4257011, 41.7367149 ], [ 1.4254083, 41.7367509 ], [ 1.4252161, 41.7367872 ], [ 1.4249994, 41.736839 ], [ 1.4248054, 41.7369099 ], [ 1.4246883, 41.736965 ], [ 1.4245758, 41.7370373 ], [ 1.4242945, 41.7371578 ], [ 1.4239157, 41.7373064 ] ] ] } },
{ "type": "Feature", "properties": { "stop_id": "osm-way-92416065", "name": "Sant Pere Sallavinera" }, "geometry": { "type": "Polygon", "coordinates": [ [ [ 1.5796317, 41.7446725 ], [ 1.5797721, 41.7447332 ], [ 1.5799434, 41.7447968 ], [ 1.5797893, 41.7450699 ], [ 1.5797419, 41.7451725 ], [ 1.579249, 41.7451814 ], [ 1.5790319, 41.7451803 ], [ 1.5787173, 41.7451799 ], [ 1.5785611, 41.7451292 ], [ 1.5778995, 41.7450596 ], [ 1.5779053, 41.7449952 ], [ 1.5782652, 41.7448813 ], [ 1.5784438, 41.7448491 ], [ 1.5786006, 41.744842 ], [ 1.5789678, 41.7448104 ], [ 1.5796317, 41.7446725 ] ] ] } },
{ "type": "Feature", "properties": { "stop_id": "osm-way-93475377", "name": null }, "geometry": { "type": "Polygon", "coordinates": [ [ [ -8.3809578, 43.3239463 ], [ -8.381032, 43.324297 ], [ -8.3810829, 43.32448 ], [ -8.3813024, 43.3243092 ], [ -8.3812353, 43.3239829 ], [ -8.3809578, 43.3239463 ] ] ] } },
{ "type": "Feature", "properties": { "stop_id": "osm-way-93475397", "name": "Galp" }, "geometry": { "type": "Polygon", "coordinates": [ [ [ -8.3744437, 43.3190333 ], [ -8.3746572, 43.3187314 ], [ -8.3744925, 43.3185728 ], [ -8.3744315, 43.3186063 ], [ -8.3740229, 43.318646 ], [ -8.3736325, 43.3187192 ], [ -8.3744437, 43.3190333 ] ] ] } },
{ "type": "Feature", "properties": { "stop_id": "osm-way-97250028", "name": null }, "geometry": { "type": "Polygon", "coordinates": [ [ [ -7.9295174, 43.1885012 ], [ -7.92896, 43.1888557 ], [ -7.9286339, 43.189046 ], [ -7.9281121, 43.1890373 ], [ -7.9275487, 43.1889811 ], [ -7.927359, 43.1889552 ], [ -7.9270329, 43.188726 ], [ -7.9268372, 43.1884753 ], [ -7.9266356, 43.1881294 ], [ -7.9266949, 43.187429 ], [ -7.9273886, 43.1867762 ], [ -7.9276555, 43.1866854 ], [ -7.9285691, 43.1868033 ], [ -7.9288721, 43.1868516 ], [ -7.9291092, 43.1869504 ], [ -7.9292803, 43.1870953 ], [ -7.9294609, 43.1873214 ], [ -7.9296856, 43.1877504 ], [ -7.9296489, 43.1881526 ], [ -7.9295174, 43.1885012 ] ] ] } },
{ "type": "Feature", "properties": { "stop_id": "osm-way-98742420", "name": "Área de Servizo de Silleda" }, "geometry": { "type": "Polygon", "coordinates": [ [ [ -8.3029921, 42.7164696 ], [ -8.303142, 42.7162156 ], [ -8.3028775, 42.7160242 ], [ -8.3023604, 42.7158241 ], [ -8.3019026, 42.7157342 ], [ -8.3016066, 42.7157139 ], [ -8.3010027, 42.715653 ], [ -8.3003514, 42.7156588 ], [ -8.2997396, 42.7157284 ], [ -8.2991989, 42.7158589 ], [ -8.299041, 42.7159285 ], [ -8.2987331, 42.7160822 ], [ -8.2985713, 42.7161576 ], [ -8.2988712, 42.7163229 ], [ -8.2991239, 42.7164041 ], [ -8.299787, 42.7168217 ], [ -8.3004461, 42.7168159 ], [ -8.3012119, 42.716784 ], [ -8.3015276, 42.7169 ], [ -8.3019342, 42.7169116 ], [ -8.302021, 42.7167057 ], [ -8.3022539, 42.7166419 ], [ -8.3024078, 42.716726 ], [ -8.3027788, 42.7166274 ], [ -8.3028104, 42.7164824 ], [ -8.3028617, 42.7164302 ], [ -8.3029921, 42.7164696 ] ] ] } },
{ "type": "Feature", "properties": { "stop_id": "osm-way-100320900", "name": null }, "geometry": { "type": "Polygon", "coordinates": [ [ [ -5.3796651, 41.8281511 ], [ -5.3810659, 41.8273854 ], [ -5.3800657, 41.8264455 ], [ -5.3798801, 41.8262644 ], [ -5.3806422, 41.8259461 ], [ -5.380381, 41.8254945 ], [ -5.3787332, 41.8259192 ], [ -5.3787098, 41.826506 ], [ -5.3793216, 41.8268861 ], [ -5.3792325, 41.8271876 ], [ -5.3792162, 41.8274771 ], [ -5.3796651, 41.8281511 ] ] ] } },
{ "type": "Feature", "properties": { "stop_id": "osm-way-100649440", "name": "Àrea del Montseny" }, "geometry": { "type": "Polygon", "coordinates": [ [ [ 2.4238776, 41.6472666 ], [ 2.4239403, 41.6472032 ], [ 2.4252944, 41.6475947 ], [ 2.4257298, 41.6476829 ], [ 2.4259918, 41.6477684 ], [ 2.4261431, 41.647898 ], [ 2.4262722, 41.6480413 ], [ 2.4263238, 41.6481489 ], [ 2.4257815, 41.6482426 ], [ 2.4248959, 41.6482592 ], [ 2.4246008, 41.6482068 ], [ 2.4241654, 41.6480524 ], [ 2.4240252, 41.6479586 ], [ 2.4239869, 41.6479086 ], [ 2.4239219, 41.6478235 ], [ 2.4238665, 41.6477298 ], [ 2.4238149, 41.6475589 ], [ 2.4237747, 41.6474495 ], [ 2.4237632, 41.6474182 ], [ 2.4238776, 41.6472666 ] ] ] } },
{ "type": "Feature", "properties": { "stop_id": "osm-way-100649472", "name": "Àrea del Montseny" }, "geometry": { "type": "Polygon", "coordinates": [ [ [ 2.4237672, 41.6466417 ], [ 2.4239352, 41.6463961 ], [ 2.4241799, 41.6461778 ], [ 2.4243697, 41.6460605 ], [ 2.4246582, 41.6459513 ], [ 2.4251475, 41.645995 ], [ 2.4257755, 41.6460932 ], [ 2.4262101, 41.6465325 ], [ 2.4266081, 41.6466144 ], [ 2.4270316, 41.6467617 ], [ 2.4271448, 41.6469227 ], [ 2.4271996, 41.6472556 ], [ 2.4270937, 41.6473893 ], [ 2.4269513, 41.6474575 ], [ 2.4237672, 41.6466417 ] ] ] } },
{ "type": "Feature", "properties": { "stop_id": "osm-way-101620443", "name": null }, "geometry": { "type": "Polygon", "coordinates": [ [ [ -8.9062183, 42.8240244 ], [ -8.9065472, 42.823671 ], [ -8.9065145, 42.8236464 ], [ -8.9065535, 42.823592 ], [ -8.9066886, 42.823499 ], [ -8.9068056, 42.8234474 ], [ -8.9069946, 42.8234192 ], [ -8.9071574, 42.8234255 ], [ -8.9072224, 42.8234715 ], [ -8.9073266, 42.8234833 ], [ -8.9074668, 42.8235303 ], [ -8.9077238, 42.8235768 ], [ -8.9077289, 42.8236032 ], [ -8.9076122, 42.8236733 ], [ -8.9067011, 42.8239608 ], [ -8.9063225, 42.824059 ], [ -8.9062096, 42.8240709 ], [ -8.9062183, 42.8240244 ] ] ] } },
{ "type": "Feature", "properties": { "stop_id": "osm-way-101620544", "name": "Área de Descanso de Bendimón" }, "geometry": { "type": "Polygon", "coordinates": [ [ [ -8.9268425, 42.8124936 ], [ -8.9268524, 42.8125096 ], [ -8.926943, 42.8126562 ], [ -8.927445, 42.8128893 ], [ -8.9278937, 42.8127551 ], [ -8.9280991, 42.8124821 ], [ -8.9280818, 42.8122494 ], [ -8.9279307, 42.8122629 ], [ -8.927778, 42.8122766 ], [ -8.9268425, 42.8124936 ] ] ] } },
{ "type": "Feature", "properties": { "stop_id": "osm-way-102611349", "name": "REPSOL" }, "geometry": { "type": "Polygon", "coordinates": [ [ [ -0.3562018, 42.5396542 ], [ -0.3558228, 42.5394972 ], [ -0.3557957, 42.5395212 ], [ -0.3556143, 42.539401 ], [ -0.3555287, 42.5393443 ], [ -0.3554987, 42.5393622 ], [ -0.3551259, 42.539591 ], [ -0.3551829, 42.5398497 ], [ -0.3544474, 42.5402126 ], [ -0.3544273, 42.5402745 ], [ -0.3544545, 42.5403509 ], [ -0.3544993, 42.5404419 ], [ -0.3545521, 42.5404881 ], [ -0.3546314, 42.540531 ], [ -0.3547343, 42.5405375 ], [ -0.3548416, 42.5405212 ], [ -0.3549861, 42.5404353 ], [ -0.3555998, 42.5400571 ], [ -0.3562018, 42.5396542 ] ] ] } },
{ "type": "Feature", "properties": { "stop_id": "osm-way-103188057", "name": "Área de servicios" }, "geometry": { "type": "Polygon", "coordinates": [ [ [ -4.3959506, 40.7721294 ], [ -4.3960128, 40.772857 ], [ -4.3968923, 40.7729149 ], [ -4.3973798, 40.7725023 ], [ -4.3982784, 40.7718254 ], [ -4.4000422, 40.7715539 ], [ -4.3998558, 40.770667 ], [ -4.3996264, 40.7697475 ], [ -4.3977765, 40.7699068 ], [ -4.3969162, 40.770305 ], [ -4.3957833, 40.770924 ], [ -4.3957499, 40.7711702 ], [ -4.3950711, 40.7714091 ], [ -4.3951333, 40.7719702 ], [ -4.3957021, 40.7720353 ], [ -4.3959506, 40.7721294 ] ] ] } },
{ "type": "Feature", "properties": { "stop_id": "osm-way-114341558", "name": "Àrea de descans de Campmany" }, "geometry": { "type": "Polygon", "coordinates": [ [ [ 2.8918346, 42.3653991 ], [ 2.8917486, 42.3654008 ], [ 2.8918689, 42.3651832 ], [ 2.8919692, 42.3650416 ], [ 2.8920951, 42.3649048 ], [ 2.8922049, 42.3648024 ], [ 2.892309, 42.3647094 ], [ 2.8924181, 42.3646271 ], [ 2.8925433, 42.3645421 ], [ 2.8926871, 42.3644736 ], [ 2.8927988, 42.3644649 ], [ 2.8928224, 42.3645092 ], [ 2.892585, 42.3647077 ], [ 2.8923944, 42.3648829 ], [ 2.8922327, 42.3650395 ], [ 2.8920824, 42.3652025 ], [ 2.8919932, 42.3652996 ], [ 2.8919334, 42.3653607 ], [ 2.8918346, 42.3653991 ] ] ] } },
{ "type": "Feature", "properties": { "stop_id": "osm-way-114341575", "name": "Àrea de descans de Campmany" }, "geometry": { "type": "Polygon", "coordinates": [ [ [ 2.8927446, 42.3654319 ], [ 2.8931193, 42.3650677 ], [ 2.8934735, 42.3646714 ], [ 2.8935505, 42.3645866 ], [ 2.8936125, 42.3647211 ], [ 2.8935166, 42.3648529 ], [ 2.8934344, 42.3649565 ], [ 2.8933364, 42.3650692 ], [ 2.8932378, 42.3651799 ], [ 2.8930614, 42.3653508 ], [ 2.8927866, 42.3655654 ], [ 2.8927446, 42.3654319 ] ] ] } },
{ "type": "Feature", "properties": { "stop_id": "osm-way-114393570", "name": null }, "geometry": { "type": "Polygon", "coordinates": [ [ [ 2.939687, 42.2702544 ], [ 2.9396107, 42.2703873 ], [ 2.9396128, 42.270565 ], [ 2.9396034, 42.2707465 ], [ 2.9395703, 42.2709413 ], [ 2.939547, 42.2710749 ], [ 2.9395189, 42.2711761 ], [ 2.9395502, 42.2712596 ], [ 2.9396264, 42.2712743 ], [ 2.9396937, 42.2710877 ], [ 2.9397235, 42.270982 ], [ 2.9397388, 42.2708872 ], [ 2.9397707, 42.2707221 ], [ 2.9397793, 42.2705296 ], [ 2.9397621, 42.2702522 ], [ 2.939687, 42.2702544 ] ] ] } },
{ "type": "Feature", "properties": { "stop_id": "osm-way-114393571", "name": null }, "geometry": { "type": "Polygon", "coordinates": [ [ [ 2.9388306, 42.2709817 ], [ 2.9388964, 42.27094 ], [ 2.9389026, 42.2706124 ], [ 2.9389357, 42.2704042 ], [ 2.9389697, 42.2702308 ], [ 2.9390036, 42.2700872 ], [ 2.9390279, 42.269978 ], [ 2.9390185, 42.2698273 ], [ 2.9389374, 42.2698088 ], [ 2.9388374, 42.2700825 ], [ 2.9387764, 42.2703318 ], [ 2.9387451, 42.2705596 ], [ 2.9387294, 42.2707126 ], [ 2.9387424, 42.2709012 ], [ 2.9387518, 42.2709793 ], [ 2.9388306, 42.2709817 ] ] ] } },
{ "type": "Feature", "properties": { "stop_id": "osm-way-114666718", "name": null }, "geometry": { "type": "Polygon", "coordinates": [ [ [ 2.4199488, 41.5309782 ], [ 2.4201767, 41.5311596 ], [ 2.4208022, 41.5311638 ], [ 2.420829, 41.5311488 ], [ 2.4208279, 41.5311145 ], [ 2.4208178, 41.5308636 ], [ 2.4200951, 41.5308636 ], [ 2.4199488, 41.5309782 ] ] ] } },
{ "type": "Feature", "properties": { "stop_id": "osm-way-117743839", "name": "Área de Servizo de Compostela" }, "geometry": { "type": "Polygon", "coordinates": [ [ [ -8.5870751, 42.8102191 ], [ -8.5869778, 42.810262 ], [ -8.586754, 42.8103024 ], [ -8.5865528, 42.8103476 ], [ -8.585544, 42.8109116 ], [ -8.5851422, 42.8111459 ], [ -8.585114, 42.8112689 ], [ -8.5851046, 42.8113447 ], [ -8.5850872, 42.8114421 ], [ -8.5850845, 42.8114991 ], [ -8.5851033, 42.8115296 ], [ -8.5850964, 42.8115708 ], [ -8.5851872, 42.8116302 ], [ -8.5850477, 42.8116279 ], [ -8.5852229, 42.811754 ], [ -8.5853364, 42.8118111 ], [ -8.5855051, 42.8118444 ], [ -8.585703, 42.8118515 ], [ -8.5857906, 42.8118373 ], [ -8.585956, 42.8117897 ], [ -8.586968, 42.8110972 ], [ -8.5874605, 42.8107369 ], [ -8.5874059, 42.8104619 ], [ -8.5873151, 42.8102834 ], [ -8.5872275, 42.8103215 ], [ -8.5870751, 42.8102191 ] ] ] } },
{ "type": "Feature", "properties": { "stop_id": "osm-way-123416220", "name": null }, "geometry": { "type": "Polygon", "coordinates": [ [ [ -3.6772776, 40.1287352 ], [ -3.6773685, 40.1286499 ], [ -3.677646, 40.1279833 ], [ -3.6780895, 40.1263964 ], [ -3.678025, 40.1263189 ], [ -3.6778904, 40.1262257 ], [ -3.6774892, 40.126371 ], [ -3.6767893, 40.1266063 ], [ -3.6767561, 40.1267608 ], [ -3.6765781, 40.1275289 ], [ -3.6764816, 40.1280571 ], [ -3.6765118, 40.128214 ], [ -3.6768647, 40.1287145 ], [ -3.6769854, 40.1288206 ], [ -3.6772776, 40.1287352 ] ] ] } },
{ "type": "Feature", "properties": { "stop_id": "osm-way-123416221", "name": null }, "geometry": { "type": "Polygon", "coordinates": [ [ [ -3.6777155, 40.1296191 ], [ -3.6777432, 40.1297493 ], [ -3.6778313, 40.1298368 ], [ -3.6788039, 40.129763 ], [ -3.6790283, 40.1297132 ], [ -3.6791345, 40.1295398 ], [ -3.6792431, 40.1293036 ], [ -3.6794158, 40.1289724 ], [ -3.6797989, 40.1281628 ], [ -3.6793313, 40.1276299 ], [ -3.6791775, 40.1274685 ], [ -3.6786644, 40.1275242 ], [ -3.6785591, 40.1276069 ], [ -3.6783781, 40.1281558 ], [ -3.6780704, 40.1289124 ], [ -3.6777155, 40.1296191 ] ] ] } },
{ "type": "Feature", "properties": { "stop_id": "osm-way-123603128", "name": null }, "geometry": { "type": "Polygon", "coordinates": [ [ [ -3.6794946, 40.1280301 ], [ -3.6790867, 40.1275079 ], [ -3.6788309, 40.1276279 ], [ -3.6792508, 40.1281519 ], [ -3.6794946, 40.1280301 ] ] ] } },
{ "type": "Feature", "properties": { "stop_id": "osm-way-123603151", "name": null }, "geometry": { "type": "Polygon", "coordinates": [ [ [ -3.6771585, 40.1285793 ], [ -3.6769126, 40.1286714 ], [ -3.67654, 40.12809 ], [ -3.676786, 40.1279979 ], [ -3.6771585, 40.1285793 ] ] ] } },
{ "type": "Feature", "properties": { "stop_id": "osm-way-124126958", "name": "Àrea de Servei Bellaterra" }, "geometry": { "type": "Polygon", "coordinates": [ [ [ 2.0982519, 41.4925478 ], [ 2.0981825, 41.492693 ], [ 2.0983225, 41.4927901 ], [ 2.098403, 41.4928596 ], [ 2.0984565, 41.4929606 ], [ 2.0985092, 41.4931024 ], [ 2.098589, 41.4932063 ], [ 2.0986954, 41.4932815 ], [ 2.0988448, 41.4933139 ], [ 2.0989144, 41.4933922 ], [ 2.099024, 41.4934177 ], [ 2.0991239, 41.4934306 ], [ 2.0992753, 41.49343 ], [ 2.099396, 41.4934236 ], [ 2.0995308, 41.4933949 ], [ 2.0996489, 41.493351 ], [ 2.0998348, 41.4932216 ], [ 2.099912, 41.4931747 ], [ 2.1000001, 41.4931378 ], [ 2.1001202, 41.4931172 ], [ 2.100262, 41.4931131 ], [ 2.100385, 41.4931171 ], [ 2.1005184, 41.4925477 ], [ 2.1029381, 41.4929003 ], [ 2.103083, 41.4925715 ], [ 2.1029466, 41.4925146 ], [ 2.1028312, 41.4924372 ], [ 2.1026782, 41.4923128 ], [ 2.1025672, 41.4922167 ], [ 2.1024741, 41.492151 ], [ 2.1023291, 41.4920673 ], [ 2.1021412, 41.4919932 ], [ 2.102114, 41.4920329 ], [ 2.1019982, 41.492004 ], [ 2.1016978, 41.4919293 ], [ 2.1015027, 41.4919114 ], [ 2.1012565, 41.4919271 ], [ 2.1012481, 41.4919286 ], [ 2.1011011, 41.4919555 ], [ 2.1009, 41.4920049 ], [ 2.1008173, 41.4920274 ], [ 2.1007631, 41.4920421 ], [ 2.1005808, 41.4920613 ], [ 2.099594, 41.4919383 ], [ 2.0992456, 41.4918949 ], [ 2.0992289, 41.4919631 ], [ 2.0991625, 41.4922373 ], [ 2.0990579, 41.4926587 ], [ 2.0982519, 41.4925478 ] ] ] } },
{ "type": "Feature", "properties": { "stop_id": "osm-way-125664261", "name": "Área de Descanso Los Nogales" }, "geometry": { "type": "Polygon", "coordinates": [ [ [ -2.2098682, 37.6064304 ], [ -2.2099641, 37.6062785 ], [ -2.2092337, 37.6064976 ], [ -2.2079205, 37.6068775 ], [ -2.2084775, 37.6067986 ], [ -2.2091026, 37.6066799 ], [ -2.2098682, 37.6064304 ] ] ] } },
{ "type": "Feature", "properties": { "stop_id": "osm-way-128057734", "name": null }, "geometry": { "type": "Polygon", "coordinates": [ [ [ -4.4741668, 42.3924334 ], [ -4.4735709, 42.3918586 ], [ -4.4736699, 42.3916899 ], [ -4.4736842, 42.3913129 ], [ -4.4737222, 42.391127 ], [ -4.4749228, 42.3905889 ], [ -4.4755917, 42.3912367 ], [ -4.4749091, 42.3920295 ], [ -4.4741668, 42.3924334 ] ] ] } },
{ "type": "Feature", "properties": { "stop_id": "osm-way-129786701", "name": "Àrea de descans de Vallmora" }, "geometry": { "type": "Polygon", "coordinates": [ [ [ 2.3132823, 41.4880549 ], [ 2.3133209, 41.4879864 ], [ 2.3133788, 41.4879517 ], [ 2.3134451, 41.4878859 ], [ 2.3135196, 41.4877643 ], [ 2.3135859, 41.4876278 ], [ 2.3136587, 41.4874951 ], [ 2.3137465, 41.4873784 ], [ 2.313879, 41.4872544 ], [ 2.3140033, 41.4871774 ], [ 2.3140503, 41.4871857 ], [ 2.3140795, 41.4872023 ], [ 2.3140612, 41.4872717 ], [ 2.314048, 41.4873462 ], [ 2.314048, 41.4874144 ], [ 2.3140795, 41.4874802 ], [ 2.3141126, 41.4875534 ], [ 2.3141126, 41.4876551 ], [ 2.3140828, 41.4877693 ], [ 2.314048, 41.4878661 ], [ 2.3140049, 41.4879653 ], [ 2.3139271, 41.488077 ], [ 2.3138691, 41.4881365 ], [ 2.3138034, 41.4881729 ], [ 2.3137193, 41.4881851 ], [ 2.3136352, 41.4881754 ], [ 2.313564, 41.488139 ], [ 2.313509, 41.4880833 ], [ 2.3132823, 41.4880549 ] ] ] } },
{ "type": "Feature", "properties": { "stop_id": "osm-way-130754608", "name": null }, "geometry": { "type": "Polygon", "coordinates": [ [ [ -3.758915, 40.460985 ], [ -3.7573086, 40.4607597 ], [ -3.7572448, 40.4610138 ], [ -3.7572539, 40.4611293 ], [ -3.7572782, 40.4612194 ], [ -3.7574148, 40.4613511 ], [ -3.7575818, 40.4614366 ], [ -3.7577731, 40.461455 ], [ -3.757929, 40.4614251 ], [ -3.7587856, 40.4611081 ], [ -3.758915, 40.460985 ] ] ] } },
{ "type": "Feature", "properties": { "stop_id": "osm-way-131913326", "name": null }, "geometry": { "type": "Polygon", "coordinates": [ [ [ -1.2589621, 37.9539779 ], [ -1.2594564, 37.9536804 ], [ -1.2599299, 37.9534098 ], [ -1.2588359, 37.9522492 ], [ -1.2586734, 37.9522384 ], [ -1.2585148, 37.9522952 ], [ -1.2579606, 37.9526847 ], [ -1.2589621, 37.9539779 ] ] ] } },
{ "type": "Feature", "properties": { "stop_id": "osm-way-132068605", "name": null }, "geometry": { "type": "Polygon", "coordinates": [ [ [ -3.8225294, 40.4284264 ], [ -3.8228909, 40.428339 ], [ -3.8226312, 40.4277508 ], [ -3.8230912, 40.4276039 ], [ -3.8230066, 40.4272476 ], [ -3.8224147, 40.4272977 ], [ -3.8221411, 40.4273218 ], [ -3.8219809, 40.4271782 ], [ -3.8221333, 40.4273654 ], [ -3.8220976, 40.4273823 ], [ -3.8221167, 40.4274227 ], [ -3.8221704, 40.4275245 ], [ -3.8222385, 40.4277125 ], [ -3.8223347, 40.4278529 ], [ -3.8225294, 40.4284264 ] ] ] } },
{ "type": "Feature", "properties": { "stop_id": "osm-way-133671574", "name": "Ugaldebietako zerbitzugune-atsedenlekua" }, "geometry": { "type": "Polygon", "coordinates": [ [ [ -3.0695871, 43.3287171 ], [ -3.069282, 43.3288297 ], [ -3.0688958, 43.3291177 ], [ -3.0688285, 43.3291686 ], [ -3.0683074, 43.3295346 ], [ -3.0665379, 43.3286277 ], [ -3.0668973, 43.3277722 ], [ -3.0668969, 43.3274196 ], [ -3.0682639, 43.3280217 ], [ -3.0695871, 43.3287171 ] ] ] } },
{ "type": "Feature", "properties": { "stop_id": "osm-way-133671588", "name": "Área de servicio Ugaldebieta" }, "geometry": { "type": "Polygon", "coordinates": [ [ [ -3.0697961, 43.3281551 ], [ -3.0698095, 43.3278278 ], [ -3.069833, 43.3276655 ], [ -3.0701693, 43.327112 ], [ -3.070182, 43.327073 ], [ -3.0702011, 43.3270078 ], [ -3.0701915, 43.326893 ], [ -3.0696936, 43.3263898 ], [ -3.0693015, 43.3261851 ], [ -3.0691938, 43.3261143 ], [ -3.0690662, 43.3260329 ], [ -3.068978, 43.3260011 ], [ -3.0688909, 43.3259831 ], [ -3.0688205, 43.3259783 ], [ -3.0687334, 43.3259912 ], [ -3.0685906, 43.3260493 ], [ -3.06826, 43.3262592 ], [ -3.0675888, 43.3267622 ], [ -3.0672784, 43.3268771 ], [ -3.0672, 43.3269338 ], [ -3.068498, 43.3276177 ], [ -3.0697961, 43.3281551 ] ] ] } },
{ "type": "Feature", "properties": { "stop_id": "osm-way-137894942", "name": "Área de servicio de Zuasti" }, "geometry": { "type": "Polygon", "coordinates": [ [ [ -1.7448081, 42.8628858 ], [ -1.744942, 42.862572 ], [ -1.7449775, 42.8624138 ], [ -1.7449702, 42.862314 ], [ -1.7449404, 42.8622094 ], [ -1.7449096, 42.8621628 ], [ -1.7441618, 42.8610334 ], [ -1.7440496, 42.8611357 ], [ -1.7438203, 42.8613167 ], [ -1.7436244, 42.8614869 ], [ -1.7435068, 42.8615891 ], [ -1.7432628, 42.861927 ], [ -1.7432086, 42.8622002 ], [ -1.7432426, 42.8623542 ], [ -1.7434296, 42.862625 ], [ -1.7435796, 42.8628256 ], [ -1.7436559, 42.8628957 ], [ -1.7440995, 42.8630133 ], [ -1.744273, 42.8630163 ], [ -1.7444407, 42.8630254 ], [ -1.7445044, 42.8630157 ], [ -1.7445948, 42.862992 ], [ -1.7446759, 42.8629586 ], [ -1.7448081, 42.8628858 ] ] ] } },
{ "type": "Feature", "properties": { "stop_id": "osm-way-137976725", "name": "Àrea de Servei de Sagunt" }, "geometry": { "type": "Polygon", "coordinates": [ [ [ -0.3028859, 39.6514503 ], [ -0.3035833, 39.6503599 ], [ -0.3035593, 39.6499829 ], [ -0.3032646, 39.6498531 ], [ -0.3033869, 39.6496685 ], [ -0.3025823, 39.6491563 ], [ -0.3016092, 39.6489064 ], [ -0.3014832, 39.6489752 ], [ -0.30269, 39.6513453 ], [ -0.3028859, 39.6514503 ] ] ] } },
{ "type": "Feature", "properties": { "stop_id": "osm-way-141424121", "name": null }, "geometry": { "type": "Polygon", "coordinates": [ [ [ -1.9228665, 38.869937 ], [ -1.9229691, 38.8703535 ], [ -1.9226839, 38.8703901 ], [ -1.922573, 38.8699736 ], [ -1.9228665, 38.869937 ] ] ] } },
{ "type": "Feature", "properties": { "stop_id": "osm-way-142894790", "name": null }, "geometry": { "type": "Polygon", "coordinates": [ [ [ -1.8923093, 39.032186 ], [ -1.8921835, 39.0322812 ], [ -1.8921269, 39.0324402 ], [ -1.8921298, 39.0325145 ], [ -1.8923176, 39.0326812 ], [ -1.8918831, 39.0327396 ], [ -1.8917031, 39.0327318 ], [ -1.891239, 39.0328579 ], [ -1.8909252, 39.0329527 ], [ -1.8907726, 39.0329937 ], [ -1.8906517, 39.0329944 ], [ -1.8905497, 39.032986 ], [ -1.8902654, 39.0328319 ], [ -1.8899972, 39.0326735 ], [ -1.8899529, 39.0326434 ], [ -1.8899235, 39.0325907 ], [ -1.8908501, 39.032411 ], [ -1.8914968, 39.0322687 ], [ -1.8921137, 39.0321812 ], [ -1.8923093, 39.032186 ] ] ] } },
{ "type": "Feature", "properties": { "stop_id": "osm-way-143566409", "name": "Àrea del Baix Ebre" }, "geometry": { "type": "Polygon", "coordinates": [ [ [ 0.6262434, 40.7637503 ], [ 0.6261815, 40.7637194 ], [ 0.6261164, 40.7636942 ], [ 0.6261634, 40.7635003 ], [ 0.6262823, 40.7634875 ], [ 0.6263906, 40.7634687 ], [ 0.6264873, 40.763443 ], [ 0.6265578, 40.7634192 ], [ 0.6266283, 40.7633876 ], [ 0.6270334, 40.7631362 ], [ 0.6271053, 40.7631028 ], [ 0.6271847, 40.7630818 ], [ 0.6272808, 40.7630703 ], [ 0.6273712, 40.763079 ], [ 0.6274615, 40.7631026 ], [ 0.6275544, 40.7631484 ], [ 0.6291704, 40.7641517 ], [ 0.6292239, 40.7641933 ], [ 0.6292675, 40.7642321 ], [ 0.6293202, 40.7642973 ], [ 0.6293566, 40.7643571 ], [ 0.6293821, 40.7644168 ], [ 0.6294061, 40.7644915 ], [ 0.6294914, 40.7656656 ], [ 0.6292582, 40.7657149 ], [ 0.6276111, 40.7646488 ], [ 0.6274987, 40.7645257 ], [ 0.6262434, 40.7637503 ] ] ] } },
{ "type": "Feature", "properties": { "stop_id": "osm-way-146401693", "name": "Área de servicio Ribera del Duero" }, "geometry": { "type": "Polygon", "coordinates": [ [ [ -3.7630944, 41.9292529 ], [ -3.7628913, 41.9293335 ], [ -3.7628454, 41.9295148 ], [ -3.7629443, 41.9296485 ], [ -3.7630312, 41.9299695 ], [ -3.7630798, 41.9302446 ], [ -3.7630843, 41.9302701 ], [ -3.7630996, 41.9304542 ], [ -3.7631121, 41.9305915 ], [ -3.7631645, 41.9308548 ], [ -3.7632183, 41.9311877 ], [ -3.7634206, 41.9311444 ], [ -3.7635987, 41.9311101 ], [ -3.7639094, 41.9310572 ], [ -3.7638513, 41.93092 ], [ -3.7648202, 41.930737 ], [ -3.7643259, 41.9301589 ], [ -3.76414, 41.9299199 ], [ -3.7639342, 41.9295979 ], [ -3.763779, 41.9293823 ], [ -3.7636228, 41.9291652 ], [ -3.7633187, 41.9291618 ], [ -3.7630944, 41.9292529 ] ] ] } },
{ "type": "Feature", "properties": { "stop_id": "osm-way-148511241", "name": null }, "geometry": { "type": "Polygon", "coordinates": [ [ [ -4.7767695, 41.1327441 ], [ -4.7769444, 41.1326644 ], [ -4.7773514, 41.1327088 ], [ -4.7789463, 41.1328828 ], [ -4.7790982, 41.1322831 ], [ -4.7780066, 41.1321616 ], [ -4.7762035, 41.1319608 ], [ -4.7767695, 41.1327441 ] ] ] } },
{ "type": "Feature", "properties": { "stop_id": "osm-way-148616326", "name": null }, "geometry": { "type": "Polygon", "coordinates": [ [ [ -4.6660849, 41.0104356 ], [ -4.6663689, 41.0105288 ], [ -4.6665196, 41.0105232 ], [ -4.6666481, 41.0104747 ], [ -4.6667494, 41.0104151 ], [ -4.6667642, 41.0103312 ], [ -4.6667889, 41.0102753 ], [ -4.6667815, 41.0101821 ], [ -4.6666876, 41.010087 ], [ -4.6656822, 41.0090823 ], [ -4.664615, 41.0097272 ], [ -4.6645582, 41.009844 ], [ -4.6643408, 41.0099472 ], [ -4.665287, 41.0108699 ], [ -4.6659358, 41.0105168 ], [ -4.6660849, 41.0104356 ] ] ] } },
{ "type": "Feature", "properties": { "stop_id": "osm-way-148689410", "name": null }, "geometry": { "type": "Polygon", "coordinates": [ [ [ -4.8487954, 41.0425099 ], [ -4.8487091, 41.0421279 ], [ -4.8494, 41.0420365 ], [ -4.8493247, 41.0416661 ], [ -4.8501334, 41.041671 ], [ -4.8502134, 41.0416818 ], [ -4.8504444, 41.041713 ], [ -4.8498471, 41.0422266 ], [ -4.8497314, 41.0423332 ], [ -4.8495648, 41.0423977 ], [ -4.8493939, 41.0424436 ], [ -4.8490872, 41.0424857 ], [ -4.8489167, 41.0425004 ], [ -4.8487954, 41.0425099 ] ] ] } },
{ "type": "Feature", "properties": { "stop_id": "osm-way-149631575", "name": null }, "geometry": { "type": "Polygon", "coordinates": [ [ [ -7.8067446, 43.4074062 ], [ -7.8074679, 43.4075943 ], [ -7.8087661, 43.4080055 ], [ -7.8099147, 43.4084526 ], [ -7.8098767, 43.4084961 ], [ -7.8098534, 43.4085228 ], [ -7.8091461, 43.4085656 ], [ -7.8084529, 43.4085553 ], [ -7.807744, 43.4083354 ], [ -7.8073606, 43.4081789 ], [ -7.8070802, 43.4080029 ], [ -7.8068526, 43.4077233 ], [ -7.8067142, 43.407606 ], [ -7.8067124, 43.4074846 ], [ -7.8067446, 43.4074062 ] ] ] } },
{ "type": "Feature", "properties": { "stop_id": "osm-way-150264642", "name": "El madero" }, "geometry": { "type": "Polygon", "coordinates": [ [ [ -2.1014961, 41.8083653 ], [ -2.101189, 41.8084215 ], [ -2.1005337, 41.8082831 ], [ -2.0995942, 41.8080847 ], [ -2.099453, 41.8078134 ], [ -2.0994007, 41.807713 ], [ -2.1007334, 41.8077622 ], [ -2.1010903, 41.8079389 ], [ -2.1017137, 41.8083854 ], [ -2.1014961, 41.8083653 ] ] ] } },
{ "type": "Feature", "properties": { "stop_id": "osm-way-151658529", "name": null }, "geometry": { "type": "Polygon", "coordinates": [ [ [ -2.7742208, 41.7083014 ], [ -2.7742868, 41.7083831 ], [ -2.7743133, 41.7084277 ], [ -2.7744074, 41.7085825 ], [ -2.7747042, 41.7091073 ], [ -2.7751396, 41.7090232 ], [ -2.7750078, 41.7085173 ], [ -2.7760765, 41.708317 ], [ -2.7760922, 41.708206 ], [ -2.7760321, 41.7079666 ], [ -2.7759504, 41.7079131 ], [ -2.7758708, 41.7078855 ], [ -2.7758158, 41.7078765 ], [ -2.7757748, 41.7078851 ], [ -2.7757447, 41.7078941 ], [ -2.7756871, 41.7079243 ], [ -2.7756288, 41.707951 ], [ -2.7754617, 41.7079783 ], [ -2.7745743, 41.708115 ], [ -2.774443, 41.7081876 ], [ -2.7742208, 41.7083014 ] ] ] } },
{ "type": "Feature", "properties": { "stop_id": "osm-way-161826943", "name": "Área de Servicio Repsol" }, "geometry": { "type": "Polygon", "coordinates": [ [ [ -1.6324246, 43.1302131 ], [ -1.632466, 43.1301905 ], [ -1.6324944, 43.1301661 ], [ -1.6322826, 43.1300548 ], [ -1.6320813, 43.1298921 ], [ -1.6318989, 43.1298295 ], [ -1.6317004, 43.1297786 ], [ -1.6315772, 43.1297748 ], [ -1.6304131, 43.129769 ], [ -1.6301905, 43.1298101 ], [ -1.6300269, 43.1298708 ], [ -1.6296969, 43.1300646 ], [ -1.629536, 43.1301487 ], [ -1.6294126, 43.1302055 ], [ -1.6294493, 43.1302158 ], [ -1.6295305, 43.1302386 ], [ -1.6298148, 43.1302405 ], [ -1.6322315, 43.130221 ], [ -1.6324246, 43.1302131 ] ] ] } },
{ "type": "Feature", "properties": { "stop_id": "osm-way-161826944", "name": "Área de Servicio Repsol" }, "geometry": { "type": "Polygon", "coordinates": [ [ [ -1.6325024, 43.1303815 ], [ -1.6325619, 43.1304018 ], [ -1.6325882, 43.1304108 ], [ -1.632516, 43.1304306 ], [ -1.632402, 43.1304926 ], [ -1.6322531, 43.1305735 ], [ -1.6321217, 43.130642 ], [ -1.6317621, 43.1307808 ], [ -1.6317274, 43.1308045 ], [ -1.630853, 43.1308143 ], [ -1.6305365, 43.130871 ], [ -1.6298713, 43.1308221 ], [ -1.6297558, 43.1308082 ], [ -1.6295977, 43.1307829 ], [ -1.6293858, 43.1307203 ], [ -1.6290076, 43.1307105 ], [ -1.6285542, 43.1306536 ], [ -1.6280286, 43.130687 ], [ -1.6273043, 43.1307084 ], [ -1.627122, 43.1307281 ], [ -1.6271081, 43.1307025 ], [ -1.6270764, 43.130644 ], [ -1.6275806, 43.1305616 ], [ -1.6285059, 43.13045 ], [ -1.6290397, 43.1304284 ], [ -1.6291735, 43.1304106 ], [ -1.6293159, 43.130401 ], [ -1.6301823, 43.1303913 ], [ -1.6316977, 43.1303854 ], [ -1.6325024, 43.1303815 ] ] ] } },
{ "type": "Feature", "properties": { "stop_id": "osm-way-161827147", "name": null }, "geometry": { "type": "Polygon", "coordinates": [ [ [ -1.6217172, 43.1330944 ], [ -1.6216889, 43.1330802 ], [ -1.6216663, 43.1330689 ], [ -1.6210656, 43.13344 ], [ -1.6208549, 43.1335706 ], [ -1.620725, 43.1336643 ], [ -1.6201723, 43.1340985 ], [ -1.6200437, 43.1342084 ], [ -1.6196305, 43.1346094 ], [ -1.6197207, 43.1347073 ], [ -1.6197458, 43.1347346 ], [ -1.6198585, 43.1346583 ], [ -1.6202207, 43.1344002 ], [ -1.6203466, 43.134306 ], [ -1.6204781, 43.134212 ], [ -1.6208375, 43.1338891 ], [ -1.621669, 43.1331394 ], [ -1.6217172, 43.1330944 ] ] ] } },
{ "type": "Feature", "properties": { "stop_id": "osm-way-162607382", "name": "Area de Servicio Robledo" }, "geometry": { "type": "Polygon", "coordinates": [ [ [ -5.7977056, 43.4390208 ], [ -5.8001063, 43.4347875 ], [ -5.8003069, 43.4359695 ], [ -5.800267, 43.4361722 ], [ -5.800156, 43.4363834 ], [ -5.799744, 43.4370347 ], [ -5.7995269, 43.4374852 ], [ -5.7992787, 43.4378842 ], [ -5.7989109, 43.4383637 ], [ -5.7981974, 43.4387949 ], [ -5.7977056, 43.4390208 ] ] ] } },
{ "type": "Feature", "properties": { "stop_id": "osm-way-162607387", "name": "Area de Servicio Robledo" }, "geometry": { "type": "Polygon", "coordinates": [ [ [ -5.7972313, 43.4389305 ], [ -5.7979507, 43.4376079 ], [ -5.7977624, 43.4375532 ], [ -5.7974898, 43.4372548 ], [ -5.7979126, 43.4365939 ], [ -5.7983943, 43.4367483 ], [ -5.7996449, 43.4348446 ], [ -5.7989772, 43.4349825 ], [ -5.7985573, 43.4352306 ], [ -5.7983693, 43.4354422 ], [ -5.7980214, 43.4359564 ], [ -5.7977394, 43.4364616 ], [ -5.7973947, 43.4370282 ], [ -5.7969685, 43.4377063 ], [ -5.7969309, 43.4379429 ], [ -5.796934, 43.4381795 ], [ -5.7972313, 43.4389305 ] ] ] } },
{ "type": "Feature", "properties": { "stop_id": "osm-way-162616307", "name": null }, "geometry": { "type": "Polygon", "coordinates": [ [ [ -5.820857, 43.5153612 ], [ -5.8204731, 43.5148256 ], [ -5.8200571, 43.5143247 ], [ -5.8196678, 43.5139109 ], [ -5.8194139, 43.5137392 ], [ -5.8193612, 43.5140772 ], [ -5.8194496, 43.5143885 ], [ -5.819655, 43.5147191 ], [ -5.8199401, 43.5150324 ], [ -5.8202997, 43.5152916 ], [ -5.8206307, 43.5154848 ], [ -5.8209638, 43.515565 ], [ -5.820857, 43.5153612 ] ] ] } },
{ "type": "Feature", "properties": { "stop_id": "osm-way-162616309", "name": null }, "geometry": { "type": "Polygon", "coordinates": [ [ [ -5.8165879, 43.5112671 ], [ -5.8177158, 43.5119265 ], [ -5.8180968, 43.5121717 ], [ -5.8182541, 43.5119241 ], [ -5.8178541, 43.5116766 ], [ -5.8176728, 43.5115006 ], [ -5.8175741, 43.5112802 ], [ -5.8175528, 43.5110288 ], [ -5.8170275, 43.5111158 ], [ -5.8166542, 43.5111796 ], [ -5.8165879, 43.5112671 ] ] ] } },
{ "type": "Feature", "properties": { "stop_id": "osm-way-163004682", "name": "Estación de servicio Junco Colunga" }, "geometry": { "type": "Polygon", "coordinates": [ [ [ -5.2886391, 43.481745 ], [ -5.2893609, 43.4815139 ], [ -5.2903863, 43.4812285 ], [ -5.2896894, 43.4808204 ], [ -5.2892315, 43.4807373 ], [ -5.2888684, 43.4808614 ], [ -5.2872915, 43.4815396 ], [ -5.2872505, 43.4816389 ], [ -5.2872555, 43.4817461 ], [ -5.2872997, 43.4818201 ], [ -5.2874249, 43.481891 ], [ -5.2876435, 43.4819437 ], [ -5.2886391, 43.481745 ] ] ] } },
{ "type": "Feature", "properties": { "stop_id": "osm-way-163004684", "name": "Estación de servicio Junco Colunga Mar" }, "geometry": { "type": "Polygon", "coordinates": [ [ [ -5.2826065, 43.4820733 ], [ -5.2823953, 43.4827067 ], [ -5.2825994, 43.4829595 ], [ -5.282888, 43.4830898 ], [ -5.2830871, 43.4831546 ], [ -5.2832651, 43.4831629 ], [ -5.2834492, 43.4831306 ], [ -5.2837223, 43.4830412 ], [ -5.2840003, 43.4829927 ], [ -5.2847395, 43.4829748 ], [ -5.2849296, 43.4829672 ], [ -5.2852921, 43.4827475 ], [ -5.2852474, 43.4824548 ], [ -5.2851044, 43.4824798 ], [ -5.2850445, 43.4824006 ], [ -5.2847933, 43.4823941 ], [ -5.2838228, 43.4822375 ], [ -5.2830703, 43.4820712 ], [ -5.2827543, 43.4819839 ], [ -5.2826065, 43.4820733 ] ] ] } },
{ "type": "Feature", "properties": { "stop_id": "osm-way-165303795", "name": null }, "geometry": { "type": "Polygon", "coordinates": [ [ [ 1.1326145, 41.6626391 ], [ 1.133229, 41.6621703 ], [ 1.1333569, 41.6620851 ], [ 1.1334123, 41.6620393 ], [ 1.1335265, 41.6620708 ], [ 1.1337853, 41.6621398 ], [ 1.1341291, 41.6622261 ], [ 1.1339339, 41.6628001 ], [ 1.1337612, 41.6631417 ], [ 1.1335627, 41.6632018 ], [ 1.1333937, 41.6631678 ], [ 1.1328059, 41.6628093 ], [ 1.1326145, 41.6626391 ] ] ] } },
{ "type": "Feature", "properties": { "stop_id": "osm-way-165356181", "name": null }, "geometry": { "type": "Polygon", "coordinates": [ [ [ -0.8312514, 42.7567558 ], [ -0.8311989, 42.756725 ], [ -0.8310918, 42.756617 ], [ -0.8308586, 42.7563394 ], [ -0.8308229, 42.756455 ], [ -0.8309048, 42.7566247 ], [ -0.8310393, 42.7567142 ], [ -0.8312514, 42.7567558 ] ] ] } },
{ "type": "Feature", "properties": { "stop_id": "osm-way-167447543", "name": "Área 240" }, "geometry": { "type": "Polygon", "coordinates": [ [ [ -1.5877229, 41.3648439 ], [ -1.5873466, 41.3649237 ], [ -1.5873495, 41.3649748 ], [ -1.5870442, 41.3650282 ], [ -1.5867044, 41.3650877 ], [ -1.5865836, 41.3651235 ], [ -1.5863283, 41.365233 ], [ -1.5857465, 41.3654827 ], [ -1.5853016, 41.3651025 ], [ -1.5851339, 41.3650144 ], [ -1.5849727, 41.364991 ], [ -1.5849443, 41.3649295 ], [ -1.586, 41.3645288 ], [ -1.5861563, 41.3645263 ], [ -1.5862192, 41.3645449 ], [ -1.5867097, 41.3644755 ], [ -1.5876189, 41.3642376 ], [ -1.5878371, 41.3641535 ], [ -1.5880529, 41.3640248 ], [ -1.5880948, 41.3640637 ], [ -1.587963, 41.3641682 ], [ -1.5878785, 41.3642871 ], [ -1.5877391, 41.3644698 ], [ -1.587697, 41.3647007 ], [ -1.5877229, 41.3648439 ] ] ] } },
{ "type": "Feature", "properties": { "stop_id": "osm-way-172823432", "name": null }, "geometry": { "type": "Polygon", "coordinates": [ [ [ -0.8410586, 38.5728681 ], [ -0.8408051, 38.5725777 ], [ -0.8403679, 38.572831 ], [ -0.8400033, 38.5724611 ], [ -0.8396036, 38.5726686 ], [ -0.8397832, 38.5728514 ], [ -0.8398154, 38.5728744 ], [ -0.8398516, 38.5728928 ], [ -0.8398939, 38.5729043 ], [ -0.8399341, 38.572908 ], [ -0.8399737, 38.5729054 ], [ -0.8401366, 38.5729452 ], [ -0.8402238, 38.573028 ], [ -0.8404303, 38.5732655 ], [ -0.8405517, 38.5731974 ], [ -0.8405423, 38.5731806 ], [ -0.8408159, 38.5730307 ], [ -0.8408038, 38.5730128 ], [ -0.8408507, 38.5729898 ], [ -0.8408414, 38.5729772 ], [ -0.8410586, 38.5728681 ] ] ] } },
{ "type": "Feature", "properties": { "stop_id": "osm-way-173380162", "name": "Àrea de Servei (Avinguda del Mar)" }, "geometry": { "type": "Polygon", "coordinates": [ [ [ 3.1724045, 41.9088706 ], [ 3.1726218, 41.9089184 ], [ 3.1727619, 41.9088217 ], [ 3.1728173, 41.9087838 ], [ 3.1728422, 41.9086799 ], [ 3.1728633, 41.9085883 ], [ 3.1728982, 41.9084649 ], [ 3.1729088, 41.9084459 ], [ 3.1728632, 41.908401 ], [ 3.1723106, 41.9087799 ], [ 3.1724045, 41.9088706 ] ] ] } },
{ "type": "Feature", "properties": { "stop_id": "osm-way-173637567", "name": null }, "geometry": { "type": "Polygon", "coordinates": [ [ [ -3.6019846, 37.6113168 ], [ -3.6022043, 37.6105935 ], [ -3.6022214, 37.6103541 ], [ -3.6021185, 37.6101556 ], [ -3.6020258, 37.6100985 ], [ -3.6015314, 37.6101556 ], [ -3.6010817, 37.6105663 ], [ -3.6010405, 37.6108491 ], [ -3.6013083, 37.612255 ], [ -3.6015486, 37.6122496 ], [ -3.6019846, 37.6113168 ] ] ] } },
{ "type": "Feature", "properties": { "stop_id": "osm-way-173637568", "name": "Área de Servicio El Oasis 2" }, "geometry": { "type": "Polygon", "coordinates": [ [ [ -3.6266435, 37.6789196 ], [ -3.6268337, 37.6786869 ], [ -3.6266781, 37.6780845 ], [ -3.625819, 37.6770851 ], [ -3.6256633, 37.677149 ], [ -3.6257093, 37.6773778 ], [ -3.6258075, 37.6778655 ], [ -3.6260784, 37.6786093 ], [ -3.6262745, 37.6788922 ], [ -3.6266435, 37.6789196 ] ] ] } },
{ "type": "Feature", "properties": { "stop_id": "osm-way-173660191", "name": "Área de Servicio Manzanil de Loja" }, "geometry": { "type": "Polygon", "coordinates": [ [ [ -4.1702374, 37.1656047 ], [ -4.1699785, 37.1660108 ], [ -4.1687047, 37.1660828 ], [ -4.1686636, 37.1661876 ], [ -4.1678869, 37.1661549 ], [ -4.1674061, 37.1658896 ], [ -4.1673321, 37.1656932 ], [ -4.166839, 37.1656637 ], [ -4.1668061, 37.1651889 ], [ -4.1687237, 37.1652823 ], [ -4.1692686, 37.1654099 ], [ -4.1698907, 37.1654186 ], [ -4.1702374, 37.1656047 ] ] ] } },
{ "type": "Feature", "properties": { "stop_id": "osm-way-173666999", "name": "Abades Puerta de Andalucía" }, "geometry": { "type": "Polygon", "coordinates": [ [ [ -3.5694513, 38.3147444 ], [ -3.569477, 38.3147746 ], [ -3.5694924, 38.3147926 ], [ -3.5695568, 38.3148681 ], [ -3.569902, 38.3152725 ], [ -3.5712085, 38.3146058 ], [ -3.5712129, 38.3143926 ], [ -3.5713931, 38.3142727 ], [ -3.571598, 38.3142648 ], [ -3.5718534, 38.3144995 ], [ -3.5728598, 38.313826 ], [ -3.5723942, 38.3134011 ], [ -3.5712552, 38.3141181 ], [ -3.5709283, 38.3139081 ], [ -3.5707789, 38.3137257 ], [ -3.5707639, 38.3137074 ], [ -3.5697558, 38.3139583 ], [ -3.5697062, 38.3140163 ], [ -3.5696005, 38.3141399 ], [ -3.5696955, 38.3143108 ], [ -3.5696898, 38.3144217 ], [ -3.5696886, 38.314446 ], [ -3.5693843, 38.3146202 ], [ -3.5694513, 38.3147444 ] ] ] } },
{ "type": "Feature", "properties": { "stop_id": "osm-way-173808820", "name": null }, "geometry": { "type": "Polygon", "coordinates": [ [ [ -3.6372706, 37.5302871 ], [ -3.637648, 37.53007 ], [ -3.637838, 37.5300415 ], [ -3.6380937, 37.5300032 ], [ -3.6383041, 37.5298922 ], [ -3.638413, 37.5297193 ], [ -3.6383609, 37.5294581 ], [ -3.6382629, 37.529294 ], [ -3.6382155, 37.5284061 ], [ -3.6378606, 37.5284474 ], [ -3.6376895, 37.5286772 ], [ -3.6374593, 37.5294698 ], [ -3.6373424, 37.5296424 ], [ -3.6371539, 37.5301167 ], [ -3.6372706, 37.5302871 ] ] ] } },
{ "type": "Feature", "properties": { "stop_id": "osm-way-173873617", "name": "Area de Servicio La Pausa" }, "geometry": { "type": "Polygon", "coordinates": [ [ [ -3.457711, 39.2881838 ], [ -3.4570832, 39.2868441 ], [ -3.4562142, 39.2874779 ], [ -3.4565288, 39.2879595 ], [ -3.4567666, 39.2885905 ], [ -3.457711, 39.2881838 ] ] ] } },
{ "type": "Feature", "properties": { "stop_id": "osm-way-173873618", "name": "Area de Servicio La Pausa" }, "geometry": { "type": "Polygon", "coordinates": [ [ [ -3.4548418, 39.2885021 ], [ -3.4542869, 39.2887426 ], [ -3.4533324, 39.2877977 ], [ -3.4538271, 39.2876284 ], [ -3.4540998, 39.2876947 ], [ -3.4545057, 39.2874787 ], [ -3.4545437, 39.2878984 ], [ -3.4548418, 39.2885021 ] ] ] } },
{ "type": "Feature", "properties": { "stop_id": "osm-way-177977583", "name": null }, "geometry": { "type": "Polygon", "coordinates": [ [ [ -1.7850719, 37.5859678 ], [ -1.786059, 37.5862441 ], [ -1.7863565, 37.5863071 ], [ -1.7865369, 37.5863453 ], [ -1.7867215, 37.5863844 ], [ -1.7867561, 37.5862859 ], [ -1.7867951, 37.5861751 ], [ -1.7868314, 37.5860719 ], [ -1.7869095, 37.5859104 ], [ -1.7871721, 37.5854024 ], [ -1.787282, 37.5853492 ], [ -1.787282, 37.5852579 ], [ -1.7872284, 37.5851133 ], [ -1.7871318, 37.5850644 ], [ -1.7869765, 37.5852302 ], [ -1.7868395, 37.5853237 ], [ -1.7867512, 37.5853556 ], [ -1.786582, 37.5853663 ], [ -1.7864157, 37.5853344 ], [ -1.7862574, 37.585311 ], [ -1.7861206, 37.5853216 ], [ -1.7859356, 37.5853663 ], [ -1.7853806, 37.5855809 ], [ -1.785383, 37.5856893 ], [ -1.7854423, 37.5857148 ], [ -1.785442, 37.5857573 ], [ -1.7853779, 37.5857914 ], [ -1.7851687, 37.5858657 ], [ -1.7850909, 37.5859189 ], [ -1.7850719, 37.5859678 ] ] ] } },
{ "type": "Feature", "properties": { "stop_id": "osm-way-182333924", "name": null }, "geometry": { "type": "Polygon", "coordinates": [ [ [ -1.1432669, 38.0250177 ], [ -1.1427895, 38.0244593 ], [ -1.1430428, 38.024319 ], [ -1.1430751, 38.0243465 ], [ -1.1435097, 38.0246945 ], [ -1.1435478, 38.0247696 ], [ -1.143525, 38.0248493 ], [ -1.1435037, 38.0248912 ], [ -1.1432931, 38.0250106 ], [ -1.1432669, 38.0250177 ] ] ] } },
{ "type": "Feature", "properties": { "stop_id": "osm-way-189054422", "name": null }, "geometry": { "type": "Polygon", "coordinates": [ [ [ -8.6571642, 42.0362871 ], [ -8.6570345, 42.0361171 ], [ -8.6570793, 42.0359857 ], [ -8.6565456, 42.0353043 ], [ -8.6564286, 42.035224 ], [ -8.656356, 42.0352161 ], [ -8.6562638, 42.0352135 ], [ -8.6561344, 42.0352095 ], [ -8.656028, 42.0351963 ], [ -8.6559057, 42.03517 ], [ -8.6557905, 42.0351279 ], [ -8.6555975, 42.0350422 ], [ -8.6552499, 42.0351834 ], [ -8.6553131, 42.0353143 ], [ -8.6553417, 42.0354009 ], [ -8.6553549, 42.0355228 ], [ -8.6553593, 42.0356338 ], [ -8.6553344, 42.0357437 ], [ -8.6553135, 42.0358526 ], [ -8.6553135, 42.0359786 ], [ -8.6558665, 42.0365793 ], [ -8.6560529, 42.0366944 ], [ -8.6561837, 42.0367646 ], [ -8.6563362, 42.0368203 ], [ -8.6565566, 42.0368707 ], [ -8.6566704, 42.0368887 ], [ -8.6567795, 42.0369244 ], [ -8.6569399, 42.0370119 ], [ -8.6570627, 42.0371515 ], [ -8.6573785, 42.0370218 ], [ -8.6571642, 42.0362871 ] ] ] } },
{ "type": "Feature", "properties": { "stop_id": "osm-way-190310807", "name": null }, "geometry": { "type": "Polygon", "coordinates": [ [ [ -1.4817965, 38.3180027 ], [ -1.4813606, 38.3180679 ], [ -1.4813314, 38.318015 ], [ -1.4812614, 38.3179364 ], [ -1.481071, 38.3180195 ], [ -1.480733, 38.3175439 ], [ -1.4805131, 38.3176323 ], [ -1.480523, 38.3174856 ], [ -1.4803736, 38.3173364 ], [ -1.4802604, 38.3171907 ], [ -1.4802739, 38.3170698 ], [ -1.4802875, 38.3169952 ], [ -1.4804189, 38.3169028 ], [ -1.4805774, 38.3168673 ], [ -1.4808446, 38.3169099 ], [ -1.4810484, 38.3170379 ], [ -1.4816364, 38.3177868 ], [ -1.4817965, 38.3180027 ] ] ] } },
{ "type": "Feature", "properties": { "stop_id": "osm-way-190350733", "name": "BP" }, "geometry": { "type": "Polygon", "coordinates": [ [ [ -4.4674338, 36.7124716 ], [ -4.4674325, 36.7123953 ], [ -4.4674337, 36.7122341 ], [ -4.4674338, 36.7121362 ], [ -4.4670905, 36.7121276 ], [ -4.4669791, 36.712134 ], [ -4.4669376, 36.7121555 ], [ -4.4669201, 36.7122071 ], [ -4.4669255, 36.7123319 ], [ -4.4669751, 36.7123727 ], [ -4.4674338, 36.7124716 ] ] ] } },
{ "type": "Feature", "properties": { "stop_id": "osm-way-191808758", "name": null }, "geometry": { "type": "Polygon", "coordinates": [ [ [ -8.4619763, 42.1414986 ], [ -8.461218, 42.1415968 ], [ -8.4614496, 42.1418442 ], [ -8.4614552, 42.1418749 ], [ -8.4614441, 42.1420609 ], [ -8.461662, 42.1421693 ], [ -8.4617199, 42.1421898 ], [ -8.4618853, 42.142202 ], [ -8.4620342, 42.1421857 ], [ -8.4622489, 42.1421103 ], [ -8.462401, 42.1420568 ], [ -8.46239, 42.1419791 ], [ -8.4622769, 42.1418708 ], [ -8.4619763, 42.1414986 ] ] ] } },
{ "type": "Feature", "properties": { "stop_id": "osm-way-193410164", "name": null }, "geometry": { "type": "Polygon", "coordinates": [ [ [ -7.1774811, 42.8854245 ], [ -7.1774809, 42.8854678 ], [ -7.1774586, 42.8855179 ], [ -7.1768411, 42.8853079 ], [ -7.1765716, 42.884853 ], [ -7.1764488, 42.884378 ], [ -7.1765341, 42.884168 ], [ -7.1766842, 42.8839381 ], [ -7.1767081, 42.8838731 ], [ -7.1767474, 42.8839168 ], [ -7.1767884, 42.8839582 ], [ -7.1768958, 42.8842652 ], [ -7.1770083, 42.8845805 ], [ -7.177213, 42.884978 ], [ -7.1773699, 42.8852329 ], [ -7.1774811, 42.8854245 ] ] ] } },
{ "type": "Feature", "properties": { "stop_id": "osm-way-196671808", "name": "Área de Servicio El Lagarto" }, "geometry": { "type": "Polygon", "coordinates": [ [ [ -3.81206, 37.7783725 ], [ -3.8122397, 37.7780969 ], [ -3.8120075, 37.7778506 ], [ -3.8119849, 37.7777789 ], [ -3.81184, 37.7776602 ], [ -3.8116711, 37.7775309 ], [ -3.8117381, 37.7774164 ], [ -3.8117435, 37.7773549 ], [ -3.8116925, 37.7773168 ], [ -3.8115504, 37.7772722 ], [ -3.8115033, 37.7773015 ], [ -3.8114282, 37.7774096 ], [ -3.8112404, 37.7777446 ], [ -3.8107082, 37.7776263 ], [ -3.8102722, 37.7775623 ], [ -3.8102468, 37.7776411 ], [ -3.81206, 37.7783725 ] ] ] } },
{ "type": "Feature", "properties": { "stop_id": "osm-way-198568977", "name": null }, "geometry": { "type": "Polygon", "coordinates": [ [ [ -5.8548844, 42.0210504 ], [ -5.8537294, 42.021408 ], [ -5.8538633, 42.0216101 ], [ -5.8537425, 42.021684 ], [ -5.8537748, 42.0218583 ], [ -5.8537341, 42.0219275 ], [ -5.8536447, 42.0219742 ], [ -5.8535298, 42.0219769 ], [ -5.8530684, 42.0219145 ], [ -5.8527306, 42.0219346 ], [ -5.8523735, 42.0221091 ], [ -5.8521642, 42.0223282 ], [ -5.8518296, 42.0226566 ], [ -5.85183, 42.0227077 ], [ -5.8524, 42.023112 ], [ -5.8524844, 42.0231404 ], [ -5.8525687, 42.0231054 ], [ -5.8526886, 42.0230038 ], [ -5.8530137, 42.0227417 ], [ -5.8531003, 42.0227647 ], [ -5.8542867, 42.0235231 ], [ -5.8543574, 42.0235117 ], [ -5.8543977, 42.023473 ], [ -5.8546862, 42.0230678 ], [ -5.8547178, 42.0230055 ], [ -5.8546579, 42.0229523 ], [ -5.8529845, 42.0224868 ], [ -5.8541671, 42.0219957 ], [ -5.8542274, 42.0219707 ], [ -5.8543483, 42.0220782 ], [ -5.8547036, 42.0223942 ], [ -5.8551894, 42.0227004 ], [ -5.8557758, 42.0220142 ], [ -5.8551899, 42.0215448 ], [ -5.855282, 42.0214857 ], [ -5.8548844, 42.0210504 ] ] ] } },
{ "type": "Feature", "properties": { "stop_id": "osm-way-200611665", "name": null }, "geometry": { "type": "Polygon", "coordinates": [ [ [ 1.8683842, 41.2450009 ], [ 1.8683226, 41.2448868 ], [ 1.8683493, 41.2448356 ], [ 1.8684137, 41.2449642 ], [ 1.8685341, 41.245023 ], [ 1.8687227, 41.2450181 ], [ 1.8685516, 41.2450589 ], [ 1.8684541, 41.2450541 ], [ 1.8683842, 41.2450009 ] ] ] } },
{ "type": "Feature", "properties": { "stop_id": "osm-way-202065790", "name": null }, "geometry": { "type": "Polygon", "coordinates": [ [ [ 1.8283891, 41.3909874 ], [ 1.8283198, 41.3909763 ], [ 1.8281888, 41.3909542 ], [ 1.8279904, 41.3909191 ], [ 1.8279565, 41.3909078 ], [ 1.8279292, 41.3908898 ], [ 1.8278467, 41.3908238 ], [ 1.8277916, 41.3907681 ], [ 1.8277442, 41.390712 ], [ 1.8277524, 41.3906676 ], [ 1.8277552, 41.3906525 ], [ 1.8278653, 41.3906733 ], [ 1.8279883, 41.3907001 ], [ 1.8282397, 41.3907618 ], [ 1.8284595, 41.3908157 ], [ 1.8286776, 41.3908707 ], [ 1.8286344, 41.3908831 ], [ 1.8286219, 41.3909008 ], [ 1.8285834, 41.3909583 ], [ 1.8285677, 41.3909759 ], [ 1.8285492, 41.3909916 ], [ 1.8285229, 41.3909965 ], [ 1.8284766, 41.3909973 ], [ 1.8283891, 41.3909874 ] ] ] } },
{ "type": "Feature", "properties": { "stop_id": "osm-way-202696477", "name": null }, "geometry": { "type": "Polygon", "coordinates": [ [ [ -3.7910133, 37.7997133 ], [ -3.7909318, 37.7998907 ], [ -3.7906373, 37.8001585 ], [ -3.790369, 37.8000398 ], [ -3.7904587, 37.7997784 ], [ -3.7905407, 37.7995396 ], [ -3.7909597, 37.7996197 ], [ -3.7910133, 37.7997133 ] ] ] } },
{ "type": "Feature", "properties": { "stop_id": "osm-way-203979372", "name": "Àrea de servei" }, "geometry": { "type": "Polygon", "coordinates": [ [ [ 1.7500342, 41.5942247 ], [ 1.7497497, 41.5940165 ], [ 1.7512229, 41.5933706 ], [ 1.7512729, 41.5934606 ], [ 1.7512981, 41.5935059 ], [ 1.7509417, 41.5938596 ], [ 1.7505388, 41.5940332 ], [ 1.7500342, 41.5942247 ] ] ] } },
{ "type": "Feature", "properties": { "stop_id": "osm-way-203979375", "name": "Àrea de servei" }, "geometry": { "type": "Polygon", "coordinates": [ [ [ 1.7492462, 41.5938935 ], [ 1.7494229, 41.5936651 ], [ 1.7494186, 41.5935166 ], [ 1.7494128, 41.5933129 ], [ 1.7503679, 41.5922491 ], [ 1.7504695, 41.5922044 ], [ 1.7520261, 41.5915196 ], [ 1.7526439, 41.5924771 ], [ 1.7514183, 41.5928655 ], [ 1.7513085, 41.5930112 ], [ 1.7492462, 41.5938935 ] ] ] } },
{ "type": "Feature", "properties": { "stop_id": "osm-way-211186798", "name": "Àrea de servei de les Garrigues" }, "geometry": { "type": "Polygon", "coordinates": [ [ [ 0.863806, 41.4897156 ], [ 0.8642527, 41.4893091 ], [ 0.8648098, 41.488684 ], [ 0.8651089, 41.4883705 ], [ 0.8652145, 41.4882599 ], [ 0.8655146, 41.4880283 ], [ 0.865642, 41.487938 ], [ 0.8659375, 41.4871 ], [ 0.8659237, 41.487036 ], [ 0.8659125, 41.4869842 ], [ 0.8651736, 41.4871256 ], [ 0.8647802, 41.4872209 ], [ 0.8645097, 41.4873317 ], [ 0.8642482, 41.4875003 ], [ 0.8640595, 41.4876553 ], [ 0.8638912, 41.4878852 ], [ 0.8638367, 41.488139 ], [ 0.8638321, 41.4883587 ], [ 0.8638594, 41.4886721 ], [ 0.8638844, 41.4889838 ], [ 0.8639003, 41.4892001 ], [ 0.8638185, 41.489447 ], [ 0.8637054, 41.4896802 ], [ 0.8637617, 41.4897011 ], [ 0.863806, 41.4897156 ] ] ] } },
{ "type": "Feature", "properties": { "stop_id": "osm-way-211186799", "name": "Àrea de servei de les Garrigues" }, "geometry": { "type": "Polygon", "coordinates": [ [ [ 0.8672539, 41.4873018 ], [ 0.8671808, 41.4872857 ], [ 0.8671298, 41.4872773 ], [ 0.8667901, 41.4877107 ], [ 0.8663581, 41.4883136 ], [ 0.8661921, 41.4884993 ], [ 0.8659875, 41.488644 ], [ 0.8658117, 41.4887422 ], [ 0.8657374, 41.4887837 ], [ 0.8656009, 41.4888859 ], [ 0.8655282, 41.4889813 ], [ 0.8651553, 41.4896915 ], [ 0.8652029, 41.4897285 ], [ 0.8652479, 41.4897636 ], [ 0.86567, 41.489716 ], [ 0.8660686, 41.4896638 ], [ 0.8663064, 41.4896257 ], [ 0.8664764, 41.489584 ], [ 0.8666932, 41.4894996 ], [ 0.8668281, 41.489427 ], [ 0.8669548, 41.4893387 ], [ 0.8671348, 41.4891652 ], [ 0.867149, 41.4891516 ], [ 0.8672268, 41.4890605 ], [ 0.8672841, 41.4889705 ], [ 0.8673302, 41.4888397 ], [ 0.8673554, 41.4886893 ], [ 0.8673626, 41.4885206 ], [ 0.8673369, 41.4882814 ], [ 0.8672786, 41.4879949 ], [ 0.867237, 41.4877511 ], [ 0.8672218, 41.4875809 ], [ 0.8672309, 41.487398 ], [ 0.8672539, 41.4873018 ] ] ] } },
{ "type": "Feature", "properties": { "stop_id": "osm-way-215482977", "name": "Àrea del Baix Ebre" }, "geometry": { "type": "Polygon", "coordinates": [ [ [ 0.625971, 40.7641767 ], [ 0.6289926, 40.7661099 ], [ 0.6289556, 40.7662357 ], [ 0.6287672, 40.7662581 ], [ 0.6276997, 40.7665882 ], [ 0.6273894, 40.7665603 ], [ 0.6258491, 40.7655699 ], [ 0.6257974, 40.7655023 ], [ 0.6257599, 40.7654409 ], [ 0.6257457, 40.7653517 ], [ 0.6257826, 40.7642634 ], [ 0.625971, 40.7641767 ] ] ] } },
{ "type": "Feature", "properties": { "stop_id": "osm-way-219197876", "name": "Área de servicio La Vega" }, "geometry": { "type": "Polygon", "coordinates": [ [ [ -4.1353223, 42.9865956 ], [ -4.1352422, 42.9867558 ], [ -4.1348019, 42.9873796 ], [ -4.1346038, 42.9873108 ], [ -4.1336354, 42.9869559 ], [ -4.1332625, 42.9868193 ], [ -4.13306, 42.9867432 ], [ -4.1329876, 42.9866899 ], [ -4.1333562, 42.9864335 ], [ -4.1337383, 42.9862818 ], [ -4.1341369, 42.9861836 ], [ -4.1350873, 42.9859258 ], [ -4.1351968, 42.9859336 ], [ -4.1352111, 42.9859486 ], [ -4.1352849, 42.9860527 ], [ -4.1352956, 42.9861074 ], [ -4.1352912, 42.9862199 ], [ -4.1352701, 42.9863746 ], [ -4.1352685, 42.9863855 ], [ -4.1352422, 42.9865354 ], [ -4.1352387, 42.9865598 ], [ -4.1353223, 42.9865956 ] ] ] } },
{ "type": "Feature", "properties": { "stop_id": "osm-way-221716629", "name": null }, "geometry": { "type": "Polygon", "coordinates": [ [ [ 1.9804494, 41.270672 ], [ 1.9808463, 41.2703898 ], [ 1.9813291, 41.2707244 ], [ 1.9813452, 41.2708171 ], [ 1.9813452, 41.2709059 ], [ 1.9813184, 41.2710066 ], [ 1.981254, 41.2711034 ], [ 1.9811789, 41.2712526 ], [ 1.981077, 41.2712365 ], [ 1.9810287, 41.2711236 ], [ 1.9809644, 41.2710107 ], [ 1.9808516, 41.2708977 ], [ 1.980739, 41.2708051 ], [ 1.9805459, 41.2707164 ], [ 1.9804494, 41.270672 ] ] ] } },
{ "type": "Feature", "properties": { "stop_id": "osm-way-222014225", "name": null }, "geometry": { "type": "Polygon", "coordinates": [ [ [ -3.9532718, 37.1824677 ], [ -3.9531947, 37.1826395 ], [ -3.9531721, 37.1826745 ], [ -3.9531103, 37.1827064 ], [ -3.9530054, 37.1827506 ], [ -3.9529539, 37.1827856 ], [ -3.9529148, 37.1828432 ], [ -3.9526268, 37.1827095 ], [ -3.9523603, 37.1826333 ], [ -3.9518603, 37.1824471 ], [ -3.9520661, 37.18198 ], [ -3.9524395, 37.1820973 ], [ -3.9524128, 37.1821786 ], [ -3.9526695, 37.182265 ], [ -3.9529325, 37.1823535 ], [ -3.9530031, 37.1823773 ], [ -3.9531296, 37.1824198 ], [ -3.9532718, 37.1824677 ] ] ] } },
{ "type": "Feature", "properties": { "stop_id": "osm-way-223262528", "name": "Zona recreativa Los Asientos" }, "geometry": { "type": "Polygon", "coordinates": [ [ [ -4.028506, 40.8620891 ], [ -4.0286669, 40.8617564 ], [ -4.0286669, 40.8615698 ], [ -4.0285811, 40.8614238 ], [ -4.0284953, 40.8613102 ], [ -4.0283653, 40.8611929 ], [ -4.0282289, 40.8611048 ], [ -4.0280437, 40.8609909 ], [ -4.0277874, 40.8609423 ], [ -4.0275281, 40.8609459 ], [ -4.0273111, 40.8609482 ], [ -4.0270679, 40.8609294 ], [ -4.0268358, 40.8609937 ], [ -4.0267556, 40.861124 ], [ -4.0266874, 40.8612676 ], [ -4.0266606, 40.8614562 ], [ -4.0266606, 40.8616185 ], [ -4.0268484, 40.8617706 ], [ -4.0270361, 40.8618863 ], [ -4.0272024, 40.8620059 ], [ -4.027358, 40.8621053 ], [ -4.0274653, 40.8622027 ], [ -4.0276745, 40.8623143 ], [ -4.027814, 40.8623224 ], [ -4.0280554, 40.8623001 ], [ -4.0281627, 40.8622271 ], [ -4.0283504, 40.8621358 ], [ -4.028506, 40.8620891 ] ] ] } },
{ "type": "Feature", "properties": { "stop_id": "osm-way-223262538", "name": "Área Recreativa La Boca del Asno" }, "geometry": { "type": "Polygon", "coordinates": [ [ [ -4.0279159, 40.8456865 ], [ -4.0280881, 40.8455921 ], [ -4.0282227, 40.8455099 ], [ -4.0284031, 40.8454318 ], [ -4.0284055, 40.8453306 ], [ -4.0282769, 40.8451793 ], [ -4.0281079, 40.8449985 ], [ -4.0278691, 40.8448155 ], [ -4.0275887, 40.8448586 ], [ -4.0273342, 40.8448492 ], [ -4.02712, 40.8448875 ], [ -4.0268303, 40.8444252 ], [ -4.0262274, 40.8441585 ], [ -4.0260272, 40.8440956 ], [ -4.025964, 40.8440662 ], [ -4.0258179, 40.844038 ], [ -4.0257037, 40.8440158 ], [ -4.0256625, 40.8442172 ], [ -4.0255921, 40.8443425 ], [ -4.025529, 40.8446123 ], [ -4.0254411, 40.8448481 ], [ -4.0253362, 40.8453952 ], [ -4.0254269, 40.8454083 ], [ -4.0254496, 40.8456659 ], [ -4.025559, 40.8456972 ], [ -4.0256684, 40.8457178 ], [ -4.0257553, 40.8457225 ], [ -4.0258102, 40.8457255 ], [ -4.0259452, 40.8456902 ], [ -4.0259898, 40.8456215 ], [ -4.0260086, 40.8455147 ], [ -4.0260627, 40.845455 ], [ -4.0262927, 40.8454199 ], [ -4.0264, 40.8454221 ], [ -4.0264728, 40.845441 ], [ -4.0266302, 40.8455254 ], [ -4.026821, 40.8455992 ], [ -4.0269271, 40.8455739 ], [ -4.0271675, 40.8454795 ], [ -4.0274399, 40.8456146 ], [ -4.0274973, 40.845634 ], [ -4.0276985, 40.8456983 ], [ -4.0279159, 40.8456865 ] ] ] } },
{ "type": "Feature", "properties": { "stop_id": "osm-way-223290480", "name": "Àrea de Servei de Vila-sana" }, "geometry": { "type": "Polygon", "coordinates": [ [ [ 0.8957471, 41.6425831 ], [ 0.8949696, 41.6424794 ], [ 0.8941102, 41.6424099 ], [ 0.8935938, 41.6423787 ], [ 0.8935882, 41.6425476 ], [ 0.8935711, 41.6430695 ], [ 0.8938499, 41.6430988 ], [ 0.8938432, 41.6434993 ], [ 0.8938403, 41.6441951 ], [ 0.8954739, 41.6444783 ], [ 0.8954834, 41.6443999 ], [ 0.8956334, 41.6431661 ], [ 0.8957471, 41.6425831 ] ] ] } },
{ "type": "Feature", "properties": { "stop_id": "osm-way-224629226", "name": "La Atalaya" }, "geometry": { "type": "Polygon", "coordinates": [ [ [ -3.8716262, 40.3750824 ], [ -3.8714349, 40.3751619 ], [ -3.8713642, 40.375945 ], [ -3.8726905, 40.3775574 ], [ -3.8737904, 40.3779822 ], [ -3.8739032, 40.3779082 ], [ -3.8716262, 40.3750824 ] ] ] } },
{ "type": "Feature", "properties": { "stop_id": "osm-way-228246457", "name": "La Brújula" }, "geometry": { "type": "Polygon", "coordinates": [ [ [ -3.4958648, 42.4396109 ], [ -3.495759, 42.4395398 ], [ -3.4946747, 42.4403008 ], [ -3.4932773, 42.441276 ], [ -3.492062, 42.4421505 ], [ -3.492098, 42.4421704 ], [ -3.4921556, 42.4422022 ], [ -3.4922441, 42.4422512 ], [ -3.4922894, 42.4423959 ], [ -3.4923799, 42.4426853 ], [ -3.4928332, 42.4428246 ], [ -3.4929667, 42.4428008 ], [ -3.4935328, 42.4424102 ], [ -3.494307, 42.4421288 ], [ -3.4944169, 42.4421372 ], [ -3.4948514, 42.4419036 ], [ -3.4950056, 42.4418755 ], [ -3.4952078, 42.4417489 ], [ -3.4951787, 42.4416054 ], [ -3.4951159, 42.4414787 ], [ -3.4949474, 42.4412459 ], [ -3.4950745, 42.4411882 ], [ -3.4955189, 42.4409947 ], [ -3.4958742, 42.4407757 ], [ -3.4964029, 42.4402729 ], [ -3.4958648, 42.4396109 ] ] ] } },
{ "type": "Feature", "properties": { "stop_id": "osm-way-228246465", "name": null }, "geometry": { "type": "Polygon", "coordinates": [ [ [ -3.4580096, 42.460634 ], [ -3.4578654, 42.4606194 ], [ -3.4576174, 42.4605908 ], [ -3.4575002, 42.4605904 ], [ -3.4574538, 42.4605986 ], [ -3.4574407, 42.4606009 ], [ -3.4573842, 42.4606295 ], [ -3.4573072, 42.460712 ], [ -3.4571183, 42.4608366 ], [ -3.4572609, 42.4609413 ], [ -3.4573828, 42.4609441 ], [ -3.457574, 42.4608832 ], [ -3.4578084, 42.4607822 ], [ -3.4580254, 42.4606869 ], [ -3.4580096, 42.460634 ] ] ] } },
{ "type": "Feature", "properties": { "stop_id": "osm-way-228246480", "name": null }, "geometry": { "type": "Polygon", "coordinates": [ [ [ -3.439237, 42.4654762 ], [ -3.4377669, 42.4658499 ], [ -3.4377366, 42.4658318 ], [ -3.4376751, 42.4657949 ], [ -3.4378787, 42.465663 ], [ -3.4382983, 42.4654982 ], [ -3.4385938, 42.4654066 ], [ -3.4388298, 42.4653644 ], [ -3.439088, 42.465337 ], [ -3.4391764, 42.4654014 ], [ -3.4392308, 42.465441 ], [ -3.439237, 42.4654762 ] ] ] } },
{ "type": "Feature", "properties": { "stop_id": "osm-way-228254926", "name": "Área de Servicio Briviesca" }, "geometry": { "type": "Polygon", "coordinates": [ [ [ -3.3309819, 42.5293607 ], [ -3.3317291, 42.5295624 ], [ -3.3320411, 42.5296435 ], [ -3.3321712, 42.5296352 ], [ -3.3322453, 42.5295823 ], [ -3.3324697, 42.5293623 ], [ -3.3328086, 42.5289588 ], [ -3.3331227, 42.5284544 ], [ -3.3335457, 42.5277654 ], [ -3.3332662, 42.5276873 ], [ -3.3327828, 42.5280529 ], [ -3.3321397, 42.5285193 ], [ -3.3312104, 42.5290592 ], [ -3.3307798, 42.5292853 ], [ -3.3309819, 42.5293607 ] ] ] } },
{ "type": "Feature", "properties": { "stop_id": "osm-way-228254927", "name": "Área de Servicio Briviesca" }, "geometry": { "type": "Polygon", "coordinates": [ [ [ -3.3349559, 42.5255775 ], [ -3.3345094, 42.5259049 ], [ -3.3338945, 42.5264044 ], [ -3.3329115, 42.5273454 ], [ -3.3324941, 42.5275455 ], [ -3.3321411, 42.5277819 ], [ -3.331884, 42.5278099 ], [ -3.331462, 42.5277842 ], [ -3.3315191, 42.5272697 ], [ -3.3316429, 42.5270966 ], [ -3.3316746, 42.5267013 ], [ -3.33223, 42.5261985 ], [ -3.3328933, 42.5256558 ], [ -3.333236, 42.5253962 ], [ -3.3334074, 42.525319 ], [ -3.3335851, 42.5252886 ], [ -3.3346356, 42.525181 ], [ -3.3349371, 42.5250828 ], [ -3.3353497, 42.5249004 ], [ -3.3355306, 42.5249682 ], [ -3.3348927, 42.5254617 ], [ -3.3349559, 42.5255775 ] ] ] } },
{ "type": "Feature", "properties": { "stop_id": "osm-way-230838029", "name": null }, "geometry": { "type": "Polygon", "coordinates": [ [ [ 1.8767076, 42.2794402 ], [ 1.8767232, 42.2793331 ], [ 1.8767431, 42.2792891 ], [ 1.8767644, 42.2792576 ], [ 1.8767956, 42.279203 ], [ 1.8767913, 42.2791747 ], [ 1.8767247, 42.2791506 ], [ 1.8766098, 42.2791422 ], [ 1.8764892, 42.2791422 ], [ 1.8762027, 42.2791978 ], [ 1.8761999, 42.2792054 ], [ 1.8763422, 42.2791991 ], [ 1.8763812, 42.2792102 ], [ 1.8764806, 42.2792515 ], [ 1.8765371, 42.2793023 ], [ 1.876613, 42.2793813 ], [ 1.8766623, 42.2794301 ], [ 1.8767076, 42.2794402 ] ] ] } },
{ "type": "Feature", "properties": { "stop_id": "osm-way-231006153", "name": null }, "geometry": { "type": "Polygon", "coordinates": [ [ [ -3.7631178, 37.7737954 ], [ -3.7629649, 37.7738738 ], [ -3.7629166, 37.7738041 ], [ -3.7628, 37.7738649 ], [ -3.7627772, 37.7738357 ], [ -3.7628898, 37.7737699 ], [ -3.7629032, 37.773789 ], [ -3.7630454, 37.7737063 ], [ -3.7631178, 37.7737954 ] ] ] } },
{ "type": "Feature", "properties": { "stop_id": "osm-way-231191906", "name": "Àrea de servei" }, "geometry": { "type": "Polygon", "coordinates": [ [ [ 0.8223255, 41.6330432 ], [ 0.8222821, 41.6331849 ], [ 0.822488, 41.6338894 ], [ 0.8225428, 41.6340659 ], [ 0.822878, 41.6351446 ], [ 0.8236906, 41.6349867 ], [ 0.8238017, 41.6349178 ], [ 0.8238775, 41.6348449 ], [ 0.8239371, 41.6347053 ], [ 0.8239425, 41.6343611 ], [ 0.8239371, 41.6342457 ], [ 0.8239588, 41.634185 ], [ 0.8239994, 41.6341141 ], [ 0.8240455, 41.6340413 ], [ 0.8240455, 41.6338752 ], [ 0.8239465, 41.6336204 ], [ 0.8237177, 41.6330311 ], [ 0.8238179, 41.6330047 ], [ 0.8237529, 41.6327942 ], [ 0.8237231, 41.6327517 ], [ 0.823669, 41.6327355 ], [ 0.8235958, 41.6327416 ], [ 0.8234035, 41.6327901 ], [ 0.823155, 41.6328473 ], [ 0.8230366, 41.6328862 ], [ 0.8226316, 41.6330181 ], [ 0.8225855, 41.6330351 ], [ 0.8224311, 41.6330938 ], [ 0.8223255, 41.6330432 ] ] ] } },
{ "type": "Feature", "properties": { "stop_id": "osm-way-231387022", "name": "Área de descanso" }, "geometry": { "type": "Polygon", "coordinates": [ [ [ -3.2462161, 42.5830259 ], [ -3.2455403, 42.5834157 ], [ -3.2448084, 42.5838331 ], [ -3.2444316, 42.5840532 ], [ -3.2439582, 42.5843146 ], [ -3.2437994, 42.5843994 ], [ -3.2437468, 42.5843563 ], [ -3.2436904, 42.58431 ], [ -3.2440205, 42.5839844 ], [ -3.2445344, 42.5835946 ], [ -3.2447493, 42.5834547 ], [ -3.2451074, 42.58323 ], [ -3.2453597, 42.5831039 ], [ -3.2458112, 42.5829457 ], [ -3.2460884, 42.5828402 ], [ -3.2461582, 42.5829417 ], [ -3.2462161, 42.5830259 ] ] ] } },
{ "type": "Feature", "properties": { "stop_id": "osm-way-234343837", "name": "Fuente de los Roques" }, "geometry": { "type": "Polygon", "coordinates": [ [ [ -17.8324772, 28.5189913 ], [ -17.8326481, 28.5191761 ], [ -17.8326514, 28.5192177 ], [ -17.8326807, 28.5192424 ], [ -17.8327182, 28.5195046 ], [ -17.8328723, 28.5194957 ], [ -17.8329067, 28.5194973 ], [ -17.8329543, 28.5194819 ], [ -17.8329848, 28.5194436 ], [ -17.8329961, 28.5193925 ], [ -17.8330671, 28.5194437 ], [ -17.8331749, 28.5193479 ], [ -17.8332334, 28.519281 ], [ -17.8333325, 28.5191583 ], [ -17.8333832, 28.5190881 ], [ -17.8334203, 28.5190228 ], [ -17.8334946, 28.5189041 ], [ -17.8335431, 28.5188974 ], [ -17.8335524, 28.5188572 ], [ -17.8335292, 28.5188129 ], [ -17.8334537, 28.5187633 ], [ -17.8333222, 28.5186769 ], [ -17.8331712, 28.5187554 ], [ -17.8331114, 28.5187436 ], [ -17.8329407, 28.5188375 ], [ -17.8328077, 28.5188 ], [ -17.8324772, 28.5189913 ] ] ] } },
{ "type": "Feature", "properties": { "stop_id": "osm-way-234520792", "name": null }, "geometry": { "type": "Polygon", "coordinates": [ [ [ -5.8947928, 37.4280513 ], [ -5.8942079, 37.4283615 ], [ -5.8928609, 37.4290589 ], [ -5.8933441, 37.4291304 ], [ -5.8937674, 37.4292218 ], [ -5.8938606, 37.4292271 ], [ -5.8939798, 37.4292185 ], [ -5.894118, 37.4291879 ], [ -5.8944854, 37.4290002 ], [ -5.8949654, 37.4287631 ], [ -5.895025, 37.4287394 ], [ -5.8950843, 37.42871 ], [ -5.8953252, 37.4285859 ], [ -5.8959588, 37.428268 ], [ -5.896111, 37.4281863 ], [ -5.8960558, 37.4280592 ], [ -5.8961521, 37.4280272 ], [ -5.8967219, 37.4277674 ], [ -5.8966236, 37.4275798 ], [ -5.8964525, 37.4276578 ], [ -5.8962089, 37.4272096 ], [ -5.8957153, 37.4274398 ], [ -5.8957058, 37.4274765 ], [ -5.8949652, 37.4278089 ], [ -5.8948759, 37.427849 ], [ -5.8948966, 37.4279626 ], [ -5.8949526, 37.4281529 ], [ -5.8948513, 37.4281751 ], [ -5.8947928, 37.4280513 ] ] ] } },
{ "type": "Feature", "properties": { "stop_id": "osm-way-234570139", "name": "la Porta Catalana" }, "geometry": { "type": "Polygon", "coordinates": [ [ [ 2.8727308, 42.407948 ], [ 2.8728639, 42.4071768 ], [ 2.8729594, 42.406709 ], [ 2.8731532, 42.4060703 ], [ 2.873483, 42.4053334 ], [ 2.874079, 42.4042524 ], [ 2.8743259, 42.403835 ], [ 2.8746008, 42.4038647 ], [ 2.8746077, 42.4039471 ], [ 2.8746366, 42.4040639 ], [ 2.8747007, 42.4042323 ], [ 2.8747856, 42.4043951 ], [ 2.8749766, 42.4047303 ], [ 2.8750683, 42.4049144 ], [ 2.8751539, 42.4051021 ], [ 2.8751907, 42.4052257 ], [ 2.8752251, 42.4053729 ], [ 2.875242, 42.4055598 ], [ 2.8752246, 42.4059315 ], [ 2.8751812, 42.40616 ], [ 2.8749035, 42.4066898 ], [ 2.8746865, 42.4069547 ], [ 2.8744348, 42.4071875 ], [ 2.8738794, 42.4075378 ], [ 2.8735669, 42.4074524 ], [ 2.8733731, 42.4075699 ], [ 2.8731127, 42.4077258 ], [ 2.8729449, 42.4078369 ], [ 2.8728263, 42.4079544 ], [ 2.8727308, 42.407948 ] ] ] } },
{ "type": "Feature", "properties": { "stop_id": "osm-way-234570143", "name": "la Porta Catalana" }, "geometry": { "type": "Polygon", "coordinates": [ [ [ 2.8724311, 42.4071957 ], [ 2.8722511, 42.4071957 ], [ 2.8722041, 42.4071171 ], [ 2.8721632, 42.4070824 ], [ 2.8719647, 42.4070476 ], [ 2.8718297, 42.4070325 ], [ 2.8717131, 42.4070325 ], [ 2.8715638, 42.4070461 ], [ 2.8713776, 42.4071065 ], [ 2.8712483, 42.4072133 ], [ 2.8711439, 42.4073508 ], [ 2.8711133, 42.4075169 ], [ 2.8711603, 42.4077163 ], [ 2.8710846, 42.4077571 ], [ 2.8708698, 42.4075335 ], [ 2.8706673, 42.4072345 ], [ 2.8705221, 42.4069052 ], [ 2.8704656, 42.4066172 ], [ 2.8704917, 42.4062925 ], [ 2.8705553, 42.4059892 ], [ 2.8707202, 42.4056837 ], [ 2.8709112, 42.4054423 ], [ 2.8710619, 42.4052953 ], [ 2.8712323, 42.4051646 ], [ 2.8714395, 42.4050173 ], [ 2.8717154, 42.4048591 ], [ 2.8722622, 42.4046925 ], [ 2.8729102, 42.404481 ], [ 2.8731966, 42.4043635 ], [ 2.8734657, 42.4042503 ], [ 2.8736421, 42.4041542 ], [ 2.8739083, 42.4039534 ], [ 2.8733905, 42.404763 ], [ 2.8729449, 42.4056538 ], [ 2.8727569, 42.406113 ], [ 2.8725602, 42.4067475 ], [ 2.8724311, 42.4071957 ] ] ] } },
{ "type": "Feature", "properties": { "stop_id": "osm-way-235486084", "name": "Area de servicios Ponteareas" }, "geometry": { "type": "Polygon", "coordinates": [ [ [ -8.4765999, 42.1464966 ], [ -8.47685, 42.1460131 ], [ -8.4770689, 42.1456554 ], [ -8.4771046, 42.1454633 ], [ -8.4765642, 42.1447182 ], [ -8.4762806, 42.1446139 ], [ -8.4752198, 42.1445245 ], [ -8.4749384, 42.1444549 ], [ -8.4749026, 42.1446238 ], [ -8.4754118, 42.1451007 ], [ -8.4759009, 42.1456952 ], [ -8.4763252, 42.1463078 ], [ -8.4764257, 42.1464817 ], [ -8.4765999, 42.1464966 ] ] ] } },
{ "type": "Feature", "properties": { "stop_id": "osm-way-240395501", "name": "Repsol" }, "geometry": { "type": "Polygon", "coordinates": [ [ [ -7.2650506, 42.4739769 ], [ -7.2650539, 42.4739688 ], [ -7.2643133, 42.4737285 ], [ -7.2643039, 42.4737772 ], [ -7.2643487, 42.4738729 ], [ -7.264395, 42.4739766 ], [ -7.2645554, 42.4739845 ], [ -7.2646974, 42.4739916 ], [ -7.2646985, 42.4741743 ], [ -7.2648877, 42.4741754 ], [ -7.2648829, 42.4739871 ], [ -7.2650506, 42.4739769 ] ] ] } },
{ "type": "Feature", "properties": { "stop_id": "osm-way-243231236", "name": "Abades Sierra Espuña - Sur" }, "geometry": { "type": "Polygon", "coordinates": [ [ [ -1.4276755, 37.7961358 ], [ -1.4275828, 37.7960853 ], [ -1.4274073, 37.7959896 ], [ -1.4276379, 37.795678 ], [ -1.4294136, 37.7937662 ], [ -1.4297275, 37.7939461 ], [ -1.429843, 37.7940123 ], [ -1.4300146, 37.7942497 ], [ -1.4299232, 37.7944529 ], [ -1.4298052, 37.7945971 ], [ -1.4297301, 37.794809 ], [ -1.4294243, 37.7951397 ], [ -1.4285874, 37.7959875 ], [ -1.4283943, 37.7960214 ], [ -1.4280242, 37.7960553 ], [ -1.4276755, 37.7961358 ] ] ] } },
{ "type": "Feature", "properties": { "stop_id": "osm-way-245824584", "name": "E.S. Carrefour El Alisal" }, "geometry": { "type": "Polygon", "coordinates": [ [ [ -3.8621706, 43.4563525 ], [ -3.8618057, 43.4564933 ], [ -3.861666, 43.4563012 ], [ -3.8617197, 43.4562805 ], [ -3.8617575, 43.4562004 ], [ -3.8619938, 43.4561096 ], [ -3.8621706, 43.4563525 ] ] ] } },
{ "type": "Feature", "properties": { "stop_id": "osm-way-248004628", "name": null }, "geometry": { "type": "Polygon", "coordinates": [ [ [ -1.3661885, 37.5933748 ], [ -1.3669905, 37.5929476 ], [ -1.3668215, 37.5927457 ], [ -1.3664433, 37.5929242 ], [ -1.3663762, 37.5930496 ], [ -1.3663292, 37.5931084 ], [ -1.3660668, 37.5932408 ], [ -1.3661885, 37.5933748 ] ] ] } },
{ "type": "Feature", "properties": { "stop_id": "osm-way-248004637", "name": null }, "geometry": { "type": "Polygon", "coordinates": [ [ [ -1.3661992, 37.5936171 ], [ -1.3664587, 37.5935939 ], [ -1.3669234, 37.5933111 ], [ -1.3672265, 37.5931602 ], [ -1.3670495, 37.5929455 ], [ -1.3660758, 37.5934598 ], [ -1.3658559, 37.5932048 ], [ -1.3657862, 37.5932197 ], [ -1.3660624, 37.5935342 ], [ -1.3661429, 37.5935916 ], [ -1.3661992, 37.5936171 ] ] ] } },
{ "type": "Feature", "properties": { "stop_id": "osm-way-258467367", "name": "Área de Servicio La Pausa" }, "geometry": { "type": "Polygon", "coordinates": [ [ [ -6.626869, 42.5843767 ], [ -6.6268333, 42.5844469 ], [ -6.6267459, 42.584577 ], [ -6.6265573, 42.5847685 ], [ -6.6264421, 42.5848373 ], [ -6.6262753, 42.5848943 ], [ -6.6261899, 42.5848782 ], [ -6.6257292, 42.5847408 ], [ -6.6249231, 42.5845376 ], [ -6.6241824, 42.5843694 ], [ -6.6241923, 42.5840244 ], [ -6.6242023, 42.5838519 ], [ -6.6242023, 42.583675 ], [ -6.6241248, 42.5836018 ], [ -6.624244, 42.5834893 ], [ -6.6245875, 42.583732 ], [ -6.6257829, 42.5840522 ], [ -6.6261184, 42.5841106 ], [ -6.6262773, 42.5841165 ], [ -6.6267737, 42.5842715 ], [ -6.626869, 42.5843767 ] ] ] } },
{ "type": "Feature", "properties": { "stop_id": "osm-way-258467368", "name": "Área de Servicio La Pausa" }, "geometry": { "type": "Polygon", "coordinates": [ [ [ -6.6297964, 42.5842593 ], [ -6.6299227, 42.5842159 ], [ -6.6301755, 42.5841538 ], [ -6.6303805, 42.584036 ], [ -6.6304451, 42.5839367 ], [ -6.6302653, 42.5833454 ], [ -6.6301699, 42.5832172 ], [ -6.6300154, 42.5831407 ], [ -6.6297851, 42.5831366 ], [ -6.6294032, 42.5832089 ], [ -6.6291673, 42.5833144 ], [ -6.6290185, 42.5834322 ], [ -6.6288247, 42.5836183 ], [ -6.6285299, 42.5837899 ], [ -6.6282322, 42.5839533 ], [ -6.6280609, 42.5840298 ], [ -6.62828, 42.5842097 ], [ -6.6283979, 42.5841663 ], [ -6.6285355, 42.5841104 ], [ -6.6286759, 42.5840463 ], [ -6.6287967, 42.5840711 ], [ -6.6288809, 42.5841146 ], [ -6.6289736, 42.5842448 ], [ -6.6290775, 42.5842924 ], [ -6.6291336, 42.5843151 ], [ -6.6293386, 42.5843441 ], [ -6.6297964, 42.5842593 ] ] ] } },
{ "type": "Feature", "properties": { "stop_id": "osm-way-258614062", "name": null }, "geometry": { "type": "Polygon", "coordinates": [ [ [ 1.7184857, 41.8939987 ], [ 1.7186371, 41.8939133 ], [ 1.718864, 41.8940968 ], [ 1.7190276, 41.8944292 ], [ 1.7190837, 41.8947544 ], [ 1.7190837, 41.8950833 ], [ 1.7190105, 41.8954103 ], [ 1.7188982, 41.8956355 ], [ 1.7186932, 41.895621 ], [ 1.7187542, 41.8954139 ], [ 1.7187884, 41.8951505 ], [ 1.7187957, 41.8949034 ], [ 1.718764, 41.8946236 ], [ 1.7186615, 41.8943257 ], [ 1.7185809, 41.8941295 ], [ 1.7184857, 41.8939987 ] ] ] } },
{ "type": "Feature", "properties": { "stop_id": "osm-way-260509667", "name": null }, "geometry": { "type": "Polygon", "coordinates": [ [ [ -8.427325, 43.3287839 ], [ -8.4265176, 43.3285322 ], [ -8.4266705, 43.3282922 ], [ -8.4267496, 43.3283142 ], [ -8.4272659, 43.3284581 ], [ -8.4273437, 43.3285634 ], [ -8.4273412, 43.3285947 ], [ -8.427325, 43.3287839 ] ] ] } },
{ "type": "Feature", "properties": { "stop_id": "osm-way-260593197", "name": null }, "geometry": { "type": "Polygon", "coordinates": [ [ [ -0.8906143, 37.6545733 ], [ -0.8913053, 37.6541378 ], [ -0.8901018, 37.6535644 ], [ -0.8893955, 37.6539934 ], [ -0.8898431, 37.6542636 ], [ -0.8906143, 37.6545733 ] ] ] } },
{ "type": "Feature", "properties": { "stop_id": "osm-way-260594202", "name": null }, "geometry": { "type": "Polygon", "coordinates": [ [ [ -1.0703275, 37.7679691 ], [ -1.0700691, 37.7680331 ], [ -1.0694485, 37.7678675 ], [ -1.069032, 37.7669747 ], [ -1.0691861, 37.7667813 ], [ -1.0695235, 37.766676 ], [ -1.0703275, 37.7679691 ] ] ] } },
{ "type": "Feature", "properties": { "stop_id": "osm-way-260595279", "name": null }, "geometry": { "type": "Polygon", "coordinates": [ [ [ -1.1061753, 37.8432324 ], [ -1.1065562, 37.8434252 ], [ -1.107267, 37.8431477 ], [ -1.1066715, 37.842525 ], [ -1.1064268, 37.8426241 ], [ -1.1061029, 37.8422581 ], [ -1.1057562, 37.8425288 ], [ -1.1056757, 37.8427703 ], [ -1.1056845, 37.8428702 ], [ -1.1060117, 37.8430587 ], [ -1.1061753, 37.8432324 ] ] ] } },
{ "type": "Feature", "properties": { "stop_id": "osm-way-260595452", "name": null }, "geometry": { "type": "Polygon", "coordinates": [ [ [ -1.1371081, 37.8858979 ], [ -1.1369783, 37.8859251 ], [ -1.13687, 37.88592 ], [ -1.1364258, 37.8858424 ], [ -1.13575, 37.88569 ], [ -1.1356974, 37.885666 ], [ -1.1351509, 37.8853947 ], [ -1.1362724, 37.8845096 ], [ -1.1365295, 37.8849272 ], [ -1.1370625, 37.8854992 ], [ -1.1372449, 37.8855926 ], [ -1.1371843, 37.8857125 ], [ -1.1373116, 37.8858399 ], [ -1.1372635, 37.8858576 ], [ -1.1371081, 37.8858979 ] ] ] } },
{ "type": "Feature", "properties": { "stop_id": "osm-way-260596577", "name": null }, "geometry": { "type": "Polygon", "coordinates": [ [ [ -1.1300308, 37.8701679 ], [ -1.1301649, 37.8699879 ], [ -1.1302937, 37.8699604 ], [ -1.1304197, 37.8698397 ], [ -1.130417, 37.8696004 ], [ -1.1301837, 37.8693929 ], [ -1.1300067, 37.869304 ], [ -1.1299613, 37.8693413 ], [ -1.1298296, 37.869321 ], [ -1.1295805, 37.8693519 ], [ -1.1295158, 37.8694056 ], [ -1.1289418, 37.8692723 ], [ -1.1286444, 37.8694429 ], [ -1.1287911, 37.8698715 ], [ -1.1289123, 37.8698913 ], [ -1.1291827, 37.8699356 ], [ -1.1293109, 37.8699566 ], [ -1.1294631, 37.8698899 ], [ -1.1295277, 37.8698967 ], [ -1.1296422, 37.8699087 ], [ -1.1298243, 37.8700197 ], [ -1.1298594, 37.8701035 ], [ -1.1300308, 37.8701679 ] ] ] } },
{ "type": "Feature", "properties": { "stop_id": "osm-way-260597198", "name": null }, "geometry": { "type": "Polygon", "coordinates": [ [ [ -0.7944999, 37.6288329 ], [ -0.7936087, 37.6284982 ], [ -0.7937503, 37.6282024 ], [ -0.7946773, 37.6285512 ], [ -0.7944999, 37.6288329 ] ] ] } },
{ "type": "Feature", "properties": { "stop_id": "osm-way-260597202", "name": null }, "geometry": { "type": "Polygon", "coordinates": [ [ [ -0.7951946, 37.6281617 ], [ -0.7951248, 37.6282721 ], [ -0.7944476, 37.6280136 ], [ -0.7944986, 37.627942 ], [ -0.7946796, 37.6276879 ], [ -0.7950273, 37.627839 ], [ -0.7951946, 37.6281617 ] ] ] } },
{ "type": "Feature", "properties": { "stop_id": "osm-way-260599942", "name": null }, "geometry": { "type": "Polygon", "coordinates": [ [ [ -0.7197861, 37.6279774 ], [ -0.719996, 37.6279662 ], [ -0.7205236, 37.6277328 ], [ -0.7202459, 37.6270365 ], [ -0.7196273, 37.627119 ], [ -0.7197861, 37.6279774 ] ] ] } },
{ "type": "Feature", "properties": { "stop_id": "osm-way-260680924", "name": null }, "geometry": { "type": "Polygon", "coordinates": [ [ [ -0.9883051, 37.6397248 ], [ -0.9880476, 37.6396022 ], [ -0.9880128, 37.6394612 ], [ -0.9883159, 37.6390749 ], [ -0.9883829, 37.6390345 ], [ -0.988458, 37.6390154 ], [ -0.9885278, 37.6390154 ], [ -0.988748, 37.6391464 ], [ -0.9883051, 37.6397248 ] ] ] } },
{ "type": "Feature", "properties": { "stop_id": "osm-way-261954884", "name": "Mowiz Truck Astigarraga" }, "geometry": { "type": "Polygon", "coordinates": [ [ [ -1.924859, 43.2824236 ], [ -1.9240688, 43.2821852 ], [ -1.9233463, 43.2822711 ], [ -1.9222826, 43.2828688 ], [ -1.9215732, 43.2832794 ], [ -1.9215938, 43.2834491 ], [ -1.9235122, 43.2840145 ], [ -1.9238319, 43.2841087 ], [ -1.9242108, 43.2842328 ], [ -1.9246661, 43.2844207 ], [ -1.9248623, 43.2844977 ], [ -1.9248917, 43.2845075 ], [ -1.9249729, 43.2845143 ], [ -1.9254086, 43.2843758 ], [ -1.9255324, 43.284231 ], [ -1.9255527, 43.284171 ], [ -1.9255394, 43.2841077 ], [ -1.9254897, 43.2840407 ], [ -1.9253263, 43.2839713 ], [ -1.9252833, 43.2839539 ], [ -1.9252817, 43.283894 ], [ -1.925428, 43.283705 ], [ -1.9253731, 43.2836817 ], [ -1.9253979, 43.2836547 ], [ -1.9254222, 43.2836282 ], [ -1.9254324, 43.283624 ], [ -1.9255098, 43.283592 ], [ -1.9255281, 43.283591 ], [ -1.9256147, 43.283586 ], [ -1.9256896, 43.2836222 ], [ -1.9257313, 43.2836721 ], [ -1.9257451, 43.2837618 ], [ -1.9258173, 43.283765 ], [ -1.9259128, 43.2837689 ], [ -1.9259664, 43.2836236 ], [ -1.9261024, 43.2835423 ], [ -1.9260559, 43.2831868 ], [ -1.9258358, 43.2830213 ], [ -1.9252587, 43.2827515 ], [ -1.9250766, 43.2825959 ], [ -1.924859, 43.2824236 ] ] ] } },
{ "type": "Feature", "properties": { "stop_id": "osm-way-262349426", "name": null }, "geometry": { "type": "Polygon", "coordinates": [ [ [ 0.8790667, 41.880774 ], [ 0.8790413, 41.8807161 ], [ 0.8789728, 41.8806232 ], [ 0.8785249, 41.8805853 ], [ 0.8786147, 41.8799023 ], [ 0.8791942, 41.8798553 ], [ 0.8791798, 41.8799592 ], [ 0.8790667, 41.880774 ] ] ] } },
{ "type": "Feature", "properties": { "stop_id": "osm-way-262948382", "name": null }, "geometry": { "type": "Polygon", "coordinates": [ [ [ -1.0839881, 37.7107738 ], [ -1.0832266, 37.710141 ], [ -1.0835858, 37.7089574 ], [ -1.0845568, 37.7103961 ], [ -1.0839881, 37.7107738 ] ] ] } },
{ "type": "Feature", "properties": { "stop_id": "osm-way-263080466", "name": "Moeve" }, "geometry": { "type": "Polygon", "coordinates": [ [ [ -1.8235749, 38.9703243 ], [ -1.8236768, 38.9702409 ], [ -1.8247499, 38.969438 ], [ -1.8248128, 38.9693909 ], [ -1.824272, 38.9691759 ], [ -1.8242319, 38.96916 ], [ -1.8239345, 38.9690378 ], [ -1.8233753, 38.9688234 ], [ -1.8232443, 38.9687727 ], [ -1.8230903, 38.9687252 ], [ -1.8229548, 38.9687108 ], [ -1.8229505, 38.9688399 ], [ -1.8228625, 38.9695987 ], [ -1.8228483, 38.969721 ], [ -1.8228453, 38.9697469 ], [ -1.8228983, 38.969921 ], [ -1.8229801, 38.9700809 ], [ -1.8234046, 38.9704421 ], [ -1.8235749, 38.9703243 ] ] ] } },
{ "type": "Feature", "properties": { "stop_id": "osm-way-263678476", "name": null }, "geometry": { "type": "Polygon", "coordinates": [ [ [ -1.022641, 37.7202856 ], [ -1.0226216, 37.7205287 ], [ -1.0225929, 37.720889 ], [ -1.0211117, 37.7208151 ], [ -1.0211598, 37.7202117 ], [ -1.022641, 37.7202856 ] ] ] } },
{ "type": "Feature", "properties": { "stop_id": "osm-way-264754916", "name": "Plaça de Jacint Verdaguer" }, "geometry": { "type": "Polygon", "coordinates": [ [ [ 2.0752062, 41.3857054 ], [ 2.075223, 41.3856966 ], [ 2.0755231, 41.385539 ], [ 2.0758052, 41.3856633 ], [ 2.0756211, 41.3858611 ], [ 2.0755007, 41.3858172 ], [ 2.0752062, 41.3857054 ] ] ] } },
{ "type": "Feature", "properties": { "stop_id": "osm-way-265134178", "name": null }, "geometry": { "type": "Polygon", "coordinates": [ [ [ -0.9822765, 37.6543263 ], [ -0.9823431, 37.6538355 ], [ -0.9822894, 37.6537846 ], [ -0.9818458, 37.6539267 ], [ -0.9817841, 37.6542325 ], [ -0.981989, 37.6542539 ], [ -0.9822304, 37.6543791 ], [ -0.9822765, 37.6543263 ] ] ] } },
{ "type": "Feature", "properties": { "stop_id": "osm-way-265738471", "name": null }, "geometry": { "type": "Polygon", "coordinates": [ [ [ 1.9155413, 41.5859689 ], [ 1.9155545, 41.5859831 ], [ 1.9158061, 41.585895 ], [ 1.9158671, 41.5859876 ], [ 1.9156389, 41.5861102 ], [ 1.9153142, 41.5862641 ], [ 1.9149815, 41.5864035 ], [ 1.9146585, 41.5865153 ], [ 1.9144672, 41.5865851 ], [ 1.9143145, 41.5866271 ], [ 1.9142599, 41.586555 ], [ 1.9143981, 41.5864925 ], [ 1.91462, 41.5864093 ], [ 1.9146076, 41.5863932 ], [ 1.9155413, 41.5859689 ] ] ] } },
{ "type": "Feature", "properties": { "stop_id": "osm-way-270427746", "name": null }, "geometry": { "type": "Polygon", "coordinates": [ [ [ -4.5815961, 43.3918146 ], [ -4.5818065, 43.3919321 ], [ -4.5818065, 43.3919449 ], [ -4.5817284, 43.3919996 ], [ -4.5816867, 43.3920238 ], [ -4.5815214, 43.3919356 ], [ -4.5814603, 43.3919776 ], [ -4.5813918, 43.3920239 ], [ -4.5813228, 43.3920691 ], [ -4.5812261, 43.3921077 ], [ -4.5811278, 43.3921312 ], [ -4.5807971, 43.3921945 ], [ -4.5806938, 43.3922234 ], [ -4.5806018, 43.392243 ], [ -4.580517, 43.3921628 ], [ -4.5803893, 43.3919151 ], [ -4.5805359, 43.3918658 ], [ -4.5805878, 43.3919364 ], [ -4.5809569, 43.3916091 ], [ -4.5812253, 43.3917529 ], [ -4.5813213, 43.3916612 ], [ -4.581549, 43.3917883 ], [ -4.5815961, 43.3918146 ] ] ] } },
{ "type": "Feature", "properties": { "stop_id": "osm-way-272656609", "name": "Área de Servicio de Hernani" }, "geometry": { "type": "Polygon", "coordinates": [ [ [ -1.9822267, 43.280059 ], [ -1.9823698, 43.2800524 ], [ -1.9838545, 43.2797795 ], [ -1.9840969, 43.2795826 ], [ -1.984144, 43.2795764 ], [ -1.98417, 43.2795626 ], [ -1.9840737, 43.2795575 ], [ -1.9836747, 43.279529 ], [ -1.9834767, 43.2795149 ], [ -1.9828438, 43.2794607 ], [ -1.9818484, 43.2793355 ], [ -1.9814783, 43.2792056 ], [ -1.9814443, 43.2793153 ], [ -1.9815356, 43.2793876 ], [ -1.9816936, 43.2797487 ], [ -1.9817801, 43.2798643 ], [ -1.9819236, 43.2799688 ], [ -1.9820823, 43.2800285 ], [ -1.9822267, 43.280059 ] ] ] } },
{ "type": "Feature", "properties": { "stop_id": "osm-way-272656617", "name": "Área de Servicio de Hernani" }, "geometry": { "type": "Polygon", "coordinates": [ [ [ -1.977314, 43.2780608 ], [ -1.9776775, 43.2779146 ], [ -1.9780349, 43.2778638 ], [ -1.9781442, 43.2778482 ], [ -1.9782767, 43.2778329 ], [ -1.9783425, 43.2778253 ], [ -1.9788762, 43.2777747 ], [ -1.9789873, 43.2777665 ], [ -1.9790875, 43.2777648 ], [ -1.9792774, 43.2777523 ], [ -1.9795778, 43.2778109 ], [ -1.9799104, 43.2779007 ], [ -1.9806359, 43.2782883 ], [ -1.9806443, 43.2783066 ], [ -1.9806415, 43.2783473 ], [ -1.9806544, 43.2783926 ], [ -1.9806702, 43.2784131 ], [ -1.9806887, 43.2784296 ], [ -1.9807258, 43.2784553 ], [ -1.9814071, 43.2788029 ], [ -1.9813247, 43.2788015 ], [ -1.9808555, 43.2787197 ], [ -1.9804869, 43.2786328 ], [ -1.9801774, 43.2785765 ], [ -1.9801276, 43.2785656 ], [ -1.9798975, 43.2785154 ], [ -1.9795241, 43.278434 ], [ -1.9787434, 43.2782637 ], [ -1.978046, 43.2781368 ], [ -1.977314, 43.2780608 ] ] ] } },
{ "type": "Feature", "properties": { "stop_id": "osm-way-275284213", "name": "Volta de Cas Jurat" }, "geometry": { "type": "Polygon", "coordinates": [ [ [ 2.9037866, 39.7604866 ], [ 2.9038091, 39.7604986 ], [ 2.9038708, 39.7604141 ], [ 2.903916, 39.7603495 ], [ 2.9039298, 39.7602775 ], [ 2.9039184, 39.7602167 ], [ 2.9038613, 39.7601382 ], [ 2.9038426, 39.7601136 ], [ 2.9038433, 39.7600935 ], [ 2.903874, 39.7600655 ], [ 2.9037472, 39.7600419 ], [ 2.9036705, 39.7600517 ], [ 2.9035995, 39.7601304 ], [ 2.9036897, 39.7601742 ], [ 2.9037691, 39.7602497 ], [ 2.9037903, 39.7602899 ], [ 2.9038008, 39.7603326 ], [ 2.9038111, 39.7603821 ], [ 2.9038109, 39.7604235 ], [ 2.9038009, 39.7604554 ], [ 2.9037866, 39.7604866 ] ] ] } },
{ "type": "Feature", "properties": { "stop_id": "osm-way-275551622", "name": "La Paloma" }, "geometry": { "type": "Polygon", "coordinates": [ [ [ -1.1650029, 37.9189332 ], [ -1.1651685, 37.9194368 ], [ -1.1653379, 37.919847 ], [ -1.1653674, 37.9198932 ], [ -1.1654105, 37.9199222 ], [ -1.1654841, 37.9199526 ], [ -1.1656056, 37.920141 ], [ -1.1653152, 37.9201073 ], [ -1.1651033, 37.9198807 ], [ -1.1649129, 37.919659 ], [ -1.1648807, 37.9196019 ], [ -1.1648646, 37.9195321 ], [ -1.1648512, 37.9194686 ], [ -1.1648566, 37.9193882 ], [ -1.1648754, 37.9192697 ], [ -1.1649531, 37.9190285 ], [ -1.1650029, 37.9189332 ] ] ] } },
{ "type": "Feature", "properties": { "stop_id": "osm-way-275798052", "name": "Àrea servei l'Empordà" }, "geometry": { "type": "Polygon", "coordinates": [ [ [ 2.9309229, 42.1726841 ], [ 2.9310463, 42.1725621 ], [ 2.9313276, 42.172565 ], [ 2.9315251, 42.1725989 ], [ 2.9317755, 42.1727078 ], [ 2.931905, 42.1727689 ], [ 2.9320204, 42.1728315 ], [ 2.9321023, 42.1728898 ], [ 2.932168, 42.1729495 ], [ 2.9322121, 42.1730166 ], [ 2.9325143, 42.1736531 ], [ 2.9321949, 42.1745449 ], [ 2.9321715, 42.1746405 ], [ 2.9319875, 42.1746576 ], [ 2.9319546, 42.1746016 ], [ 2.9318957, 42.174467 ], [ 2.9317475, 42.1742169 ], [ 2.9315731, 42.1739564 ], [ 2.9312888, 42.1734801 ], [ 2.931232, 42.1733688 ], [ 2.9311994, 42.1732724 ], [ 2.9311766, 42.1731498 ], [ 2.9311549, 42.1730347 ], [ 2.931123, 42.1729345 ], [ 2.931078, 42.1728517 ], [ 2.9310189, 42.172775 ], [ 2.9309229, 42.1726841 ] ] ] } },
{ "type": "Feature", "properties": { "stop_id": "osm-way-276452219", "name": null }, "geometry": { "type": "Polygon", "coordinates": [ [ [ -4.4838949, 43.3690244 ], [ -4.4838311, 43.3688619 ], [ -4.4837393, 43.3687226 ], [ -4.4836076, 43.3686095 ], [ -4.4835297, 43.3685486 ], [ -4.4833801, 43.3684499 ], [ -4.4836255, 43.3684934 ], [ -4.483859, 43.3685573 ], [ -4.4841942, 43.368669 ], [ -4.4840725, 43.3688111 ], [ -4.4839448, 43.3689475 ], [ -4.4838949, 43.3690244 ] ] ] } },
{ "type": "Feature", "properties": { "stop_id": "osm-way-278466538", "name": null }, "geometry": { "type": "Polygon", "coordinates": [ [ [ -4.093042, 43.3533268 ], [ -4.0928021, 43.3533803 ], [ -4.0929975, 43.3536692 ], [ -4.0930152, 43.3536954 ], [ -4.0930259, 43.3537149 ], [ -4.092924, 43.3537188 ], [ -4.0928502, 43.3541514 ], [ -4.0928408, 43.3542064 ], [ -4.0930527, 43.3542278 ], [ -4.0932458, 43.35422 ], [ -4.0933692, 43.3542122 ], [ -4.0933558, 43.3541362 ], [ -4.0935033, 43.3541186 ], [ -4.0936214, 43.3540699 ], [ -4.0936428, 43.3540503 ], [ -4.0936428, 43.3540113 ], [ -4.0936294, 43.3539587 ], [ -4.0936079, 43.3538943 ], [ -4.0935892, 43.3538592 ], [ -4.0935328, 43.353789 ], [ -4.0931251, 43.3533541 ], [ -4.0930742, 43.3533307 ], [ -4.093042, 43.3533268 ] ] ] } },
{ "type": "Feature", "properties": { "stop_id": "osm-way-281549769", "name": "Área de Servicio Arroyo de la Miel" }, "geometry": { "type": "Polygon", "coordinates": [ [ [ -4.5269676, 36.6139626 ], [ -4.5270251, 36.6140488 ], [ -4.5270453, 36.6140573 ], [ -4.5271648, 36.6141079 ], [ -4.5273142, 36.6141009 ], [ -4.5274759, 36.6140642 ], [ -4.5276607, 36.6139739 ], [ -4.5279821, 36.613774 ], [ -4.5281536, 36.6136966 ], [ -4.5283098, 36.6136889 ], [ -4.528798, 36.6137449 ], [ -4.5291553, 36.6137159 ], [ -4.5293026, 36.6136923 ], [ -4.5294419, 36.6136428 ], [ -4.5296724, 36.6135253 ], [ -4.5297743, 36.6133789 ], [ -4.5297748, 36.6132734 ], [ -4.5297045, 36.6131679 ], [ -4.5295061, 36.6130129 ], [ -4.528858, 36.6126624 ], [ -4.5288204, 36.6126402 ], [ -4.5287545, 36.612623 ], [ -4.5286949, 36.612627 ], [ -4.5286529, 36.6126428 ], [ -4.5285854, 36.6127 ], [ -4.5285132, 36.6127873 ], [ -4.528389, 36.6129229 ], [ -4.5282721, 36.6130042 ], [ -4.5281552, 36.6130599 ], [ -4.5280643, 36.6131055 ], [ -4.5278466, 36.6132067 ], [ -4.527433, 36.6134192 ], [ -4.527149, 36.6136824 ], [ -4.5270413, 36.6137681 ], [ -4.5269996, 36.6138217 ], [ -4.5269731, 36.6138522 ], [ -4.526962, 36.6138996 ], [ -4.5269676, 36.6139626 ] ] ] } },
{ "type": "Feature", "properties": { "stop_id": "osm-way-281549770", "name": "Área de Servicio Arroyo de la Miel" }, "geometry": { "type": "Polygon", "coordinates": [ [ [ -4.5293464, 36.6112985 ], [ -4.5293708, 36.6113594 ], [ -4.5293363, 36.6113942 ], [ -4.5291011, 36.6115394 ], [ -4.5287079, 36.6118109 ], [ -4.5283656, 36.6120634 ], [ -4.5280875, 36.6122845 ], [ -4.527824, 36.612444 ], [ -4.5273544, 36.6126412 ], [ -4.5272689, 36.6127084 ], [ -4.5271883, 36.6128004 ], [ -4.5271014, 36.6129357 ], [ -4.5270407, 36.6130397 ], [ -4.5269999, 36.6130213 ], [ -4.5269676, 36.6130067 ], [ -4.5269898, 36.6129108 ], [ -4.5269982, 36.6128501 ], [ -4.5269837, 36.6127721 ], [ -4.5268808, 36.6126179 ], [ -4.5267447, 36.6124711 ], [ -4.5266801, 36.6124054 ], [ -4.526656, 36.6123343 ], [ -4.5266308, 36.6122423 ], [ -4.5266517, 36.6121391 ], [ -4.5267016, 36.6120634 ], [ -4.5268183, 36.6119633 ], [ -4.5270092, 36.6118807 ], [ -4.5271754, 36.6118277 ], [ -4.527352, 36.6117479 ], [ -4.5274827, 36.6116802 ], [ -4.5280533, 36.611336 ], [ -4.5282494, 36.611222 ], [ -4.5284114, 36.6111571 ], [ -4.5286238, 36.6111279 ], [ -4.5286726, 36.6111579 ], [ -4.5287208, 36.6111855 ], [ -4.5288763, 36.6113048 ], [ -4.5290268, 36.611237 ], [ -4.5291562, 36.6112188 ], [ -4.529224, 36.6112611 ], [ -4.5293057, 36.6112863 ], [ -4.5293464, 36.6112985 ] ] ] } },
{ "type": "Feature", "properties": { "stop_id": "osm-way-285880171", "name": null }, "geometry": { "type": "Polygon", "coordinates": [ [ [ -5.8379072, 36.134929 ], [ -5.8374146, 36.1347926 ], [ -5.8375152, 36.134581 ], [ -5.837554, 36.1344638 ], [ -5.8377014, 36.1345034 ], [ -5.838075, 36.1346123 ], [ -5.8381541, 36.1346318 ], [ -5.8379936, 36.1347253 ], [ -5.8379072, 36.134929 ] ] ] } },
{ "type": "Feature", "properties": { "stop_id": "osm-way-286187064", "name": "Estación de Servicio El Tomillar" }, "geometry": { "type": "Polygon", "coordinates": [ [ [ -4.4844983, 36.7315085 ], [ -4.4853068, 36.7316239 ], [ -4.4851824, 36.7319388 ], [ -4.4846178, 36.7322893 ], [ -4.484304, 36.7323837 ], [ -4.4842851, 36.7323212 ], [ -4.4842687, 36.7322767 ], [ -4.4842935, 36.7322675 ], [ -4.484377, 36.7320596 ], [ -4.4844397, 36.7318592 ], [ -4.48449, 36.7316752 ], [ -4.484472, 36.7316475 ], [ -4.4844801, 36.7316053 ], [ -4.4844983, 36.7315085 ] ] ] } },
{ "type": "Feature", "properties": { "stop_id": "osm-way-286321557", "name": null }, "geometry": { "type": "Polygon", "coordinates": [ [ [ -6.4517292, 42.6238125 ], [ -6.4530949, 42.62392 ], [ -6.4532008, 42.623343 ], [ -6.4528861, 42.6233186 ], [ -6.4524899, 42.6232905 ], [ -6.4522828, 42.6232685 ], [ -6.4519726, 42.623251 ], [ -6.4518472, 42.6233235 ], [ -6.4517416, 42.6233694 ], [ -6.4517292, 42.6238125 ] ] ] } },
{ "type": "Feature", "properties": { "stop_id": "osm-way-288668011", "name": null }, "geometry": { "type": "Polygon", "coordinates": [ [ [ 0.6445884, 41.6117399 ], [ 0.6446941, 41.6115542 ], [ 0.6447853, 41.6114016 ], [ 0.6448293, 41.6112991 ], [ 0.6446348, 41.6110617 ], [ 0.6444985, 41.6109966 ], [ 0.6442652, 41.6109294 ], [ 0.6441004, 41.6109766 ], [ 0.6441477, 41.6110983 ], [ 0.6439577, 41.611163 ], [ 0.6436435, 41.6111715 ], [ 0.6432706, 41.6112287 ], [ 0.6432368, 41.6112369 ], [ 0.6431345, 41.6112616 ], [ 0.643156, 41.6112687 ], [ 0.6441918, 41.6116094 ], [ 0.6445884, 41.6117399 ] ] ] } },
{ "type": "Feature", "properties": { "stop_id": "osm-way-289842306", "name": "Àrea de Servei de Garraf" }, "geometry": { "type": "Polygon", "coordinates": [ [ [ 1.6747743, 41.219297 ], [ 1.6749531, 41.2192248 ], [ 1.6752015, 41.2194484 ], [ 1.6754574, 41.2195971 ], [ 1.6761857, 41.2198731 ], [ 1.6764717, 41.2200557 ], [ 1.6766919, 41.2203091 ], [ 1.6771454, 41.2211229 ], [ 1.6775651, 41.2219708 ], [ 1.6775839, 41.2221109 ], [ 1.677567, 41.2223501 ], [ 1.6774446, 41.2226205 ], [ 1.6772019, 41.2232008 ], [ 1.6770777, 41.2232277 ], [ 1.6767314, 41.2223728 ], [ 1.6762817, 41.2215433 ], [ 1.6757623, 41.2206714 ], [ 1.6752693, 41.2199538 ], [ 1.6747743, 41.219297 ] ] ] } },
{ "type": "Feature", "properties": { "stop_id": "osm-way-289842307", "name": "Àrea de Servei de Garraf" }, "geometry": { "type": "Polygon", "coordinates": [ [ [ 1.6744695, 41.2198561 ], [ 1.6746125, 41.2198151 ], [ 1.6750867, 41.2204803 ], [ 1.6755816, 41.2212829 ], [ 1.6759298, 41.2219198 ], [ 1.6761481, 41.2224138 ], [ 1.6764868, 41.22329 ], [ 1.6763739, 41.2233466 ], [ 1.6762357, 41.2232271 ], [ 1.6757806, 41.2230009 ], [ 1.6755305, 41.2228448 ], [ 1.6753562, 41.2226936 ], [ 1.675255, 41.2225395 ], [ 1.674817, 41.2216987 ], [ 1.6744143, 41.2209783 ], [ 1.674348, 41.2207962 ], [ 1.6743374, 41.2206761 ], [ 1.6744026, 41.2204019 ], [ 1.6744798, 41.2201086 ], [ 1.6744771, 41.2199865 ], [ 1.6744695, 41.2198561 ] ] ] } },
{ "type": "Feature", "properties": { "stop_id": "osm-way-292215361", "name": null }, "geometry": { "type": "Polygon", "coordinates": [ [ [ 2.715125, 41.6677522 ], [ 2.7152051, 41.6676895 ], [ 2.7154421, 41.6678066 ], [ 2.7156681, 41.6678461 ], [ 2.7160398, 41.6679033 ], [ 2.7163096, 41.6680258 ], [ 2.7165264, 41.6681647 ], [ 2.7166504, 41.6683413 ], [ 2.7167329, 41.6685396 ], [ 2.7167406, 41.6687476 ], [ 2.7167793, 41.6689324 ], [ 2.71684, 41.6690332 ], [ 2.7167361, 41.6690986 ], [ 2.7163844, 41.6688508 ], [ 2.7160928, 41.6686262 ], [ 2.7157392, 41.6683307 ], [ 2.7152289, 41.6678583 ], [ 2.715125, 41.6677522 ] ] ] } },
{ "type": "Feature", "properties": { "stop_id": "osm-way-292215362", "name": null }, "geometry": { "type": "Polygon", "coordinates": [ [ [ 2.7150995, 41.6683403 ], [ 2.7151852, 41.6682872 ], [ 2.7156827, 41.6687378 ], [ 2.7160946, 41.6690618 ], [ 2.7165484, 41.669364 ], [ 2.7167416, 41.6694784 ], [ 2.7166906, 41.669556 ], [ 2.7164919, 41.6695233 ], [ 2.7163024, 41.6695288 ], [ 2.7161001, 41.6695437 ], [ 2.7159178, 41.6695574 ], [ 2.7157137, 41.6695315 ], [ 2.715495, 41.6694607 ], [ 2.7153164, 41.6693314 ], [ 2.7152016, 41.6691462 ], [ 2.715187, 41.6689325 ], [ 2.7152125, 41.6686997 ], [ 2.7151743, 41.6684996 ], [ 2.7150995, 41.6683403 ] ] ] } },
{ "type": "Feature", "properties": { "stop_id": "osm-way-296435657", "name": "BonÀrea" }, "geometry": { "type": "Polygon", "coordinates": [ [ [ 1.5495255, 41.9854267 ], [ 1.5496454, 41.9852643 ], [ 1.5496921, 41.9851805 ], [ 1.5506046, 41.985528 ], [ 1.5503214, 41.9856833 ], [ 1.5502503, 41.9857223 ], [ 1.5495255, 41.9854267 ] ] ] } },
{ "type": "Feature", "properties": { "stop_id": "osm-way-297238320", "name": "Estación de Servicio Campo de Gibraltar" }, "geometry": { "type": "Polygon", "coordinates": [ [ [ -5.3616289, 36.1747629 ], [ -5.3615299, 36.1747683 ], [ -5.3615051, 36.1747701 ], [ -5.3614696, 36.1747752 ], [ -5.3614423, 36.1747791 ], [ -5.3613185, 36.1747968 ], [ -5.3612445, 36.1748074 ], [ -5.3607567, 36.1748773 ], [ -5.3607242, 36.174882 ], [ -5.3607214, 36.1748616 ], [ -5.3607065, 36.1747512 ], [ -5.3606334, 36.174713 ], [ -5.3605292, 36.1747053 ], [ -5.3604818, 36.1746376 ], [ -5.3609437, 36.1745261 ], [ -5.3610612, 36.1745272 ], [ -5.3611551, 36.174542 ], [ -5.3612751, 36.1745685 ], [ -5.3613996, 36.1746113 ], [ -5.3616289, 36.1747629 ] ] ] } },
{ "type": "Feature", "properties": { "stop_id": "osm-way-300579321", "name": null }, "geometry": { "type": "Polygon", "coordinates": [ [ [ -4.4280315, 36.7790531 ], [ -4.4279067, 36.7790428 ], [ -4.4278359, 36.779036 ], [ -4.427794, 36.7789338 ], [ -4.4277949, 36.7789098 ], [ -4.4277966, 36.778866 ], [ -4.4278137, 36.7788098 ], [ -4.4278111, 36.7787309 ], [ -4.4277983, 36.7786706 ], [ -4.427693, 36.7786528 ], [ -4.427628, 36.7786836 ], [ -4.4275381, 36.7785342 ], [ -4.4274149, 36.7783697 ], [ -4.4275216, 36.7783018 ], [ -4.4275646, 36.7782744 ], [ -4.427598, 36.778356 ], [ -4.4276339, 36.7783549 ], [ -4.4276682, 36.7783539 ], [ -4.4277769, 36.7785315 ], [ -4.4278368, 36.7786206 ], [ -4.4279095, 36.7786672 ], [ -4.4280011, 36.7786898 ], [ -4.4280679, 36.7787145 ], [ -4.4281072, 36.7787508 ], [ -4.4280995, 36.7789153 ], [ -4.4280315, 36.7790531 ] ] ] } },
{ "type": "Feature", "properties": { "stop_id": "osm-way-303554659", "name": "Galp - Estación de Servicio 24H - Ziordia" }, "geometry": { "type": "Polygon", "coordinates": [ [ [ -2.2378957, 42.8654944 ], [ -2.2371828, 42.8655084 ], [ -2.2370373, 42.8654821 ], [ -2.23693, 42.8654437 ], [ -2.2368227, 42.8653598 ], [ -2.2365914, 42.8650732 ], [ -2.2365032, 42.8650574 ], [ -2.2363673, 42.8650697 ], [ -2.2362385, 42.8651099 ], [ -2.2361479, 42.8650854 ], [ -2.2360477, 42.8650837 ], [ -2.2357354, 42.865192 ], [ -2.2354922, 42.8651955 ], [ -2.2353872, 42.8651745 ], [ -2.235268, 42.8651221 ], [ -2.2346767, 42.8646083 ], [ -2.2342928, 42.8643514 ], [ -2.2343643, 42.8642255 ], [ -2.2347539, 42.8640732 ], [ -2.2352632, 42.8638742 ], [ -2.2352966, 42.8637466 ], [ -2.2360954, 42.8634984 ], [ -2.236198, 42.8635019 ], [ -2.2362862, 42.8635456 ], [ -2.2364746, 42.8636994 ], [ -2.2366558, 42.8639109 ], [ -2.2375357, 42.8637117 ], [ -2.2376072, 42.8637239 ], [ -2.2376573, 42.8637449 ], [ -2.237705, 42.8637921 ], [ -2.2379076, 42.8643951 ], [ -2.2378957, 42.8654944 ] ] ] } },
{ "type": "Feature", "properties": { "stop_id": "osm-way-306003822", "name": "Área de Servicio" }, "geometry": { "type": "Polygon", "coordinates": [ [ [ -4.8078043, 41.1821808 ], [ -4.807686, 41.1821841 ], [ -4.8073866, 41.1821901 ], [ -4.8072696, 41.1819774 ], [ -4.8075358, 41.1817876 ], [ -4.8075734, 41.1817608 ], [ -4.8078043, 41.1821808 ] ] ] } },
{ "type": "Feature", "properties": { "stop_id": "osm-way-306003824", "name": "Área de Servicio" }, "geometry": { "type": "Polygon", "coordinates": [ [ [ -4.8058365, 41.1775243 ], [ -4.806228, 41.1773804 ], [ -4.8059696, 41.1767064 ], [ -4.8056697, 41.1760761 ], [ -4.8055917, 41.1759214 ], [ -4.8050848, 41.1759969 ], [ -4.8058365, 41.1775243 ] ] ] } },
{ "type": "Feature", "properties": { "stop_id": "osm-way-306033192", "name": "Estación de Servicio Medina del Campo Tangerina" }, "geometry": { "type": "Polygon", "coordinates": [ [ [ -4.9582543, 41.3553494 ], [ -4.9586805, 41.3555882 ], [ -4.9589029, 41.3556288 ], [ -4.9590721, 41.3556308 ], [ -4.9592566, 41.3556105 ], [ -4.9593213, 41.3555291 ], [ -4.9593701, 41.355382 ], [ -4.9593696, 41.3552366 ], [ -4.9592583, 41.3551285 ], [ -4.9592231, 41.3550473 ], [ -4.9592185, 41.3547676 ], [ -4.9590223, 41.3546412 ], [ -4.9588911, 41.3545313 ], [ -4.9585287, 41.3544983 ], [ -4.9584968, 41.354692 ], [ -4.9584375, 41.3548577 ], [ -4.958353, 41.3550101 ], [ -4.9582143, 41.3552068 ], [ -4.9582028, 41.3552795 ], [ -4.9582543, 41.3553494 ] ] ] } },
{ "type": "Feature", "properties": { "stop_id": "osm-way-306033193", "name": null }, "geometry": { "type": "Polygon", "coordinates": [ [ [ -5.1743853, 41.6270733 ], [ -5.1734226, 41.627485 ], [ -5.1729259, 41.627646 ], [ -5.1726607, 41.6269744 ], [ -5.1728106, 41.626985 ], [ -5.1737465, 41.6270532 ], [ -5.1740694, 41.6270545 ], [ -5.1743853, 41.6270733 ] ] ] } },
{ "type": "Feature", "properties": { "stop_id": "osm-way-306033194", "name": null }, "geometry": { "type": "Polygon", "coordinates": [ [ [ -5.221003, 41.6941087 ], [ -5.2197685, 41.6947679 ], [ -5.2194547, 41.6944334 ], [ -5.2193097, 41.6942789 ], [ -5.2190086, 41.6939579 ], [ -5.2202454, 41.6933018 ], [ -5.2203844, 41.6934564 ], [ -5.2205065, 41.6933981 ], [ -5.2205972, 41.693503 ], [ -5.220483, 41.6935662 ], [ -5.221003, 41.6941087 ] ] ] } },
{ "type": "Feature", "properties": { "stop_id": "osm-way-306033195", "name": null }, "geometry": { "type": "Polygon", "coordinates": [ [ [ -5.1223607, 41.5982526 ], [ -5.1212358, 41.5977177 ], [ -5.120447, 41.5972835 ], [ -5.1207119, 41.5971309 ], [ -5.1208765, 41.5970539 ], [ -5.1212416, 41.5968892 ], [ -5.1216631, 41.5971109 ], [ -5.1220311, 41.5973045 ], [ -5.1229906, 41.5978092 ], [ -5.1227523, 41.5979826 ], [ -5.1223607, 41.5982526 ] ] ] } },
{ "type": "Feature", "properties": { "stop_id": "osm-way-306033196", "name": null }, "geometry": { "type": "Polygon", "coordinates": [ [ [ -5.042461, 41.5255157 ], [ -5.043504, 41.5260648 ], [ -5.0429277, 41.5266852 ], [ -5.0418038, 41.5260683 ], [ -5.0421299, 41.5257961 ], [ -5.042461, 41.5255157 ] ] ] } },
{ "type": "Feature", "properties": { "stop_id": "osm-way-306033198", "name": null }, "geometry": { "type": "Polygon", "coordinates": [ [ [ -5.3234304, 41.7845382 ], [ -5.3232172, 41.785193 ], [ -5.3233092, 41.7853738 ], [ -5.3241078, 41.7861003 ], [ -5.3255671, 41.7861844 ], [ -5.3234304, 41.7845382 ] ] ] } },
{ "type": "Feature", "properties": { "stop_id": "osm-way-306033199", "name": null }, "geometry": { "type": "Polygon", "coordinates": [ [ [ -5.3120885, 41.7746769 ], [ -5.3122876, 41.77411 ], [ -5.3117129, 41.7733777 ], [ -5.309808, 41.7729458 ], [ -5.3120387, 41.774741 ], [ -5.3120885, 41.7746769 ] ] ] } },
{ "type": "Feature", "properties": { "stop_id": "osm-way-306033202", "name": null }, "geometry": { "type": "Polygon", "coordinates": [ [ [ -5.0997283, 41.5760578 ], [ -5.099849, 41.5759033 ], [ -5.0999594, 41.5756011 ], [ -5.0993274, 41.5750555 ], [ -5.098953, 41.5747517 ], [ -5.0987723, 41.5748733 ], [ -5.0983512, 41.5745417 ], [ -5.0982142, 41.574523 ], [ -5.0981149, 41.5745456 ], [ -5.0980385, 41.574587 ], [ -5.0979649, 41.5746438 ], [ -5.0979231, 41.5747135 ], [ -5.0979231, 41.5747917 ], [ -5.0979454, 41.5748694 ], [ -5.0988466, 41.5756045 ], [ -5.0988109, 41.5756314 ], [ -5.0996533, 41.5763131 ], [ -5.0997283, 41.5760578 ] ] ] } },
{ "type": "Feature", "properties": { "stop_id": "osm-way-306036377", "name": "Los Rosales" }, "geometry": { "type": "Polygon", "coordinates": [ [ [ -6.5048129, 42.5976303 ], [ -6.5044927, 42.5973351 ], [ -6.5033496, 42.5978822 ], [ -6.5028852, 42.5981089 ], [ -6.5025456, 42.5982755 ], [ -6.5028141, 42.5984779 ], [ -6.5030631, 42.5986112 ], [ -6.5048129, 42.5976303 ] ] ] } },
{ "type": "Feature", "properties": { "stop_id": "osm-way-306036378", "name": null }, "geometry": { "type": "Polygon", "coordinates": [ [ [ -6.0791361, 42.4448015 ], [ -6.0791662, 42.4448534 ], [ -6.0793654, 42.4451963 ], [ -6.0797421, 42.445297 ], [ -6.0802607, 42.4452809 ], [ -6.0805828, 42.4452124 ], [ -6.0807084, 42.4451197 ], [ -6.0809158, 42.4449143 ], [ -6.081025, 42.4446363 ], [ -6.0809377, 42.4443785 ], [ -6.0808012, 42.4441811 ], [ -6.0791361, 42.4448015 ] ] ] } },
{ "type": "Feature", "properties": { "stop_id": "osm-way-306036379", "name": null }, "geometry": { "type": "Polygon", "coordinates": [ [ [ -5.9148396, 42.2876737 ], [ -5.9143475, 42.2883426 ], [ -5.9141194, 42.2883663 ], [ -5.913958, 42.2879502 ], [ -5.9137906, 42.2879728 ], [ -5.9137273, 42.2878009 ], [ -5.9129631, 42.2875197 ], [ -5.9131111, 42.2873362 ], [ -5.912879, 42.2872178 ], [ -5.9134552, 42.2865992 ], [ -5.9145155, 42.2873777 ], [ -5.9148396, 42.2876737 ] ] ] } },
{ "type": "Feature", "properties": { "stop_id": "osm-way-306036380", "name": "Área de descanso de O Corgo" }, "geometry": { "type": "Polygon", "coordinates": [ [ [ -7.4556113, 42.9657991 ], [ -7.4553524, 42.9660784 ], [ -7.4552603, 42.9660377 ], [ -7.4550369, 42.9661371 ], [ -7.4541713, 42.9657178 ], [ -7.4541417, 42.9656643 ], [ -7.4540493, 42.9655254 ], [ -7.4539997, 42.9651152 ], [ -7.4539878, 42.964659 ], [ -7.4540546, 42.9646407 ], [ -7.4542669, 42.9646865 ], [ -7.4556699, 42.9653853 ], [ -7.4557396, 42.9655186 ], [ -7.4557685, 42.9656129 ], [ -7.4556113, 42.9657991 ] ] ] } },
{ "type": "Feature", "properties": { "stop_id": "osm-way-306036381", "name": "Área de descanso de O Corgo" }, "geometry": { "type": "Polygon", "coordinates": [ [ [ -7.4580927, 42.9657477 ], [ -7.4581745, 42.9652182 ], [ -7.4581276, 42.9650593 ], [ -7.4571754, 42.9645499 ], [ -7.4567851, 42.964651 ], [ -7.4563598, 42.965071 ], [ -7.4562581, 42.9652006 ], [ -7.457622, 42.9659503 ], [ -7.4579663, 42.9657932 ], [ -7.4580927, 42.9657477 ] ] ] } },
{ "type": "Feature", "properties": { "stop_id": "osm-way-306036382", "name": null }, "geometry": { "type": "Polygon", "coordinates": [ [ [ -6.2334198, 42.5986178 ], [ -6.2335859, 42.5989796 ], [ -6.2330806, 42.5992701 ], [ -6.2328383, 42.5992752 ], [ -6.2325857, 42.5992344 ], [ -6.2323434, 42.5990688 ], [ -6.2327449, 42.5988267 ], [ -6.2334198, 42.5986178 ] ] ] } },
{ "type": "Feature", "properties": { "stop_id": "osm-way-306036383", "name": null }, "geometry": { "type": "Polygon", "coordinates": [ [ [ -5.7142891, 42.0894981 ], [ -5.713816, 42.0876962 ], [ -5.713468, 42.0870056 ], [ -5.7132304, 42.0873747 ], [ -5.7129407, 42.0876693 ], [ -5.7132807, 42.0884947 ], [ -5.7135737, 42.0893732 ], [ -5.7142891, 42.0894981 ] ] ] } },
{ "type": "Feature", "properties": { "stop_id": "osm-way-306036384", "name": null }, "geometry": { "type": "Polygon", "coordinates": [ [ [ -6.2316229, 42.6014387 ], [ -6.2313563, 42.6018667 ], [ -6.2317855, 42.6021062 ], [ -6.2321974, 42.6021291 ], [ -6.2323428, 42.6020349 ], [ -6.2325712, 42.6017215 ], [ -6.2325331, 42.6014413 ], [ -6.2322286, 42.6014031 ], [ -6.2316229, 42.6014387 ] ] ] } },
{ "type": "Feature", "properties": { "stop_id": "osm-way-306036385", "name": null }, "geometry": { "type": "Polygon", "coordinates": [ [ [ -6.2297934, 42.5983209 ], [ -6.2292073, 42.5992792 ], [ -6.2292758, 42.5994125 ], [ -6.230103, 42.5996755 ], [ -6.2303037, 42.5996539 ], [ -6.2307981, 42.5995819 ], [ -6.2310135, 42.5992648 ], [ -6.2310428, 42.5987387 ], [ -6.2308911, 42.5986126 ], [ -6.2297934, 42.5983209 ] ] ] } },
{ "type": "Feature", "properties": { "stop_id": "osm-way-306036386", "name": null }, "geometry": { "type": "Polygon", "coordinates": [ [ [ -5.7150946, 42.0896925 ], [ -5.7160135, 42.0894749 ], [ -5.7160056, 42.0893472 ], [ -5.7158962, 42.0889526 ], [ -5.7157789, 42.088645 ], [ -5.7152588, 42.087937 ], [ -5.7149304, 42.0877716 ], [ -5.7147427, 42.0877165 ], [ -5.7144964, 42.0877484 ], [ -5.7150946, 42.0896925 ] ] ] } },
{ "type": "Feature", "properties": { "stop_id": "osm-way-306036387", "name": "Área de Servicio Trabadelo" }, "geometry": { "type": "Polygon", "coordinates": [ [ [ -6.8757177, 42.6461583 ], [ -6.876676, 42.646045 ], [ -6.8772009, 42.6462787 ], [ -6.8773358, 42.6467746 ], [ -6.8773502, 42.6471891 ], [ -6.8770854, 42.647182 ], [ -6.8758863, 42.6465798 ], [ -6.8757611, 42.6464488 ], [ -6.8757177, 42.6461583 ] ] ] } },
{ "type": "Feature", "properties": { "stop_id": "osm-way-306036388", "name": "Área de Servicio Grupo Valcarce" }, "geometry": { "type": "Polygon", "coordinates": [ [ [ -6.9141221, 42.6583993 ], [ -6.9134804, 42.6580338 ], [ -6.9133591, 42.6581086 ], [ -6.9138325, 42.6588194 ], [ -6.9139221, 42.6592632 ], [ -6.914932, 42.6598466 ], [ -6.9158632, 42.6599444 ], [ -6.9160197, 42.6598121 ], [ -6.9152489, 42.6593718 ], [ -6.9148616, 42.6590726 ], [ -6.9141221, 42.6583993 ] ] ] } },
{ "type": "Feature", "properties": { "stop_id": "osm-way-306036984", "name": null }, "geometry": { "type": "Polygon", "coordinates": [ [ [ -4.6152108, 40.9557189 ], [ -4.6150918, 40.9552324 ], [ -4.6145009, 40.9547148 ], [ -4.6142177, 40.9547582 ], [ -4.6140208, 40.9548698 ], [ -4.615018, 40.9557003 ], [ -4.6152108, 40.9557189 ] ] ] } },
{ "type": "Feature", "properties": { "stop_id": "osm-way-306036985", "name": null }, "geometry": { "type": "Polygon", "coordinates": [ [ [ -4.6137563, 40.9553762 ], [ -4.6135485, 40.9554563 ], [ -4.6138771, 40.9560413 ], [ -4.6142177, 40.9564968 ], [ -4.6147061, 40.9571508 ], [ -4.6156433, 40.9567765 ], [ -4.6149489, 40.9562144 ], [ -4.6144457, 40.9558163 ], [ -4.6140198, 40.9555228 ], [ -4.6137563, 40.9553762 ] ] ] } },
{ "type": "Feature", "properties": { "stop_id": "osm-way-306042379", "name": "Caldas de Luna" }, "geometry": { "type": "Polygon", "coordinates": [ [ [ -5.8557531, 42.9288457 ], [ -5.8559357, 42.9288745 ], [ -5.8561095, 42.9289241 ], [ -5.8561745, 42.9290028 ], [ -5.8554607, 42.9294261 ], [ -5.8554286, 42.9294594 ], [ -5.8554244, 42.9294939 ], [ -5.8554325, 42.929514 ], [ -5.8554523, 42.9295332 ], [ -5.8554763, 42.9295492 ], [ -5.8555035, 42.9295583 ], [ -5.8555477, 42.9295684 ], [ -5.8567908, 42.9294985 ], [ -5.8569336, 42.9294747 ], [ -5.8572572, 42.9293702 ], [ -5.8578594, 42.9291953 ], [ -5.8579555, 42.9291435 ], [ -5.8584276, 42.9288289 ], [ -5.8587908, 42.9285909 ], [ -5.8587291, 42.9284564 ], [ -5.8564849, 42.928609 ], [ -5.8559429, 42.9286701 ], [ -5.8557531, 42.9288457 ] ] ] } },
{ "type": "Feature", "properties": { "stop_id": "osm-way-306042380", "name": null }, "geometry": { "type": "Polygon", "coordinates": [ [ [ -5.76871, 42.6905601 ], [ -5.7699184, 42.6911698 ], [ -5.7710405, 42.6919241 ], [ -5.7712755, 42.6918501 ], [ -5.7714002, 42.6915082 ], [ -5.7712851, 42.6912333 ], [ -5.7707144, 42.6907081 ], [ -5.7703692, 42.6905001 ], [ -5.7694005, 42.6905107 ], [ -5.7691732, 42.6905003 ], [ -5.76871, 42.6905601 ] ] ] } },
{ "type": "Feature", "properties": { "stop_id": "osm-way-306042381", "name": null }, "geometry": { "type": "Polygon", "coordinates": [ [ [ -5.7668752, 42.6901562 ], [ -5.7667721, 42.6903659 ], [ -5.7668272, 42.6907219 ], [ -5.7672948, 42.6910497 ], [ -5.7671413, 42.6913916 ], [ -5.7672084, 42.6915326 ], [ -5.7677839, 42.6917511 ], [ -5.767911, 42.6917458 ], [ -5.7681963, 42.6914427 ], [ -5.7689204, 42.6913158 ], [ -5.7691865, 42.6911607 ], [ -5.7668752, 42.6901562 ] ] ] } },
{ "type": "Feature", "properties": { "stop_id": "osm-way-306087188", "name": "Área de Servicio de Imarcoain" }, "geometry": { "type": "Polygon", "coordinates": [ [ [ -1.6183519, 42.7308195 ], [ -1.6184782, 42.7309564 ], [ -1.6187088, 42.7310157 ], [ -1.6190085, 42.7312443 ], [ -1.6192506, 42.731583 ], [ -1.6194004, 42.7318878 ], [ -1.6195646, 42.7327919 ], [ -1.6195964, 42.7331343 ], [ -1.6194811, 42.7334899 ], [ -1.6191052, 42.733334 ], [ -1.6188476, 42.7337889 ], [ -1.6186159, 42.7343234 ], [ -1.6185414, 42.7343392 ], [ -1.6184997, 42.7343481 ], [ -1.6184184, 42.7343646 ], [ -1.6183355, 42.7343831 ], [ -1.6179818, 42.7330664 ], [ -1.6178355, 42.7322006 ], [ -1.6178518, 42.7314751 ], [ -1.6179615, 42.7307914 ], [ -1.618032, 42.7307968 ], [ -1.618104, 42.7308024 ], [ -1.6183519, 42.7308195 ] ] ] } },
{ "type": "Feature", "properties": { "stop_id": "osm-way-306087189", "name": "Área de Servicio de Imarcoain" }, "geometry": { "type": "Polygon", "coordinates": [ [ [ -1.6175958, 42.7300851 ], [ -1.617534, 42.7300752 ], [ -1.6173784, 42.73005 ], [ -1.617291, 42.7300359 ], [ -1.6167277, 42.7304609 ], [ -1.6164636, 42.730601 ], [ -1.6161569, 42.7307942 ], [ -1.616045, 42.7309527 ], [ -1.6159819, 42.7311503 ], [ -1.6160509, 42.7316198 ], [ -1.6161525, 42.7318647 ], [ -1.6162645, 42.7320538 ], [ -1.6164208, 42.7322645 ], [ -1.6167584, 42.7325305 ], [ -1.6170963, 42.7328461 ], [ -1.6173207, 42.7331133 ], [ -1.6174065, 42.7330917 ], [ -1.6173301, 42.7326485 ], [ -1.6173313, 42.7315214 ], [ -1.6174085, 42.7308795 ], [ -1.6175958, 42.7300851 ] ] ] } },
{ "type": "Feature", "properties": { "stop_id": "osm-way-306088707", "name": "Área de Servicio de Valtierra" }, "geometry": { "type": "Polygon", "coordinates": [ [ [ -1.6750792, 42.1983486 ], [ -1.6750101, 42.1983563 ], [ -1.6748748, 42.198372 ], [ -1.6748004, 42.1983827 ], [ -1.6746567, 42.1988341 ], [ -1.6743951, 42.1994963 ], [ -1.6743412, 42.1996674 ], [ -1.674306, 42.1999158 ], [ -1.6744152, 42.2003948 ], [ -1.6747458, 42.2008952 ], [ -1.6751194, 42.2014871 ], [ -1.6751999, 42.2016893 ], [ -1.6753304, 42.2019382 ], [ -1.675412, 42.2031807 ], [ -1.6755379, 42.2030659 ], [ -1.6754701, 42.2016787 ], [ -1.6754183, 42.2009016 ], [ -1.6753551, 42.2001713 ], [ -1.6752516, 42.1992855 ], [ -1.6750792, 42.1983486 ] ] ] } },
{ "type": "Feature", "properties": { "stop_id": "osm-way-306088708", "name": "Área de Servicio de Valtierra" }, "geometry": { "type": "Polygon", "coordinates": [ [ [ -1.675979, 42.201487 ], [ -1.6762858, 42.2011829 ], [ -1.6766106, 42.2009104 ], [ -1.6766709, 42.200852 ], [ -1.6767169, 42.2007698 ], [ -1.6767265, 42.2006231 ], [ -1.677254, 42.200667 ], [ -1.6772219, 42.200506 ], [ -1.6771281, 42.2005037 ], [ -1.6769343, 42.2004107 ], [ -1.6766824, 42.2002099 ], [ -1.6765962, 42.2000289 ], [ -1.6764102, 42.1998922 ], [ -1.6765916, 42.1998193 ], [ -1.6764978, 42.1997138 ], [ -1.6762927, 42.1998059 ], [ -1.6762427, 42.1997691 ], [ -1.6759445, 42.1995272 ], [ -1.6757672, 42.1991974 ], [ -1.6757426, 42.1991602 ], [ -1.6756792, 42.1991639 ], [ -1.6756334, 42.1991666 ], [ -1.6757138, 42.1998309 ], [ -1.6758202, 42.2006165 ], [ -1.6758633, 42.2012723 ], [ -1.6758777, 42.2031905 ], [ -1.6759747, 42.2031963 ], [ -1.6760002, 42.2026539 ], [ -1.6760279, 42.201908 ], [ -1.675979, 42.201487 ] ] ] } },
{ "type": "Feature", "properties": { "stop_id": "osm-way-306090788", "name": "Área de Servicio Janbide" }, "geometry": { "type": "Polygon", "coordinates": [ [ [ -2.8978837, 43.1901805 ], [ -2.8980977, 43.1902768 ], [ -2.8976093, 43.1908516 ], [ -2.8976566, 43.1910538 ], [ -2.8977063, 43.1910701 ], [ -2.8979888, 43.1912282 ], [ -2.896997, 43.1923792 ], [ -2.89684, 43.1923624 ], [ -2.8961152, 43.1922848 ], [ -2.8958551, 43.1916476 ], [ -2.8956762, 43.1915172 ], [ -2.8954611, 43.1915152 ], [ -2.8951481, 43.1914085 ], [ -2.8943043, 43.1905495 ], [ -2.8942839, 43.1905287 ], [ -2.8940304, 43.1897756 ], [ -2.8938881, 43.189014 ], [ -2.8946372, 43.1889342 ], [ -2.8956599, 43.1891409 ], [ -2.895908, 43.1892544 ], [ -2.8961214, 43.1893895 ], [ -2.896412, 43.1895637 ], [ -2.8968647, 43.1897682 ], [ -2.8971662, 43.1899013 ], [ -2.8976127, 43.1900498 ], [ -2.8976517, 43.1900655 ], [ -2.8977748, 43.1900886 ], [ -2.8978612, 43.1901454 ], [ -2.8978837, 43.1901805 ] ] ] } },
{ "type": "Feature", "properties": { "stop_id": "osm-way-306092565", "name": "Área de Servicio de Tudela" }, "geometry": { "type": "Polygon", "coordinates": [ [ [ -1.5982032, 42.0121982 ], [ -1.5979341, 42.0123211 ], [ -1.6010841, 42.0131761 ], [ -1.6037051, 42.0139098 ], [ -1.6035307, 42.0134997 ], [ -1.6033275, 42.013289 ], [ -1.6031345, 42.0130499 ], [ -1.6027711, 42.0124941 ], [ -1.6026642, 42.0124238 ], [ -1.6021513, 42.0122177 ], [ -1.6008205, 42.0119019 ], [ -1.6003652, 42.011825 ], [ -1.59999, 42.011835 ], [ -1.5992838, 42.011939 ], [ -1.5986519, 42.012118 ], [ -1.5982032, 42.0121982 ] ] ] } },
{ "type": "Feature", "properties": { "stop_id": "osm-way-306371011", "name": null }, "geometry": { "type": "Polygon", "coordinates": [ [ [ -4.0373989, 40.6431351 ], [ -4.0360408, 40.6431978 ], [ -4.0371012, 40.644143 ], [ -4.0387138, 40.645134 ], [ -4.0399899, 40.64454 ], [ -4.0408069, 40.6441491 ], [ -4.0412575, 40.6439191 ], [ -4.04122, 40.6438459 ], [ -4.041051, 40.6435609 ], [ -4.0397268, 40.643307 ], [ -4.0386194, 40.6431982 ], [ -4.0373989, 40.6431351 ] ] ] } },
{ "type": "Feature", "properties": { "stop_id": "osm-way-306371012", "name": null }, "geometry": { "type": "Polygon", "coordinates": [ [ [ -4.0385404, 40.64278 ], [ -4.039935, 40.6429266 ], [ -4.040171, 40.6422051 ], [ -4.0396892, 40.6416781 ], [ -4.0391056, 40.6416326 ], [ -4.0389737, 40.6417181 ], [ -4.0387727, 40.6418379 ], [ -4.0384567, 40.6421804 ], [ -4.0385404, 40.64278 ] ] ] } },
{ "type": "Feature", "properties": { "stop_id": "osm-way-306435623", "name": "Area de Servicio Sobradiel" }, "geometry": { "type": "Polygon", "coordinates": [ [ [ -1.0329516, 41.7314777 ], [ -1.0326482, 41.7308972 ], [ -1.0319779, 41.7302727 ], [ -1.0304548, 41.7296232 ], [ -1.0302226, 41.7296821 ], [ -1.0296635, 41.7298272 ], [ -1.0287925, 41.7299185 ], [ -1.0282886, 41.7305357 ], [ -1.0286506, 41.730762 ], [ -1.0287876, 41.7309154 ], [ -1.0289687, 41.7314449 ], [ -1.0290665, 41.7317589 ], [ -1.0292808, 41.7321056 ], [ -1.0297177, 41.7322051 ], [ -1.0301968, 41.7323651 ], [ -1.0308525, 41.7323578 ], [ -1.0315424, 41.7324673 ], [ -1.0324819, 41.7323322 ], [ -1.0327461, 41.7323322 ], [ -1.0331865, 41.7316932 ], [ -1.0329516, 41.7314777 ] ] ] } },
{ "type": "Feature", "properties": { "stop_id": "osm-way-306442651", "name": "Área de servicio de Logroño" }, "geometry": { "type": "Polygon", "coordinates": [ [ [ -2.3724085, 42.4511857 ], [ -2.3728514, 42.450961 ], [ -2.3722355, 42.4503841 ], [ -2.3710799, 42.4499654 ], [ -2.3686511, 42.4494701 ], [ -2.3676408, 42.4497663 ], [ -2.367198, 42.4499756 ], [ -2.3678138, 42.4503075 ], [ -2.3720072, 42.4512521 ], [ -2.3724085, 42.4511857 ] ] ] } },
{ "type": "Feature", "properties": { "stop_id": "osm-way-306529636", "name": "Area de servicio de Quintanapalla" }, "geometry": { "type": "Polygon", "coordinates": [ [ [ -3.5532743, 42.4037341 ], [ -3.5534447, 42.4037056 ], [ -3.5536116, 42.4035898 ], [ -3.5536001, 42.4035457 ], [ -3.5532261, 42.403593 ], [ -3.5530973, 42.4035909 ], [ -3.5528592, 42.4035548 ], [ -3.5526763, 42.4035425 ], [ -3.5514338, 42.403275 ], [ -3.5511705, 42.4032278 ], [ -3.5504209, 42.4032137 ], [ -3.5503856, 42.403213 ], [ -3.5503498, 42.4032152 ], [ -3.5499244, 42.4032411 ], [ -3.5492034, 42.4032527 ], [ -3.5483533, 42.4033883 ], [ -3.548156, 42.4034524 ], [ -3.547864, 42.4035827 ], [ -3.5477456, 42.4036749 ], [ -3.5473633, 42.4041898 ], [ -3.5472119, 42.4042857 ], [ -3.5468862, 42.4043789 ], [ -3.5467133, 42.4044139 ], [ -3.5467321, 42.4044652 ], [ -3.5467615, 42.4045451 ], [ -3.5505386, 42.4041603 ], [ -3.5518368, 42.4039857 ], [ -3.5532743, 42.4037341 ] ] ] } },
{ "type": "Feature", "properties": { "stop_id": "osm-way-306529637", "name": "Area de servicio de Quintanapalla" }, "geometry": { "type": "Polygon", "coordinates": [ [ [ -3.5518395, 42.4044817 ], [ -3.5518244, 42.4044437 ], [ -3.5517868, 42.4043487 ], [ -3.5511905, 42.4044343 ], [ -3.5497452, 42.4046027 ], [ -3.5465584, 42.4049091 ], [ -3.5459359, 42.4049872 ], [ -3.545951, 42.4050594 ], [ -3.5459617, 42.4051107 ], [ -3.5465619, 42.4050911 ], [ -3.5477795, 42.4053738 ], [ -3.5480009, 42.4054291 ], [ -3.5483078, 42.4054921 ], [ -3.5484649, 42.4055689 ], [ -3.5488259, 42.4055596 ], [ -3.5492073, 42.4055158 ], [ -3.5498528, 42.4054281 ], [ -3.5503358, 42.405263 ], [ -3.5507922, 42.4049987 ], [ -3.551147, 42.4048106 ], [ -3.5518395, 42.4044817 ] ] ] } },
{ "type": "Feature", "properties": { "stop_id": "osm-way-306529638", "name": "Área de servicio Desfiladero" }, "geometry": { "type": "Polygon", "coordinates": [ [ [ -3.0709728, 42.6507882 ], [ -3.0710073, 42.650589 ], [ -3.069904, 42.6501579 ], [ -3.0674512, 42.6504622 ], [ -3.0668848, 42.6513062 ], [ -3.0668109, 42.651404 ], [ -3.0669587, 42.6515236 ], [ -3.0680521, 42.6512374 ], [ -3.069111, 42.6510309 ], [ -3.0709728, 42.6507882 ] ] ] } },
{ "type": "Feature", "properties": { "stop_id": "osm-way-306529639", "name": "Área de servicio Desfiladero" }, "geometry": { "type": "Polygon", "coordinates": [ [ [ -3.071301, 42.6516417 ], [ -3.0716706, 42.6513371 ], [ -3.0719724, 42.6512034 ], [ -3.0718496, 42.6510326 ], [ -3.0718515, 42.6510212 ], [ -3.0715158, 42.651049 ], [ -3.0708938, 42.6511166 ], [ -3.0704178, 42.6511806 ], [ -3.069787, 42.6512674 ], [ -3.0692617, 42.6513556 ], [ -3.0684946, 42.6514972 ], [ -3.0676965, 42.6516694 ], [ -3.0672292, 42.6517776 ], [ -3.0665994, 42.6519355 ], [ -3.0666033, 42.6519433 ], [ -3.0665307, 42.6520764 ], [ -3.0666391, 42.6522038 ], [ -3.0669032, 42.6521917 ], [ -3.0672829, 42.6523443 ], [ -3.0678249, 42.6523785 ], [ -3.0682915, 42.6523881 ], [ -3.0684259, 42.6523909 ], [ -3.0688926, 42.6523312 ], [ -3.0692588, 42.6522806 ], [ -3.0692563, 42.6522165 ], [ -3.0695229, 42.6521822 ], [ -3.0695705, 42.6521761 ], [ -3.0703539, 42.6520736 ], [ -3.070737, 42.6520757 ], [ -3.0708205, 42.6520784 ], [ -3.0708647, 42.6520636 ], [ -3.071301, 42.6516417 ] ] ] } },
{ "type": "Feature", "properties": { "stop_id": "osm-way-306529640", "name": "Área de Servicio Arrasate-Mondragón" }, "geometry": { "type": "Polygon", "coordinates": [ [ [ -2.4770279, 43.0630697 ], [ -2.4768924, 43.0629491 ], [ -2.4764688, 43.0630553 ], [ -2.4762571, 43.062807 ], [ -2.4757694, 43.0625785 ], [ -2.475542, 43.0627501 ], [ -2.4749878, 43.0635405 ], [ -2.4754027, 43.064081 ], [ -2.4758068, 43.0644191 ], [ -2.4760921, 43.0645666 ], [ -2.4767323, 43.0634007 ], [ -2.4770279, 43.0630697 ] ] ] } },
{ "type": "Feature", "properties": { "stop_id": "osm-way-306529641", "name": "Eskoriatza" }, "geometry": { "type": "Polygon", "coordinates": [ [ [ -2.5361532, 43.0167666 ], [ -2.5361985, 43.0169555 ], [ -2.5361231, 43.0169647 ], [ -2.536128, 43.0170162 ], [ -2.5361068, 43.0170599 ], [ -2.5359193, 43.0171221 ], [ -2.5356256, 43.0171514 ], [ -2.5351423, 43.0171666 ], [ -2.5349122, 43.0170246 ], [ -2.5347865, 43.0171613 ], [ -2.5344123, 43.0171769 ], [ -2.5343839, 43.0171616 ], [ -2.534481, 43.0170285 ], [ -2.534328, 43.0169898 ], [ -2.5345654, 43.016934 ], [ -2.5348051, 43.0168836 ], [ -2.5350468, 43.0168387 ], [ -2.5352902, 43.0167993 ], [ -2.5355352, 43.0167655 ], [ -2.5357815, 43.0167372 ], [ -2.5360289, 43.0167146 ], [ -2.5360882, 43.016772 ], [ -2.5361532, 43.0167666 ] ] ] } },
{ "type": "Feature", "properties": { "stop_id": "osm-way-306561344", "name": null }, "geometry": { "type": "Polygon", "coordinates": [ [ [ -2.9496368, 42.7046755 ], [ -2.9478383, 42.7047555 ], [ -2.9477432, 42.70465 ], [ -2.9477309, 42.7046346 ], [ -2.9475875, 42.7044556 ], [ -2.9477779, 42.7043934 ], [ -2.9481164, 42.7043446 ], [ -2.9490806, 42.7043224 ], [ -2.9492922, 42.704329 ], [ -2.9495582, 42.7043801 ], [ -2.9494433, 42.7045067 ], [ -2.9494893, 42.7045468 ], [ -2.9495157, 42.7045698 ], [ -2.9496368, 42.7046755 ] ] ] } },
{ "type": "Feature", "properties": { "stop_id": "osm-way-306561345", "name": null }, "geometry": { "type": "Polygon", "coordinates": [ [ [ -2.9380543, 42.7054464 ], [ -2.9379511, 42.7052918 ], [ -2.9380414, 42.7052592 ], [ -2.9380477, 42.7052235 ], [ -2.9380155, 42.7051133 ], [ -2.936619, 42.7050689 ], [ -2.9366405, 42.7051839 ], [ -2.9366578, 42.7052767 ], [ -2.9365521, 42.7053322 ], [ -2.9368413, 42.7054083 ], [ -2.9371629, 42.7054083 ], [ -2.9374867, 42.7054099 ], [ -2.9377845, 42.7054543 ], [ -2.9380543, 42.7054464 ] ] ] } },
{ "type": "Feature", "properties": { "stop_id": "osm-way-306576903", "name": null }, "geometry": { "type": "Polygon", "coordinates": [ [ [ -4.1054886, 40.6694085 ], [ -4.1069725, 40.6701338 ], [ -4.1065888, 40.6701118 ], [ -4.1058262, 40.6697935 ], [ -4.105313, 40.6694757 ], [ -4.1054886, 40.6694085 ] ] ] } },
{ "type": "Feature", "properties": { "stop_id": "osm-way-306576905", "name": null }, "geometry": { "type": "Polygon", "coordinates": [ [ [ -4.1779967, 40.7138615 ], [ -4.1779775, 40.7138198 ], [ -4.1781483, 40.7137326 ], [ -4.1789058, 40.7137903 ], [ -4.1791874, 40.7138314 ], [ -4.1799411, 40.7139701 ], [ -4.1798197, 40.7141946 ], [ -4.1794612, 40.7143842 ], [ -4.1789672, 40.7139689 ], [ -4.1787676, 40.7139405 ], [ -4.1779967, 40.7138615 ] ] ] } },
{ "type": "Feature", "properties": { "stop_id": "osm-way-306600374", "name": null }, "geometry": { "type": "Polygon", "coordinates": [ [ [ -4.2066776, 40.7362757 ], [ -4.2068924, 40.7361172 ], [ -4.205721, 40.7357368 ], [ -4.2056495, 40.735909 ], [ -4.2056289, 40.7359587 ], [ -4.2066776, 40.7362757 ] ] ] } },
{ "type": "Feature", "properties": { "stop_id": "osm-way-306773947", "name": null }, "geometry": { "type": "Polygon", "coordinates": [ [ [ -4.2995912, 40.7444446 ], [ -4.2995296, 40.7445278 ], [ -4.2994701, 40.7446083 ], [ -4.2984033, 40.7445688 ], [ -4.2983665, 40.7444779 ], [ -4.2983313, 40.7443912 ], [ -4.2995912, 40.7444446 ] ] ] } },
{ "type": "Feature", "properties": { "stop_id": "osm-way-306773948", "name": null }, "geometry": { "type": "Polygon", "coordinates": [ [ [ -4.3396722, 40.7477645 ], [ -4.3396173, 40.7479784 ], [ -4.3397656, 40.7480712 ], [ -4.3404563, 40.7485032 ], [ -4.3406733, 40.7484041 ], [ -4.3396722, 40.7477645 ] ] ] } },
{ "type": "Feature", "properties": { "stop_id": "osm-way-306773949", "name": null }, "geometry": { "type": "Polygon", "coordinates": [ [ [ -4.3404093, 40.7476061 ], [ -4.3404694, 40.7473863 ], [ -4.3396278, 40.7468576 ], [ -4.3393847, 40.7469665 ], [ -4.3404093, 40.7476061 ] ] ] } },
{ "type": "Feature", "properties": { "stop_id": "osm-way-306876631", "name": "Área de Servizo de Coirós" }, "geometry": { "type": "Polygon", "coordinates": [ [ [ -8.13512, 43.2407961 ], [ -8.1348624, 43.2407301 ], [ -8.1338319, 43.2400638 ], [ -8.1333027, 43.2399185 ], [ -8.1328088, 43.2395452 ], [ -8.1329137, 43.2389649 ], [ -8.1353898, 43.2389424 ], [ -8.1362728, 43.2394192 ], [ -8.1368188, 43.2401142 ], [ -8.1361365, 43.2407524 ], [ -8.13512, 43.2407961 ] ] ] } },
{ "type": "Feature", "properties": { "stop_id": "osm-way-306889030", "name": null }, "geometry": { "type": "Polygon", "coordinates": [ [ [ -5.72649, 42.541864 ], [ -5.7258744, 42.541967 ], [ -5.7250579, 42.5420635 ], [ -5.7246432, 42.5417933 ], [ -5.7244205, 42.5417161 ], [ -5.7237656, 42.5412078 ], [ -5.7234948, 42.5409923 ], [ -5.7235298, 42.5408218 ], [ -5.7236739, 42.5405869 ], [ -5.7238616, 42.5404003 ], [ -5.7242109, 42.5402974 ], [ -5.7247086, 42.5402684 ], [ -5.7251802, 42.540307 ], [ -5.7254684, 42.540632 ], [ -5.7257391, 42.5407574 ], [ -5.7260971, 42.5407864 ], [ -5.7266865, 42.5410727 ], [ -5.7268917, 42.5412142 ], [ -5.726621, 42.5417386 ], [ -5.72649, 42.541864 ] ] ] } },
{ "type": "Feature", "properties": { "stop_id": "osm-way-309368447", "name": null }, "geometry": { "type": "Polygon", "coordinates": [ [ [ 2.1604901, 42.2874153 ], [ 2.1605354, 42.2871589 ], [ 2.1605474, 42.2869243 ], [ 2.1605154, 42.2866659 ], [ 2.1603675, 42.2862616 ], [ 2.1605101, 42.2863543 ], [ 2.1605941, 42.2864983 ], [ 2.1606514, 42.2867231 ], [ 2.1607007, 42.2869065 ], [ 2.1609206, 42.2869459 ], [ 2.1610606, 42.2868395 ], [ 2.1611832, 42.2868611 ], [ 2.1612645, 42.2869302 ], [ 2.1613231, 42.287015 ], [ 2.1613458, 42.2870968 ], [ 2.1613205, 42.2871688 ], [ 2.1611499, 42.2872753 ], [ 2.1609473, 42.2873739 ], [ 2.1607887, 42.2874262 ], [ 2.1606367, 42.2874321 ], [ 2.1604901, 42.2874153 ] ] ] } },
{ "type": "Feature", "properties": { "stop_id": "osm-way-313535685", "name": null }, "geometry": { "type": "Polygon", "coordinates": [ [ [ -3.4477903, 43.3881739 ], [ -3.4478762, 43.3882555 ], [ -3.4480489, 43.3883343 ], [ -3.4481956, 43.3883617 ], [ -3.4482994, 43.3883664 ], [ -3.4484377, 43.3883705 ], [ -3.4487509, 43.3883644 ], [ -3.4486824, 43.3883208 ], [ -3.4486613, 43.3882732 ], [ -3.4486687, 43.3882431 ], [ -3.448602, 43.3881814 ], [ -3.4485, 43.3881312 ], [ -3.4482827, 43.3880337 ], [ -3.448106, 43.3879647 ], [ -3.4477906, 43.3878686 ], [ -3.4474626, 43.3877597 ], [ -3.447627, 43.3879664 ], [ -3.4476725, 43.388025 ], [ -3.4477419, 43.3881262 ], [ -3.4477903, 43.3881739 ] ] ] } },
{ "type": "Feature", "properties": { "stop_id": "osm-way-321520930", "name": null }, "geometry": { "type": "Polygon", "coordinates": [ [ [ -5.6846074, 38.2614012 ], [ -5.6848326, 38.2615992 ], [ -5.6850901, 38.2616013 ], [ -5.6853465, 38.2614073 ], [ -5.6850579, 38.261477 ], [ -5.6848487, 38.2614728 ], [ -5.6846074, 38.2614012 ] ] ] } },
{ "type": "Feature", "properties": { "stop_id": "osm-way-321604516", "name": "El Polear" }, "geometry": { "type": "Polygon", "coordinates": [ [ [ -4.3288019, 37.0699563 ], [ -4.3272412, 37.0691083 ], [ -4.3278487, 37.0688481 ], [ -4.3279348, 37.0688081 ], [ -4.3280409, 37.0688 ], [ -4.3281208, 37.0687723 ], [ -4.32817, 37.068722 ], [ -4.3281931, 37.0686628 ], [ -4.3281767, 37.068566 ], [ -4.328852, 37.0680777 ], [ -4.3291797, 37.0685318 ], [ -4.3289778, 37.0686296 ], [ -4.3291112, 37.0688202 ], [ -4.3292298, 37.0689147 ], [ -4.3292504, 37.0689488 ], [ -4.3293913, 37.0691439 ], [ -4.3293942, 37.0693034 ], [ -4.3295369, 37.069408 ], [ -4.3295876, 37.0694931 ], [ -4.3292582, 37.0696754 ], [ -4.3288019, 37.0699563 ] ] ] } },
{ "type": "Feature", "properties": { "stop_id": "osm-way-321604517", "name": "El Capricho" }, "geometry": { "type": "Polygon", "coordinates": [ [ [ -4.3267225, 37.0661388 ], [ -4.3269017, 37.0662159 ], [ -4.3276245, 37.0665271 ], [ -4.327783, 37.0665953 ], [ -4.3277524, 37.0668001 ], [ -4.3274915, 37.0672854 ], [ -4.3275256, 37.0673037 ], [ -4.3272238, 37.0677105 ], [ -4.3270413, 37.0678525 ], [ -4.3270429, 37.0682352 ], [ -4.3269457, 37.0681955 ], [ -4.3258682, 37.0677557 ], [ -4.3258403, 37.0677443 ], [ -4.325832, 37.0676585 ], [ -4.3263176, 37.0669322 ], [ -4.3262293, 37.0668981 ], [ -4.3263309, 37.0667417 ], [ -4.3267225, 37.0661388 ] ] ] } },
{ "type": "Feature", "properties": { "stop_id": "osm-way-326979434", "name": "La Atalaya" }, "geometry": { "type": "Polygon", "coordinates": [ [ [ -3.8752617, 40.3778544 ], [ -3.8731436, 40.3752838 ], [ -3.8735054, 40.3755873 ], [ -3.8741966, 40.3757081 ], [ -3.8747251, 40.3758939 ], [ -3.8750219, 40.3762625 ], [ -3.87503, 40.3764855 ], [ -3.8753755, 40.3768479 ], [ -3.8753755, 40.3778668 ], [ -3.8752617, 40.3778544 ] ] ] } },
{ "type": "Feature", "properties": { "stop_id": "osm-way-326980220", "name": null }, "geometry": { "type": "Polygon", "coordinates": [ [ [ -3.8913454, 40.3989446 ], [ -3.8907064, 40.3989708 ], [ -3.8906736, 40.3986445 ], [ -3.8909418, 40.3985067 ], [ -3.8914548, 40.3985692 ], [ -3.8913454, 40.3989446 ] ] ] } },
{ "type": "Feature", "properties": { "stop_id": "osm-way-327150796", "name": "Àrea de descans" }, "geometry": { "type": "Polygon", "coordinates": [ [ [ 0.557628, 41.5415519 ], [ 0.557628, 41.5414024 ], [ 0.5582021, 41.5413526 ], [ 0.5586306, 41.5412343 ], [ 0.5589051, 41.5411253 ], [ 0.5592712, 41.5410692 ], [ 0.559733, 41.5410755 ], [ 0.5601449, 41.5411191 ], [ 0.560407, 41.5411876 ], [ 0.5607606, 41.5413806 ], [ 0.5611142, 41.5414647 ], [ 0.5614512, 41.5415207 ], [ 0.5614553, 41.5416609 ], [ 0.557628, 41.5415519 ] ] ] } },
{ "type": "Feature", "properties": { "stop_id": "osm-way-327150797", "name": "Àrea de descans" }, "geometry": { "type": "Polygon", "coordinates": [ [ [ 0.5604986, 41.5419569 ], [ 0.5604694, 41.542103 ], [ 0.5600534, 41.5421186 ], [ 0.5596914, 41.5421653 ], [ 0.5593045, 41.5422431 ], [ 0.5590924, 41.5424082 ], [ 0.5586056, 41.5424549 ], [ 0.558069, 41.5424362 ], [ 0.5575947, 41.5423615 ], [ 0.5573534, 41.5422027 ], [ 0.5570622, 41.5421124 ], [ 0.5565879, 41.5420283 ], [ 0.5566046, 41.5419006 ], [ 0.5585183, 41.5419567 ], [ 0.5604986, 41.5419569 ] ] ] } },
{ "type": "Feature", "properties": { "stop_id": "osm-way-327967180", "name": null }, "geometry": { "type": "Polygon", "coordinates": [ [ [ 0.9303505, 41.6436545 ], [ 0.9305651, 41.6437588 ], [ 0.930667, 41.6440213 ], [ 0.9305543, 41.6441596 ], [ 0.9308118, 41.6446002 ], [ 0.9321851, 41.6439672 ], [ 0.9317184, 41.6429229 ], [ 0.9303666, 41.6431474 ], [ 0.9303505, 41.6436545 ] ] ] } },
{ "type": "Feature", "properties": { "stop_id": "osm-way-328446027", "name": null }, "geometry": { "type": "Polygon", "coordinates": [ [ [ -5.1051952, 37.7956297 ], [ -5.1051177, 37.795395 ], [ -5.1048983, 37.795157 ], [ -5.1045885, 37.7949156 ], [ -5.1042657, 37.7947319 ], [ -5.1037149, 37.7944429 ], [ -5.1024756, 37.7938512 ], [ -5.1019549, 37.7936166 ], [ -5.1024756, 37.7939532 ], [ -5.1036934, 37.7947523 ], [ -5.104326, 37.7951604 ], [ -5.1046358, 37.795344 ], [ -5.1051952, 37.7956297 ] ] ] } },
{ "type": "Feature", "properties": { "stop_id": "osm-way-331410023", "name": null }, "geometry": { "type": "Polygon", "coordinates": [ [ [ -5.9224008, 37.3729102 ], [ -5.9221384, 37.3723749 ], [ -5.9220737, 37.372321 ], [ -5.9219535, 37.3722867 ], [ -5.9210693, 37.3724679 ], [ -5.921229, 37.3731633 ], [ -5.9224008, 37.3729102 ] ] ] } },
{ "type": "Feature", "properties": { "stop_id": "osm-way-332593853", "name": "Villa de Los Arcos" }, "geometry": { "type": "Polygon", "coordinates": [ [ [ -2.1808329, 42.5560446 ], [ -2.1808777, 42.5560285 ], [ -2.1816177, 42.55579 ], [ -2.1816247, 42.5547472 ], [ -2.1817175, 42.5544836 ], [ -2.1817528, 42.5542688 ], [ -2.1801609, 42.5548766 ], [ -2.1800735, 42.5549099 ], [ -2.1800563, 42.5549165 ], [ -2.1808329, 42.5560446 ] ] ] } },
{ "type": "Feature", "properties": { "stop_id": "osm-way-333906745", "name": null }, "geometry": { "type": "Polygon", "coordinates": [ [ [ -1.4107648, 40.4307843 ], [ -1.4112228, 40.4308975 ], [ -1.4111852, 40.4309856 ], [ -1.4107272, 40.4308723 ], [ -1.4107648, 40.4307843 ] ] ] } },
{ "type": "Feature", "properties": { "stop_id": "osm-way-334211398", "name": null }, "geometry": { "type": "Polygon", "coordinates": [ [ [ -1.3965561, 40.4311273 ], [ -1.3965599, 40.4310063 ], [ -1.3964531, 40.4308892 ], [ -1.3962916, 40.4308273 ], [ -1.3965561, 40.4311273 ] ] ] } },
{ "type": "Feature", "properties": { "stop_id": "osm-way-334211399", "name": null }, "geometry": { "type": "Polygon", "coordinates": [ [ [ -1.4524165, 40.4006025 ], [ -1.4521291, 40.4003381 ], [ -1.4521781, 40.4003073 ], [ -1.4524655, 40.4005716 ], [ -1.4524165, 40.4006025 ] ] ] } },
{ "type": "Feature", "properties": { "stop_id": "osm-way-334211400", "name": null }, "geometry": { "type": "Polygon", "coordinates": [ [ [ -1.4808433, 40.3983934 ], [ -1.480914, 40.3983084 ], [ -1.4814156, 40.3982375 ], [ -1.4814801, 40.3982983 ], [ -1.4808433, 40.3983934 ] ] ] } },
{ "type": "Feature", "properties": { "stop_id": "osm-way-334211408", "name": null }, "geometry": { "type": "Polygon", "coordinates": [ [ [ -1.3738645, 40.4262405 ], [ -1.3736853, 40.426232 ], [ -1.3735184, 40.4262077 ], [ -1.3734042, 40.4261815 ], [ -1.3743121, 40.426134 ], [ -1.3742584, 40.4261664 ], [ -1.3741353, 40.4262153 ], [ -1.3739783, 40.4262379 ], [ -1.3738645, 40.4262405 ] ] ] } },
{ "type": "Feature", "properties": { "stop_id": "osm-way-334211423", "name": null }, "geometry": { "type": "Polygon", "coordinates": [ [ [ -1.4523205, 40.4042576 ], [ -1.4524044, 40.4040922 ], [ -1.4524797, 40.4041054 ], [ -1.4524508, 40.4042135 ], [ -1.4523971, 40.4042774 ], [ -1.4523523, 40.4042884 ], [ -1.4523205, 40.4042576 ] ] ] } },
{ "type": "Feature", "properties": { "stop_id": "osm-way-334211426", "name": null }, "geometry": { "type": "Polygon", "coordinates": [ [ [ -1.4205118, 40.4304828 ], [ -1.4197883, 40.4304788 ], [ -1.4197887, 40.4304328 ], [ -1.4201503, 40.4304179 ], [ -1.4205122, 40.4304368 ], [ -1.4205118, 40.4304828 ] ] ] } },
{ "type": "Feature", "properties": { "stop_id": "osm-way-334211432", "name": null }, "geometry": { "type": "Polygon", "coordinates": [ [ [ -1.4513113, 40.4031397 ], [ -1.4516199, 40.4031774 ], [ -1.4516929, 40.4031659 ], [ -1.4516459, 40.4030617 ], [ -1.4514131, 40.4030324 ], [ -1.4513113, 40.4031397 ] ] ] } },
{ "type": "Feature", "properties": { "stop_id": "osm-way-334211440", "name": null }, "geometry": { "type": "Polygon", "coordinates": [ [ [ -1.456193, 40.4010583 ], [ -1.4562452, 40.4010918 ], [ -1.4563343, 40.4011136 ], [ -1.456408, 40.4011144 ], [ -1.4563742, 40.4010746 ], [ -1.456236, 40.4010411 ], [ -1.456193, 40.4010583 ] ] ] } },
{ "type": "Feature", "properties": { "stop_id": "osm-way-334211442", "name": null }, "geometry": { "type": "Polygon", "coordinates": [ [ [ -1.4575352, 40.4011043 ], [ -1.4576294, 40.4011159 ], [ -1.4576846, 40.4011027 ], [ -1.457786, 40.4010458 ], [ -1.4577184, 40.401031 ], [ -1.4575628, 40.4010606 ], [ -1.4575352, 40.4011043 ] ] ] } },
{ "type": "Feature", "properties": { "stop_id": "osm-way-334211443", "name": null }, "geometry": { "type": "Polygon", "coordinates": [ [ [ -1.4019508, 40.4322568 ], [ -1.4019994, 40.4320871 ], [ -1.4016392, 40.4314615 ], [ -1.4015943, 40.4314823 ], [ -1.4017278, 40.4317203 ], [ -1.4018969, 40.4321993 ], [ -1.4019508, 40.4322568 ] ] ] } },
{ "type": "Feature", "properties": { "stop_id": "osm-way-334211444", "name": null }, "geometry": { "type": "Polygon", "coordinates": [ [ [ -1.4602646, 40.3989298 ], [ -1.460154, 40.3990881 ], [ -1.4600742, 40.3991013 ], [ -1.4600895, 40.3990265 ], [ -1.4601878, 40.3989103 ], [ -1.4602646, 40.3988682 ], [ -1.4602646, 40.3989298 ] ] ] } },
{ "type": "Feature", "properties": { "stop_id": "osm-way-334211446", "name": null }, "geometry": { "type": "Polygon", "coordinates": [ [ [ -1.4503744, 40.4017287 ], [ -1.4501655, 40.4018963 ], [ -1.4502136, 40.4019275 ], [ -1.4503334, 40.4019026 ], [ -1.4504082, 40.4018488 ], [ -1.450445, 40.4017693 ], [ -1.4503744, 40.4017287 ] ] ] } },
{ "type": "Feature", "properties": { "stop_id": "osm-way-334211447", "name": null }, "geometry": { "type": "Polygon", "coordinates": [ [ [ -1.4885462, 40.3965266 ], [ -1.4886403, 40.3964603 ], [ -1.4894276, 40.3964853 ], [ -1.489443, 40.3965297 ], [ -1.4892751, 40.3965484 ], [ -1.488928, 40.3965476 ], [ -1.4885462, 40.3965266 ] ] ] } },
{ "type": "Feature", "properties": { "stop_id": "osm-way-334211448", "name": null }, "geometry": { "type": "Polygon", "coordinates": [ [ [ -1.4794857, 40.3983571 ], [ -1.4793383, 40.3983182 ], [ -1.4788244, 40.398125 ], [ -1.4786602, 40.398052 ], [ -1.4785633, 40.3979969 ], [ -1.4786688, 40.3979681 ], [ -1.4794642, 40.3982846 ], [ -1.4794857, 40.3983571 ] ] ] } },
{ "type": "Feature", "properties": { "stop_id": "osm-way-334211449", "name": null }, "geometry": { "type": "Polygon", "coordinates": [ [ [ -1.3716797, 40.4246331 ], [ -1.3714693, 40.4238323 ], [ -1.3715196, 40.4238378 ], [ -1.3716581, 40.4241253 ], [ -1.3717444, 40.4244634 ], [ -1.371757, 40.4246208 ], [ -1.3716797, 40.4246331 ] ] ] } },
{ "type": "Feature", "properties": { "stop_id": "osm-way-334211465", "name": null }, "geometry": { "type": "Polygon", "coordinates": [ [ [ -1.4157993, 40.429511 ], [ -1.4158883, 40.429542 ], [ -1.4162709, 40.4295163 ], [ -1.4163575, 40.4294771 ], [ -1.4163562, 40.4294094 ], [ -1.4162621, 40.4293939 ], [ -1.4158425, 40.4294132 ], [ -1.4157955, 40.4294491 ], [ -1.4157993, 40.429511 ] ] ] } },
{ "type": "Feature", "properties": { "stop_id": "osm-way-334879595", "name": "Área de Servicio El Toro" }, "geometry": { "type": "Polygon", "coordinates": [ [ [ -3.6691935, 40.1777049 ], [ -3.6694481, 40.1775907 ], [ -3.6695588, 40.1775711 ], [ -3.6696943, 40.1775733 ], [ -3.6700038, 40.1774971 ], [ -3.6701546, 40.1773974 ], [ -3.670292, 40.1772448 ], [ -3.6702105, 40.1771957 ], [ -3.6701149, 40.17698 ], [ -3.6700772, 40.176859 ], [ -3.6700038, 40.176713 ], [ -3.6699034, 40.1764329 ], [ -3.6697446, 40.1762402 ], [ -3.6694244, 40.17641 ], [ -3.6691258, 40.1765685 ], [ -3.6690488, 40.1766487 ], [ -3.6690184, 40.1767112 ], [ -3.6690114, 40.1767701 ], [ -3.6689787, 40.1768539 ], [ -3.6689414, 40.1768914 ], [ -3.6689061, 40.1769379 ], [ -3.6688922, 40.1769732 ], [ -3.668876, 40.1770341 ], [ -3.6690208, 40.1773945 ], [ -3.6690288, 40.177427 ], [ -3.6690441, 40.177489 ], [ -3.6690371, 40.1776014 ], [ -3.6691935, 40.1777049 ] ] ] } },
{ "type": "Feature", "properties": { "stop_id": "osm-way-335086311", "name": null }, "geometry": { "type": "Polygon", "coordinates": [ [ [ -2.0017147, 42.3192055 ], [ -2.0014036, 42.3202368 ], [ -2.0008671, 42.3207049 ], [ -1.9992256, 42.319975 ], [ -1.9996816, 42.3195665 ], [ -1.9998801, 42.3195229 ], [ -2.000143, 42.3188168 ], [ -2.0017147, 42.3192055 ] ] ] } },
{ "type": "Feature", "properties": { "stop_id": "osm-way-337071963", "name": null }, "geometry": { "type": "Polygon", "coordinates": [ [ [ -0.3139678, 39.8660139 ], [ -0.3139056, 39.8657876 ], [ -0.3137934, 39.8657939 ], [ -0.3137258, 39.8660855 ], [ -0.3138272, 39.8660211 ], [ -0.3139678, 39.8660139 ] ] ] } },
{ "type": "Feature", "properties": { "stop_id": "osm-way-337435268", "name": null }, "geometry": { "type": "Polygon", "coordinates": [ [ [ 2.8715844, 42.4176911 ], [ 2.8718917, 42.4163448 ], [ 2.8721253, 42.4163058 ], [ 2.8721901, 42.416756 ], [ 2.8721806, 42.4169653 ], [ 2.8721557, 42.417191 ], [ 2.8720831, 42.4177429 ], [ 2.8715844, 42.4176911 ] ] ] } },
{ "type": "Feature", "properties": { "stop_id": "osm-way-341706488", "name": null }, "geometry": { "type": "Polygon", "coordinates": [ [ [ 1.8724878, 42.223095 ], [ 1.8726724, 42.2230656 ], [ 1.872924, 42.2238308 ], [ 1.8727975, 42.2238429 ], [ 1.8726765, 42.2239416 ], [ 1.8725745, 42.224001 ], [ 1.8724685, 42.2239879 ], [ 1.8724413, 42.2237201 ], [ 1.8724277, 42.223568 ], [ 1.8724073, 42.2234421 ], [ 1.8724399, 42.2232569 ], [ 1.8724878, 42.223095 ] ] ] } },
{ "type": "Feature", "properties": { "stop_id": "osm-way-341707168", "name": null }, "geometry": { "type": "Polygon", "coordinates": [ [ [ 1.8694309, 42.2124916 ], [ 1.8690829, 42.2121646 ], [ 1.8691059, 42.2120079 ], [ 1.8696892, 42.2120704 ], [ 1.8699298, 42.2121668 ], [ 1.8700144, 42.2122535 ], [ 1.8701076, 42.2124189 ], [ 1.8701445, 42.2127513 ], [ 1.8701098, 42.2129215 ], [ 1.8700491, 42.213021 ], [ 1.8697477, 42.2130227 ], [ 1.8696827, 42.2128043 ], [ 1.8695287, 42.21261 ], [ 1.8694309, 42.2124916 ] ] ] } },
{ "type": "Feature", "properties": { "stop_id": "osm-way-341707284", "name": "Àrea de descans" }, "geometry": { "type": "Polygon", "coordinates": [ [ [ 1.8673273, 42.204357 ], [ 1.8671582, 42.2043043 ], [ 1.8669157, 42.2044905 ], [ 1.8667288, 42.2046916 ], [ 1.866662, 42.204952 ], [ 1.8667444, 42.2054498 ], [ 1.8669068, 42.2057646 ], [ 1.8670292, 42.2057465 ], [ 1.8669624, 42.2054564 ], [ 1.866958, 42.2051778 ], [ 1.8670292, 42.2049108 ], [ 1.8671182, 42.2046899 ], [ 1.8673273, 42.204357 ] ] ] } },
{ "type": "Feature", "properties": { "stop_id": "osm-way-341769795", "name": null }, "geometry": { "type": "Polygon", "coordinates": [ [ [ 1.8700615, 42.1970177 ], [ 1.8701389, 42.1971417 ], [ 1.8705583, 42.197043 ], [ 1.8707473, 42.1969843 ], [ 1.8709993, 42.1968497 ], [ 1.8711487, 42.1966723 ], [ 1.8712171, 42.1963803 ], [ 1.8712135, 42.1960869 ], [ 1.8711325, 42.1958148 ], [ 1.8709777, 42.1958562 ], [ 1.8709723, 42.1961216 ], [ 1.8709129, 42.1963363 ], [ 1.8708067, 42.1965469 ], [ 1.8706699, 42.1967136 ], [ 1.8704413, 42.196859 ], [ 1.8700615, 42.1970177 ] ] ] } },
{ "type": "Feature", "properties": { "stop_id": "osm-way-351098600", "name": null }, "geometry": { "type": "Polygon", "coordinates": [ [ [ 1.8448022, 42.0989965 ], [ 1.8454094, 42.0989925 ], [ 1.8455588, 42.0992202 ], [ 1.845566, 42.0993197 ], [ 1.8455045, 42.0993229 ], [ 1.8449658, 42.0993268 ], [ 1.844742, 42.0992861 ], [ 1.8447963, 42.099091 ], [ 1.8448022, 42.0989965 ] ] ] } },
{ "type": "Feature", "properties": { "stop_id": "osm-way-351683740", "name": null }, "geometry": { "type": "Polygon", "coordinates": [ [ [ -3.617284, 41.0411997 ], [ -3.6179032, 41.0409958 ], [ -3.6180998, 41.0408438 ], [ -3.6183554, 41.0398801 ], [ -3.6183111, 41.0398059 ], [ -3.6177509, 41.0397133 ], [ -3.6174708, 41.0397614 ], [ -3.6172201, 41.0411385 ], [ -3.6172566, 41.0411725 ], [ -3.617284, 41.0411997 ] ] ] } },
{ "type": "Feature", "properties": { "stop_id": "osm-way-351683741", "name": null }, "geometry": { "type": "Polygon", "coordinates": [ [ [ -3.7522084, 41.9156599 ], [ -3.7515612, 41.9151772 ], [ -3.7507099, 41.9145034 ], [ -3.7504503, 41.9143487 ], [ -3.7501145, 41.9142769 ], [ -3.7496021, 41.9142259 ], [ -3.7493581, 41.9144027 ], [ -3.7496058, 41.9147624 ], [ -3.7501132, 41.9152667 ], [ -3.7505241, 41.9156908 ], [ -3.7505729, 41.9157412 ], [ -3.7512278, 41.9162302 ], [ -3.7516293, 41.9165299 ], [ -3.7524546, 41.9158227 ], [ -3.7522084, 41.9156599 ] ] ] } },
{ "type": "Feature", "properties": { "stop_id": "osm-way-351683742", "name": "Área de Servicio Milagros" }, "geometry": { "type": "Polygon", "coordinates": [ [ [ -3.6964089, 41.5944981 ], [ -3.6982681, 41.594142 ], [ -3.6987407, 41.5930791 ], [ -3.6972638, 41.5926347 ], [ -3.6968259, 41.593378 ], [ -3.6964489, 41.5942694 ], [ -3.6964089, 41.5944981 ] ] ] } },
{ "type": "Feature", "properties": { "stop_id": "osm-way-351683743", "name": "Área de Servicio Sarracín" }, "geometry": { "type": "Polygon", "coordinates": [ [ [ -3.7052014, 42.2456215 ], [ -3.7051702, 42.2454462 ], [ -3.7055125, 42.2451471 ], [ -3.7056559, 42.2449426 ], [ -3.7057038, 42.2448647 ], [ -3.7057528, 42.2447579 ], [ -3.7057835, 42.2446498 ], [ -3.7057942, 42.2444985 ], [ -3.7060149, 42.2443996 ], [ -3.7061282, 42.2445238 ], [ -3.7061576, 42.2445552 ], [ -3.7062106, 42.2446119 ], [ -3.7062598, 42.2446697 ], [ -3.7063789, 42.2447918 ], [ -3.7064027, 42.2448517 ], [ -3.7063981, 42.2449161 ], [ -3.7063864, 42.244953 ], [ -3.7063818, 42.2449601 ], [ -3.7063631, 42.2449893 ], [ -3.7063228, 42.2450184 ], [ -3.7062875, 42.2450409 ], [ -3.706179, 42.2452124 ], [ -3.7061795, 42.245227 ], [ -3.7061855, 42.2452354 ], [ -3.7062249, 42.2452479 ], [ -3.706097, 42.2454354 ], [ -3.7060263, 42.2455402 ], [ -3.7060028, 42.2455673 ], [ -3.7059663, 42.2455939 ], [ -3.7059279, 42.2456075 ], [ -3.7058898, 42.2456161 ], [ -3.7057484, 42.2456219 ], [ -3.7053222, 42.2456347 ], [ -3.7053221, 42.2456241 ], [ -3.7052014, 42.2456215 ] ] ] } },
{ "type": "Feature", "properties": { "stop_id": "osm-way-351683744", "name": "Área de Servicio Sarracín" }, "geometry": { "type": "Polygon", "coordinates": [ [ [ -3.7040902, 42.2460678 ], [ -3.7042687, 42.245853 ], [ -3.7044439, 42.2456353 ], [ -3.7045426, 42.2454961 ], [ -3.7046988, 42.2452936 ], [ -3.7050486, 42.244852 ], [ -3.7049761, 42.2447812 ], [ -3.7048921, 42.2448772 ], [ -3.7048641, 42.2448958 ], [ -3.7048395, 42.2449095 ], [ -3.7047676, 42.2449393 ], [ -3.7043781, 42.2450416 ], [ -3.7041712, 42.2451119 ], [ -3.7040576, 42.2451597 ], [ -3.703837, 42.2453059 ], [ -3.7037722, 42.2453581 ], [ -3.7035732, 42.2455042 ], [ -3.7033847, 42.2456106 ], [ -3.7033297, 42.2456288 ], [ -3.7030336, 42.2456705 ], [ -3.7029448, 42.2456887 ], [ -3.7029016, 42.2457 ], [ -3.7028217, 42.2457501 ], [ -3.7027952, 42.2457841 ], [ -3.7027752, 42.2458232 ], [ -3.7027565, 42.2459017 ], [ -3.702758, 42.2459318 ], [ -3.7027703, 42.245962 ], [ -3.7027961, 42.2460045 ], [ -3.7029713, 42.2461665 ], [ -3.7030471, 42.2462539 ], [ -3.7030722, 42.246293 ], [ -3.7030706, 42.2463698 ], [ -3.7029704, 42.2465275 ], [ -3.7028211, 42.2467365 ], [ -3.7028045, 42.246807 ], [ -3.7028013, 42.2468331 ], [ -3.7028029, 42.2468623 ], [ -3.7028057, 42.2469146 ], [ -3.7028403, 42.2470088 ], [ -3.7028899, 42.2471169 ], [ -3.7028794, 42.2472038 ], [ -3.7027682, 42.2472901 ], [ -3.7027535, 42.2473148 ], [ -3.7027543, 42.247334 ], [ -3.7027611, 42.2473544 ], [ -3.7027687, 42.2473641 ], [ -3.7027783, 42.2473737 ], [ -3.7028064, 42.2473874 ], [ -3.7028422, 42.2474025 ], [ -3.7029489, 42.247433 ], [ -3.7031759, 42.2471407 ], [ -3.7034734, 42.2467902 ], [ -3.7038082, 42.2463929 ], [ -3.7040902, 42.2460678 ] ] ] } },
{ "type": "Feature", "properties": { "stop_id": "osm-way-351686451", "name": null }, "geometry": { "type": "Polygon", "coordinates": [ [ [ -3.9563119, 42.2515866 ], [ -3.9564336, 42.2516717 ], [ -3.957208, 42.2517731 ], [ -3.9575072, 42.2519495 ], [ -3.9576509, 42.2519758 ], [ -3.9578082, 42.2519495 ], [ -3.9579028, 42.2519045 ], [ -3.9586586, 42.2514189 ], [ -3.9587059, 42.2513326 ], [ -3.9586975, 42.2512612 ], [ -3.9586163, 42.2511523 ], [ -3.9585639, 42.251056 ], [ -3.9585656, 42.2509446 ], [ -3.958662, 42.250459 ], [ -3.958498, 42.2504127 ], [ -3.9563119, 42.2515866 ] ] ] } },
{ "type": "Feature", "properties": { "stop_id": "osm-way-351686452", "name": null }, "geometry": { "type": "Polygon", "coordinates": [ [ [ -3.9575788, 42.2503865 ], [ -3.955556, 42.251521 ], [ -3.9551041, 42.2506891 ], [ -3.9551663, 42.2505086 ], [ -3.9562183, 42.2499954 ], [ -3.956345, 42.2499989 ], [ -3.9566535, 42.2502024 ], [ -3.957531, 42.2503051 ], [ -3.9575788, 42.2503865 ] ] ] } },
{ "type": "Feature", "properties": { "stop_id": "osm-way-351686453", "name": "Área de Servicio Las Lagunas" }, "geometry": { "type": "Polygon", "coordinates": [ [ [ -4.2529623, 42.0519092 ], [ -4.2523309, 42.0516451 ], [ -4.2513559, 42.0511674 ], [ -4.2531901, 42.0499745 ], [ -4.2541691, 42.0508736 ], [ -4.2529623, 42.0519092 ] ] ] } },
{ "type": "Feature", "properties": { "stop_id": "osm-way-351686454", "name": "Área de Servicio Suco" }, "geometry": { "type": "Polygon", "coordinates": [ [ [ -4.2118537, 42.0763492 ], [ -4.2108289, 42.0756975 ], [ -4.209782, 42.0763735 ], [ -4.2089143, 42.0769337 ], [ -4.2087719, 42.0770256 ], [ -4.209996, 42.0783744 ], [ -4.2100424, 42.0784425 ], [ -4.2101482, 42.0785979 ], [ -4.2107156, 42.0782191 ], [ -4.2109628, 42.0779509 ], [ -4.2118537, 42.0763492 ] ] ] } },
{ "type": "Feature", "properties": { "stop_id": "osm-way-351686877", "name": "Área de Servicio Río Cavia" }, "geometry": { "type": "Polygon", "coordinates": [ [ [ -3.8489254, 42.2952496 ], [ -3.84932, 42.2948106 ], [ -3.8481836, 42.293486 ], [ -3.8460579, 42.294476 ], [ -3.8462432, 42.2947401 ], [ -3.8464201, 42.294725 ], [ -3.8465613, 42.2946973 ], [ -3.8470357, 42.2944193 ], [ -3.847148, 42.2941313 ], [ -3.8475799, 42.2947451 ], [ -3.8487108, 42.2953376 ], [ -3.8489254, 42.2952496 ] ] ] } },
{ "type": "Feature", "properties": { "stop_id": "osm-way-351687389", "name": "Área de Descanso Torquemada" }, "geometry": { "type": "Polygon", "coordinates": [ [ [ -4.3001815, 42.0309475 ], [ -4.2982116, 42.0315869 ], [ -4.2979964, 42.0316567 ], [ -4.2973916, 42.0318529 ], [ -4.2972528, 42.0318618 ], [ -4.2970496, 42.0318747 ], [ -4.2968591, 42.0314864 ], [ -4.2970315, 42.0314363 ], [ -4.2977759, 42.0312184 ], [ -4.2981734, 42.0310963 ], [ -4.2991408, 42.0307733 ], [ -4.2992678, 42.0307696 ], [ -4.3001595, 42.0307388 ], [ -4.3001815, 42.0309475 ] ] ] } },
{ "type": "Feature", "properties": { "stop_id": "osm-way-351687390", "name": "Área de Descanso Torquemada" }, "geometry": { "type": "Polygon", "coordinates": [ [ [ -4.3008557, 42.0310854 ], [ -4.2990309, 42.0317041 ], [ -4.2989112, 42.0318094 ], [ -4.2972597, 42.0323211 ], [ -4.2977483, 42.0327729 ], [ -4.2979731, 42.0327112 ], [ -4.2988305, 42.0323029 ], [ -4.2995023, 42.0320598 ], [ -4.2999054, 42.0319854 ], [ -4.300438, 42.0315009 ], [ -4.3008851, 42.0312124 ], [ -4.3008557, 42.0310854 ] ] ] } },
{ "type": "Feature", "properties": { "stop_id": "osm-way-351688632", "name": null }, "geometry": { "type": "Polygon", "coordinates": [ [ [ -4.080525, 42.1591576 ], [ -4.0795165, 42.1592057 ], [ -4.0806029, 42.1580892 ], [ -4.0810747, 42.1581662 ], [ -4.0812805, 42.1584714 ], [ -4.081282, 42.1585791 ], [ -4.0812376, 42.1586586 ], [ -4.0807678, 42.1590976 ], [ -4.0806852, 42.159135 ], [ -4.080525, 42.1591576 ] ] ] } },
{ "type": "Feature", "properties": { "stop_id": "osm-way-351690709", "name": null }, "geometry": { "type": "Polygon", "coordinates": [ [ [ -4.2811553, 42.0370119 ], [ -4.282278, 42.0362715 ], [ -4.2818086, 42.0353622 ], [ -4.2802527, 42.0363887 ], [ -4.2802953, 42.0364255 ], [ -4.2809611, 42.0370005 ], [ -4.2810449, 42.0370221 ], [ -4.2811553, 42.0370119 ] ] ] } },
{ "type": "Feature", "properties": { "stop_id": "osm-way-351695373", "name": null }, "geometry": { "type": "Polygon", "coordinates": [ [ [ -3.6020375, 40.8758564 ], [ -3.6021499, 40.8760581 ], [ -3.6035895, 40.876247 ], [ -3.604685, 40.8758075 ], [ -3.6039764, 40.8748229 ], [ -3.6020375, 40.8758564 ] ] ] } },
{ "type": "Feature", "properties": { "stop_id": "osm-way-351695374", "name": null }, "geometry": { "type": "Polygon", "coordinates": [ [ [ -3.5959724, 41.0952354 ], [ -3.5952894, 41.0966112 ], [ -3.5940287, 41.0974971 ], [ -3.5938634, 41.0975154 ], [ -3.5938189, 41.0974275 ], [ -3.5938828, 41.0970207 ], [ -3.5941259, 41.0963135 ], [ -3.5946615, 41.0954705 ], [ -3.5949477, 41.09502 ], [ -3.5959724, 41.0952354 ] ] ] } },
{ "type": "Feature", "properties": { "stop_id": "osm-way-351695375", "name": null }, "geometry": { "type": "Polygon", "coordinates": [ [ [ -3.6101204, 40.9070454 ], [ -3.6104281, 40.9069194 ], [ -3.610442, 40.9068729 ], [ -3.610182, 40.9063299 ], [ -3.6100907, 40.9062969 ], [ -3.6099239, 40.9063314 ], [ -3.6095885, 40.9064844 ], [ -3.609914, 40.9069974 ], [ -3.6101204, 40.9070454 ] ] ] } },
{ "type": "Feature", "properties": { "stop_id": "osm-way-351695376", "name": null }, "geometry": { "type": "Polygon", "coordinates": [ [ [ -3.6081729, 40.9056662 ], [ -3.6080812, 40.9049418 ], [ -3.6075201, 40.9049781 ], [ -3.6070595, 40.9050144 ], [ -3.606887, 40.9050953 ], [ -3.60697, 40.9057602 ], [ -3.6071883, 40.9057916 ], [ -3.6073258, 40.9057916 ], [ -3.6081729, 40.9056662 ] ] ] } },
{ "type": "Feature", "properties": { "stop_id": "osm-way-351695377", "name": null }, "geometry": { "type": "Polygon", "coordinates": [ [ [ -3.5792299, 40.716858 ], [ -3.5792581, 40.7166702 ], [ -3.5793843, 40.7164267 ], [ -3.579399, 40.7162047 ], [ -3.5794463, 40.7162014 ], [ -3.5794385, 40.7160632 ], [ -3.5793957, 40.7160564 ], [ -3.5794038, 40.7158099 ], [ -3.5792443, 40.7157767 ], [ -3.5784216, 40.7156401 ], [ -3.5784152, 40.7161651 ], [ -3.5785056, 40.7161845 ], [ -3.5785189, 40.7163683 ], [ -3.57859, 40.7163804 ], [ -3.5785961, 40.7168855 ], [ -3.5787224, 40.7169769 ], [ -3.5789501, 40.7169335 ], [ -3.5792299, 40.716858 ] ] ] } },
{ "type": "Feature", "properties": { "stop_id": "osm-way-351695476", "name": "Área de servicio Boceguillas" }, "geometry": { "type": "Polygon", "coordinates": [ [ [ -3.6341027, 41.32524 ], [ -3.6334134, 41.3257459 ], [ -3.633224, 41.3262313 ], [ -3.6325913, 41.3241566 ], [ -3.6322869, 41.3238539 ], [ -3.6318392, 41.3230105 ], [ -3.6309723, 41.322155 ], [ -3.6284379, 41.3235655 ], [ -3.6284829, 41.3240738 ], [ -3.6294113, 41.3234159 ], [ -3.6296142, 41.3234175 ], [ -3.6295765, 41.3236444 ], [ -3.6302912, 41.3236798 ], [ -3.6306075, 41.3238898 ], [ -3.6308825, 41.3238953 ], [ -3.6305277, 41.3242932 ], [ -3.6300113, 41.3249205 ], [ -3.6307522, 41.3256523 ], [ -3.6316671, 41.325696 ], [ -3.6316113, 41.3261418 ], [ -3.6314727, 41.326716 ], [ -3.6319005, 41.3272912 ], [ -3.6324263, 41.3284311 ], [ -3.6316848, 41.3287387 ], [ -3.6318138, 41.329025 ], [ -3.6321471, 41.3291895 ], [ -3.6327096, 41.3292776 ], [ -3.6331294, 41.3299553 ], [ -3.6338341, 41.3298208 ], [ -3.6346404, 41.330745 ], [ -3.636187, 41.3300595 ], [ -3.6373982, 41.329441 ], [ -3.6374925, 41.3292358 ], [ -3.6376927, 41.3290583 ], [ -3.6341027, 41.32524 ] ] ] } },
{ "type": "Feature", "properties": { "stop_id": "osm-way-351695477", "name": "Control De Pesaje Castillejo" }, "geometry": { "type": "Polygon", "coordinates": [ [ [ -3.6073063, 41.3027927 ], [ -3.6067329, 41.3019694 ], [ -3.6065631, 41.3020362 ], [ -3.6060308, 41.3022575 ], [ -3.6060075, 41.3022672 ], [ -3.6059867, 41.3022758 ], [ -3.6065469, 41.3030757 ], [ -3.606602, 41.3030555 ], [ -3.6071365, 41.3028595 ], [ -3.6073063, 41.3027927 ] ] ] } },
{ "type": "Feature", "properties": { "stop_id": "osm-way-351695478", "name": "Buquerín" }, "geometry": { "type": "Polygon", "coordinates": [ [ [ -3.5966741, 41.2597818 ], [ -3.5965798, 41.2596352 ], [ -3.595963, 41.2586581 ], [ -3.5964349, 41.2585016 ], [ -3.596369, 41.2582843 ], [ -3.5960653, 41.2578429 ], [ -3.5959921, 41.2577365 ], [ -3.5949224, 41.2580549 ], [ -3.5950272, 41.2582194 ], [ -3.5954375, 41.2588637 ], [ -3.5959993, 41.2597458 ], [ -3.5961356, 41.2599599 ], [ -3.5966741, 41.2597818 ] ] ] } },
{ "type": "Feature", "properties": { "stop_id": "osm-way-351695479", "name": "Área de Servicio El Soto" }, "geometry": { "type": "Polygon", "coordinates": [ [ [ -3.5914226, 41.2585349 ], [ -3.5918325, 41.2592892 ], [ -3.5921323, 41.2598409 ], [ -3.5921405, 41.2598628 ], [ -3.5913616, 41.260111 ], [ -3.5905927, 41.2603098 ], [ -3.5900495, 41.2595548 ], [ -3.5897626, 41.2591051 ], [ -3.5903953, 41.2587943 ], [ -3.5911019, 41.2585668 ], [ -3.5914226, 41.2585349 ] ] ] } },
{ "type": "Feature", "properties": { "stop_id": "osm-way-351706639", "name": "Area Los Potros" }, "geometry": { "type": "Polygon", "coordinates": [ [ [ -5.4424449, 37.5049832 ], [ -5.440561, 37.5054422 ], [ -5.4405595, 37.5044908 ], [ -5.4418155, 37.5042053 ], [ -5.4420223, 37.5046032 ], [ -5.4424449, 37.5049832 ] ] ] } },
{ "type": "Feature", "properties": { "stop_id": "osm-way-351848849", "name": "Lloc de repós Costa de Basselles" }, "geometry": { "type": "Polygon", "coordinates": [ [ [ 1.06504, 41.4023309 ], [ 1.0651613, 41.4024485 ], [ 1.0652267, 41.4025073 ], [ 1.0652787, 41.4025485 ], [ 1.0653385, 41.4025841 ], [ 1.0654396, 41.4026199 ], [ 1.0655376, 41.4026437 ], [ 1.0656952, 41.4026772 ], [ 1.0658414, 41.4027014 ], [ 1.0660324, 41.4027278 ], [ 1.0661118, 41.4027325 ], [ 1.0661995, 41.4027339 ], [ 1.0664941, 41.4027249 ], [ 1.0668085, 41.4027041 ], [ 1.0670585, 41.402682 ], [ 1.0671641, 41.4026666 ], [ 1.0672739, 41.4026466 ], [ 1.0667295, 41.4025214 ], [ 1.0661461, 41.402418 ], [ 1.0658515, 41.402375 ], [ 1.0655344, 41.4023515 ], [ 1.0652027, 41.4023327 ], [ 1.06504, 41.4023309 ] ] ] } },
{ "type": "Feature", "properties": { "stop_id": "osm-way-351848851", "name": "Àrea de Servei de Montblanc" }, "geometry": { "type": "Polygon", "coordinates": [ [ [ 1.1870717, 41.387834 ], [ 1.188121, 41.3889012 ], [ 1.1888731, 41.3891592 ], [ 1.1897825, 41.389098 ], [ 1.1907736, 41.388735 ], [ 1.1919861, 41.3883807 ], [ 1.1919278, 41.3881664 ], [ 1.1896426, 41.3879521 ], [ 1.1885116, 41.387799 ], [ 1.1873107, 41.3875847 ], [ 1.1870717, 41.387834 ] ] ] } },
{ "type": "Feature", "properties": { "stop_id": "osm-way-351848852", "name": "Àrea de Servei de Montblanc" }, "geometry": { "type": "Polygon", "coordinates": [ [ [ 1.1870017, 41.3870817 ], [ 1.1870251, 41.3868674 ], [ 1.1878645, 41.3867493 ], [ 1.1889897, 41.3862988 ], [ 1.1898117, 41.3861369 ], [ 1.190454, 41.3862502 ], [ 1.1907767, 41.3863479 ], [ 1.1910592, 41.3865437 ], [ 1.1917063, 41.3871079 ], [ 1.1920852, 41.3874272 ], [ 1.1915897, 41.3876197 ], [ 1.1904704, 41.3875278 ], [ 1.1896134, 41.3873966 ], [ 1.188156, 41.3872129 ], [ 1.1870017, 41.3870817 ] ] ] } },
{ "type": "Feature", "properties": { "stop_id": "osm-way-352685352", "name": null }, "geometry": { "type": "Polygon", "coordinates": [ [ [ -3.3510529, 40.2501818 ], [ -3.3506579, 40.2503741 ], [ -3.3505209, 40.250457 ], [ -3.3488716, 40.2491533 ], [ -3.3489457, 40.2490888 ], [ -3.3490145, 40.2490023 ], [ -3.3490165, 40.2489369 ], [ -3.3490008, 40.2488568 ], [ -3.3489564, 40.2487488 ], [ -3.3488676, 40.2485727 ], [ -3.348929, 40.2485307 ], [ -3.3499472, 40.2491045 ], [ -3.3510607, 40.2499693 ], [ -3.3510855, 40.2501432 ], [ -3.3510529, 40.2501818 ] ] ] } },
{ "type": "Feature", "properties": { "stop_id": "osm-way-352887346", "name": "La Selva" }, "geometry": { "type": "Polygon", "coordinates": [ [ [ 2.7402948, 41.7757917 ], [ 2.7405176, 41.7755784 ], [ 2.7404273, 41.7754502 ], [ 2.7403343, 41.7753612 ], [ 2.7401145, 41.7751978 ], [ 2.740008, 41.7751087 ], [ 2.7398433, 41.7749236 ], [ 2.7396953, 41.7747064 ], [ 2.7396345, 41.7746038 ], [ 2.7394871, 41.7741182 ], [ 2.7393619, 41.7739435 ], [ 2.7393484, 41.7739062 ], [ 2.739335, 41.7738339 ], [ 2.7391649, 41.7737763 ], [ 2.7390196, 41.7738746 ], [ 2.7389258, 41.7739054 ], [ 2.7388209, 41.7739245 ], [ 2.73876, 41.7739415 ], [ 2.7387293, 41.7739643 ], [ 2.7386634, 41.77402 ], [ 2.7386346, 41.7740901 ], [ 2.7386349, 41.7742273 ], [ 2.7387496, 41.7746359 ], [ 2.7387147, 41.7747626 ], [ 2.7386673, 41.7748892 ], [ 2.738644, 41.7750288 ], [ 2.738683, 41.7751042 ], [ 2.738762, 41.7752094 ], [ 2.7389241, 41.7753891 ], [ 2.7392005, 41.775657 ], [ 2.7392658, 41.7757062 ], [ 2.7393773, 41.7757663 ], [ 2.7395037, 41.7757933 ], [ 2.7396209, 41.7757759 ], [ 2.7397797, 41.7757274 ], [ 2.7398889, 41.7757199 ], [ 2.7400058, 41.7757262 ], [ 2.7401269, 41.7757527 ], [ 2.7402948, 41.7757917 ] ] ] } },
{ "type": "Feature", "properties": { "stop_id": "osm-way-352887347", "name": "La Selva" }, "geometry": { "type": "Polygon", "coordinates": [ [ [ 2.7390837, 41.7719715 ], [ 2.739356, 41.7717803 ], [ 2.7400911, 41.7718852 ], [ 2.7401951, 41.7719112 ], [ 2.7403074, 41.771965 ], [ 2.7403884, 41.772037 ], [ 2.7404402, 41.7721183 ], [ 2.7404899, 41.7722128 ], [ 2.7405105, 41.7723088 ], [ 2.7405244, 41.7723942 ], [ 2.7405092, 41.7724842 ], [ 2.740486, 41.772567 ], [ 2.7404357, 41.7726391 ], [ 2.7403519, 41.7727057 ], [ 2.740118, 41.7728189 ], [ 2.7400905, 41.7728591 ], [ 2.7401565, 41.7730635 ], [ 2.7402298, 41.7732222 ], [ 2.7402685, 41.7733094 ], [ 2.7403397, 41.7734373 ], [ 2.740411, 41.7735188 ], [ 2.7408989, 41.7734522 ], [ 2.7415907, 41.7738639 ], [ 2.7412085, 41.7742058 ], [ 2.741144, 41.7742347 ], [ 2.7410671, 41.7742621 ], [ 2.7409621, 41.7742727 ], [ 2.7408827, 41.7742641 ], [ 2.7408284, 41.7742381 ], [ 2.7407575, 41.7741842 ], [ 2.7406748, 41.7740878 ], [ 2.740404, 41.7737156 ], [ 2.7402112, 41.773433 ], [ 2.7401092, 41.7732476 ], [ 2.7400563, 41.7731297 ], [ 2.7400325, 41.7730522 ], [ 2.7399737, 41.772882 ], [ 2.7399496, 41.7728671 ], [ 2.7399235, 41.7728511 ], [ 2.7398611, 41.7728481 ], [ 2.7397342, 41.7727769 ], [ 2.7397034, 41.7725849 ], [ 2.7395522, 41.7726393 ], [ 2.7390837, 41.7719715 ] ] ] } },
{ "type": "Feature", "properties": { "stop_id": "osm-way-355569509", "name": null }, "geometry": { "type": "Polygon", "coordinates": [ [ [ 1.8812209, 41.7730597 ], [ 1.8809786, 41.7727862 ], [ 1.8812076, 41.7727441 ], [ 1.8814284, 41.7727751 ], [ 1.8815429, 41.7728407 ], [ 1.8816341, 41.7729248 ], [ 1.8816989, 41.7729979 ], [ 1.8817287, 41.7730919 ], [ 1.8817038, 41.773186 ], [ 1.8816258, 41.7733036 ], [ 1.8814566, 41.7733506 ], [ 1.8812209, 41.7730597 ] ] ] } },
{ "type": "Feature", "properties": { "stop_id": "osm-way-359234819", "name": null }, "geometry": { "type": "Polygon", "coordinates": [ [ [ -7.9636254, 42.8894986 ], [ -7.962953, 42.8888895 ], [ -7.962964, 42.8890195 ], [ -7.9628532, 42.8890844 ], [ -7.963097, 42.8893605 ], [ -7.9633261, 42.8895094 ], [ -7.9635293, 42.8895852 ], [ -7.9636254, 42.8894986 ] ] ] } },
{ "type": "Feature", "properties": { "stop_id": "osm-way-359364886", "name": "Aparcamiento del Puente de la Cantina 1" }, "geometry": { "type": "Polygon", "coordinates": [ [ [ -4.0176331, 40.8234369 ], [ -4.0174787, 40.823386 ], [ -4.0174626, 40.8233642 ], [ -4.0174691, 40.823343 ], [ -4.0173655, 40.8233065 ], [ -4.0173412, 40.8232935 ], [ -4.0172951, 40.8232606 ], [ -4.0172674, 40.8232238 ], [ -4.0172464, 40.8232256 ], [ -4.017247, 40.8232553 ], [ -4.0170562, 40.8233693 ], [ -4.0170763, 40.8234138 ], [ -4.0170919, 40.8234356 ], [ -4.0171029, 40.8234458 ], [ -4.017144, 40.823473 ], [ -4.0171704, 40.8234857 ], [ -4.0172367, 40.823505 ], [ -4.0173041, 40.8235205 ], [ -4.0174301, 40.8235345 ], [ -4.017531, 40.823545 ], [ -4.0178561, 40.8235637 ], [ -4.017868, 40.8235496 ], [ -4.0177978, 40.8235028 ], [ -4.0176331, 40.8234369 ] ] ] } },
{ "type": "Feature", "properties": { "stop_id": "osm-way-359634478", "name": null }, "geometry": { "type": "Polygon", "coordinates": [ [ [ -4.680665, 37.9401667 ], [ -4.6809395, 37.9403291 ], [ -4.6810559, 37.9403575 ], [ -4.6811553, 37.9403658 ], [ -4.6813411, 37.9403382 ], [ -4.6812152, 37.9404223 ], [ -4.6810216, 37.940594 ], [ -4.6809324, 37.9406912 ], [ -4.6807725, 37.9408936 ], [ -4.6806625, 37.9408378 ], [ -4.680665, 37.9401667 ] ] ] } },
{ "type": "Feature", "properties": { "stop_id": "osm-way-360153495", "name": "Vertedero Vegetal" }, "geometry": { "type": "Polygon", "coordinates": [ [ [ -4.6788694, 37.9531843 ], [ -4.6786102, 37.9539018 ], [ -4.6786075, 37.9547319 ], [ -4.6779039, 37.9546393 ], [ -4.6778976, 37.9543693 ], [ -4.6778966, 37.9543123 ], [ -4.6778865, 37.9537227 ], [ -4.6779389, 37.9537334 ], [ -4.6781731, 37.953714 ], [ -4.6783179, 37.9536775 ], [ -4.6784381, 37.9536241 ], [ -4.6785732, 37.9535353 ], [ -4.6786725, 37.9534451 ], [ -4.6788694, 37.9531843 ] ] ] } },
{ "type": "Feature", "properties": { "stop_id": "osm-way-361919372", "name": null }, "geometry": { "type": "Polygon", "coordinates": [ [ [ -2.1570425, 39.4850563 ], [ -2.1560585, 39.4850846 ], [ -2.1559796, 39.4850498 ], [ -2.1558132, 39.4850476 ], [ -2.1554805, 39.4850737 ], [ -2.1555905, 39.484014 ], [ -2.1559908, 39.4839269 ], [ -2.156129, 39.4838725 ], [ -2.1562925, 39.483779 ], [ -2.1564617, 39.4836789 ], [ -2.1565886, 39.4835614 ], [ -2.1567042, 39.4834482 ], [ -2.1567634, 39.4833416 ], [ -2.1570679, 39.4839901 ], [ -2.1569551, 39.484064 ], [ -2.1568903, 39.4841163 ], [ -2.156848, 39.4841598 ], [ -2.1568113, 39.4842381 ], [ -2.156817, 39.4843121 ], [ -2.1568931, 39.4844361 ], [ -2.1569805, 39.4845994 ], [ -2.1570171, 39.4846646 ], [ -2.1570369, 39.4847604 ], [ -2.1570482, 39.4848888 ], [ -2.1570425, 39.4850563 ] ] ] } },
{ "type": "Feature", "properties": { "stop_id": "osm-way-362044079", "name": null }, "geometry": { "type": "Polygon", "coordinates": [ [ [ -2.2814227, 39.5953626 ], [ -2.2813935, 39.5948551 ], [ -2.2788642, 39.595068 ], [ -2.2793684, 39.5957624 ], [ -2.279921, 39.5965003 ], [ -2.2803817, 39.5970692 ], [ -2.2810871, 39.5978571 ], [ -2.281195, 39.5978416 ], [ -2.2812031, 39.5975998 ], [ -2.2812782, 39.5973042 ], [ -2.2812835, 39.5965891 ], [ -2.2812346, 39.5957994 ], [ -2.2814227, 39.5953626 ] ] ] } },
{ "type": "Feature", "properties": { "stop_id": "osm-way-362377098", "name": null }, "geometry": { "type": "Polygon", "coordinates": [ [ [ -8.1874125, 43.2604671 ], [ -8.1873867, 43.2605263 ], [ -8.1872975, 43.2605984 ], [ -8.1871608, 43.2606432 ], [ -8.1870677, 43.2606489 ], [ -8.1869369, 43.2606215 ], [ -8.1868438, 43.2605537 ], [ -8.1866734, 43.2602291 ], [ -8.1865262, 43.2599268 ], [ -8.1865338, 43.2598603 ], [ -8.1865861, 43.2598212 ], [ -8.1866732, 43.2598203 ], [ -8.1867631, 43.2598554 ], [ -8.1868764, 43.2600122 ], [ -8.1869667, 43.2600977 ], [ -8.1870855, 43.2601684 ], [ -8.1871321, 43.2602348 ], [ -8.1872438, 43.2603207 ], [ -8.1874122, 43.2604477 ], [ -8.1874125, 43.2604671 ] ] ] } },
{ "type": "Feature", "properties": { "stop_id": "osm-way-362377099", "name": null }, "geometry": { "type": "Polygon", "coordinates": [ [ [ -8.189184, 43.2612098 ], [ -8.1891293, 43.2612098 ], [ -8.1889204, 43.2612098 ], [ -8.1885717, 43.2609083 ], [ -8.1886359, 43.2608013 ], [ -8.1886609, 43.2607596 ], [ -8.1887342, 43.2607582 ], [ -8.1889403, 43.2607871 ], [ -8.1891245, 43.2608707 ], [ -8.1892117, 43.2609732 ], [ -8.1892315, 43.2611117 ], [ -8.189184, 43.2612098 ] ] ] } },
{ "type": "Feature", "properties": { "stop_id": "osm-way-363024769", "name": null }, "geometry": { "type": "Polygon", "coordinates": [ [ [ 3.1540564, 41.9234349 ], [ 3.1544644, 41.923677 ], [ 3.1544042, 41.923693 ], [ 3.1542974, 41.9237215 ], [ 3.1542886, 41.9237018 ], [ 3.1539157, 41.9238013 ], [ 3.1539263, 41.9238183 ], [ 3.1537049, 41.9238748 ], [ 3.153629, 41.9238942 ], [ 3.1536167, 41.9239086 ], [ 3.1535868, 41.9238929 ], [ 3.154016, 41.9234153 ], [ 3.1540564, 41.9234349 ] ] ] } },
{ "type": "Feature", "properties": { "stop_id": "osm-way-363460974", "name": null }, "geometry": { "type": "Polygon", "coordinates": [ [ [ 0.6554891, 41.6140553 ], [ 0.6550934, 41.6137417 ], [ 0.654966, 41.6136413 ], [ 0.6553575, 41.6135203 ], [ 0.655403, 41.6135062 ], [ 0.6554852, 41.6134808 ], [ 0.6555756, 41.6134494 ], [ 0.6557519, 41.613543 ], [ 0.655756, 41.6135448 ], [ 0.6557125, 41.6136642 ], [ 0.6554891, 41.6140553 ] ] ] } },
{ "type": "Feature", "properties": { "stop_id": "osm-way-364483116", "name": null }, "geometry": { "type": "Polygon", "coordinates": [ [ [ -6.9252563, 42.0399186 ], [ -6.9251786, 42.0400322 ], [ -6.9253051, 42.039973 ], [ -6.9252563, 42.0399186 ] ] ] } },
{ "type": "Feature", "properties": { "stop_id": "osm-way-364676879", "name": null }, "geometry": { "type": "Polygon", "coordinates": [ [ [ -6.7184724, 41.9554232 ], [ -6.7183728, 41.9553516 ], [ -6.7182292, 41.9553926 ], [ -6.7181773, 41.9555082 ], [ -6.7181519, 41.9552464 ], [ -6.7183309, 41.9553138 ], [ -6.7184951, 41.9553804 ], [ -6.7184724, 41.9554232 ] ] ] } },
{ "type": "Feature", "properties": { "stop_id": "osm-way-366389992", "name": null }, "geometry": { "type": "Polygon", "coordinates": [ [ [ -8.3298738, 43.1049952 ], [ -8.3297692, 43.1050775 ], [ -8.3297504, 43.1051421 ], [ -8.3298148, 43.105193 ], [ -8.3298733, 43.1051796 ], [ -8.3300335, 43.1052143 ], [ -8.3298738, 43.1049952 ] ] ] } },
{ "type": "Feature", "properties": { "stop_id": "osm-way-366837545", "name": null }, "geometry": { "type": "Polygon", "coordinates": [ [ [ -8.2486661, 43.2116092 ], [ -8.2484243, 43.2116506 ], [ -8.2484449, 43.2117564 ], [ -8.248218, 43.2118014 ], [ -8.2481662, 43.2117416 ], [ -8.2479778, 43.2115605 ], [ -8.2480126, 43.211515 ], [ -8.2481986, 43.2114582 ], [ -8.2483343, 43.2114389 ], [ -8.2484855, 43.211473 ], [ -8.2486092, 43.211557 ], [ -8.2486392, 43.2115792 ], [ -8.2486661, 43.2116092 ] ] ] } },
{ "type": "Feature", "properties": { "stop_id": "osm-way-367008752", "name": null }, "geometry": { "type": "Polygon", "coordinates": [ [ [ -8.4918092, 43.0810508 ], [ -8.4919408, 43.0808791 ], [ -8.491647, 43.0807641 ], [ -8.4915302, 43.0809489 ], [ -8.4918092, 43.0810508 ] ] ] } },
{ "type": "Feature", "properties": { "stop_id": "osm-way-368017409", "name": "Praza de Manuel Fraga Iribarne" }, "geometry": { "type": "Polygon", "coordinates": [ [ [ -7.1927623, 42.5876868 ], [ -7.1925013, 42.5877549 ], [ -7.1924668, 42.5876893 ], [ -7.1925375, 42.587486 ], [ -7.1925927, 42.5874372 ], [ -7.1926347, 42.5874339 ], [ -7.1927623, 42.5876868 ] ] ] } },
{ "type": "Feature", "properties": { "stop_id": "osm-way-368530926", "name": null }, "geometry": { "type": "Polygon", "coordinates": [ [ [ -7.135234, 42.6475252 ], [ -7.1350968, 42.6476316 ], [ -7.1349561, 42.6477533 ], [ -7.1348179, 42.6477896 ], [ -7.1346575, 42.6477769 ], [ -7.1345316, 42.6477515 ], [ -7.1344033, 42.6477115 ], [ -7.1342677, 42.647648 ], [ -7.135234, 42.6475252 ] ] ] } },
{ "type": "Feature", "properties": { "stop_id": "osm-way-368530928", "name": null }, "geometry": { "type": "Polygon", "coordinates": [ [ [ -7.1380914, 42.6474373 ], [ -7.1381043, 42.6475732 ], [ -7.1380595, 42.6477007 ], [ -7.1379749, 42.6477739 ], [ -7.1377926, 42.6478303 ], [ -7.1376014, 42.6478428 ], [ -7.1373949, 42.6478156 ], [ -7.1371663, 42.6477078 ], [ -7.1373627, 42.6477361 ], [ -7.1375725, 42.6477142 ], [ -7.1377764, 42.647655 ], [ -7.1379262, 42.6475858 ], [ -7.1380239, 42.6475127 ], [ -7.1380914, 42.6474373 ] ] ] } },
{ "type": "Feature", "properties": { "stop_id": "osm-way-368607217", "name": null }, "geometry": { "type": "Polygon", "coordinates": [ [ [ -7.159895, 42.657657 ], [ -7.159923, 42.6577454 ], [ -7.1598832, 42.6578689 ], [ -7.1598169, 42.6578721 ], [ -7.1597485, 42.6577844 ], [ -7.1597522, 42.6577186 ], [ -7.159895, 42.657657 ] ] ] } },
{ "type": "Feature", "properties": { "stop_id": "osm-way-368632818", "name": null }, "geometry": { "type": "Polygon", "coordinates": [ [ [ -7.1218442, 42.6283879 ], [ -7.1218112, 42.6283215 ], [ -7.1216114, 42.6283176 ], [ -7.1215483, 42.628355 ], [ -7.1214411, 42.628358 ], [ -7.1214491, 42.6284083 ], [ -7.1215685, 42.6284567 ], [ -7.1218442, 42.6283879 ] ] ] } },
{ "type": "Feature", "properties": { "stop_id": "osm-way-369091497", "name": "Área de servicio de la CM-42" }, "geometry": { "type": "Polygon", "coordinates": [ [ [ -3.2736362, 39.3951165 ], [ -3.2736453, 39.3949524 ], [ -3.2735865, 39.3947009 ], [ -3.2735683, 39.3944245 ], [ -3.2732675, 39.3942878 ], [ -3.2730236, 39.3942115 ], [ -3.2725018, 39.3944878 ], [ -3.272321, 39.3946205 ], [ -3.2736362, 39.3951165 ] ] ] } },
{ "type": "Feature", "properties": { "stop_id": "osm-way-369091499", "name": "Área de servicio de la CM-42" }, "geometry": { "type": "Polygon", "coordinates": [ [ [ -3.2726329, 39.3952807 ], [ -3.2725651, 39.3955775 ], [ -3.2726279, 39.3958193 ], [ -3.2731452, 39.3959994 ], [ -3.2732927, 39.3959163 ], [ -3.2736362, 39.3957941 ], [ -3.2738514, 39.3957002 ], [ -3.2736679, 39.3956544 ], [ -3.2732295, 39.3955321 ], [ -3.2726329, 39.3952807 ] ] ] } },
{ "type": "Feature", "properties": { "stop_id": "osm-way-369094182", "name": null }, "geometry": { "type": "Polygon", "coordinates": [ [ [ -3.7117955, 39.5968091 ], [ -3.7115878, 39.5967231 ], [ -3.7114839, 39.5966728 ], [ -3.7114224, 39.5965779 ], [ -3.7113801, 39.5964357 ], [ -3.7114378, 39.5960533 ], [ -3.7115763, 39.5957273 ], [ -3.7116955, 39.5955999 ], [ -3.7117224, 39.5960178 ], [ -3.7117532, 39.5966342 ], [ -3.7117955, 39.5968091 ] ] ] } },
{ "type": "Feature", "properties": { "stop_id": "osm-way-369094186", "name": "Área de servicio de la CM-42" }, "geometry": { "type": "Polygon", "coordinates": [ [ [ -3.5848444, 39.4767965 ], [ -3.5846401, 39.4769097 ], [ -3.5844987, 39.4770836 ], [ -3.583865, 39.4770351 ], [ -3.583755, 39.4768814 ], [ -3.5836345, 39.4767399 ], [ -3.5835036, 39.4766227 ], [ -3.5834999, 39.4765859 ], [ -3.5845773, 39.4767157 ], [ -3.5848298, 39.4766974 ], [ -3.5848444, 39.4767965 ] ] ] } },
{ "type": "Feature", "properties": { "stop_id": "osm-way-369094187", "name": "Área de servicio de la CM-42" }, "geometry": { "type": "Polygon", "coordinates": [ [ [ -3.5847606, 39.4761254 ], [ -3.5842945, 39.4760284 ], [ -3.583535, 39.4759435 ], [ -3.5836136, 39.4758626 ], [ -3.5839331, 39.4757171 ], [ -3.5840692, 39.4756767 ], [ -3.584682, 39.4757616 ], [ -3.5848287, 39.4760082 ], [ -3.5847606, 39.4761254 ] ] ] } },
{ "type": "Feature", "properties": { "stop_id": "osm-way-369097659", "name": "Área de servicio de la CM-42" }, "geometry": { "type": "Polygon", "coordinates": [ [ [ -3.8360137, 39.6933649 ], [ -3.8357041, 39.6934842 ], [ -3.8356315, 39.6934568 ], [ -3.8356273, 39.6934096 ], [ -3.8355894, 39.6933491 ], [ -3.8354922, 39.6932791 ], [ -3.8353316, 39.6932283 ], [ -3.8350442, 39.6926726 ], [ -3.8355604, 39.6926157 ], [ -3.8358313, 39.69307 ], [ -3.835897, 39.6930428 ], [ -3.8359915, 39.6931975 ], [ -3.8359251, 39.6932226 ], [ -3.8360137, 39.6933649 ] ] ] } },
{ "type": "Feature", "properties": { "stop_id": "osm-way-369097660", "name": "Área de servicio de la CM-42" }, "geometry": { "type": "Polygon", "coordinates": [ [ [ -3.8330105, 39.6912399 ], [ -3.8323302, 39.6914547 ], [ -3.832702, 39.6921922 ], [ -3.8329036, 39.6921292 ], [ -3.833169, 39.6920383 ], [ -3.833356, 39.6919665 ], [ -3.8333311, 39.6918876 ], [ -3.8331489, 39.691646 ], [ -3.83307, 39.6915454 ], [ -3.8330951, 39.6914703 ], [ -3.833107, 39.6913927 ], [ -3.8330939, 39.6913474 ], [ -3.8330105, 39.6912399 ] ] ] } },
{ "type": "Feature", "properties": { "stop_id": "osm-way-369548375", "name": null }, "geometry": { "type": "Polygon", "coordinates": [ [ [ -3.9839682, 39.9591186 ], [ -3.9837085, 39.9593529 ], [ -3.9834824, 39.9595969 ], [ -3.9834908, 39.9598023 ], [ -3.9836373, 39.9598055 ], [ -3.983876, 39.959584 ], [ -3.9840938, 39.9592567 ], [ -3.9839682, 39.9591186 ] ] ] } },
{ "type": "Feature", "properties": { "stop_id": "osm-way-369548376", "name": null }, "geometry": { "type": "Polygon", "coordinates": [ [ [ -3.9853234, 39.9586455 ], [ -3.9851894, 39.9588605 ], [ -3.9849968, 39.9590788 ], [ -3.9848838, 39.9591077 ], [ -3.9848168, 39.9590499 ], [ -3.984888, 39.9586936 ], [ -3.9851876, 39.9583911 ], [ -3.9852664, 39.9584304 ], [ -3.9853234, 39.9586455 ] ] ] } },
{ "type": "Feature", "properties": { "stop_id": "osm-way-369896389", "name": null }, "geometry": { "type": "Polygon", "coordinates": [ [ [ -8.3179092, 43.2700725 ], [ -8.3178968, 43.2698792 ], [ -8.3175935, 43.269901 ], [ -8.3175973, 43.2699774 ], [ -8.3176701, 43.2700215 ], [ -8.3177507, 43.2700562 ], [ -8.3178242, 43.2700648 ], [ -8.3179092, 43.2700725 ] ] ] } },
{ "type": "Feature", "properties": { "stop_id": "osm-way-370445585", "name": null }, "geometry": { "type": "Polygon", "coordinates": [ [ [ 2.8324352, 39.612563 ], [ 2.8324989, 39.6122276 ], [ 2.8313062, 39.6120695 ], [ 2.8312885, 39.6122331 ], [ 2.8324352, 39.612563 ] ] ] } },
{ "type": "Feature", "properties": { "stop_id": "osm-way-370454662", "name": null }, "geometry": { "type": "Polygon", "coordinates": [ [ [ -0.1928221, 39.8172067 ], [ -0.1929975, 39.8171898 ], [ -0.1933765, 39.8171787 ], [ -0.1935277, 39.8171951 ], [ -0.1932763, 39.8172178 ], [ -0.1931168, 39.8172207 ], [ -0.1928221, 39.8172067 ] ] ] } },
{ "type": "Feature", "properties": { "stop_id": "osm-way-370539926", "name": null }, "geometry": { "type": "Polygon", "coordinates": [ [ [ -3.4489685, 39.9411118 ], [ -3.4487668, 39.941044 ], [ -3.4486925, 39.940951 ], [ -3.4484248, 39.9408749 ], [ -3.4483244, 39.9409029 ], [ -3.4481236, 39.9408368 ], [ -3.4483442, 39.9404549 ], [ -3.4491831, 39.9407292 ], [ -3.4489685, 39.9411118 ] ] ] } },
{ "type": "Feature", "properties": { "stop_id": "osm-way-370541953", "name": null }, "geometry": { "type": "Polygon", "coordinates": [ [ [ -3.6461632, 40.1053665 ], [ -3.6455332, 40.1047764 ], [ -3.6457066, 40.1046572 ], [ -3.6457986, 40.1046708 ], [ -3.6459756, 40.1048034 ], [ -3.6461702, 40.1049848 ], [ -3.6464817, 40.1052474 ], [ -3.6463578, 40.105334 ], [ -3.6464852, 40.1054693 ], [ -3.6463932, 40.1054991 ], [ -3.6462481, 40.1054315 ], [ -3.6461632, 40.1053665 ] ] ] } },
{ "type": "Feature", "properties": { "stop_id": "osm-way-370541961", "name": null }, "geometry": { "type": "Polygon", "coordinates": [ [ [ -3.6457986, 40.1046708 ], [ -3.6458736, 40.1046201 ], [ -3.6455943, 40.1043506 ], [ -3.6455814, 40.1042224 ], [ -3.6453279, 40.1043917 ], [ -3.6453365, 40.1044525 ], [ -3.645214, 40.1045182 ], [ -3.6455332, 40.1047764 ], [ -3.6457066, 40.1046572 ], [ -3.6457986, 40.1046708 ] ] ] } },
{ "type": "Feature", "properties": { "stop_id": "osm-way-370916686", "name": "Area de descanso La Guardia" }, "geometry": { "type": "Polygon", "coordinates": [ [ [ -3.4802721, 39.8140113 ], [ -3.4805795, 39.8140432 ], [ -3.4809754, 39.8158575 ], [ -3.4808908, 39.8171567 ], [ -3.4806549, 39.8171498 ], [ -3.4803122, 39.8155362 ], [ -3.4801876, 39.8143464 ], [ -3.4802721, 39.8140113 ] ] ] } },
{ "type": "Feature", "properties": { "stop_id": "osm-way-371285687", "name": null }, "geometry": { "type": "Polygon", "coordinates": [ [ [ -1.7784531, 42.7103514 ], [ -1.7784271, 42.7104207 ], [ -1.7779793, 42.7116114 ], [ -1.7775828, 42.7117793 ], [ -1.777345, 42.7117896 ], [ -1.7772004, 42.711769 ], [ -1.7773403, 42.7113783 ], [ -1.777858, 42.7099697 ], [ -1.7779966, 42.7098267 ], [ -1.7784531, 42.7103514 ] ] ] } },
{ "type": "Feature", "properties": { "stop_id": "osm-way-371285688", "name": null }, "geometry": { "type": "Polygon", "coordinates": [ [ [ -1.7774994, 42.7099822 ], [ -1.7773734, 42.7099136 ], [ -1.7771005, 42.7101227 ], [ -1.7768837, 42.7102187 ], [ -1.7767637, 42.7104159 ], [ -1.7762739, 42.711756 ], [ -1.776675, 42.7118948 ], [ -1.7768103, 42.7118999 ], [ -1.7771755, 42.710948 ], [ -1.7774994, 42.7099822 ] ] ] } },
{ "type": "Feature", "properties": { "stop_id": "osm-way-371720803", "name": "Repsol" }, "geometry": { "type": "Polygon", "coordinates": [ [ [ -4.4405192, 36.7115536 ], [ -4.4405022, 36.7115656 ], [ -4.4404752, 36.7115403 ], [ -4.4404499, 36.7115578 ], [ -4.4404773, 36.7115835 ], [ -4.4403683, 36.7116638 ], [ -4.4403631, 36.7116676 ], [ -4.4403196, 36.7116977 ], [ -4.4403457, 36.7117218 ], [ -4.4404221, 36.7117926 ], [ -4.4404432, 36.7118122 ], [ -4.4404789, 36.7118454 ], [ -4.440493, 36.7118586 ], [ -4.4406343, 36.7116824 ], [ -4.4405192, 36.7115536 ] ] ] } },
{ "type": "Feature", "properties": { "stop_id": "osm-way-371756444", "name": null }, "geometry": { "type": "Polygon", "coordinates": [ [ [ -6.2372612, 36.5238344 ], [ -6.2372865, 36.5243736 ], [ -6.2373018, 36.5244399 ], [ -6.2371864, 36.5244366 ], [ -6.2370494, 36.5244223 ], [ -6.236808, 36.524341 ], [ -6.2365923, 36.5242516 ], [ -6.2363862, 36.5241247 ], [ -6.2363529, 36.5240733 ], [ -6.2363424, 36.5240082 ], [ -6.2363697, 36.5239455 ], [ -6.2364194, 36.523904 ], [ -6.2364712, 36.5238871 ], [ -6.2364711, 36.5238508 ], [ -6.2371879, 36.5238369 ], [ -6.2372612, 36.5238344 ] ] ] } },
{ "type": "Feature", "properties": { "stop_id": "osm-way-373391861", "name": null }, "geometry": { "type": "Polygon", "coordinates": [ [ [ -8.2198107, 42.6872958 ], [ -8.2193011, 42.6869093 ], [ -8.2193869, 42.6868975 ], [ -8.2197303, 42.6870197 ], [ -8.2199877, 42.6871932 ], [ -8.2198107, 42.6872958 ] ] ] } },
{ "type": "Feature", "properties": { "stop_id": "osm-way-373395184", "name": null }, "geometry": { "type": "Polygon", "coordinates": [ [ [ -8.3425178, 42.7584028 ], [ -8.34244, 42.7582965 ], [ -8.3424561, 42.758261 ], [ -8.3424856, 42.7582393 ], [ -8.3425205, 42.7582354 ], [ -8.3426224, 42.758326 ], [ -8.3425178, 42.7584028 ] ] ] } },
{ "type": "Feature", "properties": { "stop_id": "osm-way-374485590", "name": null }, "geometry": { "type": "Polygon", "coordinates": [ [ [ -8.5925235, 43.2503417 ], [ -8.5923142, 43.2506626 ], [ -8.5910309, 43.2502635 ], [ -8.5925235, 43.2503417 ] ] ] } },
{ "type": "Feature", "properties": { "stop_id": "osm-way-375159292", "name": null }, "geometry": { "type": "Polygon", "coordinates": [ [ [ -7.7870896, 43.0297856 ], [ -7.7868151, 43.029613 ], [ -7.7867215, 43.0295796 ], [ -7.7862104, 43.0296244 ], [ -7.7861193, 43.0296583 ], [ -7.7859541, 43.0298705 ], [ -7.7865072, 43.0298628 ], [ -7.7868428, 43.0298582 ], [ -7.7868444, 43.0298955 ], [ -7.7868617, 43.0303119 ], [ -7.7871173, 43.0303151 ], [ -7.787095, 43.0298883 ], [ -7.7870896, 43.0297856 ] ] ] } },
{ "type": "Feature", "properties": { "stop_id": "osm-way-375346738", "name": null }, "geometry": { "type": "Polygon", "coordinates": [ [ [ -8.1117692, 42.6552081 ], [ -8.1113119, 42.6550814 ], [ -8.1113784, 42.6549821 ], [ -8.1114515, 42.6549229 ], [ -8.1116163, 42.6547704 ], [ -8.1119256, 42.6548528 ], [ -8.1117692, 42.6552081 ] ] ] } },
{ "type": "Feature", "properties": { "stop_id": "osm-way-378016498", "name": "Area de descanso" }, "geometry": { "type": "Polygon", "coordinates": [ [ [ -4.7434146, 41.0886482 ], [ -4.7429353, 41.0878748 ], [ -4.7420451, 41.0875697 ], [ -4.7432805, 41.089196 ], [ -4.7434146, 41.0886482 ] ] ] } },
{ "type": "Feature", "properties": { "stop_id": "osm-way-378016499", "name": "Area de descanso" }, "geometry": { "type": "Polygon", "coordinates": [ [ [ -4.7439516, 41.0914572 ], [ -4.7443584, 41.0920006 ], [ -4.744697, 41.0921605 ], [ -4.7449605, 41.0922945 ], [ -4.7451384, 41.0922449 ], [ -4.7440033, 41.0907339 ], [ -4.7439097, 41.091145 ], [ -4.7439516, 41.0914572 ] ] ] } },
{ "type": "Feature", "properties": { "stop_id": "osm-way-378951810", "name": null }, "geometry": { "type": "Polygon", "coordinates": [ [ [ -1.007683, 37.6529921 ], [ -1.0075553, 37.6527633 ], [ -1.0074957, 37.6527137 ], [ -1.0074233, 37.6526566 ], [ -1.0073742, 37.6526265 ], [ -1.007337, 37.652585 ], [ -1.0071931, 37.6524883 ], [ -1.0071718, 37.652567 ], [ -1.0073671, 37.6530167 ], [ -1.0074772, 37.6532721 ], [ -1.0073231, 37.6533094 ], [ -1.007371, 37.6534348 ], [ -1.0074126, 37.6535409 ], [ -1.007512, 37.6535161 ], [ -1.0075704, 37.6536638 ], [ -1.0076203, 37.6536519 ], [ -1.0076198, 37.6538042 ], [ -1.0080456, 37.6538504 ], [ -1.0080104, 37.653764 ], [ -1.0079489, 37.6536483 ], [ -1.0077977, 37.6533345 ], [ -1.007683, 37.6529921 ] ] ] } },
{ "type": "Feature", "properties": { "stop_id": "osm-way-389451210", "name": "La Loba Área de Servicio" }, "geometry": { "type": "Polygon", "coordinates": [ [ [ -4.9801889, 41.4412858 ], [ -4.9796083, 41.4401123 ], [ -4.9788978, 41.4402628 ], [ -4.9787268, 41.4403016 ], [ -4.9781388, 41.4404453 ], [ -4.978913, 41.4419839 ], [ -4.9793887, 41.4416895 ], [ -4.9796847, 41.4415106 ], [ -4.9801889, 41.4412858 ] ] ] } },
{ "type": "Feature", "properties": { "stop_id": "osm-way-390080901", "name": "Área de descanso" }, "geometry": { "type": "Polygon", "coordinates": [ [ [ -5.837555, 39.5955342 ], [ -5.8374576, 39.5955515 ], [ -5.8373641, 39.59542 ], [ -5.8369641, 39.5950664 ], [ -5.8369175, 39.5946797 ], [ -5.8368943, 39.5945481 ], [ -5.836968, 39.5944332 ], [ -5.837213, 39.5942138 ], [ -5.8371663, 39.5939807 ], [ -5.8371605, 39.593905 ], [ -5.8372138, 39.5938202 ], [ -5.8373018, 39.5938133 ], [ -5.837543, 39.5952494 ], [ -5.837555, 39.5955342 ] ] ] } },
{ "type": "Feature", "properties": { "stop_id": "osm-way-390080902", "name": "Área de descanso" }, "geometry": { "type": "Polygon", "coordinates": [ [ [ -5.8391767, 39.600532 ], [ -5.8391164, 39.6004412 ], [ -5.8390173, 39.5997232 ], [ -5.8389384, 39.5996933 ], [ -5.8389183, 39.5995428 ], [ -5.8390604, 39.5995992 ], [ -5.8389168, 39.5988811 ], [ -5.8389929, 39.5988568 ], [ -5.8394194, 39.5991378 ], [ -5.8395932, 39.6001049 ], [ -5.8395731, 39.6001834 ], [ -5.839283, 39.6004578 ], [ -5.839283, 39.6005264 ], [ -5.8391767, 39.600532 ] ] ] } },
{ "type": "Feature", "properties": { "stop_id": "osm-way-390287539", "name": "Área de Servicio Tudanca" }, "geometry": { "type": "Polygon", "coordinates": [ [ [ -5.6837675, 42.0531805 ], [ -5.6838766, 42.0531807 ], [ -5.6847098, 42.0527089 ], [ -5.683364, 42.0514937 ], [ -5.6827323, 42.051672 ], [ -5.6830527, 42.0523376 ], [ -5.6831146, 42.0523681 ], [ -5.6832964, 42.0523229 ], [ -5.6833917, 42.0525285 ], [ -5.6833439, 42.0526408 ], [ -5.6833711, 42.0528073 ], [ -5.6834662, 42.0529738 ], [ -5.6837675, 42.0531805 ] ] ] } },
{ "type": "Feature", "properties": { "stop_id": "osm-way-390645257", "name": null }, "geometry": { "type": "Polygon", "coordinates": [ [ [ -3.7663701, 42.7893649 ], [ -3.7664149, 42.789296 ], [ -3.7665393, 42.7891045 ], [ -3.766563, 42.7890137 ], [ -3.7665321, 42.7889336 ], [ -3.7664192, 42.7888574 ], [ -3.7661353, 42.7886851 ], [ -3.766048, 42.7886518 ], [ -3.7659267, 42.7886127 ], [ -3.7658696, 42.7885943 ], [ -3.7659588, 42.7888053 ], [ -3.7660534, 42.7889816 ], [ -3.7661863, 42.7891699 ], [ -3.7662718, 42.7892728 ], [ -3.7663701, 42.7893649 ] ] ] } },
{ "type": "Feature", "properties": { "stop_id": "osm-way-390645283", "name": null }, "geometry": { "type": "Polygon", "coordinates": [ [ [ -3.8034986, 42.7457398 ], [ -3.8032994, 42.7457421 ], [ -3.8029743, 42.7457873 ], [ -3.8030881, 42.7460425 ], [ -3.8033484, 42.7460231 ], [ -3.8036193, 42.7460068 ], [ -3.8039311, 42.7459771 ], [ -3.8038861, 42.7459109 ], [ -3.8036997, 42.7457952 ], [ -3.8034986, 42.7457398 ] ] ] } },
{ "type": "Feature", "properties": { "stop_id": "osm-way-390645286", "name": null }, "geometry": { "type": "Polygon", "coordinates": [ [ [ -3.7736829, 42.7739239 ], [ -3.7729458, 42.7738515 ], [ -3.7720124, 42.7742331 ], [ -3.7722124, 42.7744946 ], [ -3.7729543, 42.7742012 ], [ -3.7733395, 42.7741031 ], [ -3.7736052, 42.7740512 ], [ -3.7738588, 42.7739968 ], [ -3.7736829, 42.7739239 ] ] ] } },
{ "type": "Feature", "properties": { "stop_id": "osm-way-392655657", "name": null }, "geometry": { "type": "Polygon", "coordinates": [ [ [ -0.9640443, 37.7494371 ], [ -0.9639805, 37.7494007 ], [ -0.9639079, 37.7493857 ], [ -0.9637963, 37.7493792 ], [ -0.9633152, 37.7495043 ], [ -0.963432, 37.7497813 ], [ -0.9632729, 37.7498097 ], [ -0.9633918, 37.7501325 ], [ -0.9639962, 37.7501813 ], [ -0.9640057, 37.750078 ], [ -0.9640143, 37.7499827 ], [ -0.9640272, 37.7498416 ], [ -0.9640396, 37.7497057 ], [ -0.9640775, 37.7495585 ], [ -0.9640867, 37.7495 ], [ -0.9640443, 37.7494371 ] ] ] } },
{ "type": "Feature", "properties": { "stop_id": "osm-way-395601865", "name": "Area Eurotrack" }, "geometry": { "type": "Polygon", "coordinates": [ [ [ 1.2102543, 41.6657821 ], [ 1.2108774, 41.6660002 ], [ 1.2119635, 41.6663804 ], [ 1.2119308, 41.6664398 ], [ 1.2118566, 41.6670855 ], [ 1.2105211, 41.6669526 ], [ 1.2105064, 41.6670119 ], [ 1.2118514, 41.6671514 ], [ 1.211779, 41.6677183 ], [ 1.2101001, 41.6679468 ], [ 1.2102033, 41.6669771 ], [ 1.2102092, 41.6669215 ], [ 1.2100464, 41.6668915 ], [ 1.2096892, 41.666752 ], [ 1.2096962, 41.6666229 ], [ 1.2099344, 41.6665845 ], [ 1.2099857, 41.6665566 ], [ 1.2100021, 41.666513 ], [ 1.2099811, 41.6664363 ], [ 1.2099717, 41.6663595 ], [ 1.2099787, 41.6662636 ], [ 1.2100581, 41.6661293 ], [ 1.2102543, 41.6657821 ] ] ] } },
{ "type": "Feature", "properties": { "stop_id": "osm-way-396659964", "name": "Abades Bailén" }, "geometry": { "type": "Polygon", "coordinates": [ [ [ -3.7295135, 38.1446891 ], [ -3.7304308, 38.1426556 ], [ -3.7282739, 38.1431757 ], [ -3.7281563, 38.1432041 ], [ -3.728108, 38.1432716 ], [ -3.7281563, 38.1434614 ], [ -3.7281187, 38.1435036 ], [ -3.7280436, 38.1435289 ], [ -3.7279739, 38.1435458 ], [ -3.7279041, 38.1435205 ], [ -3.7278451, 38.1434825 ], [ -3.7277647, 38.1435121 ], [ -3.7277861, 38.1435753 ], [ -3.7277432, 38.1436133 ], [ -3.727829, 38.1437441 ], [ -3.7278881, 38.1438369 ], [ -3.7280061, 38.1439424 ], [ -3.7282636, 38.1441111 ], [ -3.7285693, 38.1442968 ], [ -3.7287946, 38.1444276 ], [ -3.7290843, 38.1445499 ], [ -3.7295135, 38.1446891 ] ] ] } },
{ "type": "Feature", "properties": { "stop_id": "osm-way-398151003", "name": null }, "geometry": { "type": "Polygon", "coordinates": [ [ [ -5.6553041, 40.9431638 ], [ -5.6553257, 40.9432955 ], [ -5.6553381, 40.9433705 ], [ -5.6554227, 40.9438854 ], [ -5.6551304, 40.9439148 ], [ -5.6549526, 40.9439327 ], [ -5.6548273, 40.9431586 ], [ -5.6549778, 40.9431444 ], [ -5.6550026, 40.943142 ], [ -5.6550966, 40.9431369 ], [ -5.65515, 40.9431363 ], [ -5.6552076, 40.9431433 ], [ -5.6552525, 40.9431523 ], [ -5.6553041, 40.9431638 ] ] ] } },
{ "type": "Feature", "properties": { "stop_id": "osm-way-398210220", "name": "O Viaxeiro" }, "geometry": { "type": "Polygon", "coordinates": [ [ [ -7.2860455, 41.9836322 ], [ -7.2861346, 41.9828715 ], [ -7.2861271, 41.9824387 ], [ -7.2859991, 41.9824569 ], [ -7.2858385, 41.9823236 ], [ -7.285809, 41.9822902 ], [ -7.2857318, 41.982282 ], [ -7.2853968, 41.9822765 ], [ -7.285353, 41.9822153 ], [ -7.2847869, 41.9822389 ], [ -7.2844052, 41.9822673 ], [ -7.2836345, 41.982346 ], [ -7.2837258, 41.9825081 ], [ -7.2838508, 41.9825649 ], [ -7.2841328, 41.9828381 ], [ -7.2843795, 41.982872 ], [ -7.2843843, 41.9829905 ], [ -7.2851854, 41.9831672 ], [ -7.2854001, 41.9833539 ], [ -7.2858173, 41.9835659 ], [ -7.2860455, 41.9836322 ] ] ] } },
{ "type": "Feature", "properties": { "stop_id": "osm-way-402752014", "name": null }, "geometry": { "type": "Polygon", "coordinates": [ [ [ -8.0481524, 43.6350124 ], [ -8.0481135, 43.6350377 ], [ -8.0480143, 43.6350212 ], [ -8.0478064, 43.6347649 ], [ -8.0474441, 43.6344968 ], [ -8.0474839, 43.6344329 ], [ -8.0477446, 43.6346247 ], [ -8.0479257, 43.6347798 ], [ -8.0481524, 43.6350124 ] ] ] } },
{ "type": "Feature", "properties": { "stop_id": "osm-way-405016032", "name": "Abades La Roda" }, "geometry": { "type": "Polygon", "coordinates": [ [ [ -4.7973681, 37.1958149 ], [ -4.7967489, 37.1960302 ], [ -4.7963972, 37.1962567 ], [ -4.7961802, 37.1965308 ], [ -4.7960007, 37.1968705 ], [ -4.7959782, 37.1971208 ], [ -4.796053, 37.1979135 ], [ -4.7961428, 37.1984201 ], [ -4.7963972, 37.1983664 ], [ -4.7967115, 37.1980983 ], [ -4.7974671, 37.1978539 ], [ -4.7978208, 37.1966995 ], [ -4.7978186, 37.1964056 ], [ -4.7975544, 37.1957976 ], [ -4.7973681, 37.1958149 ] ] ] } },
{ "type": "Feature", "properties": { "stop_id": "osm-way-405016523", "name": "Abades Loja" }, "geometry": { "type": "Polygon", "coordinates": [ [ [ -4.1680419, 37.1644687 ], [ -4.1679147, 37.1641766 ], [ -4.1689248, 37.1641825 ], [ -4.1688848, 37.1640423 ], [ -4.1697997, 37.1639054 ], [ -4.1710123, 37.163956 ], [ -4.1711245, 37.165214 ], [ -4.1694486, 37.1647788 ], [ -4.1693214, 37.1648801 ], [ -4.167997, 37.1647192 ], [ -4.1680419, 37.1644687 ] ] ] } },
{ "type": "Feature", "properties": { "stop_id": "osm-way-405018532", "name": null }, "geometry": { "type": "Polygon", "coordinates": [ [ [ -4.3803006, 37.0427327 ], [ -4.3800753, 37.0426269 ], [ -4.379288, 37.0430673 ], [ -4.3787941, 37.0436037 ], [ -4.3785555, 37.0438365 ], [ -4.378741, 37.0439458 ], [ -4.3792977, 37.0435544 ], [ -4.3796954, 37.043237 ], [ -4.3800223, 37.0429654 ], [ -4.3803006, 37.0427327 ] ] ] } },
{ "type": "Feature", "properties": { "stop_id": "osm-way-405018533", "name": "Area de descanso Las Pedrizas" }, "geometry": { "type": "Polygon", "coordinates": [ [ [ -4.3801681, 37.0436813 ], [ -4.3801725, 37.04378 ], [ -4.3799781, 37.0438682 ], [ -4.3801681, 37.043974 ], [ -4.3818514, 37.043036 ], [ -4.3816747, 37.0428561 ], [ -4.3811577, 37.0430889 ], [ -4.3807999, 37.0433287 ], [ -4.3807248, 37.043445 ], [ -4.3805657, 37.0435297 ], [ -4.3801681, 37.0436813 ] ] ] } },
{ "type": "Feature", "properties": { "stop_id": "osm-way-405024509", "name": null }, "geometry": { "type": "Polygon", "coordinates": [ [ [ -4.8284526, 36.5182676 ], [ -4.8286452, 36.518382 ], [ -4.8288613, 36.5185403 ], [ -4.8290624, 36.5186277 ], [ -4.8291846, 36.5186429 ], [ -4.8293992, 36.5186586 ], [ -4.8296601, 36.5186795 ], [ -4.8300224, 36.5187614 ], [ -4.8308391, 36.518956 ], [ -4.8309711, 36.5190231 ], [ -4.8311193, 36.5190913 ], [ -4.8315125, 36.5191523 ], [ -4.8326865, 36.5190558 ], [ -4.8326152, 36.5191386 ], [ -4.8312034, 36.5197117 ], [ -4.8291876, 36.5194895 ], [ -4.8284526, 36.5182676 ] ] ] } },
{ "type": "Feature", "properties": { "stop_id": "osm-way-405024511", "name": null }, "geometry": { "type": "Polygon", "coordinates": [ [ [ -4.8307973, 36.518301 ], [ -4.830233, 36.5181628 ], [ -4.8297911, 36.5179734 ], [ -4.8296637, 36.5177997 ], [ -4.8295666, 36.5177193 ], [ -4.8293904, 36.5176843 ], [ -4.8292878, 36.517694 ], [ -4.8290587, 36.5176615 ], [ -4.8290603, 36.5175658 ], [ -4.8296261, 36.5173975 ], [ -4.8298494, 36.5172298 ], [ -4.8300318, 36.5170798 ], [ -4.8303552, 36.5174035 ], [ -4.83043, 36.5174262 ], [ -4.8309518, 36.5175081 ], [ -4.8312414, 36.5175707 ], [ -4.8314531, 36.5176259 ], [ -4.8316416, 36.517727 ], [ -4.8318722, 36.5179497 ], [ -4.8322626, 36.5183252 ], [ -4.8320172, 36.5183879 ], [ -4.8320963, 36.518407 ], [ -4.831738, 36.5184236 ], [ -4.8314039, 36.5183954 ], [ -4.8307973, 36.518301 ] ] ] } },
{ "type": "Feature", "properties": { "stop_id": "osm-way-406244168", "name": "Àrea de Descans Costes de la Pobla" }, "geometry": { "type": "Polygon", "coordinates": [ [ [ -0.0067682, 40.0891834 ], [ -0.0072778, 40.0893435 ], [ -0.0075326, 40.0892778 ], [ -0.0079644, 40.0893435 ], [ -0.0083256, 40.0891341 ], [ -0.0084561, 40.0889522 ], [ -0.0082085, 40.0888653 ], [ -0.0071866, 40.0886109 ], [ -0.0067682, 40.0891834 ] ] ] } },
{ "type": "Feature", "properties": { "stop_id": "osm-way-406682462", "name": null }, "geometry": { "type": "Polygon", "coordinates": [ [ [ -8.8796045, 41.9136032 ], [ -8.87987, 41.9133856 ], [ -8.8798834, 41.9131601 ], [ -8.8798566, 41.9130823 ], [ -8.8796528, 41.9128767 ], [ -8.8793363, 41.912689 ], [ -8.8790627, 41.9126012 ], [ -8.8789339, 41.9125952 ], [ -8.878773, 41.9126112 ], [ -8.878714, 41.9126351 ], [ -8.8786711, 41.9125733 ], [ -8.8785128, 41.9126252 ], [ -8.878486, 41.912707 ], [ -8.8785665, 41.912721 ], [ -8.8784565, 41.9128248 ], [ -8.8787904, 41.9129435 ], [ -8.8790412, 41.9130932 ], [ -8.8792102, 41.913232 ], [ -8.8792934, 41.9132759 ], [ -8.8793724, 41.9132738 ], [ -8.8794597, 41.9133398 ], [ -8.8794583, 41.9134146 ], [ -8.8794463, 41.9134825 ], [ -8.8794248, 41.9135144 ], [ -8.8794235, 41.9135653 ], [ -8.8794369, 41.9136302 ], [ -8.8796045, 41.9136032 ] ] ] } },
{ "type": "Feature", "properties": { "stop_id": "osm-way-406682464", "name": null }, "geometry": { "type": "Polygon", "coordinates": [ [ [ -8.8661291, 42.1172488 ], [ -8.866109, 42.11739 ], [ -8.866109, 42.1174726 ], [ -8.8661572, 42.1177193 ], [ -8.866117, 42.1179193 ], [ -8.8660298, 42.1180386 ], [ -8.8658877, 42.1181083 ], [ -8.8657509, 42.11815 ], [ -8.8656342, 42.1181431 ], [ -8.8654679, 42.1180923 ], [ -8.8653888, 42.1180744 ], [ -8.865197, 42.1180565 ], [ -8.8650227, 42.1180227 ], [ -8.8648336, 42.117976 ], [ -8.8647088, 42.1179461 ], [ -8.8647021, 42.1179183 ], [ -8.8649033, 42.1178785 ], [ -8.8649637, 42.1178635 ], [ -8.865248, 42.1177869 ], [ -8.8654599, 42.1177243 ], [ -8.865539, 42.1176994 ], [ -8.8655819, 42.1176984 ], [ -8.8656382, 42.1177064 ], [ -8.865661, 42.1177113 ], [ -8.8657616, 42.1177014 ], [ -8.8657898, 42.1176626 ], [ -8.8658126, 42.1176328 ], [ -8.865822, 42.1176049 ], [ -8.8658273, 42.117577 ], [ -8.86583, 42.1175452 ], [ -8.8658501, 42.1175193 ], [ -8.8659494, 42.1174348 ], [ -8.8660298, 42.1173552 ], [ -8.8661291, 42.1172488 ] ] ] } },
{ "type": "Feature", "properties": { "stop_id": "osm-way-407987705", "name": null }, "geometry": { "type": "Polygon", "coordinates": [ [ [ -5.1550932, 41.6132787 ], [ -5.1551526, 41.6132333 ], [ -5.1552112, 41.6131884 ], [ -5.1538889, 41.6123 ], [ -5.1534785, 41.6124384 ], [ -5.1538642, 41.6129439 ], [ -5.1543125, 41.6127245 ], [ -5.1550987, 41.6132548 ], [ -5.1550932, 41.6132787 ] ] ] } },
{ "type": "Feature", "properties": { "stop_id": "osm-way-410883617", "name": "área de descanso" }, "geometry": { "type": "Polygon", "coordinates": [ [ [ -5.291567, 41.7592331 ], [ -5.2905416, 41.7585761 ], [ -5.2894563, 41.7579245 ], [ -5.2894874, 41.7578567 ], [ -5.2895376, 41.7577869 ], [ -5.2898847, 41.7578568 ], [ -5.2911542, 41.7587432 ], [ -5.2916358, 41.7591817 ], [ -5.291599, 41.7592092 ], [ -5.291567, 41.7592331 ] ] ] } },
{ "type": "Feature", "properties": { "stop_id": "osm-way-411012435", "name": null }, "geometry": { "type": "Polygon", "coordinates": [ [ [ 1.3970401, 41.6186693 ], [ 1.4006396, 41.617811 ], [ 1.4008013, 41.6174805 ], [ 1.400893, 41.6171753 ], [ 1.4002159, 41.6172506 ], [ 1.3999584, 41.616276 ], [ 1.3990276, 41.6164665 ], [ 1.3989981, 41.6163342 ], [ 1.3978797, 41.6165548 ], [ 1.3981908, 41.6173789 ], [ 1.3980907, 41.6174098 ], [ 1.3978851, 41.617484 ], [ 1.3979105, 41.6175219 ], [ 1.3980674, 41.6176516 ], [ 1.3981693, 41.6177639 ], [ 1.3978314, 41.6179664 ], [ 1.3975363, 41.618195 ], [ 1.3970053, 41.6186121 ], [ 1.3970401, 41.6186693 ] ] ] } },
{ "type": "Feature", "properties": { "stop_id": "osm-way-411111537", "name": null }, "geometry": { "type": "Polygon", "coordinates": [ [ [ -0.4542715, 39.8231883 ], [ -0.4537015, 39.8228587 ], [ -0.4536465, 39.8227681 ], [ -0.4544847, 39.8232543 ], [ -0.4542715, 39.8231883 ] ] ] } },
{ "type": "Feature", "properties": { "stop_id": "osm-way-412013082", "name": null }, "geometry": { "type": "Polygon", "coordinates": [ [ [ -1.068324, 37.7690863 ], [ -1.0681351, 37.7685345 ], [ -1.0679934, 37.768464 ], [ -1.0678184, 37.7684337 ], [ -1.0677913, 37.7681583 ], [ -1.0675675, 37.7673882 ], [ -1.0674216, 37.767028 ], [ -1.0678009, 37.7668665 ], [ -1.068388, 37.7667717 ], [ -1.0685041, 37.7670278 ], [ -1.0686791, 37.7674067 ], [ -1.0687073, 37.7674664 ], [ -1.0688044, 37.7676717 ], [ -1.0689662, 37.7680134 ], [ -1.0692283, 37.7685842 ], [ -1.0694105, 37.7689861 ], [ -1.0690536, 37.7689548 ], [ -1.0688497, 37.7690015 ], [ -1.068479, 37.76912 ], [ -1.068324, 37.7690863 ] ] ] } },
{ "type": "Feature", "properties": { "stop_id": "osm-way-414596000", "name": "Área de Servicio de Pina" }, "geometry": { "type": "Polygon", "coordinates": [ [ [ -0.3991232, 41.5258851 ], [ -0.397943, 41.526351 ], [ -0.3973744, 41.5266522 ], [ -0.3963444, 41.5267044 ], [ -0.3952179, 41.5262265 ], [ -0.3943971, 41.5255197 ], [ -0.3937212, 41.5251582 ], [ -0.393866, 41.5241943 ], [ -0.3954056, 41.5236602 ], [ -0.3960493, 41.5234072 ], [ -0.3971276, 41.5233951 ], [ -0.3976909, 41.5236481 ], [ -0.3983346, 41.5242947 ], [ -0.3987584, 41.5248128 ], [ -0.3993967, 41.5251984 ], [ -0.3991232, 41.5258851 ] ] ] } },
{ "type": "Feature", "properties": { "stop_id": "osm-way-414604744", "name": "Área de servicio de Fraga" }, "geometry": { "type": "Polygon", "coordinates": [ [ [ 0.3934077, 41.4968456 ], [ 0.3935901, 41.4960219 ], [ 0.3940461, 41.4961163 ], [ 0.3946496, 41.4959436 ], [ 0.3954382, 41.4956844 ], [ 0.3959585, 41.4956362 ], [ 0.3966237, 41.4957587 ], [ 0.3971333, 41.49605 ], [ 0.397533, 41.4965081 ], [ 0.3976322, 41.4968295 ], [ 0.3979889, 41.4974483 ], [ 0.398976, 41.4980871 ], [ 0.3984074, 41.4986777 ], [ 0.3974632, 41.4984367 ], [ 0.3968249, 41.4986295 ], [ 0.3956769, 41.4988023 ], [ 0.394942, 41.4986818 ], [ 0.3944216, 41.4981594 ], [ 0.3938422, 41.4974523 ], [ 0.3934131, 41.4969701 ], [ 0.3934077, 41.4968456 ] ] ] } },
{ "type": "Feature", "properties": { "stop_id": "osm-way-415315375", "name": null }, "geometry": { "type": "Polygon", "coordinates": [ [ [ -5.3637689, 41.8165092 ], [ -5.3639004, 41.8165632 ], [ -5.3639688, 41.816536 ], [ -5.3640211, 41.8165152 ], [ -5.3637904, 41.8162833 ], [ -5.3624198, 41.8152158 ], [ -5.3622374, 41.8151079 ], [ -5.3621926, 41.8151215 ], [ -5.362106, 41.8151478 ], [ -5.3623447, 41.8154017 ], [ -5.3637689, 41.8165092 ] ] ] } },
{ "type": "Feature", "properties": { "stop_id": "osm-way-415906204", "name": null }, "geometry": { "type": "Polygon", "coordinates": [ [ [ -0.1993945, 42.6178945 ], [ -0.1993193, 42.6179546 ], [ -0.1992781, 42.6180016 ], [ -0.1994654, 42.6181222 ], [ -0.1996853, 42.6183104 ], [ -0.1996894, 42.6182724 ], [ -0.199688, 42.618215 ], [ -0.1995896, 42.6180636 ], [ -0.1995107, 42.6179822 ], [ -0.1993945, 42.6178945 ] ] ] } },
{ "type": "Feature", "properties": { "stop_id": "osm-way-417343542", "name": "Área de descanso" }, "geometry": { "type": "Polygon", "coordinates": [ [ [ -5.2290081, 41.703759 ], [ -5.229086, 41.7037024 ], [ -5.2288772, 41.7034625 ], [ -5.2286596, 41.7032271 ], [ -5.2284315, 41.7030482 ], [ -5.2280862, 41.7028449 ], [ -5.227844, 41.7026868 ], [ -5.2277757, 41.7026437 ], [ -5.2276294, 41.7027277 ], [ -5.2281672, 41.7032494 ], [ -5.2285119, 41.7035298 ], [ -5.2288713, 41.7038161 ], [ -5.2290081, 41.703759 ] ] ] } },
{ "type": "Feature", "properties": { "stop_id": "osm-way-417601837", "name": "A. S. Ameixeira" }, "geometry": { "type": "Polygon", "coordinates": [ [ [ -8.3511256, 43.094732 ], [ -8.3511272, 43.094709 ], [ -8.351171, 43.0947105 ], [ -8.3513515, 43.0947189 ], [ -8.3513507, 43.0947221 ], [ -8.3513463, 43.0947397 ], [ -8.3513452, 43.0947442 ], [ -8.3513452, 43.0947979 ], [ -8.3513425, 43.0948512 ], [ -8.3513408, 43.0948809 ], [ -8.3513422, 43.0949142 ], [ -8.3513319, 43.0950062 ], [ -8.3512837, 43.0951851 ], [ -8.3512449, 43.0953216 ], [ -8.3512403, 43.0953367 ], [ -8.3512319, 43.0953723 ], [ -8.351221, 43.0954607 ], [ -8.35122, 43.0955283 ], [ -8.3512114, 43.0956882 ], [ -8.3512153, 43.0957112 ], [ -8.3512188, 43.0958098 ], [ -8.3512232, 43.0959314 ], [ -8.3512254, 43.0960105 ], [ -8.3512234, 43.0961398 ], [ -8.3512104, 43.0962636 ], [ -8.3512034, 43.0963472 ], [ -8.3511994, 43.0963944 ], [ -8.3511979, 43.0964525 ], [ -8.3512067, 43.0965343 ], [ -8.3512132, 43.0965693 ], [ -8.3512399, 43.0966385 ], [ -8.3512733, 43.0967028 ], [ -8.3513118, 43.096787 ], [ -8.3513634, 43.0968679 ], [ -8.3514136, 43.0969548 ], [ -8.3514557, 43.0970303 ], [ -8.3514907, 43.0971008 ], [ -8.3515127, 43.0971228 ], [ -8.3515878, 43.0971663 ], [ -8.3515886, 43.0971667 ], [ -8.3516156, 43.0971824 ], [ -8.3517128, 43.0972597 ], [ -8.3518806, 43.097412 ], [ -8.3520142, 43.097532 ], [ -8.352032, 43.0975525 ], [ -8.3520409, 43.0975642 ], [ -8.352048, 43.0975759 ], [ -8.3520534, 43.0975841 ], [ -8.3520656, 43.0976034 ], [ -8.3520807, 43.0976271 ], [ -8.3520922, 43.0976489 ], [ -8.3521028, 43.0976799 ], [ -8.3521081, 43.0977028 ], [ -8.3521124, 43.0977258 ], [ -8.3521146, 43.097747 ], [ -8.3521153, 43.0977684 ], [ -8.3521105, 43.0978725 ], [ -8.3521058, 43.0979179 ], [ -8.3520993, 43.0979612 ], [ -8.3520907, 43.0979972 ], [ -8.3520665, 43.0981354 ], [ -8.3520335, 43.0982756 ], [ -8.352007, 43.098413 ], [ -8.3519995, 43.0984671 ], [ -8.3519935, 43.0985002 ], [ -8.3519707, 43.0985707 ], [ -8.3519491, 43.0986325 ], [ -8.3519261, 43.098683 ], [ -8.3519038, 43.0987013 ], [ -8.3518708, 43.0987325 ], [ -8.3518446, 43.0987492 ], [ -8.351782, 43.0987892 ], [ -8.3516132, 43.0988649 ], [ -8.3515287, 43.0989077 ], [ -8.3514026, 43.0989631 ], [ -8.3511191, 43.0990849 ], [ -8.3509385, 43.0991778 ], [ -8.3508142, 43.0992555 ], [ -8.3507386, 43.0993219 ], [ -8.350711, 43.099346 ], [ -8.3505969, 43.0994772 ], [ -8.3504733, 43.0996826 ], [ -8.3502796, 43.100123 ], [ -8.3502164, 43.100334 ], [ -8.3501868, 43.1004823 ], [ -8.3501507, 43.1006371 ], [ -8.3501274, 43.100699 ], [ -8.3498848, 43.1006366 ], [ -8.3499274, 43.1005489 ], [ -8.3499554, 43.1004913 ], [ -8.3500326, 43.1003352 ], [ -8.3500466, 43.1003006 ], [ -8.3500801, 43.100216 ], [ -8.3501048, 43.1001523 ], [ -8.3501477, 43.1000394 ], [ -8.3501989, 43.0999038 ], [ -8.3502448, 43.0997763 ], [ -8.3503042, 43.0996608 ], [ -8.350427, 43.0993122 ], [ -8.3504929, 43.0990908 ], [ -8.3506485, 43.0985424 ], [ -8.3508276, 43.0979742 ], [ -8.3508745, 43.097794 ], [ -8.350906, 43.097672 ], [ -8.3509482, 43.0974616 ], [ -8.3509679, 43.0973321 ], [ -8.3509748, 43.0973084 ], [ -8.350986, 43.0972263 ], [ -8.3509953, 43.0971212 ], [ -8.3509937, 43.0970428 ], [ -8.3509936, 43.0970384 ], [ -8.3509918, 43.0969534 ], [ -8.3509909, 43.0967948 ], [ -8.350991, 43.0967124 ], [ -8.350995, 43.0966885 ], [ -8.3509922, 43.0966611 ], [ -8.3509856, 43.0966385 ], [ -8.350971, 43.0966144 ], [ -8.3509755, 43.0965763 ], [ -8.3509834, 43.0965065 ], [ -8.3509911, 43.0964368 ], [ -8.3509986, 43.0963671 ], [ -8.3510059, 43.0962973 ], [ -8.3510129, 43.0962275 ], [ -8.3510209, 43.0961503 ], [ -8.3510287, 43.096073 ], [ -8.3510364, 43.0959956 ], [ -8.351044, 43.0959183 ], [ -8.3510513, 43.0958409 ], [ -8.3510586, 43.0957636 ], [ -8.3510655, 43.0956862 ], [ -8.3510725, 43.0956088 ], [ -8.3510738, 43.0955937 ], [ -8.351075, 43.0955702 ], [ -8.3510764, 43.0955418 ], [ -8.3510778, 43.0955133 ], [ -8.3510792, 43.0954848 ], [ -8.3510805, 43.0954563 ], [ -8.3510826, 43.0954222 ], [ -8.3510847, 43.0953881 ], [ -8.3510868, 43.095354 ], [ -8.3510887, 43.0953199 ], [ -8.3510908, 43.0952857 ], [ -8.3510928, 43.0952516 ], [ -8.3510947, 43.0952174 ], [ -8.3510968, 43.0951833 ], [ -8.3510988, 43.0951492 ], [ -8.3511007, 43.0951151 ], [ -8.3511027, 43.0950809 ], [ -8.3511055, 43.0950373 ], [ -8.3511083, 43.0949937 ], [ -8.3511112, 43.0949501 ], [ -8.3511138, 43.0949097 ], [ -8.351114, 43.0949064 ], [ -8.3511169, 43.0948628 ], [ -8.3511198, 43.0948192 ], [ -8.3511227, 43.0947756 ], [ -8.3511256, 43.094732 ] ] ] } },
{ "type": "Feature", "properties": { "stop_id": "osm-way-417601842", "name": "A. S. Ameixeira" }, "geometry": { "type": "Polygon", "coordinates": [ [ [ -8.3491522, 43.1007829 ], [ -8.3491839, 43.1007619 ], [ -8.349201, 43.1007613 ], [ -8.3492252, 43.1007639 ], [ -8.3492757, 43.1007292 ], [ -8.3492962, 43.1006741 ], [ -8.3492631, 43.1006325 ], [ -8.3492402, 43.1006071 ], [ -8.3492284, 43.1005951 ], [ -8.3492264, 43.1005878 ], [ -8.3492203, 43.1005587 ], [ -8.3492052, 43.1005153 ], [ -8.3491664, 43.1004553 ], [ -8.3491483, 43.1004086 ], [ -8.3491051, 43.1002627 ], [ -8.3490814, 43.1002287 ], [ -8.3490383, 43.1001762 ], [ -8.3490203, 43.1001611 ], [ -8.3490019, 43.1001525 ], [ -8.3489891, 43.1001441 ], [ -8.3489785, 43.10014 ], [ -8.3489703, 43.1001393 ], [ -8.3489343, 43.100158 ], [ -8.3489051, 43.1001694 ], [ -8.3488785, 43.1001768 ], [ -8.3488244, 43.1001939 ], [ -8.3488105, 43.1001959 ], [ -8.3487981, 43.1001954 ], [ -8.3487834, 43.1001927 ], [ -8.3487589, 43.1001867 ], [ -8.3487285, 43.1001724 ], [ -8.3487139, 43.1001596 ], [ -8.3487, 43.1001428 ], [ -8.3486887, 43.1001246 ], [ -8.3486814, 43.1001077 ], [ -8.3486813, 43.100087 ], [ -8.3486902, 43.1000609 ], [ -8.3487009, 43.1000446 ], [ -8.3487524, 43.1000179 ], [ -8.3487061, 43.0999793 ], [ -8.3486799, 43.099948 ], [ -8.3486729, 43.0999396 ], [ -8.3486522, 43.099914 ], [ -8.3486443, 43.0999042 ], [ -8.3486062, 43.0998422 ], [ -8.3485678, 43.0997706 ], [ -8.3485136, 43.0996675 ], [ -8.3484948, 43.099614 ], [ -8.348483, 43.0995457 ], [ -8.3484853, 43.0995019 ], [ -8.3484967, 43.0994439 ], [ -8.3485067, 43.099383 ], [ -8.3485497, 43.0992572 ], [ -8.3485837, 43.0991564 ], [ -8.3486104, 43.0990603 ], [ -8.3486225, 43.0990334 ], [ -8.3486629, 43.0989098 ], [ -8.3486961, 43.0988354 ], [ -8.3487171, 43.0987991 ], [ -8.3487864, 43.0986599 ], [ -8.3488281, 43.0986069 ], [ -8.3488456, 43.0985854 ], [ -8.3488578, 43.09857 ], [ -8.3489132, 43.0985223 ], [ -8.3490085, 43.098473 ], [ -8.3493378, 43.098342 ], [ -8.3496315, 43.0982253 ], [ -8.3498518, 43.0981418 ], [ -8.3498864, 43.0981275 ], [ -8.3499701, 43.0980874 ], [ -8.3499953, 43.0980658 ], [ -8.3500435, 43.0980211 ], [ -8.350075, 43.0979802 ], [ -8.3501564, 43.0978175 ], [ -8.3502741, 43.0973705 ], [ -8.3503381, 43.0971251 ], [ -8.3503621, 43.0969268 ], [ -8.3503844, 43.0967901 ], [ -8.3505639, 43.096809 ], [ -8.3505899, 43.0968121 ], [ -8.3506086, 43.0968143 ], [ -8.3506056, 43.0968282 ], [ -8.350597, 43.0968683 ], [ -8.3505963, 43.0968714 ], [ -8.3505867, 43.0969146 ], [ -8.3505785, 43.0969511 ], [ -8.350577, 43.0969577 ], [ -8.3505671, 43.0970007 ], [ -8.350557, 43.0970438 ], [ -8.350555, 43.0970522 ], [ -8.3505517, 43.0970754 ], [ -8.3505462, 43.0971122 ], [ -8.3505405, 43.097149 ], [ -8.3505347, 43.0971859 ], [ -8.3505289, 43.0972227 ], [ -8.3505277, 43.0972297 ], [ -8.3505193, 43.0972854 ], [ -8.3505105, 43.0973412 ], [ -8.3505015, 43.0973969 ], [ -8.3504922, 43.0974524 ], [ -8.3504827, 43.0975081 ], [ -8.3504729, 43.0975637 ], [ -8.3504629, 43.0976192 ], [ -8.3504527, 43.0976748 ], [ -8.3504422, 43.0977303 ], [ -8.3504314, 43.0977857 ], [ -8.3504204, 43.0978411 ], [ -8.3504113, 43.0978825 ], [ -8.3504022, 43.0979241 ], [ -8.3503931, 43.0979657 ], [ -8.3503839, 43.0980072 ], [ -8.3503748, 43.0980487 ], [ -8.3503655, 43.0980903 ], [ -8.3503562, 43.0981318 ], [ -8.3503469, 43.0981734 ], [ -8.3503376, 43.0982149 ], [ -8.3503284, 43.0982564 ], [ -8.350319, 43.0982978 ], [ -8.3503069, 43.0983472 ], [ -8.3502948, 43.0983968 ], [ -8.3502824, 43.0984463 ], [ -8.35027, 43.0984958 ], [ -8.3502573, 43.0985452 ], [ -8.3502445, 43.0985947 ], [ -8.3502316, 43.0986441 ], [ -8.3502186, 43.0986935 ], [ -8.3502054, 43.0987429 ], [ -8.350192, 43.0987922 ], [ -8.3501785, 43.0988414 ], [ -8.3501353, 43.0989878 ], [ -8.350063, 43.0992232 ], [ -8.3500352, 43.0993112 ], [ -8.3500108, 43.0993854 ], [ -8.3500105, 43.0993865 ], [ -8.3500001, 43.099418 ], [ -8.3499396, 43.0995956 ], [ -8.3498477, 43.0998538 ], [ -8.3497771, 43.100043 ], [ -8.3497126, 43.100208 ], [ -8.3496644, 43.1003271 ], [ -8.3496276, 43.1004162 ], [ -8.3495787, 43.1005307 ], [ -8.3495784, 43.1005314 ], [ -8.3495779, 43.1005325 ], [ -8.3494926, 43.1007276 ], [ -8.3494127, 43.1009043 ], [ -8.3493488, 43.1010406 ], [ -8.3493485, 43.1010411 ], [ -8.3493298, 43.1010799 ], [ -8.3493072, 43.1011267 ], [ -8.3493071, 43.1011271 ], [ -8.3492792, 43.1011841 ], [ -8.3492725, 43.1011988 ], [ -8.3492724, 43.101199 ], [ -8.3492429, 43.1012627 ], [ -8.3492272, 43.1012962 ], [ -8.3492269, 43.1012967 ], [ -8.349177, 43.1014025 ], [ -8.3491274, 43.1015057 ], [ -8.3490818, 43.1016001 ], [ -8.349044, 43.1016762 ], [ -8.3490131, 43.1017381 ], [ -8.3489861, 43.10179 ], [ -8.3489536, 43.1018522 ], [ -8.3489279, 43.1019003 ], [ -8.3488909, 43.101968 ], [ -8.3488613, 43.102022 ], [ -8.3487899, 43.1021503 ], [ -8.3487485, 43.1021381 ], [ -8.3486719, 43.1021157 ], [ -8.3486771, 43.1020798 ], [ -8.3487024, 43.1019132 ], [ -8.3487333, 43.1017788 ], [ -8.348768, 43.1016465 ], [ -8.3488889, 43.1013335 ], [ -8.3488996, 43.1013088 ], [ -8.3489831, 43.1011546 ], [ -8.3490947, 43.100886 ], [ -8.349134, 43.1008079 ], [ -8.3491522, 43.1007829 ] ] ] } },
{ "type": "Feature", "properties": { "stop_id": "osm-way-417601853", "name": "Área de Servizo de Compostela" }, "geometry": { "type": "Polygon", "coordinates": [ [ [ -8.5843722, 42.8115355 ], [ -8.5842988, 42.8115345 ], [ -8.5841958, 42.8115392 ], [ -8.5840861, 42.811546 ], [ -8.5839722, 42.8115694 ], [ -8.5836415, 42.8116461 ], [ -8.5835081, 42.8116773 ], [ -8.5834066, 42.8116993 ], [ -8.5832661, 42.8117269 ], [ -8.5831285, 42.8117497 ], [ -8.5830675, 42.8117619 ], [ -8.5829409, 42.8114905 ], [ -8.5830519, 42.8114616 ], [ -8.5831797, 42.8114318 ], [ -8.5833261, 42.811388 ], [ -8.5834761, 42.8113347 ], [ -8.583639, 42.8112711 ], [ -8.5838864, 42.8111738 ], [ -8.5841104, 42.8110853 ], [ -8.5843564, 42.8109922 ], [ -8.5844972, 42.8109416 ], [ -8.5846528, 42.8108915 ], [ -8.5847474, 42.8108579 ], [ -8.5848028, 42.8108352 ], [ -8.5849345, 42.8107518 ], [ -8.585121, 42.8106596 ], [ -8.5851649, 42.8106354 ], [ -8.5852416, 42.8105896 ], [ -8.5853302, 42.8105271 ], [ -8.5854991, 42.8104194 ], [ -8.5855813, 42.8103279 ], [ -8.5855976, 42.8103012 ], [ -8.5856147, 42.810222 ], [ -8.5856251, 42.8101834 ], [ -8.5856008, 42.810095 ], [ -8.5855734, 42.8099832 ], [ -8.5855591, 42.8098795 ], [ -8.5855572, 42.8097848 ], [ -8.5855591, 42.8096883 ], [ -8.5855685, 42.8096038 ], [ -8.5855817, 42.8095176 ], [ -8.5855999, 42.8094313 ], [ -8.5856257, 42.809368 ], [ -8.5856743, 42.8092992 ], [ -8.5857165, 42.8092545 ], [ -8.5857607, 42.8092113 ], [ -8.5858063, 42.8091817 ], [ -8.5858575, 42.8091594 ], [ -8.5859237, 42.8091341 ], [ -8.5859954, 42.8091192 ], [ -8.5860799, 42.8091085 ], [ -8.5861621, 42.8091057 ], [ -8.58626, 42.8091061 ], [ -8.5863167, 42.8091099 ], [ -8.5863939, 42.8091232 ], [ -8.5864463, 42.8091354 ], [ -8.5865171, 42.8091576 ], [ -8.5865892, 42.8091882 ], [ -8.5866796, 42.8092449 ], [ -8.5867609, 42.8092911 ], [ -8.5868257, 42.8093504 ], [ -8.5869166, 42.8094494 ], [ -8.5870048, 42.8094027 ], [ -8.5872219, 42.8092871 ], [ -8.5874126, 42.8091911 ], [ -8.5876397, 42.8090672 ], [ -8.5879089, 42.808949 ], [ -8.588108, 42.8091459 ], [ -8.5882483, 42.8092778 ], [ -8.5882541, 42.8092865 ], [ -8.588254, 42.8092941 ], [ -8.5882495, 42.8093087 ], [ -8.5882406, 42.8093254 ], [ -8.5882214, 42.8093427 ], [ -8.5881734, 42.809375 ], [ -8.5881328, 42.80941 ], [ -8.5880816, 42.8094812 ], [ -8.5880563, 42.8095303 ], [ -8.588036, 42.8095974 ], [ -8.5880268, 42.8096525 ], [ -8.5880257, 42.8097001 ], [ -8.5880299, 42.8097396 ], [ -8.5880399, 42.8097792 ], [ -8.5880558, 42.8098247 ], [ -8.58811, 42.8099645 ], [ -8.5881358, 42.8100652 ], [ -8.5881449, 42.8101274 ], [ -8.588151, 42.8101994 ], [ -8.5881485, 42.8102454 ], [ -8.5881424, 42.8102832 ], [ -8.5881311, 42.8103286 ], [ -8.5881184, 42.8103594 ], [ -8.5880916, 42.8104059 ], [ -8.5880552, 42.8104647 ], [ -8.5880078, 42.8105197 ], [ -8.5879457, 42.8105796 ], [ -8.5879058, 42.8106173 ], [ -8.5878555, 42.8106588 ], [ -8.5877913, 42.810704 ], [ -8.5877249, 42.8107486 ], [ -8.5876127, 42.8108218 ], [ -8.5874953, 42.8108961 ], [ -8.5873566, 42.8109892 ], [ -8.5872318, 42.8110742 ], [ -8.587124, 42.8111517 ], [ -8.5870338, 42.8112131 ], [ -8.5868907, 42.8113134 ], [ -8.586714, 42.8114276 ], [ -8.5865551, 42.8115315 ], [ -8.5865804, 42.8115561 ], [ -8.5865321, 42.8116078 ], [ -8.5864611, 42.8116696 ], [ -8.5864217, 42.8117008 ], [ -8.5863757, 42.8117339 ], [ -8.5862283, 42.811821 ], [ -8.5861446, 42.8118716 ], [ -8.5859231, 42.8119503 ], [ -8.5857483, 42.811982 ], [ -8.5855775, 42.8119921 ], [ -8.5854579, 42.8119852 ], [ -8.585416, 42.8119832 ], [ -8.585379, 42.8119741 ], [ -8.5853339, 42.8119534 ], [ -8.5852988, 42.8119387 ], [ -8.5851033, 42.8118062 ], [ -8.584957, 42.8117156 ], [ -8.5848413, 42.8116463 ], [ -8.5847521, 42.8115891 ], [ -8.5847129, 42.8115814 ], [ -8.5846659, 42.8115726 ], [ -8.584619, 42.8115623 ], [ -8.5845651, 42.8115528 ], [ -8.5844986, 42.8115446 ], [ -8.5844428, 42.8115393 ], [ -8.5843722, 42.8115355 ] ] ] } },
{ "type": "Feature", "properties": { "stop_id": "osm-way-417601873", "name": "Área de Servizo do Burgo" }, "geometry": { "type": "Polygon", "coordinates": [ [ [ -8.3653483, 43.3129953 ], [ -8.3648737, 43.3128386 ], [ -8.3648745, 43.3127287 ], [ -8.3646361, 43.3126587 ], [ -8.3645448, 43.3123091 ], [ -8.3645288, 43.3121599 ], [ -8.3645398, 43.3120157 ], [ -8.3646887, 43.3116316 ], [ -8.3647619, 43.3115418 ], [ -8.3648387, 43.311472 ], [ -8.3649432, 43.3114086 ], [ -8.3650706, 43.3113677 ], [ -8.3651988, 43.3113672 ], [ -8.3653254, 43.3114016 ], [ -8.3654552, 43.311484 ], [ -8.3657136, 43.3116504 ], [ -8.365806, 43.311672 ], [ -8.3658849, 43.3117378 ], [ -8.3659488, 43.3118453 ], [ -8.3663608, 43.3127921 ], [ -8.3664788, 43.3130516 ], [ -8.3660953, 43.3132012 ], [ -8.3653483, 43.3129953 ] ] ] } },
{ "type": "Feature", "properties": { "stop_id": "osm-way-417601900", "name": "A. S. O Salnés" }, "geometry": { "type": "Polygon", "coordinates": [ [ [ -8.6712587, 42.5623294 ], [ -8.6712691, 42.5623148 ], [ -8.6712753, 42.5623101 ], [ -8.671304, 42.5622937 ], [ -8.6713223, 42.5622887 ], [ -8.671349, 42.5622815 ], [ -8.6713758, 42.5622759 ], [ -8.6713945, 42.5622751 ], [ -8.6714131, 42.5622773 ], [ -8.6714404, 42.5622824 ], [ -8.6714669, 42.5622899 ], [ -8.6714865, 42.5622987 ], [ -8.671513, 42.5623145 ], [ -8.6715287, 42.5623225 ], [ -8.6715529, 42.5622973 ], [ -8.671603, 42.5622479 ], [ -8.6716841, 42.5621739 ], [ -8.6717492, 42.5621235 ], [ -8.6718374, 42.5620588 ], [ -8.6719756, 42.5619651 ], [ -8.6720533, 42.5619149 ], [ -8.6720961, 42.5618893 ], [ -8.6721461, 42.5618579 ], [ -8.6721789, 42.5618371 ], [ -8.6722318, 42.5618017 ], [ -8.6722685, 42.561774 ], [ -8.6723081, 42.5617447 ], [ -8.672287, 42.5617266 ], [ -8.672271, 42.5617098 ], [ -8.6722639, 42.5616974 ], [ -8.6722597, 42.5616844 ], [ -8.6722579, 42.5616711 ], [ -8.6722583, 42.5616621 ], [ -8.672262, 42.5616496 ], [ -8.6722674, 42.5616393 ], [ -8.6722731, 42.5616303 ], [ -8.6722893, 42.5616124 ], [ -8.6723031, 42.5615944 ], [ -8.6723211, 42.5615745 ], [ -8.6723568, 42.5615445 ], [ -8.6723719, 42.561532 ], [ -8.6723889, 42.5615144 ], [ -8.6723998, 42.561497 ], [ -8.6724146, 42.5614788 ], [ -8.6724448, 42.5614453 ], [ -8.6724774, 42.5614108 ], [ -8.6725046, 42.5613796 ], [ -8.6725318, 42.5613503 ], [ -8.6725535, 42.5613309 ], [ -8.6725736, 42.5613164 ], [ -8.672591, 42.5613025 ], [ -8.6726185, 42.5612781 ], [ -8.6726387, 42.5612587 ], [ -8.6726581, 42.5612371 ], [ -8.6726752, 42.5612189 ], [ -8.6726868, 42.561203 ], [ -8.6726977, 42.5611813 ], [ -8.6727036, 42.5611628 ], [ -8.6727145, 42.5611385 ], [ -8.672725, 42.5611191 ], [ -8.6727444, 42.5610881 ], [ -8.672769, 42.5610483 ], [ -8.6727884, 42.5610129 ], [ -8.6727939, 42.5609976 ], [ -8.6727998, 42.5609845 ], [ -8.6728279, 42.5609797 ], [ -8.6728327, 42.5609609 ], [ -8.6728169, 42.5609474 ], [ -8.6728243, 42.5609306 ], [ -8.6728337, 42.5609061 ], [ -8.6728427, 42.5608808 ], [ -8.6728498, 42.5608591 ], [ -8.6728533, 42.5608435 ], [ -8.6728581, 42.5608258 ], [ -8.6728643, 42.5608061 ], [ -8.6728714, 42.5607919 ], [ -8.6728795, 42.5607788 ], [ -8.6728842, 42.5607683 ], [ -8.6728967, 42.5607329 ], [ -8.6729058, 42.5607067 ], [ -8.6729081, 42.5606942 ], [ -8.6729082, 42.5606825 ], [ -8.6729121, 42.5606722 ], [ -8.6729219, 42.5606495 ], [ -8.672925, 42.5606398 ], [ -8.6729274, 42.5606229 ], [ -8.6729314, 42.5605967 ], [ -8.6729357, 42.5605808 ], [ -8.6729412, 42.5605608 ], [ -8.6729444, 42.5605463 ], [ -8.6729445, 42.5605346 ], [ -8.6729438, 42.5605203 ], [ -8.6729466, 42.5604901 ], [ -8.6729486, 42.5604784 ], [ -8.6729492, 42.5604445 ], [ -8.6729512, 42.560422 ], [ -8.6729536, 42.5604111 ], [ -8.6729633, 42.5603886 ], [ -8.6729786, 42.5603547 ], [ -8.6729891, 42.5603243 ], [ -8.672997, 42.5603006 ], [ -8.6730021, 42.5602858 ], [ -8.6730057, 42.5602607 ], [ -8.6730073, 42.560249 ], [ -8.6730066, 42.5602345 ], [ -8.6730036, 42.5602182 ], [ -8.6729945, 42.5601894 ], [ -8.6729877, 42.5601614 ], [ -8.6729839, 42.560142 ], [ -8.6729719, 42.5600926 ], [ -8.6729684, 42.5600671 ], [ -8.672969, 42.5600504 ], [ -8.6729707, 42.5600317 ], [ -8.6729739, 42.5600065 ], [ -8.6729796, 42.5599605 ], [ -8.6729826, 42.5599261 ], [ -8.6729813, 42.5598349 ], [ -8.6735401, 42.559796 ], [ -8.6735713, 42.5598627 ], [ -8.6735886, 42.5598959 ], [ -8.6736267, 42.559962 ], [ -8.6736396, 42.5599903 ], [ -8.6736507, 42.5600102 ], [ -8.6736593, 42.5600306 ], [ -8.6736633, 42.5600451 ], [ -8.6736678, 42.560062 ], [ -8.6736738, 42.5600734 ], [ -8.6736833, 42.5600971 ], [ -8.6736976, 42.5601258 ], [ -8.6737148, 42.5601526 ], [ -8.6737447, 42.560194 ], [ -8.6737565, 42.5602094 ], [ -8.6737512, 42.5602263 ], [ -8.6737578, 42.560233 ], [ -8.6737679, 42.5602411 ], [ -8.67378, 42.5602369 ], [ -8.6738183, 42.5602768 ], [ -8.6738508, 42.5603085 ], [ -8.673869, 42.5603287 ], [ -8.6738917, 42.5603531 ], [ -8.6739115, 42.5603735 ], [ -8.6739282, 42.5603891 ], [ -8.6739426, 42.5604048 ], [ -8.6739519, 42.5604127 ], [ -8.6739697, 42.560428 ], [ -8.6739815, 42.5604406 ], [ -8.6739869, 42.5604496 ], [ -8.6739907, 42.560461 ], [ -8.6739957, 42.5604707 ], [ -8.6739952, 42.5604738 ], [ -8.6739939, 42.5604762 ], [ -8.6740455, 42.5605368 ], [ -8.6742126, 42.5606 ], [ -8.674354, 42.560679 ], [ -8.674409, 42.5607067 ], [ -8.6744802, 42.5607375 ], [ -8.6745566, 42.5607745 ], [ -8.6746316, 42.5608225 ], [ -8.6746803, 42.5608519 ], [ -8.6746858, 42.5608552 ], [ -8.6747282, 42.5608905 ], [ -8.6747693, 42.560971 ], [ -8.6748151, 42.5610345 ], [ -8.6748255, 42.5610638 ], [ -8.6748351, 42.5610907 ], [ -8.6748175, 42.5611697 ], [ -8.6748071, 42.5612107 ], [ -8.6747787, 42.5612771 ], [ -8.6747534, 42.5613371 ], [ -8.6747256, 42.5613965 ], [ -8.674707, 42.5614418 ], [ -8.6746855, 42.5614741 ], [ -8.6746484, 42.561509 ], [ -8.6746148, 42.5615309 ], [ -8.6745735, 42.5615611 ], [ -8.6745325, 42.5615913 ], [ -8.6745099, 42.5616038 ], [ -8.6744416, 42.5616252 ], [ -8.6743337, 42.561642 ], [ -8.6743301, 42.5616422 ], [ -8.6742312, 42.5616483 ], [ -8.674171, 42.5616466 ], [ -8.6740501, 42.5616544 ], [ -8.6738526, 42.5616794 ], [ -8.6735963, 42.5617332 ], [ -8.6736125, 42.5617685 ], [ -8.6736234, 42.5617925 ], [ -8.6736108, 42.5618996 ], [ -8.6736343, 42.5619792 ], [ -8.673646, 42.5620463 ], [ -8.6736396, 42.5620668 ], [ -8.6736269, 42.5620841 ], [ -8.6736149, 42.5620953 ], [ -8.67359, 42.5621343 ], [ -8.6735724, 42.5621747 ], [ -8.6735423, 42.5622359 ], [ -8.6734596, 42.5623191 ], [ -8.6734366, 42.5624168 ], [ -8.6734186, 42.5624792 ], [ -8.6733921, 42.5625534 ], [ -8.6733694, 42.5626469 ], [ -8.6733301, 42.5627533 ], [ -8.6732865, 42.5628403 ], [ -8.6732448, 42.5629218 ], [ -8.6732061, 42.5630012 ], [ -8.6731354, 42.5631276 ], [ -8.6730812, 42.5632093 ], [ -8.673021, 42.5632905 ], [ -8.6729661, 42.5633776 ], [ -8.6729491, 42.5634118 ], [ -8.6729236, 42.5634702 ], [ -8.6727678, 42.5636765 ], [ -8.6726808, 42.5637689 ], [ -8.6726192, 42.5638197 ], [ -8.6725548, 42.5638897 ], [ -8.6724914, 42.5639467 ], [ -8.6724324, 42.5640137 ], [ -8.6723701, 42.564081 ], [ -8.6723256, 42.5641293 ], [ -8.6722833, 42.564175 ], [ -8.6722479, 42.5642193 ], [ -8.6721831, 42.5642987 ], [ -8.6721179, 42.5643601 ], [ -8.672023, 42.5644296 ], [ -8.6719813, 42.5644609 ], [ -8.671939, 42.5645075 ], [ -8.6719003, 42.5645682 ], [ -8.6718799, 42.5646114 ], [ -8.6718651, 42.5646533 ], [ -8.6718566, 42.5646978 ], [ -8.6718523, 42.5647062 ], [ -8.6718455, 42.5647134 ], [ -8.6718415, 42.5647165 ], [ -8.6718359, 42.5647192 ], [ -8.67183, 42.5647208 ], [ -8.6718199, 42.5647225 ], [ -8.6717983, 42.5647248 ], [ -8.6717773, 42.5647265 ], [ -8.6717644, 42.5647279 ], [ -8.6717555, 42.5647294 ], [ -8.6717449, 42.5647318 ], [ -8.6717356, 42.564735 ], [ -8.6717325, 42.5647376 ], [ -8.6717274, 42.5647434 ], [ -8.6716913, 42.5647312 ], [ -8.670935, 42.5644685 ], [ -8.6709366, 42.564459 ], [ -8.6709407, 42.5644474 ], [ -8.6709496, 42.5644341 ], [ -8.6709615, 42.5644186 ], [ -8.6709739, 42.5644026 ], [ -8.6709854, 42.5643829 ], [ -8.6709947, 42.5643723 ], [ -8.6710123, 42.5643503 ], [ -8.6710226, 42.5643366 ], [ -8.6710269, 42.5643066 ], [ -8.6710295, 42.5642933 ], [ -8.6710342, 42.5642804 ], [ -8.6710436, 42.5642694 ], [ -8.6710684, 42.5642425 ], [ -8.6710906, 42.5642178 ], [ -8.6711051, 42.5642019 ], [ -8.6711181, 42.5641802 ], [ -8.6711249, 42.5641578 ], [ -8.671127, 42.564143 ], [ -8.6711245, 42.5641346 ], [ -8.6711251, 42.5641183 ], [ -8.6711247, 42.5640978 ], [ -8.6711222, 42.5640863 ], [ -8.6711182, 42.5640574 ], [ -8.6711122, 42.5640224 ], [ -8.6711092, 42.5640163 ], [ -8.6711082, 42.5640061 ], [ -8.6711031, 42.5639928 ], [ -8.6710945, 42.5639756 ], [ -8.6710812, 42.5639516 ], [ -8.6710751, 42.5639425 ], [ -8.6710664, 42.5639288 ], [ -8.6710665, 42.5639227 ], [ -8.6710548, 42.5638968 ], [ -8.671036, 42.563842 ], [ -8.6710224, 42.563802 ], [ -8.6710137, 42.5637777 ], [ -8.6710087, 42.5637621 ], [ -8.6710011, 42.5637312 ], [ -8.6709977, 42.5636985 ], [ -8.6709938, 42.5636521 ], [ -8.6709916, 42.5635921 ], [ -8.6709883, 42.5635354 ], [ -8.6709878, 42.5635232 ], [ -8.6709879, 42.5635 ], [ -8.6709871, 42.5634552 ], [ -8.6709883, 42.5634339 ], [ -8.6709889, 42.5634198 ], [ -8.6709849, 42.5633844 ], [ -8.6709825, 42.563359 ], [ -8.6709827, 42.5633255 ], [ -8.6709807, 42.5633107 ], [ -8.6709773, 42.5632798 ], [ -8.6709759, 42.563246 ], [ -8.6709751, 42.5632061 ], [ -8.6709768, 42.5631776 ], [ -8.67098, 42.5631456 ], [ -8.6709833, 42.5631164 ], [ -8.6709875, 42.5630981 ], [ -8.6709933, 42.5630745 ], [ -8.6710004, 42.563052 ], [ -8.6710008, 42.5630451 ], [ -8.6710028, 42.5630354 ], [ -8.6710069, 42.5630234 ], [ -8.6710077, 42.5630057 ], [ -8.6710064, 42.5629844 ], [ -8.6710043, 42.5629568 ], [ -8.670999, 42.5629162 ], [ -8.6709926, 42.5628769 ], [ -8.6709922, 42.5628497 ], [ -8.6709963, 42.5628156 ], [ -8.6710041, 42.5627823 ], [ -8.6710108, 42.5627657 ], [ -8.6710118, 42.5627611 ], [ -8.6710227, 42.5627396 ], [ -8.6710357, 42.5627216 ], [ -8.6710494, 42.562707 ], [ -8.6710588, 42.5626949 ], [ -8.6710765, 42.5626777 ], [ -8.6710909, 42.5626586 ], [ -8.6711018, 42.5626396 ], [ -8.6711123, 42.5626176 ], [ -8.6711134, 42.5626054 ], [ -8.6711175, 42.5625781 ], [ -8.6711215, 42.5625638 ], [ -8.6711287, 42.562554 ], [ -8.6711367, 42.5625419 ], [ -8.6711537, 42.5625085 ], [ -8.6711643, 42.5624767 ], [ -8.6711763, 42.5624484 ], [ -8.6711909, 42.5624226 ], [ -8.6711962, 42.562413 ], [ -8.6712149, 42.5623931 ], [ -8.671242, 42.5623524 ], [ -8.6712587, 42.5623294 ] ] ] } },
{ "type": "Feature", "properties": { "stop_id": "osm-way-417601941", "name": "Área de Servizo San Simón" }, "geometry": { "type": "Polygon", "coordinates": [ [ [ -8.6593079, 42.3192966 ], [ -8.659249, 42.3187228 ], [ -8.6592161, 42.3181756 ], [ -8.6592117, 42.3180729 ], [ -8.659316, 42.3178575 ], [ -8.6594343, 42.3176028 ], [ -8.6595027, 42.3175101 ], [ -8.6597144, 42.3173774 ], [ -8.6599801, 42.3173085 ], [ -8.6607922, 42.3172838 ], [ -8.661075, 42.3172363 ], [ -8.6615803, 42.3170016 ], [ -8.6622967, 42.3164166 ], [ -8.6626617, 42.3159559 ], [ -8.6627896, 42.3159546 ], [ -8.6628578, 42.3158802 ], [ -8.6630618, 42.3155909 ], [ -8.6632576, 42.3153255 ], [ -8.6636438, 42.31479 ], [ -8.6638176, 42.3144203 ], [ -8.6644268, 42.3146168 ], [ -8.6639409, 42.3154305 ], [ -8.6638389, 42.3159309 ], [ -8.6636022, 42.3158769 ], [ -8.6633448, 42.3162116 ], [ -8.6633728, 42.3162973 ], [ -8.6632681, 42.3166202 ], [ -8.6633133, 42.316797 ], [ -8.663376, 42.3170763 ], [ -8.6634804, 42.3175157 ], [ -8.6634827, 42.3176267 ], [ -8.6634522, 42.3179145 ], [ -8.6633541, 42.3181541 ], [ -8.6630861, 42.3183265 ], [ -8.6628845, 42.3184252 ], [ -8.6624577, 42.3185612 ], [ -8.6619426, 42.3186871 ], [ -8.6609834, 42.3188158 ], [ -8.6600302, 42.3193686 ], [ -8.6598404, 42.3195604 ], [ -8.6593079, 42.3192966 ] ] ] } },
{ "type": "Feature", "properties": { "stop_id": "osm-way-417602024", "name": null }, "geometry": { "type": "Polygon", "coordinates": [ [ [ -8.6512133, 42.6452822 ], [ -8.6512494, 42.6452276 ], [ -8.651312, 42.6452423 ], [ -8.6513388, 42.6452464 ], [ -8.6513872, 42.6452539 ], [ -8.6514019, 42.6452569 ], [ -8.6514157, 42.6452597 ], [ -8.6514725, 42.6452677 ], [ -8.6514991, 42.645272 ], [ -8.6515804, 42.6452847 ], [ -8.6515839, 42.6452956 ], [ -8.6515865, 42.6453045 ], [ -8.6515897, 42.6453152 ], [ -8.6515934, 42.6453273 ], [ -8.6515966, 42.6453364 ], [ -8.6515998, 42.6453454 ], [ -8.6516043, 42.6453561 ], [ -8.6516082, 42.6453647 ], [ -8.6516123, 42.6453732 ], [ -8.6516167, 42.6453821 ], [ -8.6516206, 42.6453914 ], [ -8.6516243, 42.645401 ], [ -8.6516277, 42.6454107 ], [ -8.6516312, 42.6454203 ], [ -8.6516348, 42.6454307 ], [ -8.6516378, 42.6454396 ], [ -8.6516407, 42.6454496 ], [ -8.6516428, 42.6454594 ], [ -8.6516444, 42.6454705 ], [ -8.6516454, 42.6454797 ], [ -8.6516463, 42.645489 ], [ -8.6516474, 42.6454981 ], [ -8.6516485, 42.6455085 ], [ -8.6516486, 42.6455197 ], [ -8.6516473, 42.6455302 ], [ -8.6516446, 42.6455394 ], [ -8.6516405, 42.6455498 ], [ -8.6516356, 42.6455606 ], [ -8.6516303, 42.645571 ], [ -8.6516259, 42.6455801 ], [ -8.6516223, 42.6455899 ], [ -8.6516202, 42.6456003 ], [ -8.6516196, 42.6456101 ], [ -8.6516194, 42.6456219 ], [ -8.6516196, 42.6456312 ], [ -8.6516195, 42.6456404 ], [ -8.6516194, 42.6456515 ], [ -8.651619, 42.645661 ], [ -8.6516179, 42.6456704 ], [ -8.651616, 42.6456797 ], [ -8.6516134, 42.6456906 ], [ -8.6516109, 42.6456995 ], [ -8.651608, 42.6457097 ], [ -8.6516053, 42.6457193 ], [ -8.651603, 42.6457284 ], [ -8.6516004, 42.6457382 ], [ -8.6515977, 42.645749 ], [ -8.6515953, 42.6457583 ], [ -8.6515926, 42.6457678 ], [ -8.6515893, 42.6457786 ], [ -8.6515861, 42.6457895 ], [ -8.6515838, 42.6457999 ], [ -8.6515818, 42.6458096 ], [ -8.6515792, 42.6458189 ], [ -8.6515692, 42.6458637 ], [ -8.6515671, 42.6458742 ], [ -8.6515646, 42.645883 ], [ -8.6515627, 42.6458919 ], [ -8.651561, 42.6459015 ], [ -8.6515597, 42.6459105 ], [ -8.6515567, 42.6459206 ], [ -8.6515519, 42.6459323 ], [ -8.651548, 42.6459415 ], [ -8.6515426, 42.6459513 ], [ -8.6515361, 42.6459599 ], [ -8.6515294, 42.6459678 ], [ -8.6515235, 42.6459758 ], [ -8.6515177, 42.6459838 ], [ -8.651511, 42.6459926 ], [ -8.6515035, 42.646001 ], [ -8.6514973, 42.646009 ], [ -8.6514906, 42.6460179 ], [ -8.651484, 42.6460262 ], [ -8.6514774, 42.6460343 ], [ -8.6514703, 42.6460421 ], [ -8.6514606, 42.6460477 ], [ -8.651451, 42.6460543 ], [ -8.6514415, 42.6460611 ], [ -8.6514322, 42.6460678 ], [ -8.6514225, 42.646075 ], [ -8.6514134, 42.6460822 ], [ -8.6514046, 42.6460894 ], [ -8.6513943, 42.6460983 ], [ -8.6513867, 42.6461058 ], [ -8.6513793, 42.6461139 ], [ -8.6513725, 42.6461226 ], [ -8.6513659, 42.6461317 ], [ -8.65136, 42.6461408 ], [ -8.6513546, 42.6461496 ], [ -8.6513493, 42.6461583 ], [ -8.6513438, 42.6461669 ], [ -8.6513375, 42.6461769 ], [ -8.6513315, 42.6461857 ], [ -8.651325, 42.6461947 ], [ -8.6513185, 42.6462036 ], [ -8.6513124, 42.6462124 ], [ -8.6513065, 42.6462206 ], [ -8.6513011, 42.646229 ], [ -8.6512961, 42.6462377 ], [ -8.6512909, 42.6462469 ], [ -8.6512859, 42.6462577 ], [ -8.651201, 42.6462409 ], [ -8.6510793, 42.6462218 ], [ -8.6510211, 42.6462146 ], [ -8.6510246, 42.6462019 ], [ -8.6510247, 42.6461868 ], [ -8.6510182, 42.646169 ], [ -8.650967, 42.6460761 ], [ -8.6509444, 42.6460424 ], [ -8.650927, 42.6460299 ], [ -8.6509048, 42.6460209 ], [ -8.6508808, 42.6460164 ], [ -8.6508532, 42.6460137 ], [ -8.6508268, 42.6460109 ], [ -8.6507955, 42.6460073 ], [ -8.6507649, 42.6459997 ], [ -8.6507421, 42.6459912 ], [ -8.65072, 42.64598 ], [ -8.6507086, 42.6459671 ], [ -8.650683, 42.6459258 ], [ -8.6506753, 42.6459053 ], [ -8.6506671, 42.6458783 ], [ -8.6506923, 42.6457705 ], [ -8.650715, 42.6456845 ], [ -8.650734, 42.6456229 ], [ -8.6507673, 42.6455778 ], [ -8.6508082, 42.6455436 ], [ -8.6509199, 42.6454887 ], [ -8.6510007, 42.645454 ], [ -8.6510612, 42.6454291 ], [ -8.6510877, 42.6454124 ], [ -8.6510965, 42.6454046 ], [ -8.6511404, 42.6453515 ], [ -8.65115, 42.6453419 ], [ -8.6512065, 42.6452904 ], [ -8.6512133, 42.6452822 ] ] ] } },
{ "type": "Feature", "properties": { "stop_id": "osm-way-417607653", "name": "Área de Descanso de Bértola" }, "geometry": { "type": "Polygon", "coordinates": [ [ [ -8.6408503, 42.3889508 ], [ -8.6408157, 42.3887113 ], [ -8.640811, 42.3886796 ], [ -8.6407921, 42.3884831 ], [ -8.6407803, 42.38837 ], [ -8.6407773, 42.3883199 ], [ -8.6407494, 42.3881764 ], [ -8.6407234, 42.3880475 ], [ -8.6407205, 42.3880305 ], [ -8.6407173, 42.3880137 ], [ -8.640714, 42.3879968 ], [ -8.6407106, 42.3879801 ], [ -8.640707, 42.3879632 ], [ -8.6407034, 42.3879464 ], [ -8.6406996, 42.3879296 ], [ -8.6406957, 42.3879128 ], [ -8.6406916, 42.3878962 ], [ -8.6406875, 42.3878794 ], [ -8.6406831, 42.3878627 ], [ -8.640677, 42.3878391 ], [ -8.6406709, 42.3878155 ], [ -8.6406648, 42.387792 ], [ -8.6406587, 42.3877683 ], [ -8.6406525, 42.3877448 ], [ -8.6406465, 42.3877212 ], [ -8.6406403, 42.3876977 ], [ -8.6406381, 42.3876894 ], [ -8.6406341, 42.3876742 ], [ -8.6406279, 42.3876505 ], [ -8.6406217, 42.387627 ], [ -8.6406154, 42.3876035 ], [ -8.6405853, 42.387491 ], [ -8.6405791, 42.3874675 ], [ -8.640573, 42.387444 ], [ -8.6405665, 42.3874206 ], [ -8.6405601, 42.3873971 ], [ -8.6405537, 42.3873737 ], [ -8.6405471, 42.3873503 ], [ -8.6405405, 42.3873269 ], [ -8.6405338, 42.3873034 ], [ -8.640833, 42.3872589 ], [ -8.6408455, 42.3872943 ], [ -8.640854, 42.3873318 ], [ -8.6408566, 42.3873896 ], [ -8.6408452, 42.3875122 ], [ -8.6408358, 42.3876225 ], [ -8.6408423, 42.3876702 ], [ -8.640862, 42.3877145 ], [ -8.6409085, 42.3877783 ], [ -8.6409615, 42.3879444 ], [ -8.6409452, 42.3880208 ], [ -8.6409425, 42.3880858 ], [ -8.6409514, 42.3881649 ], [ -8.6409626, 42.3882667 ], [ -8.640966, 42.3883177 ], [ -8.6409607, 42.3883715 ], [ -8.6410183, 42.3885273 ], [ -8.6410065, 42.3885558 ], [ -8.6410098, 42.3885841 ], [ -8.6410313, 42.3886233 ], [ -8.6410506, 42.3886482 ], [ -8.6410611, 42.3886585 ], [ -8.641082, 42.3886789 ], [ -8.6410973, 42.3886969 ], [ -8.641105, 42.3887117 ], [ -8.641121, 42.3887569 ], [ -8.6411368, 42.388772 ], [ -8.6411494, 42.3887713 ], [ -8.6411679, 42.3887745 ], [ -8.6412144, 42.3887892 ], [ -8.6412526, 42.3888035 ], [ -8.641275, 42.3888117 ], [ -8.6412919, 42.3888227 ], [ -8.6413176, 42.3888318 ], [ -8.6413345, 42.3888379 ], [ -8.6413756, 42.3888413 ], [ -8.6413821, 42.3888421 ], [ -8.6414318, 42.3888739 ], [ -8.6414459, 42.3888882 ], [ -8.6414502, 42.3888987 ], [ -8.6414524, 42.3889105 ], [ -8.6414523, 42.3889194 ], [ -8.6414528, 42.3889275 ], [ -8.6414599, 42.3889357 ], [ -8.6414762, 42.3889593 ], [ -8.6414849, 42.3889694 ], [ -8.6414958, 42.3889792 ], [ -8.6415066, 42.388993 ], [ -8.6415169, 42.3890097 ], [ -8.6415212, 42.3890235 ], [ -8.6415261, 42.3890402 ], [ -8.6415254, 42.3890601 ], [ -8.6415243, 42.3890702 ], [ -8.6415401, 42.38908 ], [ -8.6415733, 42.389102 ], [ -8.6415989, 42.3891264 ], [ -8.6416275, 42.3891599 ], [ -8.6416706, 42.3891948 ], [ -8.6416959, 42.3892481 ], [ -8.6417352, 42.3893318 ], [ -8.6417435, 42.389361 ], [ -8.6417455, 42.3894021 ], [ -8.6417396, 42.3894528 ], [ -8.6417312, 42.3894821 ], [ -8.6417203, 42.3895403 ], [ -8.6416423, 42.3896469 ], [ -8.6416388, 42.3896861 ], [ -8.6416255, 42.3897225 ], [ -8.6415786, 42.389771 ], [ -8.6415413, 42.3898091 ], [ -8.6414275, 42.3898677 ], [ -8.6414051, 42.3898838 ], [ -8.6413689, 42.3899415 ], [ -8.6413542, 42.3899638 ], [ -8.6413374, 42.390002 ], [ -8.6413265, 42.3900316 ], [ -8.6413127, 42.3900703 ], [ -8.6412976, 42.3901246 ], [ -8.6412875, 42.3901627 ], [ -8.6412729, 42.3902256 ], [ -8.6412644, 42.3902702 ], [ -8.6412598, 42.3903099 ], [ -8.6412552, 42.3903517 ], [ -8.6412556, 42.3903785 ], [ -8.6412582, 42.3904097 ], [ -8.6412646, 42.3904439 ], [ -8.6412687, 42.3904922 ], [ -8.6412728, 42.3905376 ], [ -8.6412748, 42.3905668 ], [ -8.6411263, 42.3905841 ], [ -8.6411055, 42.390471 ], [ -8.6410681, 42.3903048 ], [ -8.6410583, 42.3902624 ], [ -8.6410577, 42.3902595 ], [ -8.6410377, 42.3901731 ], [ -8.6409941, 42.389949 ], [ -8.6409397, 42.3895999 ], [ -8.6409123, 42.3894005 ], [ -8.6408503, 42.3889508 ] ] ] } },
{ "type": "Feature", "properties": { "stop_id": "osm-way-417607668", "name": "Área de Descanso de Bértola" }, "geometry": { "type": "Polygon", "coordinates": [ [ [ -8.6410562, 42.3917451 ], [ -8.6410287, 42.3916774 ], [ -8.640993, 42.3916874 ], [ -8.6408897, 42.3917437 ], [ -8.6408681, 42.3917592 ], [ -8.640851, 42.3917702 ], [ -8.6407679, 42.3918184 ], [ -8.6407261, 42.3918433 ], [ -8.6407006, 42.3918568 ], [ -8.6406867, 42.391863 ], [ -8.6406658, 42.3918702 ], [ -8.6406441, 42.3918763 ], [ -8.6406273, 42.39188 ], [ -8.640622, 42.3918811 ], [ -8.6406144, 42.3918825 ], [ -8.6406075, 42.3918832 ], [ -8.6405865, 42.3918836 ], [ -8.6405725, 42.3918824 ], [ -8.6405588, 42.3918801 ], [ -8.640539, 42.3918747 ], [ -8.6405244, 42.3918677 ], [ -8.6405099, 42.3918594 ], [ -8.6405036, 42.3918558 ], [ -8.6404908, 42.3918471 ], [ -8.6404733, 42.3918327 ], [ -8.640455, 42.3918149 ], [ -8.6403989, 42.3917599 ], [ -8.6403408, 42.3916944 ], [ -8.6403272, 42.3916779 ], [ -8.6403143, 42.3916612 ], [ -8.6403022, 42.391644 ], [ -8.6402909, 42.3916266 ], [ -8.6402805, 42.3916089 ], [ -8.6402716, 42.3915071 ], [ -8.6402811, 42.3914202 ], [ -8.6402861, 42.3913526 ], [ -8.6402861, 42.3913344 ], [ -8.6402284, 42.3913326 ], [ -8.6401695, 42.3912978 ], [ -8.6401162, 42.3912998 ], [ -8.6400854, 42.3913267 ], [ -8.6399494, 42.3913709 ], [ -8.6398404, 42.3913635 ], [ -8.6396991, 42.3913663 ], [ -8.6395331, 42.3913705 ], [ -8.6394039, 42.3913787 ], [ -8.6392896, 42.3913949 ], [ -8.6392248, 42.3914102 ], [ -8.6391748, 42.3914189 ], [ -8.6390476, 42.3914125 ], [ -8.6389953, 42.3914119 ], [ -8.6389879, 42.3914014 ], [ -8.6389826, 42.3913754 ], [ -8.6389729, 42.3912608 ], [ -8.6390089, 42.3911462 ], [ -8.6390766, 42.3910155 ], [ -8.6390984, 42.3909709 ], [ -8.6391237, 42.3909365 ], [ -8.6391741, 42.3908802 ], [ -8.6392284, 42.3908391 ], [ -8.6392644, 42.3908161 ], [ -8.6393174, 42.3907929 ], [ -8.6394071, 42.3907663 ], [ -8.6394577, 42.3907596 ], [ -8.6395226, 42.3907656 ], [ -8.6396098, 42.3907945 ], [ -8.6396954, 42.3908431 ], [ -8.6397479, 42.3908896 ], [ -8.6398035, 42.390932 ], [ -8.6398686, 42.3909826 ], [ -8.6399306, 42.391037 ], [ -8.6399634, 42.3910674 ], [ -8.639978, 42.3910758 ], [ -8.6400075, 42.3910886 ], [ -8.6400593, 42.3910981 ], [ -8.6401187, 42.3911182 ], [ -8.6401341, 42.3911187 ], [ -8.6401993, 42.3911086 ], [ -8.6402213, 42.3910555 ], [ -8.640231, 42.3910052 ], [ -8.6402779, 42.3909859 ], [ -8.6403225, 42.3909595 ], [ -8.6403445, 42.3909434 ], [ -8.6403695, 42.3909213 ], [ -8.6403872, 42.3909001 ], [ -8.6404042, 42.3908807 ], [ -8.6404187, 42.3908579 ], [ -8.6404315, 42.3908333 ], [ -8.640444, 42.3908114 ], [ -8.6404515, 42.3907929 ], [ -8.6404672, 42.3907387 ], [ -8.6404706, 42.3907218 ], [ -8.6404766, 42.3906807 ], [ -8.6404788, 42.3906352 ], [ -8.6404762, 42.3905847 ], [ -8.6404697, 42.3905328 ], [ -8.6404603, 42.3904772 ], [ -8.6407667, 42.3904439 ], [ -8.6407774, 42.3905137 ], [ -8.6407953, 42.390611 ], [ -8.6408257, 42.3907144 ], [ -8.6408524, 42.3907984 ], [ -8.6408882, 42.390894 ], [ -8.6409008, 42.3909277 ], [ -8.6409094, 42.3909521 ], [ -8.6409182, 42.3909764 ], [ -8.6409271, 42.3910009 ], [ -8.6409361, 42.3910252 ], [ -8.6409451, 42.3910495 ], [ -8.6409545, 42.391074 ], [ -8.6410022, 42.3911944 ], [ -8.6410497, 42.3913091 ], [ -8.6411121, 42.391455 ], [ -8.6411441, 42.3915247 ], [ -8.6411951, 42.391631 ], [ -8.6412476, 42.3917414 ], [ -8.6412641, 42.391776 ], [ -8.6413328, 42.391903 ], [ -8.6413853, 42.3919965 ], [ -8.6415573, 42.3923033 ], [ -8.6416256, 42.392403 ], [ -8.6416445, 42.3924305 ], [ -8.641719, 42.3925309 ], [ -8.6418039, 42.3926383 ], [ -8.6418866, 42.3927416 ], [ -8.641987, 42.3928639 ], [ -8.6420596, 42.3929454 ], [ -8.6420816, 42.3929702 ], [ -8.6421038, 42.3929951 ], [ -8.642126, 42.3930197 ], [ -8.6421442, 42.3930394 ], [ -8.6421937, 42.3930935 ], [ -8.6422165, 42.3931179 ], [ -8.6422394, 42.3931423 ], [ -8.6422484, 42.3931516 ], [ -8.6422565, 42.3931602 ], [ -8.6419931, 42.3932914 ], [ -8.641982, 42.3932852 ], [ -8.6419349, 42.3932365 ], [ -8.6419112, 42.3931535 ], [ -8.6418848, 42.3931234 ], [ -8.6417806, 42.3930628 ], [ -8.641718, 42.3929523 ], [ -8.6416655, 42.392875 ], [ -8.6415834, 42.392775 ], [ -8.641537, 42.3927281 ], [ -8.641455, 42.392633 ], [ -8.6413963, 42.3925615 ], [ -8.6413289, 42.3924386 ], [ -8.6412605, 42.392328 ], [ -8.6411714, 42.3922183 ], [ -8.6411231, 42.3921131 ], [ -8.6410564, 42.3919527 ], [ -8.6410036, 42.3918777 ], [ -8.640991, 42.3918211 ], [ -8.6409991, 42.3918003 ], [ -8.641016, 42.3917563 ], [ -8.6410562, 42.3917451 ] ] ] } },
{ "type": "Feature", "properties": { "stop_id": "osm-way-417607684", "name": "Área de Descanso de Marantes" }, "geometry": { "type": "Polygon", "coordinates": [ [ [ -8.4660312, 42.9353172 ], [ -8.4660999, 42.9352065 ], [ -8.4661785, 42.9350814 ], [ -8.4662618, 42.9349546 ], [ -8.4663108, 42.9348797 ], [ -8.4663881, 42.9347647 ], [ -8.4664694, 42.9346442 ], [ -8.4665547, 42.9345239 ], [ -8.4666282, 42.9344232 ], [ -8.4667007, 42.9343282 ], [ -8.4668964, 42.9340821 ], [ -8.4669225, 42.9340481 ], [ -8.4670795, 42.9338476 ], [ -8.4671947, 42.9337031 ], [ -8.4672926, 42.9335814 ], [ -8.4673922, 42.9334603 ], [ -8.4674996, 42.9333295 ], [ -8.4675489, 42.9332694 ], [ -8.4676021, 42.9332069 ], [ -8.4676698, 42.9331282 ], [ -8.4678048, 42.9331919 ], [ -8.4675469, 42.9334897 ], [ -8.4674913, 42.9335714 ], [ -8.4674252, 42.9336458 ], [ -8.4673615, 42.9337097 ], [ -8.4673064, 42.9337976 ], [ -8.467221, 42.9339131 ], [ -8.4671821, 42.9340048 ], [ -8.4670519, 42.934186 ], [ -8.4670046, 42.934267 ], [ -8.4669311, 42.934379 ], [ -8.4668709, 42.9344535 ], [ -8.4668324, 42.9345261 ], [ -8.4668124, 42.9345831 ], [ -8.4668024, 42.9346488 ], [ -8.466804, 42.9346764 ], [ -8.4668228, 42.9347436 ], [ -8.4668567, 42.9348053 ], [ -8.4669336, 42.934891 ], [ -8.4671459, 42.9349797 ], [ -8.4672842, 42.9350104 ], [ -8.4674586, 42.9350231 ], [ -8.4676086, 42.9350153 ], [ -8.4677132, 42.9350181 ], [ -8.4677497, 42.9349987 ], [ -8.4680462, 42.9348512 ], [ -8.4682223, 42.9346725 ], [ -8.4683961, 42.9346033 ], [ -8.4685387, 42.9346402 ], [ -8.4686632, 42.9347871 ], [ -8.4688063, 42.9349559 ], [ -8.4687962, 42.9350187 ], [ -8.4686876, 42.9352092 ], [ -8.468531, 42.9354551 ], [ -8.4684816, 42.935538 ], [ -8.4683098, 42.9356405 ], [ -8.4681406, 42.9357323 ], [ -8.4679372, 42.9357309 ], [ -8.4677692, 42.9356621 ], [ -8.4675788, 42.935546 ], [ -8.467448, 42.9354664 ], [ -8.4673715, 42.9354301 ], [ -8.4673249, 42.9353696 ], [ -8.4672247, 42.9353415 ], [ -8.4668055, 42.9352484 ], [ -8.4665966, 42.9352712 ], [ -8.4663319, 42.9353392 ], [ -8.4661299, 42.9355207 ], [ -8.4660973, 42.9355633 ], [ -8.4660466, 42.9356345 ], [ -8.4660103, 42.9357202 ], [ -8.465949, 42.9358041 ], [ -8.4658709, 42.9359222 ], [ -8.4657037, 42.9361528 ], [ -8.4656154, 42.9362712 ], [ -8.4655208, 42.936432 ], [ -8.4654431, 42.9365796 ], [ -8.4654166, 42.9366247 ], [ -8.4652939, 42.9365925 ], [ -8.4653275, 42.9365383 ], [ -8.4653972, 42.9364234 ], [ -8.4654683, 42.9363059 ], [ -8.4655607, 42.9361554 ], [ -8.4656429, 42.9360221 ], [ -8.4658915, 42.9355516 ], [ -8.4659594, 42.9354365 ], [ -8.4660312, 42.9353172 ] ] ] } },
{ "type": "Feature", "properties": { "stop_id": "osm-way-417607691", "name": "Área descanso Marantes" }, "geometry": { "type": "Polygon", "coordinates": [ [ [ -8.464188, 42.9376004 ], [ -8.4644766, 42.9371624 ], [ -8.4645715, 42.937196 ], [ -8.4646143, 42.9372112 ], [ -8.4645238, 42.9373468 ], [ -8.4644609, 42.9374388 ], [ -8.4644173, 42.937501 ], [ -8.46437, 42.9375667 ], [ -8.4643184, 42.9376365 ], [ -8.4642758, 42.9376929 ], [ -8.4641813, 42.9378132 ], [ -8.464104, 42.9379088 ], [ -8.4640165, 42.9380154 ], [ -8.4639295, 42.9381197 ], [ -8.4636939, 42.9384096 ], [ -8.463589, 42.9385207 ], [ -8.4635682, 42.9385428 ], [ -8.4635669, 42.9385441 ], [ -8.4634879, 42.9386275 ], [ -8.4633948, 42.9387219 ], [ -8.4633005, 42.9388158 ], [ -8.4632292, 42.9388859 ], [ -8.4631008, 42.9390135 ], [ -8.4630027, 42.9391099 ], [ -8.4629697, 42.9391419 ], [ -8.4629033, 42.9392057 ], [ -8.4628117, 42.9392958 ], [ -8.462754, 42.9393542 ], [ -8.462668, 42.9394419 ], [ -8.4626112, 42.9395008 ], [ -8.4625095, 42.9396059 ], [ -8.4624333, 42.9396873 ], [ -8.4621749, 42.9399987 ], [ -8.4620716, 42.9401335 ], [ -8.4619718, 42.9402656 ], [ -8.4619016, 42.9403618 ], [ -8.46184, 42.9404517 ], [ -8.4617671, 42.9405654 ], [ -8.461703, 42.9406725 ], [ -8.4616582, 42.9407504 ], [ -8.4616163, 42.9408249 ], [ -8.4613682, 42.9407585 ], [ -8.4614805, 42.9405501 ], [ -8.4615646, 42.9404266 ], [ -8.4616673, 42.9402971 ], [ -8.4616817, 42.9402762 ], [ -8.4617453, 42.9401976 ], [ -8.4618046, 42.940132 ], [ -8.4618909, 42.9400443 ], [ -8.4620043, 42.9399302 ], [ -8.4620533, 42.9398848 ], [ -8.4621234, 42.9398266 ], [ -8.4621724, 42.9397905 ], [ -8.4622113, 42.9397524 ], [ -8.4622452, 42.939715 ], [ -8.4622765, 42.9396745 ], [ -8.4623097, 42.9396192 ], [ -8.462326, 42.9395804 ], [ -8.4623389, 42.9395411 ], [ -8.4623478, 42.9394826 ], [ -8.4623491, 42.9394376 ], [ -8.4623374, 42.9393472 ], [ -8.4623174, 42.9392801 ], [ -8.4623186, 42.9391265 ], [ -8.4623318, 42.9389743 ], [ -8.4623816, 42.9389331 ], [ -8.462431, 42.9388778 ], [ -8.4624759, 42.9388307 ], [ -8.4625369, 42.9387719 ], [ -8.4625379, 42.9387709 ], [ -8.4625555, 42.938754 ], [ -8.4625893, 42.938716 ], [ -8.4625917, 42.938707 ], [ -8.462598, 42.9386999 ], [ -8.4626204, 42.9386906 ], [ -8.4626459, 42.9386884 ], [ -8.4627371, 42.9386548 ], [ -8.4628048, 42.9386259 ], [ -8.4629847, 42.9385668 ], [ -8.4630831, 42.9385391 ], [ -8.4632157, 42.9384976 ], [ -8.4633644, 42.9384557 ], [ -8.4634605, 42.9384102 ], [ -8.4636514, 42.9382684 ], [ -8.4638362, 42.9380856 ], [ -8.4639233, 42.937965 ], [ -8.4640064, 42.9378502 ], [ -8.464188, 42.9376004 ] ] ] } },
{ "type": "Feature", "properties": { "stop_id": "osm-way-417607696", "name": "Área descanso Piadela" }, "geometry": { "type": "Polygon", "coordinates": [ [ [ -8.2540126, 43.2585373 ], [ -8.2540599, 43.2585361 ], [ -8.2540684, 43.2587251 ], [ -8.2540694, 43.2587506 ], [ -8.2540791, 43.258822 ], [ -8.2541104, 43.2590436 ], [ -8.2541347, 43.2592258 ], [ -8.2541726, 43.2595397 ], [ -8.2541848, 43.2598055 ], [ -8.2541858, 43.2598157 ], [ -8.2542069, 43.2600504 ], [ -8.2542196, 43.2602139 ], [ -8.2542328, 43.26045 ], [ -8.2542364, 43.2605289 ], [ -8.25424, 43.2606492 ], [ -8.2542395, 43.2607676 ], [ -8.2542399, 43.2608859 ], [ -8.2542371, 43.2609603 ], [ -8.2542315, 43.2611296 ], [ -8.2542253, 43.2612384 ], [ -8.2542169, 43.2613504 ], [ -8.254212, 43.2614293 ], [ -8.2541987, 43.2615418 ], [ -8.2541702, 43.2618677 ], [ -8.2541538, 43.2619582 ], [ -8.2541308, 43.2620795 ], [ -8.2541033, 43.2622116 ], [ -8.2540769, 43.2623318 ], [ -8.2540556, 43.2624152 ], [ -8.2540535, 43.2624452 ], [ -8.2540486, 43.2624934 ], [ -8.2540439, 43.26252 ], [ -8.2540394, 43.2625454 ], [ -8.2540371, 43.2625559 ], [ -8.2538835, 43.2625417 ], [ -8.2538854, 43.2625336 ], [ -8.2539116, 43.2624236 ], [ -8.2539191, 43.2623807 ], [ -8.253919, 43.2623705 ], [ -8.2538824, 43.2621591 ], [ -8.2538693, 43.2620972 ], [ -8.2538521, 43.262065 ], [ -8.253842, 43.2620517 ], [ -8.2537354, 43.2619126 ], [ -8.2536485, 43.2617889 ], [ -8.2535943, 43.2616984 ], [ -8.2535046, 43.2616016 ], [ -8.2534748, 43.2615538 ], [ -8.2534187, 43.2614453 ], [ -8.2534111, 43.2614227 ], [ -8.2533999, 43.2614036 ], [ -8.2533701, 43.2613705 ], [ -8.253356, 43.2613549 ], [ -8.2533508, 43.2613464 ], [ -8.253348, 43.2613375 ], [ -8.2533464, 43.2613283 ], [ -8.2533309, 43.2612881 ], [ -8.2533046, 43.261162 ], [ -8.2532863, 43.2610328 ], [ -8.2532901, 43.2609121 ], [ -8.2533035, 43.2606861 ], [ -8.2533293, 43.2605603 ], [ -8.2533402, 43.2604727 ], [ -8.2533686, 43.2603778 ], [ -8.2533976, 43.2602805 ], [ -8.253464, 43.2601891 ], [ -8.2535785, 43.2600487 ], [ -8.253585, 43.26003 ], [ -8.2535893, 43.260002 ], [ -8.253591, 43.259954 ], [ -8.2535905, 43.2599254 ], [ -8.2535866, 43.2598986 ], [ -8.2535905, 43.2598853 ], [ -8.2536714, 43.2597974 ], [ -8.2537591, 43.2597324 ], [ -8.2538039, 43.2596976 ], [ -8.2538292, 43.2596775 ], [ -8.2538676, 43.2596528 ], [ -8.2539125, 43.2596269 ], [ -8.253941, 43.2596184 ], [ -8.2539331, 43.2595539 ], [ -8.2539451, 43.2595245 ], [ -8.2539497, 43.2595106 ], [ -8.2539561, 43.259489 ], [ -8.2539595, 43.259428 ], [ -8.2539497, 43.2593701 ], [ -8.2539447, 43.2592932 ], [ -8.253946, 43.2592715 ], [ -8.2539506, 43.2592009 ], [ -8.2539511, 43.2591778 ], [ -8.2539498, 43.259162 ], [ -8.2539462, 43.2591065 ], [ -8.2539456, 43.2590589 ], [ -8.2539269, 43.2589504 ], [ -8.2539269, 43.2589261 ], [ -8.2539278, 43.2588872 ], [ -8.2539287, 43.2588715 ], [ -8.2539332, 43.2588549 ], [ -8.2539404, 43.2588361 ], [ -8.2539352, 43.2587926 ], [ -8.2539204, 43.2586758 ], [ -8.2539166, 43.2585623 ], [ -8.253912, 43.2585398 ], [ -8.2540126, 43.2585373 ] ] ] } },
{ "type": "Feature", "properties": { "stop_id": "osm-way-417607707", "name": "Área descanso Piadela" }, "geometry": { "type": "Polygon", "coordinates": [ [ [ -8.2537437, 43.2643154 ], [ -8.2538656, 43.2643413 ], [ -8.2537821, 43.2646074 ], [ -8.2537571, 43.2646915 ], [ -8.2537525, 43.2647834 ], [ -8.2537528, 43.2648238 ], [ -8.2537604, 43.264851 ], [ -8.2537646, 43.2649131 ], [ -8.2537899, 43.2649474 ], [ -8.2538227, 43.2649646 ], [ -8.2540217, 43.2650696 ], [ -8.2541977, 43.2651403 ], [ -8.2542966, 43.2651844 ], [ -8.2543307, 43.2651973 ], [ -8.2544063, 43.2652346 ], [ -8.2544293, 43.2652483 ], [ -8.2544483, 43.2652627 ], [ -8.2544636, 43.2652801 ], [ -8.2544856, 43.265304 ], [ -8.2544973, 43.2653228 ], [ -8.2545102, 43.2653466 ], [ -8.2545175, 43.2653625 ], [ -8.2545255, 43.2655677 ], [ -8.2545216, 43.2656426 ], [ -8.2545186, 43.2657073 ], [ -8.2545115, 43.265748 ], [ -8.2544254, 43.2659286 ], [ -8.2542153, 43.2663459 ], [ -8.2541384, 43.2665143 ], [ -8.2541261, 43.2665503 ], [ -8.2541151, 43.2665874 ], [ -8.2540927, 43.2666346 ], [ -8.254079, 43.2666505 ], [ -8.2540615, 43.2666644 ], [ -8.2540288, 43.2666816 ], [ -8.254007, 43.2666909 ], [ -8.2539575, 43.266707 ], [ -8.2539317, 43.266713 ], [ -8.2538776, 43.2667157 ], [ -8.2538409, 43.2667278 ], [ -8.2537102, 43.2667573 ], [ -8.2536289, 43.2667899 ], [ -8.2535756, 43.2668 ], [ -8.2535375, 43.2668061 ], [ -8.2534636, 43.266812 ], [ -8.2534473, 43.2668558 ], [ -8.2535055, 43.2668884 ], [ -8.2535394, 43.26692 ], [ -8.2535498, 43.2669366 ], [ -8.2535532, 43.2669547 ], [ -8.2535523, 43.2669731 ], [ -8.2535463, 43.267 ], [ -8.2534788, 43.2671678 ], [ -8.2533696, 43.2673574 ], [ -8.2533384, 43.2674021 ], [ -8.2533055, 43.2674494 ], [ -8.2532943, 43.2675094 ], [ -8.2533027, 43.2676893 ], [ -8.2533177, 43.2677779 ], [ -8.2533105, 43.2678759 ], [ -8.2533046, 43.2679369 ], [ -8.2533084, 43.2679853 ], [ -8.2533245, 43.2680518 ], [ -8.253334, 43.2681084 ], [ -8.2533542, 43.2682949 ], [ -8.2531198, 43.2682993 ], [ -8.2530971, 43.2680064 ], [ -8.2530844, 43.26788 ], [ -8.253074, 43.2677519 ], [ -8.2530676, 43.2676337 ], [ -8.2530586, 43.2673398 ], [ -8.2530583, 43.2671744 ], [ -8.2530633, 43.2670123 ], [ -8.2530724, 43.2668857 ], [ -8.2530802, 43.2667504 ], [ -8.2530928, 43.2666559 ], [ -8.2531116, 43.2665547 ], [ -8.2531414, 43.266406 ], [ -8.2531562, 43.2663086 ], [ -8.2531922, 43.2661104 ], [ -8.253227, 43.2659383 ], [ -8.2532702, 43.2657587 ], [ -8.2533117, 43.265604 ], [ -8.2533574, 43.2654451 ], [ -8.2534019, 43.2653045 ], [ -8.2534536, 43.2651563 ], [ -8.2536, 43.2647716 ], [ -8.2536627, 43.2645934 ], [ -8.2536796, 43.264519 ], [ -8.2537083, 43.2644224 ], [ -8.2537437, 43.2643154 ] ] ] } },
{ "type": "Feature", "properties": { "stop_id": "osm-way-417870920", "name": "Área de Servicio El Picazo" }, "geometry": { "type": "Polygon", "coordinates": [ [ [ -2.1580215, 39.4847004 ], [ -2.1584526, 39.4849218 ], [ -2.1594172, 39.4847426 ], [ -2.1593723, 39.4842072 ], [ -2.1593017, 39.4840461 ], [ -2.1591848, 39.4838887 ], [ -2.1590177, 39.4837654 ], [ -2.1588379, 39.4836907 ], [ -2.1587456, 39.4836701 ], [ -2.1586179, 39.4836782 ], [ -2.1579515, 39.4838371 ], [ -2.1578973, 39.4838921 ], [ -2.1578081, 39.484059 ], [ -2.1576771, 39.4843414 ], [ -2.1576628, 39.4844135 ], [ -2.1577929, 39.4845364 ], [ -2.1580215, 39.4847004 ] ] ] } },
{ "type": "Feature", "properties": { "stop_id": "osm-way-418072537", "name": null }, "geometry": { "type": "Polygon", "coordinates": [ [ [ -0.9527381, 40.6840037 ], [ -0.9513605, 40.6843189 ], [ -0.9503564, 40.6856009 ], [ -0.9527381, 40.6840037 ] ] ] } },
{ "type": "Feature", "properties": { "stop_id": "osm-way-418072599", "name": null }, "geometry": { "type": "Polygon", "coordinates": [ [ [ -0.9295614, 40.6938693 ], [ -0.9268069, 40.6953971 ], [ -0.925402, 40.6954718 ], [ -0.9295614, 40.6938693 ] ] ] } },
{ "type": "Feature", "properties": { "stop_id": "osm-way-418296676", "name": null }, "geometry": { "type": "Polygon", "coordinates": [ [ [ -3.8538098, 37.1954557 ], [ -3.8536698, 37.1949928 ], [ -3.853543, 37.1945551 ], [ -3.8535245, 37.1945193 ], [ -3.8534928, 37.1944962 ], [ -3.8534083, 37.194492 ], [ -3.852954, 37.1944667 ], [ -3.8528404, 37.1944751 ], [ -3.8527951, 37.194494 ], [ -3.8526792, 37.1945425 ], [ -3.852205, 37.194498 ], [ -3.8521706, 37.1944834 ], [ -3.8521361, 37.1944577 ], [ -3.8521063, 37.1944449 ], [ -3.8520417, 37.1944282 ], [ -3.8509331, 37.1943699 ], [ -3.8509278, 37.1944351 ], [ -3.8513399, 37.1945909 ], [ -3.8513848, 37.1946287 ], [ -3.8514614, 37.1947339 ], [ -3.8515275, 37.1948013 ], [ -3.8515909, 37.1948413 ], [ -3.8524917, 37.1952284 ], [ -3.8535827, 37.1954431 ], [ -3.8538098, 37.1954557 ] ] ] } },
{ "type": "Feature", "properties": { "stop_id": "osm-way-418296695", "name": null }, "geometry": { "type": "Polygon", "coordinates": [ [ [ -3.9300684, 37.1810378 ], [ -3.9298954, 37.180997 ], [ -3.9293144, 37.1810141 ], [ -3.9288978, 37.1810292 ], [ -3.9285888, 37.1810366 ], [ -3.9284423, 37.1810398 ], [ -3.9280495, 37.1810483 ], [ -3.92783, 37.1810528 ], [ -3.9275416, 37.1811542 ], [ -3.9276632, 37.1814617 ], [ -3.9279564, 37.1820515 ], [ -3.9279986, 37.1820696 ], [ -3.9280789, 37.1820821 ], [ -3.928198, 37.1820908 ], [ -3.9290618, 37.1821236 ], [ -3.9291294, 37.1821246 ], [ -3.9295169, 37.1821305 ], [ -3.9297736, 37.1821344 ], [ -3.9297722, 37.1819145 ], [ -3.9298803, 37.1818321 ], [ -3.9299697, 37.1817721 ], [ -3.9300684, 37.1816935 ], [ -3.9300943, 37.1816579 ], [ -3.9300966, 37.1816354 ], [ -3.9300684, 37.1810378 ] ] ] } },
{ "type": "Feature", "properties": { "stop_id": "osm-way-419847890", "name": null }, "geometry": { "type": "Polygon", "coordinates": [ [ [ -2.2538471, 39.5369651 ], [ -2.2538219, 39.5361055 ], [ -2.2535558, 39.535883 ], [ -2.2527437, 39.5358982 ], [ -2.2525364, 39.5367534 ], [ -2.2538471, 39.5369651 ] ] ] } },
{ "type": "Feature", "properties": { "stop_id": "osm-way-419941343", "name": null }, "geometry": { "type": "Polygon", "coordinates": [ [ [ -8.6797547, 42.1686808 ], [ -8.6796738, 42.1686786 ], [ -8.6796378, 42.1685031 ], [ -8.6796114, 42.1685278 ], [ -8.679615, 42.1686537 ], [ -8.6795477, 42.1687547 ], [ -8.6794929, 42.1688229 ], [ -8.6793655, 42.1688635 ], [ -8.6793071, 42.1688701 ], [ -8.6792327, 42.1688583 ], [ -8.6791549, 42.1688085 ], [ -8.6791673, 42.1688763 ], [ -8.6791823, 42.1690651 ], [ -8.6793831, 42.1690273 ], [ -8.6793951, 42.1690473 ], [ -8.6795779, 42.168974 ], [ -8.6796917, 42.1688963 ], [ -8.6797667, 42.1687808 ], [ -8.6797547, 42.1686808 ] ] ] } },
{ "type": "Feature", "properties": { "stop_id": "osm-way-421000136", "name": "Peaje de Marcilla" }, "geometry": { "type": "Polygon", "coordinates": [ [ [ -1.7256924, 42.3325749 ], [ -1.7261673, 42.3326212 ], [ -1.7262531, 42.3326296 ], [ -1.7264626, 42.3321695 ], [ -1.7265859, 42.3319053 ], [ -1.7266845, 42.3315864 ], [ -1.7267399, 42.3312174 ], [ -1.7267584, 42.3308712 ], [ -1.7266968, 42.3305204 ], [ -1.7265735, 42.3302106 ], [ -1.7264441, 42.3299191 ], [ -1.7262839, 42.3296048 ], [ -1.7257478, 42.3296002 ], [ -1.7257663, 42.3298872 ], [ -1.725791, 42.3302198 ], [ -1.725754, 42.3304065 ], [ -1.7256677, 42.330484 ], [ -1.7255876, 42.3308575 ], [ -1.7256246, 42.3314588 ], [ -1.72568, 42.3320146 ], [ -1.7256924, 42.3325749 ] ] ] } },
{ "type": "Feature", "properties": { "stop_id": "osm-way-421123434", "name": null }, "geometry": { "type": "Polygon", "coordinates": [ [ [ -1.1228586, 41.7773551 ], [ -1.1229193, 41.7770207 ], [ -1.1234003, 41.7770486 ], [ -1.1240074, 41.7770277 ], [ -1.1245304, 41.7770521 ], [ -1.1249928, 41.7771078 ], [ -1.1254691, 41.7771775 ], [ -1.1259221, 41.7772576 ], [ -1.1261416, 41.777275 ], [ -1.1261603, 41.7776093 ], [ -1.1258287, 41.7776198 ], [ -1.1254691, 41.7776441 ], [ -1.1251282, 41.7776859 ], [ -1.1249367, 41.7778287 ], [ -1.1247032, 41.7778148 ], [ -1.1244977, 41.777773 ], [ -1.1243436, 41.7776337 ], [ -1.1241428, 41.777578 ], [ -1.1236992, 41.7775153 ], [ -1.1228586, 41.7773551 ] ] ] } },
{ "type": "Feature", "properties": { "stop_id": "osm-way-421156724", "name": "Area de descanso para peregrinos" }, "geometry": { "type": "Polygon", "coordinates": [ [ [ -7.8189137, 42.2814343 ], [ -7.8188569, 42.2814537 ], [ -7.818824, 42.281406 ], [ -7.8188831, 42.2813868 ], [ -7.8189137, 42.2814343 ] ] ] } },
{ "type": "Feature", "properties": { "stop_id": "osm-way-421448339", "name": "Área de Servicio Canuhe" }, "geometry": { "type": "Polygon", "coordinates": [ [ [ -0.6680122, 41.9916469 ], [ -0.667673, 41.9912606 ], [ -0.6676223, 41.9912279 ], [ -0.6675691, 41.9912111 ], [ -0.6675151, 41.9912055 ], [ -0.6674576, 41.9912132 ], [ -0.6674013, 41.9912377 ], [ -0.6669251, 41.9915685 ], [ -0.6668499, 41.9916086 ], [ -0.6667502, 41.991718 ], [ -0.6668286, 41.99195 ], [ -0.6664086, 41.9922294 ], [ -0.6663579, 41.9922682 ], [ -0.6663236, 41.9923047 ], [ -0.6662942, 41.9923521 ], [ -0.6662631, 41.9923885 ], [ -0.6662288, 41.9924189 ], [ -0.6661683, 41.9924577 ], [ -0.6662566, 41.992476 ], [ -0.6663367, 41.9925003 ], [ -0.6664053, 41.9925306 ], [ -0.6663971, 41.9924845 ], [ -0.666402, 41.992448 ], [ -0.6664184, 41.992414 ], [ -0.6664429, 41.9923885 ], [ -0.6664887, 41.992363 ], [ -0.6665524, 41.9923411 ], [ -0.6666374, 41.9923217 ], [ -0.666827, 41.9922986 ], [ -0.6670182, 41.9922889 ], [ -0.6672176, 41.9922743 ], [ -0.6673108, 41.9922573 ], [ -0.6675085, 41.9921723 ], [ -0.667989, 41.9918552 ], [ -0.6680211, 41.9918173 ], [ -0.6680405, 41.9917739 ], [ -0.6680484, 41.9917374 ], [ -0.6680389, 41.9916953 ], [ -0.6680122, 41.9916469 ] ] ] } },
{ "type": "Feature", "properties": { "stop_id": "osm-way-421768647", "name": null }, "geometry": { "type": "Polygon", "coordinates": [ [ [ -4.8758734, 37.3024677 ], [ -4.8765922, 37.3026426 ], [ -4.8773272, 37.3027749 ], [ -4.8780889, 37.3028731 ], [ -4.8786951, 37.3028944 ], [ -4.8784644, 37.3032998 ], [ -4.8780406, 37.3035387 ], [ -4.8777939, 37.3034961 ], [ -4.8773433, 37.3036454 ], [ -4.8769409, 37.3035985 ], [ -4.876839, 37.3034107 ], [ -4.8764635, 37.3033552 ], [ -4.8763723, 37.3033126 ], [ -4.8762435, 37.3029157 ], [ -4.8761738, 37.3027365 ], [ -4.8759539, 37.3025402 ], [ -4.8758734, 37.3024677 ] ] ] } },
{ "type": "Feature", "properties": { "stop_id": "osm-way-422084349", "name": "Àrea de Servei La Safor" }, "geometry": { "type": "Polygon", "coordinates": [ [ [ -0.2282385, 39.043757 ], [ -0.2286542, 39.0433403 ], [ -0.2288098, 39.0432112 ], [ -0.228976, 39.0429341 ], [ -0.2291619, 39.042889 ], [ -0.2291665, 39.0427091 ], [ -0.2293891, 39.0424779 ], [ -0.2292588, 39.0412986 ], [ -0.2292239, 39.0411184 ], [ -0.2290495, 39.0403156 ], [ -0.2289679, 39.0402502 ], [ -0.2288728, 39.040211 ], [ -0.2282845, 39.0401028 ], [ -0.2281305, 39.0400521 ], [ -0.2278734, 39.0399398 ], [ -0.2277453, 39.0399542 ], [ -0.2276163, 39.0399687 ], [ -0.2277861, 39.0416781 ], [ -0.2278633, 39.0424255 ], [ -0.2279028, 39.0427697 ], [ -0.228081, 39.0436814 ], [ -0.2282385, 39.043757 ] ] ] } },
{ "type": "Feature", "properties": { "stop_id": "osm-way-422084350", "name": "Àrea de Servei La Safor" }, "geometry": { "type": "Polygon", "coordinates": [ [ [ -0.2273109, 39.0427544 ], [ -0.2271557, 39.0425926 ], [ -0.2270897, 39.0425282 ], [ -0.2269928, 39.0424608 ], [ -0.2266432, 39.042221 ], [ -0.2266001, 39.0421799 ], [ -0.2265462, 39.0421097 ], [ -0.2265083, 39.0419982 ], [ -0.2264731, 39.0418179 ], [ -0.2264509, 39.0414282 ], [ -0.2263993, 39.040748 ], [ -0.2263387, 39.0403276 ], [ -0.2262833, 39.0400095 ], [ -0.2261051, 39.039301 ], [ -0.2260822, 39.0390422 ], [ -0.2260999, 39.0388539 ], [ -0.2261552, 39.0386633 ], [ -0.2262472, 39.0385163 ], [ -0.2263879, 39.0383692 ], [ -0.2265808, 39.0381545 ], [ -0.2266886, 39.0379561 ], [ -0.2267229, 39.0378239 ], [ -0.2269263, 39.0378287 ], [ -0.2270995, 39.0387088 ], [ -0.2271825, 39.0392034 ], [ -0.2272552, 39.0397052 ], [ -0.2273136, 39.0405137 ], [ -0.2274415, 39.0417223 ], [ -0.2275554, 39.0427275 ], [ -0.2273109, 39.0427544 ] ] ] } },
{ "type": "Feature", "properties": { "stop_id": "osm-way-422163125", "name": null }, "geometry": { "type": "Polygon", "coordinates": [ [ [ 1.5281022, 41.9945698 ], [ 1.5281376, 41.9943482 ], [ 1.528629, 41.9944035 ], [ 1.5285812, 41.9946253 ], [ 1.5285317, 41.9946199 ], [ 1.528137, 41.9945735 ], [ 1.5281022, 41.9945698 ] ] ] } },
{ "type": "Feature", "properties": { "stop_id": "osm-way-422342569", "name": null }, "geometry": { "type": "Polygon", "coordinates": [ [ [ -0.8105603, 38.4852572 ], [ -0.8111921, 38.4849114 ], [ -0.8108806, 38.4845655 ], [ -0.8102312, 38.4849131 ], [ -0.8105603, 38.4852572 ] ] ] } },
{ "type": "Feature", "properties": { "stop_id": "osm-way-425794755", "name": null }, "geometry": { "type": "Polygon", "coordinates": [ [ [ -3.9924847, 40.6251175 ], [ -3.9928202, 40.6250339 ], [ -3.9928397, 40.6250507 ], [ -3.992942, 40.625142 ], [ -3.9928873, 40.6251684 ], [ -3.992989, 40.6252703 ], [ -3.993048, 40.6253508 ], [ -3.9931291, 40.6252987 ], [ -3.99329, 40.6254428 ], [ -3.9932312, 40.6254806 ], [ -3.9933844, 40.6256174 ], [ -3.9931533, 40.6257381 ], [ -3.9924847, 40.6251175 ] ] ] } },
{ "type": "Feature", "properties": { "stop_id": "osm-way-429675568", "name": null }, "geometry": { "type": "Polygon", "coordinates": [ [ [ -2.1865586, 42.3871043 ], [ -2.1860615, 42.3867287 ], [ -2.1842285, 42.3861513 ], [ -2.1836517, 42.386213 ], [ -2.1836772, 42.3862806 ], [ -2.1836972, 42.3863335 ], [ -2.1864789, 42.38718 ], [ -2.186516, 42.3871448 ], [ -2.1865586, 42.3871043 ] ] ] } },
{ "type": "Feature", "properties": { "stop_id": "osm-way-429675569", "name": null }, "geometry": { "type": "Polygon", "coordinates": [ [ [ -2.1868622, 42.3877462 ], [ -2.1838224, 42.3869277 ], [ -2.1838079, 42.3869967 ], [ -2.1837883, 42.3870903 ], [ -2.1840501, 42.387379 ], [ -2.1857237, 42.3877826 ], [ -2.1862019, 42.3878807 ], [ -2.1865852, 42.3878359 ], [ -2.1867626, 42.3877784 ], [ -2.1868622, 42.3877462 ] ] ] } },
{ "type": "Feature", "properties": { "stop_id": "osm-way-429689199", "name": "Área de servicio Olaona" }, "geometry": { "type": "Polygon", "coordinates": [ [ [ -2.5197544, 42.878703 ], [ -2.5197633, 42.8786244 ], [ -2.5197678, 42.8785572 ], [ -2.519817, 42.8785343 ], [ -2.519922, 42.8785343 ], [ -2.5200807, 42.8785212 ], [ -2.5200919, 42.8784016 ], [ -2.5200628, 42.8783034 ], [ -2.5199958, 42.878251 ], [ -2.5196493, 42.8781904 ], [ -2.5193856, 42.8781478 ], [ -2.5192224, 42.8781412 ], [ -2.5190726, 42.878115 ], [ -2.5187061, 42.8781248 ], [ -2.5183484, 42.8781772 ], [ -2.5181518, 42.8782297 ], [ -2.5179238, 42.8782821 ], [ -2.5177315, 42.8783754 ], [ -2.5177293, 42.878531 ], [ -2.5177224, 42.8786926 ], [ -2.517812, 42.8787145 ], [ -2.517962, 42.8787122 ], [ -2.5181739, 42.8788096 ], [ -2.5184837, 42.8787503 ], [ -2.5192805, 42.8787227 ], [ -2.5196548, 42.8787072 ], [ -2.5197544, 42.878703 ] ] ] } },
{ "type": "Feature", "properties": { "stop_id": "osm-way-429718599", "name": "Área de servicio de Igay" }, "geometry": { "type": "Polygon", "coordinates": [ [ [ -2.9145254, 42.7412039 ], [ -2.9133398, 42.7409259 ], [ -2.9124141, 42.7413345 ], [ -2.9116754, 42.742212 ], [ -2.9112604, 42.7428843 ], [ -2.9118532, 42.7435038 ], [ -2.9123184, 42.7438186 ], [ -2.9137958, 42.7435708 ], [ -2.9149404, 42.7432828 ], [ -2.9154603, 42.7427202 ], [ -2.9151775, 42.7422245 ], [ -2.9150544, 42.741749 ], [ -2.9145254, 42.7412039 ] ] ] } },
{ "type": "Feature", "properties": { "stop_id": "osm-way-429900725", "name": null }, "geometry": { "type": "Polygon", "coordinates": [ [ [ -1.5310911, 41.9878138 ], [ -1.5313072, 41.9876527 ], [ -1.5311998, 41.9875621 ], [ -1.5325533, 41.9867015 ], [ -1.530766, 41.9853963 ], [ -1.5295325, 41.9862849 ], [ -1.5293156, 41.9864411 ], [ -1.5299548, 41.9869829 ], [ -1.5306352, 41.987508 ], [ -1.5310911, 41.9878138 ] ] ] } },
{ "type": "Feature", "properties": { "stop_id": "osm-way-430056109", "name": "Àrea de Servei La Marina" }, "geometry": { "type": "Polygon", "coordinates": [ [ [ -0.2084651, 38.5349536 ], [ -0.2084038, 38.5348101 ], [ -0.2079891, 38.5347468 ], [ -0.2075171, 38.5343779 ], [ -0.207406, 38.5343323 ], [ -0.2066678, 38.5343262 ], [ -0.2064792, 38.534201 ], [ -0.2051585, 38.5341465 ], [ -0.2049851, 38.534094 ], [ -0.20454, 38.5340764 ], [ -0.2043625, 38.5342594 ], [ -0.2043909, 38.5343853 ], [ -0.2032615, 38.5345897 ], [ -0.2024479, 38.5350287 ], [ -0.2018819, 38.5351731 ], [ -0.2019703, 38.5352492 ], [ -0.2022282, 38.5352571 ], [ -0.2029467, 38.5352678 ], [ -0.2036941, 38.5352946 ], [ -0.204869, 38.5352601 ], [ -0.2056294, 38.5352374 ], [ -0.2066654, 38.5351572 ], [ -0.2079891, 38.5350062 ], [ -0.2084651, 38.5349536 ] ] ] } },
{ "type": "Feature", "properties": { "stop_id": "osm-way-430227958", "name": null }, "geometry": { "type": "Polygon", "coordinates": [ [ [ -5.779043, 43.0365981 ], [ -5.7790992, 43.0366264 ], [ -5.7792694, 43.0366802 ], [ -5.7793402, 43.0366646 ], [ -5.7793844, 43.0366064 ], [ -5.7793886, 43.0365674 ], [ -5.779386, 43.0365223 ], [ -5.779329, 43.0365644 ], [ -5.7792519, 43.036598 ], [ -5.7791591, 43.0366116 ], [ -5.779043, 43.0365981 ] ] ] } },
{ "type": "Feature", "properties": { "stop_id": "osm-way-431199777", "name": "Área de descanso Grisaleña" }, "geometry": { "type": "Polygon", "coordinates": [ [ [ -3.2579833, 42.5744741 ], [ -3.2578772, 42.574448 ], [ -3.2572288, 42.5750818 ], [ -3.2568132, 42.5754855 ], [ -3.2558818, 42.5763601 ], [ -3.2549858, 42.5771566 ], [ -3.2550772, 42.5772196 ], [ -3.2554142, 42.5771405 ], [ -3.2556851, 42.5772999 ], [ -3.2576177, 42.5757619 ], [ -3.2572355, 42.5754787 ], [ -3.2571764, 42.5754422 ], [ -3.2572759, 42.5753162 ], [ -3.2579833, 42.5744741 ] ] ] } },
{ "type": "Feature", "properties": { "stop_id": "osm-way-431589404", "name": "Àrea de servei de Lleida" }, "geometry": { "type": "Polygon", "coordinates": [ [ [ 0.6361261, 41.543431 ], [ 0.6363461, 41.5428127 ], [ 0.6364373, 41.5423469 ], [ 0.6366948, 41.5421663 ], [ 0.6369362, 41.5417246 ], [ 0.6371346, 41.541295 ], [ 0.6374887, 41.5409677 ], [ 0.6379742, 41.540777 ], [ 0.6384597, 41.5407991 ], [ 0.6393743, 41.5410079 ], [ 0.6400341, 41.5411565 ], [ 0.6406939, 41.5412046 ], [ 0.6406725, 41.5416062 ], [ 0.6402755, 41.5421602 ], [ 0.6397981, 41.5424132 ], [ 0.6396318, 41.5426882 ], [ 0.6397713, 41.5429291 ], [ 0.6402058, 41.5433748 ], [ 0.6403023, 41.5436358 ], [ 0.6401253, 41.5439931 ], [ 0.6393341, 41.5443866 ], [ 0.6389156, 41.5443705 ], [ 0.6387225, 41.5442822 ], [ 0.6381592, 41.5438164 ], [ 0.6373251, 41.543684 ], [ 0.6370648, 41.5436291 ], [ 0.6361261, 41.543431 ] ] ] } },
{ "type": "Feature", "properties": { "stop_id": "osm-way-436865095", "name": "El Mirador" }, "geometry": { "type": "Polygon", "coordinates": [ [ [ -4.0943473, 43.3564862 ], [ -4.0942907, 43.3564114 ], [ -4.0941096, 43.3562262 ], [ -4.094099, 43.3562261 ], [ -4.094052, 43.3563063 ], [ -4.0937364, 43.3559793 ], [ -4.0936508, 43.355637 ], [ -4.0938655, 43.3555088 ], [ -4.0940357, 43.3554558 ], [ -4.0940362, 43.3554237 ], [ -4.0946972, 43.3554141 ], [ -4.0950997, 43.3554063 ], [ -4.0952366, 43.3554159 ], [ -4.0948227, 43.3557209 ], [ -4.0947778, 43.3557367 ], [ -4.0945351, 43.3559093 ], [ -4.0944733, 43.3559965 ], [ -4.094435, 43.3561095 ], [ -4.0944422, 43.3563037 ], [ -4.0944593, 43.3564922 ], [ -4.0943473, 43.3564862 ] ] ] } },
{ "type": "Feature", "properties": { "stop_id": "osm-way-437041413", "name": null }, "geometry": { "type": "Polygon", "coordinates": [ [ [ -0.3192578, 39.8639173 ], [ -0.3192081, 39.8638 ], [ -0.3191558, 39.8637917 ], [ -0.3190177, 39.863872 ], [ -0.3189989, 39.8639554 ], [ -0.319129, 39.8638998 ], [ -0.3192578, 39.8639173 ] ] ] } },
{ "type": "Feature", "properties": { "stop_id": "osm-way-441253464", "name": null }, "geometry": { "type": "Polygon", "coordinates": [ [ [ -0.1068853, 42.0931273 ], [ -0.107076, 42.0932415 ], [ -0.1070921, 42.0932713 ], [ -0.1070961, 42.0933002 ], [ -0.1070881, 42.093335 ], [ -0.1068896, 42.0935947 ], [ -0.1061694, 42.0934087 ], [ -0.106194, 42.0933635 ], [ -0.1062586, 42.0932444 ], [ -0.106274, 42.0932335 ], [ -0.1062948, 42.0932265 ], [ -0.1063283, 42.0932259 ], [ -0.1067718, 42.0933195 ], [ -0.1068853, 42.0931273 ] ] ] } },
{ "type": "Feature", "properties": { "stop_id": "osm-way-441625049", "name": null }, "geometry": { "type": "Polygon", "coordinates": [ [ [ -0.7055535, 40.0281597 ], [ -0.7046633, 40.0273479 ], [ -0.7042198, 40.0270012 ], [ -0.7041686, 40.0269307 ], [ -0.7046859, 40.027326 ], [ -0.7049952, 40.0276013 ], [ -0.7055586, 40.0281503 ], [ -0.7055535, 40.0281597 ] ] ] } },
{ "type": "Feature", "properties": { "stop_id": "osm-way-442282983", "name": null }, "geometry": { "type": "Polygon", "coordinates": [ [ [ -4.0048814, 40.6262654 ], [ -4.0048596, 40.626257 ], [ -4.0046198, 40.6261648 ], [ -4.004523, 40.6261276 ], [ -4.0044223, 40.6260889 ], [ -4.0043286, 40.6260529 ], [ -4.0042401, 40.6260188 ], [ -4.004159, 40.6259876 ], [ -4.0039641, 40.6259127 ], [ -4.0039197, 40.6257937 ], [ -4.0039037, 40.6257508 ], [ -4.0050207, 40.6259574 ], [ -4.0050529, 40.6259628 ], [ -4.0050441, 40.6260065 ], [ -4.0050184, 40.6260045 ], [ -4.0049741, 40.6260808 ], [ -4.0049197, 40.6261806 ], [ -4.0048994, 40.6262251 ], [ -4.0048814, 40.6262654 ] ] ] } },
{ "type": "Feature", "properties": { "stop_id": "osm-way-442322814", "name": null }, "geometry": { "type": "Polygon", "coordinates": [ [ [ -4.0085161, 40.6491782 ], [ -4.0079707, 40.6492842 ], [ -4.0079529, 40.6492478 ], [ -4.0077299, 40.6492598 ], [ -4.0074617, 40.6483961 ], [ -4.0075441, 40.6483554 ], [ -4.0078788, 40.6481901 ], [ -4.0079976, 40.648204 ], [ -4.0084679, 40.6481113 ], [ -4.0085842, 40.6484363 ], [ -4.0084152, 40.648453 ], [ -4.0083145, 40.6484729 ], [ -4.0083238, 40.6485051 ], [ -4.0082944, 40.6485108 ], [ -4.0084475, 40.6489735 ], [ -4.0085161, 40.6491782 ] ] ] } },
{ "type": "Feature", "properties": { "stop_id": "osm-way-442322822", "name": "Esvisa II" }, "geometry": { "type": "Polygon", "coordinates": [ [ [ -3.9956318, 40.6288988 ], [ -3.9953194, 40.6290971 ], [ -3.9949122, 40.6286805 ], [ -3.9950933, 40.6285715 ], [ -3.9956318, 40.6288988 ] ] ] } },
{ "type": "Feature", "properties": { "stop_id": "osm-way-444017290", "name": null }, "geometry": { "type": "Polygon", "coordinates": [ [ [ -3.0710618, 42.661427 ], [ -3.0713063, 42.6614733 ], [ -3.0715406, 42.6612917 ], [ -3.0720094, 42.6611897 ], [ -3.0721155, 42.6611591 ], [ -3.0721279, 42.6611257 ], [ -3.0721133, 42.6610117 ], [ -3.0718803, 42.6610084 ], [ -3.071652, 42.6610428 ], [ -3.0714717, 42.6611171 ], [ -3.0710618, 42.661427 ] ] ] } },
{ "type": "Feature", "properties": { "stop_id": "osm-way-445103297", "name": null }, "geometry": { "type": "Polygon", "coordinates": [ [ [ -3.4483086, 39.2748933 ], [ -3.4476994, 39.2751303 ], [ -3.4468191, 39.2737786 ], [ -3.4472359, 39.2737064 ], [ -3.4473991, 39.2737335 ], [ -3.4475944, 39.2737696 ], [ -3.4477285, 39.2738328 ], [ -3.4478509, 39.273975 ], [ -3.4483377, 39.2747331 ], [ -3.4483523, 39.274855 ], [ -3.4483086, 39.2748933 ] ] ] } },
{ "type": "Feature", "properties": { "stop_id": "osm-way-445103300", "name": null }, "geometry": { "type": "Polygon", "coordinates": [ [ [ -3.4463081, 39.2739538 ], [ -3.4460807, 39.274041 ], [ -3.44602, 39.2741397 ], [ -3.4458855, 39.2743329 ], [ -3.4458039, 39.2744853 ], [ -3.4458423, 39.2746674 ], [ -3.4463513, 39.2754703 ], [ -3.4464473, 39.2755892 ], [ -3.4466057, 39.2755966 ], [ -3.4469418, 39.2754851 ], [ -3.4470138, 39.2754108 ], [ -3.4471627, 39.2753513 ], [ -3.4463081, 39.2739538 ] ] ] } },
{ "type": "Feature", "properties": { "stop_id": "osm-way-446130156", "name": null }, "geometry": { "type": "Polygon", "coordinates": [ [ [ -0.396626, 42.4356709 ], [ -0.396785, 42.4356045 ], [ -0.3969472, 42.4355189 ], [ -0.3969934, 42.4355609 ], [ -0.397247, 42.4354196 ], [ -0.397364, 42.435331 ], [ -0.3974307, 42.4352928 ], [ -0.3975551, 42.4352353 ], [ -0.3976105, 42.435243 ], [ -0.3976345, 42.4352165 ], [ -0.3974577, 42.4349588 ], [ -0.3973737, 42.4347443 ], [ -0.3972209, 42.4345795 ], [ -0.3969803, 42.4343629 ], [ -0.3967438, 42.4350826 ], [ -0.3965721, 42.4357151 ], [ -0.396626, 42.4356709 ] ] ] } },
{ "type": "Feature", "properties": { "stop_id": "osm-way-449454772", "name": "Area de servicio Elche" }, "geometry": { "type": "Polygon", "coordinates": [ [ [ -0.6078489, 38.3083904 ], [ -0.6079723, 38.308102 ], [ -0.6075163, 38.3081336 ], [ -0.6070764, 38.3076537 ], [ -0.6069611, 38.3075948 ], [ -0.606827, 38.3075927 ], [ -0.6053866, 38.3077253 ], [ -0.605282, 38.3077716 ], [ -0.605223, 38.3078347 ], [ -0.6052123, 38.3079294 ], [ -0.6053008, 38.3085629 ], [ -0.6051479, 38.3087124 ], [ -0.6051935, 38.3087818 ], [ -0.6053276, 38.3087208 ], [ -0.6062476, 38.3086198 ], [ -0.6062221, 38.3083083 ], [ -0.6069544, 38.3083083 ], [ -0.6074372, 38.3083356 ], [ -0.6078489, 38.3083904 ] ] ] } },
{ "type": "Feature", "properties": { "stop_id": "osm-way-449454773", "name": "Area de servicio Elche" }, "geometry": { "type": "Polygon", "coordinates": [ [ [ -0.6064287, 38.3090039 ], [ -0.6065842, 38.3100078 ], [ -0.6065467, 38.3101383 ], [ -0.6064474, 38.3102267 ], [ -0.6062597, 38.3102709 ], [ -0.6057286, 38.3103067 ], [ -0.605632, 38.3102625 ], [ -0.6054255, 38.3101488 ], [ -0.6053477, 38.3101467 ], [ -0.6047496, 38.310193 ], [ -0.6046423, 38.3101635 ], [ -0.6044921, 38.310052 ], [ -0.6038269, 38.3093154 ], [ -0.603843, 38.3091786 ], [ -0.6043794, 38.309248 ], [ -0.6049186, 38.3092922 ], [ -0.6054014, 38.3092754 ], [ -0.605683, 38.3092375 ], [ -0.60597, 38.3091765 ], [ -0.6062087, 38.3090839 ], [ -0.6064287, 38.3090039 ] ] ] } },
{ "type": "Feature", "properties": { "stop_id": "osm-way-449605168", "name": null }, "geometry": { "type": "Polygon", "coordinates": [ [ [ -3.0477853, 40.7293749 ], [ -3.0479494, 40.7294408 ], [ -3.0482579, 40.7293569 ], [ -3.0484358, 40.729285 ], [ -3.0489874, 40.7289584 ], [ -3.0491871, 40.7287936 ], [ -3.0492397, 40.7287542 ], [ -3.0493228, 40.7287041 ], [ -3.0494196, 40.7286406 ], [ -3.0492972, 40.7285335 ], [ -3.049276, 40.7284783 ], [ -3.0493555, 40.7283789 ], [ -3.048357, 40.7289343 ], [ -3.048408, 40.7289773 ], [ -3.0477853, 40.7293749 ] ] ] } },
{ "type": "Feature", "properties": { "stop_id": "osm-way-449605184", "name": null }, "geometry": { "type": "Polygon", "coordinates": [ [ [ -3.0337454, 40.7479105 ], [ -3.0336358, 40.7480985 ], [ -3.0336161, 40.7481075 ], [ -3.0335825, 40.7481075 ], [ -3.0332543, 40.7479936 ], [ -3.0332167, 40.7479891 ], [ -3.0332009, 40.7479951 ], [ -3.0331192, 40.7481871 ], [ -3.0330285, 40.7483428 ], [ -3.0329831, 40.7483793 ], [ -3.0329335, 40.7484051 ], [ -3.0328683, 40.7484223 ], [ -3.0328059, 40.7484255 ], [ -3.0327336, 40.748418 ], [ -3.0323665, 40.7483106 ], [ -3.0321771, 40.7482568 ], [ -3.0317035, 40.7481113 ], [ -3.0316253, 40.7480759 ], [ -3.0315834, 40.7480436 ], [ -3.03153, 40.7479807 ], [ -3.0315122, 40.7479268 ], [ -3.031534, 40.7478608 ], [ -3.0316249, 40.747759 ], [ -3.0320955, 40.7473491 ], [ -3.0323357, 40.7473442 ], [ -3.0324427, 40.7473222 ], [ -3.0328644, 40.7474604 ], [ -3.0327836, 40.7476432 ], [ -3.0332641, 40.7477878 ], [ -3.0333351, 40.7477695 ], [ -3.0337454, 40.7479105 ] ] ] } },
{ "type": "Feature", "properties": { "stop_id": "osm-way-450201249", "name": null }, "geometry": { "type": "Polygon", "coordinates": [ [ [ -1.6321561, 41.340177 ], [ -1.6326414, 41.339852 ], [ -1.6335404, 41.339353 ], [ -1.6336204, 41.3393737 ], [ -1.6337996, 41.3391149 ], [ -1.6340275, 41.3385732 ], [ -1.6340975, 41.3385041 ], [ -1.6339999, 41.3384991 ], [ -1.6340233, 41.3384777 ], [ -1.6344863, 41.3382989 ], [ -1.6348006, 41.3381395 ], [ -1.6348927, 41.338041 ], [ -1.634933, 41.3380339 ], [ -1.6349447, 41.337985 ], [ -1.6348117, 41.3378599 ], [ -1.6346931, 41.3376135 ], [ -1.6345966, 41.3376301 ], [ -1.6345582, 41.3375176 ], [ -1.6345404, 41.3373689 ], [ -1.6345676, 41.3372602 ], [ -1.634433, 41.3373396 ], [ -1.63441, 41.3375302 ], [ -1.6332745, 41.3385018 ], [ -1.633166, 41.3386289 ], [ -1.632666, 41.3392141 ], [ -1.6321076, 41.3401105 ], [ -1.6321561, 41.340177 ] ] ] } },
{ "type": "Feature", "properties": { "stop_id": "osm-way-451437095", "name": null }, "geometry": { "type": "Polygon", "coordinates": [ [ [ -0.32902, 42.7591515 ], [ -0.3288567, 42.7592273 ], [ -0.3286589, 42.7593717 ], [ -0.327788, 42.7590515 ], [ -0.3277148, 42.7589358 ], [ -0.3277043, 42.7588965 ], [ -0.327673, 42.758852 ], [ -0.3276165, 42.7588159 ], [ -0.3275213, 42.7587317 ], [ -0.3276573, 42.7587561 ], [ -0.3277849, 42.7587815 ], [ -0.327993, 42.7588357 ], [ -0.3282008, 42.7588931 ], [ -0.3283456, 42.7589374 ], [ -0.3287169, 42.7590556 ], [ -0.3288866, 42.7591096 ], [ -0.32902, 42.7591515 ] ] ] } },
{ "type": "Feature", "properties": { "stop_id": "osm-way-451437096", "name": null }, "geometry": { "type": "Polygon", "coordinates": [ [ [ -0.3148864, 42.7063731 ], [ -0.314929, 42.7064269 ], [ -0.3150743, 42.706465 ], [ -0.3150997, 42.7065509 ], [ -0.3152405, 42.7064471 ], [ -0.3153873, 42.7063389 ], [ -0.3155288, 42.7061635 ], [ -0.3157057, 42.7059441 ], [ -0.3157386, 42.7059033 ], [ -0.3158946, 42.7057165 ], [ -0.3159808, 42.7056126 ], [ -0.3161012, 42.7054676 ], [ -0.3162632, 42.7052506 ], [ -0.3161625, 42.7051953 ], [ -0.3160903, 42.7052025 ], [ -0.3159193, 42.7053282 ], [ -0.3155782, 42.7055832 ], [ -0.3154784, 42.70569 ], [ -0.3154738, 42.7057562 ], [ -0.3154774, 42.7058208 ], [ -0.3154314, 42.705893 ], [ -0.3151763, 42.706172 ], [ -0.3148864, 42.7063731 ] ] ] } },
{ "type": "Feature", "properties": { "stop_id": "osm-way-451797613", "name": null }, "geometry": { "type": "Polygon", "coordinates": [ [ [ -4.2137657, 39.0119593 ], [ -4.2136423, 39.0121395 ], [ -4.213968, 39.0122699 ], [ -4.2137953, 39.0124732 ], [ -4.2130055, 39.0123467 ], [ -4.2139828, 39.0112881 ], [ -4.2143848, 39.0112929 ], [ -4.2137657, 39.0119593 ] ] ] } },
{ "type": "Feature", "properties": { "stop_id": "osm-way-451917961", "name": "Andamur" }, "geometry": { "type": "Polygon", "coordinates": [ [ [ -3.7252597, 38.1432258 ], [ -3.7245897, 38.1439593 ], [ -3.7244099, 38.1438717 ], [ -3.7242909, 38.1439971 ], [ -3.7232271, 38.1436452 ], [ -3.7230018, 38.1436394 ], [ -3.7227092, 38.1429117 ], [ -3.7227623, 38.1428446 ], [ -3.7230629, 38.1424647 ], [ -3.7232744, 38.1421971 ], [ -3.7234606, 38.1420154 ], [ -3.7252518, 38.1429397 ], [ -3.7251253, 38.1431107 ], [ -3.7252597, 38.1432258 ] ] ] } },
{ "type": "Feature", "properties": { "stop_id": "osm-way-451917987", "name": "Área de Servicio Bernardo Macías" }, "geometry": { "type": "Polygon", "coordinates": [ [ [ -5.4069142, 36.2077277 ], [ -5.4068928, 36.2077369 ], [ -5.4071477, 36.208233 ], [ -5.4074241, 36.2087643 ], [ -5.4074446, 36.2088059 ], [ -5.4074724, 36.2088624 ], [ -5.4082755, 36.2084629 ], [ -5.4087624, 36.2082425 ], [ -5.409664, 36.2077357 ], [ -5.4099183, 36.2075657 ], [ -5.4103126, 36.2071786 ], [ -5.4105322, 36.2070244 ], [ -5.4106218, 36.20699 ], [ -5.4105922, 36.2069425 ], [ -5.4102923, 36.2070047 ], [ -5.4088613, 36.2072655 ], [ -5.4075888, 36.207523 ], [ -5.4074886, 36.2075588 ], [ -5.4073267, 36.2076167 ], [ -5.4072795, 36.2076336 ], [ -5.4072519, 36.2076393 ], [ -5.4071303, 36.2076599 ], [ -5.4069142, 36.2077277 ] ] ] } },
{ "type": "Feature", "properties": { "stop_id": "osm-way-452465154", "name": null }, "geometry": { "type": "Polygon", "coordinates": [ [ [ -3.0301578, 43.3055609 ], [ -3.0301326, 43.3054284 ], [ -3.0301291, 43.3052719 ], [ -3.0293172, 43.3049092 ], [ -3.0298486, 43.3052602 ], [ -3.0299521, 43.3053404 ], [ -3.0300104, 43.3053995 ], [ -3.0301578, 43.3055609 ] ] ] } },
{ "type": "Feature", "properties": { "stop_id": "osm-way-452465175", "name": "Gálibo" }, "geometry": { "type": "Polygon", "coordinates": [ [ [ -3.0518938, 43.3186636 ], [ -3.0517833, 43.3185997 ], [ -3.051653, 43.3185461 ], [ -3.0515255, 43.3185296 ], [ -3.0513839, 43.3185379 ], [ -3.0512564, 43.3185791 ], [ -3.0511827, 43.3186224 ], [ -3.0511034, 43.3186904 ], [ -3.0510155, 43.3186162 ], [ -3.0509192, 43.3185482 ], [ -3.0508767, 43.3184946 ], [ -3.050854, 43.3184327 ], [ -3.0508427, 43.3183709 ], [ -3.0508644, 43.3183133 ], [ -3.0508731, 43.31829 ], [ -3.0509595, 43.3182139 ], [ -3.0510293, 43.3181613 ], [ -3.0511459, 43.3181153 ], [ -3.0512579, 43.3181072 ], [ -3.0514037, 43.318105 ], [ -3.0515652, 43.31814 ], [ -3.0517125, 43.3182039 ], [ -3.0518173, 43.3183152 ], [ -3.0518938, 43.3183936 ], [ -3.0519278, 43.318476 ], [ -3.0519052, 43.318577 ], [ -3.0518938, 43.3186636 ] ] ] } },
{ "type": "Feature", "properties": { "stop_id": "osm-way-454766375", "name": null }, "geometry": { "type": "Polygon", "coordinates": [ [ [ -1.6029733, 42.818605 ], [ -1.6025874, 42.8183518 ], [ -1.6027493, 42.8182363 ], [ -1.6030217, 42.8179754 ], [ -1.6033354, 42.8175916 ], [ -1.6035962, 42.8184191 ], [ -1.6033233, 42.8186671 ], [ -1.6029733, 42.818605 ] ] ] } },
{ "type": "Feature", "properties": { "stop_id": "osm-way-459152240", "name": null }, "geometry": { "type": "Polygon", "coordinates": [ [ [ 1.1390171, 42.5771689 ], [ 1.1390201, 42.577258 ], [ 1.138992, 42.5775295 ], [ 1.1393286, 42.5773982 ], [ 1.1395378, 42.5773488 ], [ 1.1397255, 42.5773054 ], [ 1.1400648, 42.5770239 ], [ 1.1397416, 42.5769508 ], [ 1.1393724, 42.5768058 ], [ 1.1389553, 42.5765954 ], [ 1.1389939, 42.5770144 ], [ 1.1390171, 42.5771689 ] ] ] } },
{ "type": "Feature", "properties": { "stop_id": "osm-way-461580638", "name": "BP Ciudad Jardín" }, "geometry": { "type": "Polygon", "coordinates": [ [ [ -4.42261, 36.7435773 ], [ -4.4226067, 36.7436009 ], [ -4.4225456, 36.7435956 ], [ -4.422293, 36.7435735 ], [ -4.4222523, 36.7435704 ], [ -4.4222571, 36.7435346 ], [ -4.4222601, 36.7435081 ], [ -4.4222633, 36.7434802 ], [ -4.4222842, 36.7433493 ], [ -4.4222914, 36.743299 ], [ -4.4223383, 36.7432771 ], [ -4.4224812, 36.7432895 ], [ -4.4226081, 36.7433006 ], [ -4.4227163, 36.7433101 ], [ -4.4227107, 36.7433516 ], [ -4.4226886, 36.743514 ], [ -4.4226792, 36.7435833 ], [ -4.42261, 36.7435773 ] ] ] } },
{ "type": "Feature", "properties": { "stop_id": "osm-way-462931641", "name": "Repsol" }, "geometry": { "type": "Polygon", "coordinates": [ [ [ -4.4258964, 36.7539183 ], [ -4.4259055, 36.7539696 ], [ -4.4258786, 36.7539732 ], [ -4.4258814, 36.7539913 ], [ -4.4257076, 36.7540066 ], [ -4.4256378, 36.7536915 ], [ -4.42544, 36.7535986 ], [ -4.4253665, 36.7535642 ], [ -4.425359, 36.7534863 ], [ -4.4254114, 36.7534631 ], [ -4.4254927, 36.7534565 ], [ -4.42551, 36.753455 ], [ -4.4255232, 36.753421 ], [ -4.4255399, 36.7533947 ], [ -4.4255577, 36.7533743 ], [ -4.4256432, 36.7533764 ], [ -4.4257478, 36.7534197 ], [ -4.4257787, 36.7535126 ], [ -4.4257934, 36.7535516 ], [ -4.4258065, 36.7535634 ], [ -4.425842, 36.7536346 ], [ -4.4258311, 36.7537263 ], [ -4.425843, 36.7537735 ], [ -4.4258484, 36.7537952 ], [ -4.4258618, 36.7538092 ], [ -4.4258709, 36.7538148 ], [ -4.4258964, 36.7539183 ] ] ] } },
{ "type": "Feature", "properties": { "stop_id": "osm-way-463956217", "name": null }, "geometry": { "type": "Polygon", "coordinates": [ [ [ -0.0982287, 41.5180031 ], [ -0.0982028, 41.518156 ], [ -0.097691, 41.5182218 ], [ -0.0972981, 41.5182451 ], [ -0.096838, 41.5182315 ], [ -0.0964192, 41.5181734 ], [ -0.0964244, 41.5179605 ], [ -0.0970732, 41.5179683 ], [ -0.0976858, 41.5179702 ], [ -0.0982287, 41.5180031 ] ] ] } },
{ "type": "Feature", "properties": { "stop_id": "osm-way-463956223", "name": null }, "geometry": { "type": "Polygon", "coordinates": [ [ [ -0.0985128, 41.5173684 ], [ -0.098138, 41.5171671 ], [ -0.0977657, 41.517109 ], [ -0.0973185, 41.5170916 ], [ -0.0968558, 41.517138 ], [ -0.0966904, 41.5172232 ], [ -0.0965792, 41.5172755 ], [ -0.0966439, 41.5175368 ], [ -0.0980397, 41.5175716 ], [ -0.0983835, 41.5175909 ], [ -0.0985128, 41.5173684 ] ] ] } },
{ "type": "Feature", "properties": { "stop_id": "osm-way-464226173", "name": null }, "geometry": { "type": "Polygon", "coordinates": [ [ [ -3.4487924, 42.4656915 ], [ -3.4485751, 42.4661545 ], [ -3.4483793, 42.4665403 ], [ -3.4480682, 42.4671062 ], [ -3.4479877, 42.4672546 ], [ -3.4478771, 42.4672934 ], [ -3.4477678, 42.4673317 ], [ -3.4473436, 42.4671481 ], [ -3.4478446, 42.4666365 ], [ -3.4481295, 42.4662184 ], [ -3.448264, 42.4659388 ], [ -3.4483686, 42.4657904 ], [ -3.4486835, 42.4657169 ], [ -3.4487924, 42.4656915 ] ] ] } },
{ "type": "Feature", "properties": { "stop_id": "osm-way-465443682", "name": null }, "geometry": { "type": "Polygon", "coordinates": [ [ [ -2.3393084, 36.8760255 ], [ -2.3391996, 36.8753712 ], [ -2.3391829, 36.8752711 ], [ -2.3392694, 36.8750946 ], [ -2.3389536, 36.8749976 ], [ -2.3386968, 36.874955 ], [ -2.3386205, 36.8749423 ], [ -2.338094, 36.8749551 ], [ -2.3379409, 36.8749588 ], [ -2.3379499, 36.8749492 ], [ -2.3374911, 36.8750086 ], [ -2.3374826, 36.875233 ], [ -2.3374826, 36.8753022 ], [ -2.3374756, 36.8753266 ], [ -2.3374697, 36.8753472 ], [ -2.3374394, 36.8753853 ], [ -2.3373918, 36.875406 ], [ -2.3374826, 36.8755548 ], [ -2.3374351, 36.8755895 ], [ -2.3376081, 36.8757244 ], [ -2.3377163, 36.8758352 ], [ -2.3377329, 36.8758583 ], [ -2.3378331, 36.8759978 ], [ -2.3379239, 36.8761363 ], [ -2.3379672, 36.8762263 ], [ -2.3383912, 36.8761951 ], [ -2.338701, 36.8761446 ], [ -2.3388368, 36.8761224 ], [ -2.3390915, 36.8760701 ], [ -2.3393084, 36.8760255 ] ] ] } },
{ "type": "Feature", "properties": { "stop_id": "osm-way-465916736", "name": "Nou Fonts" }, "geometry": { "type": "Polygon", "coordinates": [ [ [ 1.1332889, 42.4221252 ], [ 1.1330812, 42.4221291 ], [ 1.1327817, 42.4226928 ], [ 1.1327116, 42.4228342 ], [ 1.1326536, 42.4230293 ], [ 1.1328397, 42.4230682 ], [ 1.1329463, 42.4228531 ], [ 1.1331014, 42.4225145 ], [ 1.1332889, 42.4221252 ] ] ] } },
{ "type": "Feature", "properties": { "stop_id": "osm-way-466526857", "name": null }, "geometry": { "type": "Polygon", "coordinates": [ [ [ -0.5295473, 39.1520073 ], [ -0.5292365, 39.1519942 ], [ -0.5291179, 39.1522763 ], [ -0.5289676, 39.1525339 ], [ -0.528327, 39.152583 ], [ -0.5277022, 39.1526504 ], [ -0.5272119, 39.1529019 ], [ -0.5269351, 39.1532699 ], [ -0.5267927, 39.1533189 ], [ -0.5270853, 39.1541223 ], [ -0.5278218, 39.1543214 ], [ -0.5279474, 39.154337 ], [ -0.528588, 39.1537605 ], [ -0.5291495, 39.1528712 ], [ -0.5295766, 39.152123 ], [ -0.5295473, 39.1520073 ] ] ] } },
{ "type": "Feature", "properties": { "stop_id": "osm-way-466526864", "name": null }, "geometry": { "type": "Polygon", "coordinates": [ [ [ -0.5270449, 39.1562366 ], [ -0.5274699, 39.1561613 ], [ -0.5285694, 39.1558895 ], [ -0.5290735, 39.1557852 ], [ -0.5296353, 39.1551746 ], [ -0.5298033, 39.1549066 ], [ -0.5297697, 39.1546869 ], [ -0.5296065, 39.1540428 ], [ -0.5293904, 39.1536467 ], [ -0.5291792, 39.1540093 ], [ -0.528603, 39.1546944 ], [ -0.5274171, 39.1557778 ], [ -0.5270714, 39.1560868 ], [ -0.5270449, 39.1562366 ] ] ] } },
{ "type": "Feature", "properties": { "stop_id": "osm-way-467806370", "name": null }, "geometry": { "type": "Polygon", "coordinates": [ [ [ -3.1206878, 40.657458 ], [ -3.1198265, 40.6576152 ], [ -3.1196394, 40.6577174 ], [ -3.1196058, 40.6579132 ], [ -3.1194337, 40.6577543 ], [ -3.117638, 40.6581686 ], [ -3.1168112, 40.6583729 ], [ -3.1169534, 40.6586 ], [ -3.117739, 40.6584666 ], [ -3.1179073, 40.6587759 ], [ -3.1189266, 40.6586468 ], [ -3.1206878, 40.657458 ] ] ] } },
{ "type": "Feature", "properties": { "stop_id": "osm-way-468486209", "name": "Repsol" }, "geometry": { "type": "Polygon", "coordinates": [ [ [ -4.4244306, 36.7384998 ], [ -4.42443, 36.738515 ], [ -4.4245409, 36.7385178 ], [ -4.4245817, 36.7385189 ], [ -4.424741, 36.7385231 ], [ -4.424744, 36.7384479 ], [ -4.4247608, 36.7381977 ], [ -4.424585, 36.738201 ], [ -4.4245558, 36.738203 ], [ -4.424534, 36.7382325 ], [ -4.4245081, 36.7382676 ], [ -4.4244266, 36.7383762 ], [ -4.4243941, 36.7384244 ], [ -4.4243749, 36.738451 ], [ -4.4243689, 36.7384592 ], [ -4.4243586, 36.738462 ], [ -4.4243592, 36.7384726 ], [ -4.4244306, 36.7384998 ] ] ] } },
{ "type": "Feature", "properties": { "stop_id": "osm-way-470011302", "name": null }, "geometry": { "type": "Polygon", "coordinates": [ [ [ -0.4917295, 39.8384745 ], [ -0.4915405, 39.8382665 ], [ -0.4915834, 39.8378328 ], [ -0.4919698, 39.83721 ], [ -0.492396, 39.8372517 ], [ -0.4928406, 39.8374268 ], [ -0.4923096, 39.8378951 ], [ -0.4921619, 39.837854 ], [ -0.4920907, 39.8379086 ], [ -0.4919537, 39.8378734 ], [ -0.4917295, 39.8384745 ] ] ] } },
{ "type": "Feature", "properties": { "stop_id": "osm-way-472365866", "name": null }, "geometry": { "type": "Polygon", "coordinates": [ [ [ -1.2479167, 41.2669253 ], [ -1.2484397, 41.2671864 ], [ -1.248095, 41.2675583 ], [ -1.2480843, 41.2679263 ], [ -1.2477651, 41.2679565 ], [ -1.2474982, 41.2675079 ], [ -1.2479167, 41.2669253 ] ] ] } },
{ "type": "Feature", "properties": { "stop_id": "osm-way-473446846", "name": "Pagozelai" }, "geometry": { "type": "Polygon", "coordinates": [ [ [ -1.9555204, 43.0601214 ], [ -1.9564811, 43.0603259 ], [ -1.9570564, 43.0601181 ], [ -1.9578919, 43.0598164 ], [ -1.957503, 43.0595965 ], [ -1.9577578, 43.058958 ], [ -1.9579295, 43.0583387 ], [ -1.9579616, 43.0579859 ], [ -1.958063, 43.0574725 ], [ -1.9576097, 43.0573678 ], [ -1.9574681, 43.0576689 ], [ -1.9572803, 43.0579335 ], [ -1.9571516, 43.0580511 ], [ -1.9570201, 43.0581299 ], [ -1.9566152, 43.0583313 ], [ -1.9563094, 43.0583999 ], [ -1.9553814, 43.0587699 ], [ -1.9553142, 43.0589013 ], [ -1.9551537, 43.0592151 ], [ -1.9550005, 43.0595146 ], [ -1.9552472, 43.0597693 ], [ -1.9551668, 43.060028 ], [ -1.9555204, 43.0601214 ] ] ] } },
{ "type": "Feature", "properties": { "stop_id": "osm-way-478407320", "name": null }, "geometry": { "type": "Polygon", "coordinates": [ [ [ -4.511457, 41.9138223 ], [ -4.5118036, 41.913701 ], [ -4.5119162, 41.9134651 ], [ -4.5117715, 41.9132571 ], [ -4.5117384, 41.9132094 ], [ -4.5117092, 41.9132538 ], [ -4.511377, 41.9137583 ], [ -4.5114296, 41.9138004 ], [ -4.511457, 41.9138223 ] ] ] } },
{ "type": "Feature", "properties": { "stop_id": "osm-way-478407321", "name": null }, "geometry": { "type": "Polygon", "coordinates": [ [ [ -4.5097861, 41.915015 ], [ -4.5087424, 41.9146398 ], [ -4.5093824, 41.9133808 ], [ -4.5097357, 41.9129316 ], [ -4.510269, 41.9131543 ], [ -4.5102938, 41.9132984 ], [ -4.5103993, 41.9139105 ], [ -4.5098176, 41.9149582 ], [ -4.5097861, 41.915015 ] ] ] } },
{ "type": "Feature", "properties": { "stop_id": "osm-way-478697823", "name": null }, "geometry": { "type": "Polygon", "coordinates": [ [ [ -2.6545112, 43.1829406 ], [ -2.6535885, 43.1825914 ], [ -2.6531084, 43.1823978 ], [ -2.6528562, 43.1822951 ], [ -2.6529038, 43.1821951 ], [ -2.652926, 43.1821485 ], [ -2.6531151, 43.1821064 ], [ -2.6533632, 43.1820986 ], [ -2.653449, 43.1821035 ], [ -2.6538849, 43.1822609 ], [ -2.6544763, 43.1824673 ], [ -2.6545232, 43.1825025 ], [ -2.6545474, 43.1825621 ], [ -2.654593, 43.1827577 ], [ -2.6546265, 43.1828085 ], [ -2.6545938, 43.1828459 ], [ -2.6545112, 43.1829406 ] ] ] } },
{ "type": "Feature", "properties": { "stop_id": "osm-way-478697825", "name": null }, "geometry": { "type": "Polygon", "coordinates": [ [ [ -2.6537186, 43.1829679 ], [ -2.6551515, 43.1835231 ], [ -2.6552126, 43.1835466 ], [ -2.655228, 43.1835583 ], [ -2.6554399, 43.1836346 ], [ -2.6553594, 43.1837063 ], [ -2.6552944, 43.1837219 ], [ -2.6552461, 43.1837217 ], [ -2.6548666, 43.1838077 ], [ -2.6547432, 43.1838224 ], [ -2.6546359, 43.1838253 ], [ -2.6545568, 43.1838077 ], [ -2.6542108, 43.1836923 ], [ -2.653901, 43.1835466 ], [ -2.6537239, 43.1834615 ], [ -2.653677, 43.1834244 ], [ -2.6536341, 43.1833266 ], [ -2.6536341, 43.183174 ], [ -2.6535885, 43.1831506 ], [ -2.6536502, 43.1830909 ], [ -2.6536549, 43.1829784 ], [ -2.6537186, 43.1829679 ] ] ] } },
{ "type": "Feature", "properties": { "stop_id": "osm-way-479326120", "name": "Área de Servicio de Gallur" }, "geometry": { "type": "Polygon", "coordinates": [ [ [ -1.3200008, 41.8325487 ], [ -1.3200667, 41.8326266 ], [ -1.3196952, 41.8327995 ], [ -1.3196267, 41.8327126 ], [ -1.3200008, 41.8325487 ] ] ] } },
{ "type": "Feature", "properties": { "stop_id": "osm-way-479326121", "name": "Área de Servicio de Gallur" }, "geometry": { "type": "Polygon", "coordinates": [ [ [ -1.3200187, 41.8346133 ], [ -1.3200862, 41.8346985 ], [ -1.3199617, 41.8347533 ], [ -1.3199992, 41.8348005 ], [ -1.3198673, 41.8348585 ], [ -1.3198296, 41.834811 ], [ -1.3196439, 41.8348927 ], [ -1.3195766, 41.8348078 ], [ -1.3200187, 41.8346133 ] ] ] } },
{ "type": "Feature", "properties": { "stop_id": "osm-way-479327322", "name": "Area de servicio de Gallur" }, "geometry": { "type": "Polygon", "coordinates": [ [ [ -1.3223251, 41.8345681 ], [ -1.3218503, 41.8346081 ], [ -1.321228, 41.8349059 ], [ -1.3205494, 41.8351837 ], [ -1.3202356, 41.8352037 ], [ -1.3188596, 41.8349439 ], [ -1.3184734, 41.834772 ], [ -1.3183044, 41.8346201 ], [ -1.317945, 41.8338207 ], [ -1.3175561, 41.8335669 ], [ -1.3179075, 41.8327855 ], [ -1.3188489, 41.8322839 ], [ -1.3192962, 41.832187 ], [ -1.3196221, 41.8321975 ], [ -1.3204515, 41.8323788 ], [ -1.3207808, 41.8324927 ], [ -1.3209524, 41.8325287 ], [ -1.321261, 41.8326604 ], [ -1.3216357, 41.8330913 ], [ -1.3220542, 41.8335889 ], [ -1.3225182, 41.8337987 ], [ -1.3223251, 41.8345681 ] ] ] } },
{ "type": "Feature", "properties": { "stop_id": "osm-way-479619138", "name": null }, "geometry": { "type": "Polygon", "coordinates": [ [ [ -1.6593785, 37.5896613 ], [ -1.6589769, 37.5902127 ], [ -1.6605834, 37.5914042 ], [ -1.6609289, 37.5911341 ], [ -1.6599669, 37.5900092 ], [ -1.6597474, 37.5900832 ], [ -1.6593785, 37.5896613 ] ] ] } },
{ "type": "Feature", "properties": { "stop_id": "osm-way-479701559", "name": null }, "geometry": { "type": "Polygon", "coordinates": [ [ [ 2.7839882, 41.9286122 ], [ 2.7838943, 41.928678 ], [ 2.7838567, 41.928704 ], [ 2.7845595, 41.9296139 ], [ 2.7848947, 41.9300968 ], [ 2.7851167, 41.9300523 ], [ 2.7849613, 41.9294772 ], [ 2.7848905, 41.9293365 ], [ 2.7847903, 41.9291968 ], [ 2.7846712, 41.9290711 ], [ 2.784486, 41.928905 ], [ 2.7842725, 41.9287459 ], [ 2.7841233, 41.9286615 ], [ 2.7839882, 41.9286122 ] ] ] } },
{ "type": "Feature", "properties": { "stop_id": "osm-way-481286169", "name": null }, "geometry": { "type": "Polygon", "coordinates": [ [ [ 0.5272027, 42.612287 ], [ 0.5275827, 42.6121556 ], [ 0.5273777, 42.6118854 ], [ 0.527237, 42.6119545 ], [ 0.5271388, 42.6119896 ], [ 0.5270916, 42.6120131 ], [ 0.5270652, 42.6120469 ], [ 0.5270565, 42.612072 ], [ 0.5270581, 42.6121098 ], [ 0.5272027, 42.612287 ] ] ] } },
{ "type": "Feature", "properties": { "stop_id": "osm-way-482308261", "name": "Area de Servicio Despeñaperros" }, "geometry": { "type": "Polygon", "coordinates": [ [ [ -3.5458324, 38.3298298 ], [ -3.5457174, 38.3295708 ], [ -3.5449678, 38.330028 ], [ -3.5450634, 38.3301664 ], [ -3.5454341, 38.3301372 ], [ -3.5458534, 38.3298603 ], [ -3.5458324, 38.3298298 ] ] ] } },
{ "type": "Feature", "properties": { "stop_id": "osm-way-482308262", "name": "Area de Servicio Despeñaperros" }, "geometry": { "type": "Polygon", "coordinates": [ [ [ -3.5446408, 38.3294818 ], [ -3.5447598, 38.3295822 ], [ -3.5452487, 38.3292316 ], [ -3.5451613, 38.32905 ], [ -3.5450706, 38.3290526 ], [ -3.544831, 38.329125 ], [ -3.5445064, 38.3293358 ], [ -3.5446408, 38.3294818 ] ] ] } },
{ "type": "Feature", "properties": { "stop_id": "osm-way-482511901", "name": null }, "geometry": { "type": "Polygon", "coordinates": [ [ [ -4.8411806, 41.2235375 ], [ -4.8398111, 41.2214947 ], [ -4.8403923, 41.2213995 ], [ -4.8409389, 41.2213778 ], [ -4.8412899, 41.2213951 ], [ -4.8420897, 41.2216245 ], [ -4.8426824, 41.2219534 ], [ -4.8429298, 41.2222088 ], [ -4.8428838, 41.2223127 ], [ -4.8427514, 41.2224468 ], [ -4.8411806, 41.2235375 ] ] ] } },
{ "type": "Feature", "properties": { "stop_id": "osm-way-482532902", "name": "Area de Servicio La Chimenea" }, "geometry": { "type": "Polygon", "coordinates": [ [ [ -3.5173018, 39.6514183 ], [ -3.5177133, 39.651077 ], [ -3.5176871, 39.6510281 ], [ -3.5175375, 39.6508682 ], [ -3.517502, 39.6507732 ], [ -3.5177152, 39.6503008 ], [ -3.5175506, 39.6500905 ], [ -3.5173897, 39.6500171 ], [ -3.5172513, 39.6499883 ], [ -3.5160992, 39.6506536 ], [ -3.5167052, 39.6511865 ], [ -3.5172046, 39.6513938 ], [ -3.5173018, 39.6514183 ] ] ] } },
{ "type": "Feature", "properties": { "stop_id": "osm-way-482721767", "name": "Àrea de Servei Torrent - Picassent" }, "geometry": { "type": "Polygon", "coordinates": [ [ [ -0.4935711, 39.4012905 ], [ -0.4940531, 39.4006513 ], [ -0.4943397, 39.4004903 ], [ -0.4931803, 39.3991666 ], [ -0.4912588, 39.3990256 ], [ -0.4935711, 39.4012905 ] ] ] } },
{ "type": "Feature", "properties": { "stop_id": "osm-way-482721768", "name": "Àrea de Servei Torrent - Picassent" }, "geometry": { "type": "Polygon", "coordinates": [ [ [ -0.4911155, 39.3997856 ], [ -0.4904186, 39.4006614 ], [ -0.491604, 39.4020002 ], [ -0.4933952, 39.402121 ], [ -0.4911155, 39.3997856 ] ] ] } },
{ "type": "Feature", "properties": { "stop_id": "osm-way-482732766", "name": null }, "geometry": { "type": "Polygon", "coordinates": [ [ [ -0.1812876, 39.7950985 ], [ -0.179676, 39.7972539 ], [ -0.181234, 39.7982504 ], [ -0.1829434, 39.7966433 ], [ -0.1812876, 39.7950985 ] ] ] } },
{ "type": "Feature", "properties": { "stop_id": "osm-way-482733058", "name": "Àrea de Servei La Ribera" }, "geometry": { "type": "Polygon", "coordinates": [ [ [ 0.1397095, 40.1318413 ], [ 0.1410912, 40.1312378 ], [ 0.1419307, 40.1329625 ], [ 0.14192, 40.1332373 ], [ 0.1410724, 40.1340001 ], [ 0.1407929, 40.1340305 ], [ 0.1397095, 40.1318413 ] ] ] } },
{ "type": "Feature", "properties": { "stop_id": "osm-way-482757704", "name": null }, "geometry": { "type": "Polygon", "coordinates": [ [ [ -2.1609072, 39.48616 ], [ -2.1614109, 39.4864477 ], [ -2.1624881, 39.4861824 ], [ -2.1630621, 39.4861161 ], [ -2.163258, 39.4860313 ], [ -2.1633353, 39.4859955 ], [ -2.1633609, 39.4855161 ], [ -2.1632981, 39.485375 ], [ -2.1631828, 39.4852987 ], [ -2.1629962, 39.4852268 ], [ -2.162681, 39.485192 ], [ -2.1625211, 39.4851285 ], [ -2.1624554, 39.4851235 ], [ -2.1623233, 39.4852085 ], [ -2.1609072, 39.48616 ] ] ] } },
{ "type": "Feature", "properties": { "stop_id": "osm-way-482758054", "name": null }, "geometry": { "type": "Polygon", "coordinates": [ [ [ -1.4356513, 39.5259665 ], [ -1.4352181, 39.5263483 ], [ -1.4352735, 39.5264764 ], [ -1.4362472, 39.5265518 ], [ -1.4376085, 39.5262579 ], [ -1.4376867, 39.5261122 ], [ -1.4375532, 39.525758 ], [ -1.4372145, 39.5256048 ], [ -1.4356513, 39.5259665 ] ] ] } },
{ "type": "Feature", "properties": { "stop_id": "osm-way-482758281", "name": "Área 270" }, "geometry": { "type": "Polygon", "coordinates": [ [ [ -1.2723648, 39.5515382 ], [ -1.2718144, 39.5516487 ], [ -1.2706811, 39.5517216 ], [ -1.2705801, 39.5517994 ], [ -1.2705182, 39.5519928 ], [ -1.2705801, 39.5525201 ], [ -1.2708374, 39.5531956 ], [ -1.2715604, 39.5530901 ], [ -1.271987, 39.5529922 ], [ -1.2722117, 39.5528666 ], [ -1.2724592, 39.5529696 ], [ -1.2731985, 39.5527687 ], [ -1.2732083, 39.5526933 ], [ -1.2727654, 39.5522439 ], [ -1.2727947, 39.5520078 ], [ -1.2727198, 39.5518019 ], [ -1.2723648, 39.5515382 ] ] ] } },
{ "type": "Feature", "properties": { "stop_id": "osm-way-482758378", "name": null }, "geometry": { "type": "Polygon", "coordinates": [ [ [ -1.3108165, 39.539484 ], [ -1.3125749, 39.5398928 ], [ -1.3129063, 39.5390444 ], [ -1.3110948, 39.5385061 ], [ -1.3108165, 39.539484 ] ] ] } },
{ "type": "Feature", "properties": { "stop_id": "osm-way-482759440", "name": null }, "geometry": { "type": "Polygon", "coordinates": [ [ [ -2.4101495, 39.3950125 ], [ -2.4098866, 39.3940839 ], [ -2.4078213, 39.3956136 ], [ -2.4090498, 39.3958167 ], [ -2.4101495, 39.3950125 ] ] ] } },
{ "type": "Feature", "properties": { "stop_id": "osm-way-482759441", "name": null }, "geometry": { "type": "Polygon", "coordinates": [ [ [ -2.409141, 39.3935284 ], [ -2.4080198, 39.3932589 ], [ -2.4068826, 39.3940922 ], [ -2.4071562, 39.3950125 ], [ -2.409141, 39.3935284 ] ] ] } },
{ "type": "Feature", "properties": { "stop_id": "osm-way-482925151", "name": null }, "geometry": { "type": "Polygon", "coordinates": [ [ [ -0.5892017, 39.4766855 ], [ -0.5904805, 39.4765934 ], [ -0.590297, 39.47529 ], [ -0.5894429, 39.4749329 ], [ -0.5890198, 39.4752595 ], [ -0.5886244, 39.4753907 ], [ -0.588739, 39.4761965 ], [ -0.5892017, 39.4766855 ] ] ] } },
{ "type": "Feature", "properties": { "stop_id": "osm-way-482926333", "name": null }, "geometry": { "type": "Polygon", "coordinates": [ [ [ -0.6117015, 39.4750829 ], [ -0.6117846, 39.4746159 ], [ -0.613066, 39.4745451 ], [ -0.6131092, 39.4751165 ], [ -0.6128404, 39.4751226 ], [ -0.6128206, 39.4750524 ], [ -0.6117015, 39.4750829 ] ] ] } },
{ "type": "Feature", "properties": { "stop_id": "osm-way-482926599", "name": null }, "geometry": { "type": "Polygon", "coordinates": [ [ [ -0.7547835, 39.4455797 ], [ -0.7544321, 39.4447118 ], [ -0.7557195, 39.4443949 ], [ -0.7558134, 39.4446 ], [ -0.7556149, 39.4453684 ], [ -0.7547835, 39.4455797 ] ] ] } },
{ "type": "Feature", "properties": { "stop_id": "osm-way-482926935", "name": null }, "geometry": { "type": "Polygon", "coordinates": [ [ [ -0.9040547, 39.4566651 ], [ -0.9038691, 39.4564036 ], [ -0.9037258, 39.4560063 ], [ -0.9037437, 39.4558919 ], [ -0.9037942, 39.45579 ], [ -0.9039162, 39.4556314 ], [ -0.9040756, 39.4554839 ], [ -0.9043936, 39.4552417 ], [ -0.9047706, 39.4550119 ], [ -0.9050895, 39.4553718 ], [ -0.9053369, 39.4556511 ], [ -0.9054763, 39.4558085 ], [ -0.9055847, 39.4559308 ], [ -0.9056538, 39.4560088 ], [ -0.9060153, 39.4561898 ], [ -0.9040547, 39.4566651 ] ] ] } },
{ "type": "Feature", "properties": { "stop_id": "osm-way-482928034", "name": "Área de Servicio Las Moratillas" }, "geometry": { "type": "Polygon", "coordinates": [ [ [ -0.9289256, 39.4507329 ], [ -0.929382, 39.4513402 ], [ -0.9313505, 39.450582 ], [ -0.9314538, 39.4504596 ], [ -0.9315114, 39.4503447 ], [ -0.9315018, 39.4502131 ], [ -0.9311825, 39.4496347 ], [ -0.9309856, 39.4495624 ], [ -0.9291395, 39.4502539 ], [ -0.9290459, 39.4503762 ], [ -0.9290267, 39.4505931 ], [ -0.9289256, 39.4507329 ] ] ] } },
{ "type": "Feature", "properties": { "stop_id": "osm-way-482929698", "name": null }, "geometry": { "type": "Polygon", "coordinates": [ [ [ -1.1659959, 39.5311412 ], [ -1.1657441, 39.5311753 ], [ -1.1647456, 39.5305244 ], [ -1.1648257, 39.5300408 ], [ -1.165448, 39.5302249 ], [ -1.1661642, 39.5305394 ], [ -1.166317, 39.5307338 ], [ -1.1659959, 39.5311412 ] ] ] } },
{ "type": "Feature", "properties": { "stop_id": "osm-way-482930342", "name": null }, "geometry": { "type": "Polygon", "coordinates": [ [ [ -1.4337368, 39.5284741 ], [ -1.4328613, 39.5284602 ], [ -1.4332749, 39.5293324 ], [ -1.4333044, 39.5296344 ], [ -1.4336638, 39.5299055 ], [ -1.4337845, 39.5299013 ], [ -1.4337368, 39.5284741 ] ] ] } },
{ "type": "Feature", "properties": { "stop_id": "osm-way-482930998", "name": null }, "geometry": { "type": "Polygon", "coordinates": [ [ [ -1.7534927, 39.5175413 ], [ -1.7530819, 39.5172618 ], [ -1.7524589, 39.5167642 ], [ -1.752481, 39.5166006 ], [ -1.7534751, 39.5157008 ], [ -1.7548314, 39.5158065 ], [ -1.7555162, 39.5160877 ], [ -1.7555914, 39.5162462 ], [ -1.7555251, 39.5164507 ], [ -1.754637, 39.5161371 ], [ -1.7545398, 39.5165972 ], [ -1.7547298, 39.5166449 ], [ -1.7546768, 39.5169347 ], [ -1.7544824, 39.516921 ], [ -1.7544956, 39.5170233 ], [ -1.7553483, 39.5176402 ], [ -1.7534927, 39.5175413 ] ] ] } },
{ "type": "Feature", "properties": { "stop_id": "osm-way-482931001", "name": null }, "geometry": { "type": "Polygon", "coordinates": [ [ [ -1.753502, 39.5200379 ], [ -1.7530248, 39.5194347 ], [ -1.7529144, 39.519145 ], [ -1.7504579, 39.5186031 ], [ -1.7506126, 39.51892 ], [ -1.7512222, 39.5192915 ], [ -1.7514034, 39.5195233 ], [ -1.751368, 39.5197073 ], [ -1.7511339, 39.5199731 ], [ -1.7511162, 39.5201708 ], [ -1.7512355, 39.5202935 ], [ -1.7514785, 39.5203344 ], [ -1.753502, 39.5200379 ] ] ] } },
{ "type": "Feature", "properties": { "stop_id": "osm-way-483197354", "name": "Jaima Park" }, "geometry": { "type": "Polygon", "coordinates": [ [ [ -3.701039, 38.177837 ], [ -3.6996837, 38.1782291 ], [ -3.6994279, 38.1781348 ], [ -3.6989508, 38.1784367 ], [ -3.6985491, 38.1780161 ], [ -3.6985411, 38.1779191 ], [ -3.7000083, 38.176926 ], [ -3.701039, 38.177837 ] ] ] } },
{ "type": "Feature", "properties": { "stop_id": "osm-way-483324212", "name": null }, "geometry": { "type": "Polygon", "coordinates": [ [ [ -3.5897843, 38.2954592 ], [ -3.5889846, 38.2957747 ], [ -3.5885296, 38.2958753 ], [ -3.5883175, 38.2958233 ], [ -3.5882556, 38.2954557 ], [ -3.5891702, 38.294471 ], [ -3.5897843, 38.2954592 ] ] ] } },
{ "type": "Feature", "properties": { "stop_id": "osm-way-483324213", "name": null }, "geometry": { "type": "Polygon", "coordinates": [ [ [ -3.5931189, 38.2806473 ], [ -3.5906403, 38.2816323 ], [ -3.5910044, 38.2821772 ], [ -3.591073, 38.2822827 ], [ -3.5912243, 38.2823928 ], [ -3.5918532, 38.2820233 ], [ -3.5917831, 38.2819624 ], [ -3.59212, 38.281759 ], [ -3.5926924, 38.281181 ], [ -3.5931413, 38.280826 ], [ -3.5931189, 38.2806473 ] ] ] } },
{ "type": "Feature", "properties": { "stop_id": "osm-way-483325990", "name": null }, "geometry": { "type": "Polygon", "coordinates": [ [ [ -3.6938456, 38.1808106 ], [ -3.6931873, 38.1809878 ], [ -3.693234, 38.1811091 ], [ -3.692825, 38.1811961 ], [ -3.6924274, 38.1803279 ], [ -3.6928294, 38.1802584 ], [ -3.6936203, 38.1802932 ], [ -3.6937882, 38.1803522 ], [ -3.6938898, 38.1804495 ], [ -3.6938456, 38.1808106 ] ] ] } },
{ "type": "Feature", "properties": { "stop_id": "osm-way-483326264", "name": null }, "geometry": { "type": "Polygon", "coordinates": [ [ [ -3.6743759, 38.1963248 ], [ -3.672741, 38.1976913 ], [ -3.671758, 38.1968771 ], [ -3.6721147, 38.1965283 ], [ -3.6724731, 38.1961778 ], [ -3.673185, 38.1954816 ], [ -3.6743759, 38.1963248 ] ] ] } },
{ "type": "Feature", "properties": { "stop_id": "osm-way-483328900", "name": null }, "geometry": { "type": "Polygon", "coordinates": [ [ [ -3.5457558, 38.3374517 ], [ -3.5449959, 38.3372784 ], [ -3.5448236, 38.3373373 ], [ -3.5442183, 38.3363289 ], [ -3.5449252, 38.3360897 ], [ -3.5452831, 38.3364259 ], [ -3.5456542, 38.3363912 ], [ -3.5458265, 38.3364363 ], [ -3.5461077, 38.3368333 ], [ -3.54618, 38.3369353 ], [ -3.5457558, 38.3374517 ] ] ] } },
{ "type": "Feature", "properties": { "stop_id": "osm-way-483553773", "name": null }, "geometry": { "type": "Polygon", "coordinates": [ [ [ -2.2022912, 40.0847991 ], [ -2.2022826, 40.0847359 ], [ -2.202331, 40.0847314 ], [ -2.2022687, 40.0842756 ], [ -2.2012131, 40.0843593 ], [ -2.200981, 40.0843571 ], [ -2.200464, 40.0843992 ], [ -2.200362, 40.0844309 ], [ -2.2002738, 40.0844941 ], [ -2.2002151, 40.0846217 ], [ -2.2004427, 40.0847215 ], [ -2.2006068, 40.0847358 ], [ -2.200972, 40.0847394 ], [ -2.2013583, 40.0847191 ], [ -2.2015147, 40.0847346 ], [ -2.2019106, 40.0848188 ], [ -2.2022912, 40.0847991 ] ] ] } },
{ "type": "Feature", "properties": { "stop_id": "osm-way-485026796", "name": null }, "geometry": { "type": "Polygon", "coordinates": [ [ [ -0.6509746, 39.6569958 ], [ -0.6502504, 39.6576236 ], [ -0.6489254, 39.6568761 ], [ -0.6495584, 39.6562111 ], [ -0.6509746, 39.6569958 ] ] ] } },
{ "type": "Feature", "properties": { "stop_id": "osm-way-485118015", "name": null }, "geometry": { "type": "Polygon", "coordinates": [ [ [ -5.8252209, 43.0243103 ], [ -5.8254005, 43.0244406 ], [ -5.8254718, 43.0245668 ], [ -5.8256833, 43.0247783 ], [ -5.8257897, 43.0251095 ], [ -5.8258149, 43.0251589 ], [ -5.8258018, 43.025322 ], [ -5.8255483, 43.0255668 ], [ -5.8253666, 43.025738 ], [ -5.8248554, 43.0261365 ], [ -5.8246918, 43.0260678 ], [ -5.8248113, 43.0258795 ], [ -5.8250305, 43.0256774 ], [ -5.8251014, 43.0255941 ], [ -5.8252686, 43.025134 ], [ -5.8253121, 43.0249952 ], [ -5.8252806, 43.0246538 ], [ -5.8252209, 43.0243103 ] ] ] } },
{ "type": "Feature", "properties": { "stop_id": "osm-way-485179577", "name": "Área de Servicio Atalaya" }, "geometry": { "type": "Polygon", "coordinates": [ [ [ -2.2549927, 39.5371505 ], [ -2.2539627, 39.5375807 ], [ -2.2539359, 39.5388591 ], [ -2.2543221, 39.5386895 ], [ -2.2547996, 39.5387722 ], [ -2.255395, 39.5385488 ], [ -2.2553575, 39.5382468 ], [ -2.2556901, 39.5381062 ], [ -2.2549927, 39.5371505 ] ] ] } },
{ "type": "Feature", "properties": { "stop_id": "osm-way-485347776", "name": null }, "geometry": { "type": "Polygon", "coordinates": [ [ [ -4.5095659, 40.8221547 ], [ -4.509483, 40.8222402 ], [ -4.5090123, 40.8220366 ], [ -4.5085062, 40.8217634 ], [ -4.5085593, 40.8216673 ], [ -4.5095659, 40.8221547 ] ] ] } },
{ "type": "Feature", "properties": { "stop_id": "osm-way-485347777", "name": null }, "geometry": { "type": "Polygon", "coordinates": [ [ [ -4.5100798, 40.8216911 ], [ -4.5100493, 40.8215572 ], [ -4.5095468, 40.8212706 ], [ -4.50903, 40.821051 ], [ -4.5087965, 40.8210398 ], [ -4.5090329, 40.8211386 ], [ -4.5099949, 40.8216447 ], [ -4.5100798, 40.8216911 ] ] ] } },
{ "type": "Feature", "properties": { "stop_id": "osm-way-487447025", "name": null }, "geometry": { "type": "Polygon", "coordinates": [ [ [ 2.7704806, 39.5862507 ], [ 2.7705771, 39.5861722 ], [ 2.7708078, 39.5862073 ], [ 2.7711619, 39.5863045 ], [ 2.7717305, 39.5866393 ], [ 2.771768, 39.5867055 ], [ 2.771768, 39.5867634 ], [ 2.7717573, 39.5868192 ], [ 2.7716339, 39.5867675 ], [ 2.7716473, 39.5867014 ], [ 2.7716232, 39.5866517 ], [ 2.7713184, 39.5864884 ], [ 2.7711007, 39.5863865 ], [ 2.7708914, 39.58632 ], [ 2.7707159, 39.5862644 ], [ 2.7704806, 39.5862507 ] ] ] } },
{ "type": "Feature", "properties": { "stop_id": "osm-way-488026195", "name": null }, "geometry": { "type": "Polygon", "coordinates": [ [ [ -9.0594369, 43.0338761 ], [ -9.0592572, 43.0338517 ], [ -9.0596145, 43.0341083 ], [ -9.0597629, 43.0341877 ], [ -9.059882, 43.034232 ], [ -9.0600179, 43.0342534 ], [ -9.0605027, 43.034229 ], [ -9.0609123, 43.0341954 ], [ -9.0612593, 43.0341694 ], [ -9.0609688, 43.0341205 ], [ -9.060975, 43.0341327 ], [ -9.0609521, 43.0341465 ], [ -9.0602185, 43.034203 ], [ -9.0600221, 43.034203 ], [ -9.0598444, 43.0341679 ], [ -9.0597148, 43.0341052 ], [ -9.0596187, 43.0340472 ], [ -9.0594411, 43.0339005 ], [ -9.0594369, 43.0338761 ] ] ] } },
{ "type": "Feature", "properties": { "stop_id": "osm-way-488026196", "name": null }, "geometry": { "type": "Polygon", "coordinates": [ [ [ -8.9837362, 43.024325 ], [ -8.9830737, 43.024247 ], [ -8.9827665, 43.0241905 ], [ -8.9826599, 43.0241661 ], [ -8.9824321, 43.0240881 ], [ -8.9822148, 43.0240056 ], [ -8.9819285, 43.0237597 ], [ -8.9821957, 43.0238787 ], [ -8.9822921, 43.0239216 ], [ -8.9827728, 43.0240805 ], [ -8.9832567, 43.024205 ], [ -8.9837404, 43.0242959 ], [ -8.9837362, 43.024325 ] ] ] } },
{ "type": "Feature", "properties": { "stop_id": "osm-way-488026198", "name": null }, "geometry": { "type": "Polygon", "coordinates": [ [ [ -8.953237, 43.0136749 ], [ -8.9530134, 43.0137008 ], [ -8.952517, 43.0137581 ], [ -8.9521497, 43.0137815 ], [ -8.9516979, 43.01379 ], [ -8.9509022, 43.0137197 ], [ -8.9505569, 43.0136593 ], [ -8.9502201, 43.0136003 ], [ -8.9503717, 43.0136771 ], [ -8.9508205, 43.0138263 ], [ -8.951249, 43.0139222 ], [ -8.9515201, 43.0139499 ], [ -8.9519136, 43.0139627 ], [ -8.952278, 43.013935 ], [ -8.9526394, 43.0138753 ], [ -8.9529338, 43.0138113 ], [ -8.953097, 43.0137602 ], [ -8.953237, 43.0136749 ] ] ] } },
{ "type": "Feature", "properties": { "stop_id": "osm-way-488026205", "name": null }, "geometry": { "type": "Polygon", "coordinates": [ [ [ -8.9211414, 43.0084686 ], [ -8.9212604, 43.008509 ], [ -8.9213755, 43.0085481 ], [ -8.9211686, 43.0085435 ], [ -8.9209115, 43.0085084 ], [ -8.9206941, 43.0084656 ], [ -8.9204684, 43.008406 ], [ -8.9202929, 43.008325 ], [ -8.9201842, 43.0082577 ], [ -8.9201215, 43.0081676 ], [ -8.9200546, 43.0078466 ], [ -8.9200066, 43.0075578 ], [ -8.9200484, 43.0073851 ], [ -8.9201236, 43.0075899 ], [ -8.9201019, 43.0076217 ], [ -8.9201445, 43.0079154 ], [ -8.9202197, 43.0081385 ], [ -8.9203313, 43.008262 ], [ -8.9204998, 43.0083586 ], [ -8.9207548, 43.0084197 ], [ -8.9211539, 43.008487 ], [ -8.9211414, 43.0084686 ] ] ] } },
{ "type": "Feature", "properties": { "stop_id": "osm-way-488180788", "name": null }, "geometry": { "type": "Polygon", "coordinates": [ [ [ 0.7032727, 42.8021338 ], [ 0.7034014, 42.8019606 ], [ 0.7034095, 42.8016103 ], [ 0.7033639, 42.8013171 ], [ 0.7031654, 42.8009943 ], [ 0.7028999, 42.8007424 ], [ 0.7030796, 42.8011439 ], [ 0.7031627, 42.8014745 ], [ 0.7032351, 42.8019153 ], [ 0.7032727, 42.8021338 ] ] ] } },
{ "type": "Feature", "properties": { "stop_id": "osm-way-489073029", "name": null }, "geometry": { "type": "Polygon", "coordinates": [ [ [ -2.9463537, 35.2770885 ], [ -2.9463417, 35.2770973 ], [ -2.9463339, 35.2771089 ], [ -2.9463312, 35.277122 ], [ -2.9463338, 35.277135 ], [ -2.9463416, 35.2771467 ], [ -2.9463533, 35.2771554 ], [ -2.9463679, 35.2771607 ], [ -2.9463838, 35.2771618 ], [ -2.9463993, 35.2771586 ], [ -2.9464127, 35.2771516 ], [ -2.9464226, 35.2771414 ], [ -2.946428, 35.2771292 ], [ -2.9464282, 35.2771162 ], [ -2.9464233, 35.2771038 ], [ -2.9464138, 35.2770934 ], [ -2.9464004, 35.2770859 ], [ -2.9463848, 35.2770824 ], [ -2.9463686, 35.2770833 ], [ -2.9463537, 35.2770885 ] ] ] } },
{ "type": "Feature", "properties": { "stop_id": "osm-way-489073031", "name": null }, "geometry": { "type": "Polygon", "coordinates": [ [ [ -2.9464809, 35.277693 ], [ -2.9464615, 35.2777085 ], [ -2.9464491, 35.2777283 ], [ -2.946445, 35.2777502 ], [ -2.9464496, 35.2777721 ], [ -2.9464624, 35.2777917 ], [ -2.9464821, 35.277807 ], [ -2.9465067, 35.2778164 ], [ -2.9465337, 35.277819 ], [ -2.9465619, 35.277814 ], [ -2.9465865, 35.2778015 ], [ -2.9466045, 35.2777831 ], [ -2.946614, 35.2777608 ], [ -2.9466137, 35.2777372 ], [ -2.9466038, 35.2777151 ], [ -2.9465854, 35.2776969 ], [ -2.9465606, 35.2776848 ], [ -2.9465322, 35.2776802 ], [ -2.9465053, 35.2776832 ], [ -2.9464809, 35.277693 ] ] ] } },
{ "type": "Feature", "properties": { "stop_id": "osm-way-489234809", "name": "Àrea de servei" }, "geometry": { "type": "Polygon", "coordinates": [ [ [ 0.8619361, 42.7000529 ], [ 0.8620702, 42.7000647 ], [ 0.8622633, 42.7000193 ], [ 0.8624752, 42.6999425 ], [ 0.862848, 42.7000568 ], [ 0.8627997, 42.7001297 ], [ 0.8630653, 42.7003328 ], [ 0.8632718, 42.7004589 ], [ 0.8631541, 42.7005824 ], [ 0.8619894, 42.7001231 ], [ 0.8619361, 42.7000529 ] ] ] } },
{ "type": "Feature", "properties": { "stop_id": "osm-way-489655367", "name": null }, "geometry": { "type": "Polygon", "coordinates": [ [ [ -3.6755231, 42.3652408 ], [ -3.675305, 42.3652814 ], [ -3.6753052, 42.3653119 ], [ -3.6753047, 42.3653284 ], [ -3.674855, 42.3654864 ], [ -3.6748163, 42.3655 ], [ -3.6748016, 42.3655049 ], [ -3.674757, 42.3655201 ], [ -3.674737, 42.365488 ], [ -3.6746395, 42.3653331 ], [ -3.675349, 42.3650831 ], [ -3.6754096, 42.3650623 ], [ -3.6754523, 42.3651303 ], [ -3.6754802, 42.365175 ], [ -3.6755231, 42.3652408 ] ] ] } },
{ "type": "Feature", "properties": { "stop_id": "osm-way-491372358", "name": null }, "geometry": { "type": "Polygon", "coordinates": [ [ [ -3.20655, 39.0863241 ], [ -3.2068919, 39.0868631 ], [ -3.2071189, 39.0872211 ], [ -3.2068318, 39.0873308 ], [ -3.2059863, 39.087654 ], [ -3.205712, 39.0872216 ], [ -3.2060766, 39.0870823 ], [ -3.2057819, 39.0866176 ], [ -3.20655, 39.0863241 ] ] ] } },
{ "type": "Feature", "properties": { "stop_id": "osm-way-491661108", "name": "Area de Servicio Taray" }, "geometry": { "type": "Polygon", "coordinates": [ [ [ -3.4300149, 39.2512783 ], [ -3.4307644, 39.2505469 ], [ -3.4303459, 39.2499071 ], [ -3.4302583, 39.2498443 ], [ -3.4302043, 39.2498166 ], [ -3.429339, 39.2508674 ], [ -3.4292391, 39.2510062 ], [ -3.4292427, 39.2510925 ], [ -3.4293058, 39.2511978 ], [ -3.4295843, 39.2516172 ], [ -3.4298677, 39.2514626 ], [ -3.4300149, 39.2512783 ] ] ] } },
{ "type": "Feature", "properties": { "stop_id": "osm-way-492405335", "name": null }, "geometry": { "type": "Polygon", "coordinates": [ [ [ -3.5176815, 39.6367602 ], [ -3.5169358, 39.6366569 ], [ -3.5169608, 39.6364944 ], [ -3.5168142, 39.6363993 ], [ -3.516968, 39.6356337 ], [ -3.5176909, 39.6357056 ], [ -3.5177231, 39.6357717 ], [ -3.5178947, 39.6358557 ], [ -3.5176815, 39.6367602 ] ] ] } },
{ "type": "Feature", "properties": { "stop_id": "osm-way-492629115", "name": "San Antonio" }, "geometry": { "type": "Polygon", "coordinates": [ [ [ 0.0614069, 38.7923798 ], [ 0.0611968, 38.7907523 ], [ 0.0626738, 38.7895217 ], [ 0.0641507, 38.7894472 ], [ 0.0647109, 38.7896556 ], [ 0.0647695, 38.79007 ], [ 0.0648828, 38.7908714 ], [ 0.063686, 38.791963 ], [ 0.0633788, 38.7921201 ], [ 0.0630748, 38.7922756 ], [ 0.0616472, 38.7924563 ], [ 0.0615851, 38.7924642 ], [ 0.0614069, 38.7923798 ] ] ] } },
{ "type": "Feature", "properties": { "stop_id": "osm-way-492878199", "name": null }, "geometry": { "type": "Polygon", "coordinates": [ [ [ -3.4800592, 39.7668806 ], [ -3.4787712, 39.7667517 ], [ -3.4788324, 39.7665478 ], [ -3.4787124, 39.7662862 ], [ -3.4786787, 39.7662128 ], [ -3.4787466, 39.7660122 ], [ -3.4774521, 39.7657784 ], [ -3.4776699, 39.765259 ], [ -3.4788898, 39.7656052 ], [ -3.4789249, 39.7653745 ], [ -3.4802449, 39.765391 ], [ -3.4802188, 39.7656004 ], [ -3.4800592, 39.7668806 ] ] ] } },
{ "type": "Feature", "properties": { "stop_id": "osm-way-493689699", "name": null }, "geometry": { "type": "Polygon", "coordinates": [ [ [ -3.6022202, 37.593125 ], [ -3.6023006, 37.59404 ], [ -3.602371, 37.5945717 ], [ -3.6023129, 37.5945944 ], [ -3.6021919, 37.5946247 ], [ -3.6018258, 37.5946414 ], [ -3.6014959, 37.5945309 ], [ -3.6013243, 37.5943651 ], [ -3.6012223, 37.5941781 ], [ -3.6011741, 37.5938933 ], [ -3.6011311, 37.5936213 ], [ -3.6010668, 37.593447 ], [ -3.6011472, 37.5932664 ], [ -3.6018234, 37.5929361 ], [ -3.6020676, 37.5930261 ], [ -3.6021471, 37.5930962 ], [ -3.6022202, 37.593125 ] ] ] } },
{ "type": "Feature", "properties": { "stop_id": "osm-way-493690692", "name": null }, "geometry": { "type": "Polygon", "coordinates": [ [ [ -3.6365068, 38.2238256 ], [ -3.636445, 38.2237731 ], [ -3.6361407, 38.2235148 ], [ -3.6359502, 38.2236486 ], [ -3.6358389, 38.2236812 ], [ -3.6353722, 38.2239362 ], [ -3.635395, 38.2241869 ], [ -3.6361675, 38.2239594 ], [ -3.6365068, 38.2238256 ] ] ] } },
{ "type": "Feature", "properties": { "stop_id": "osm-way-494768391", "name": null }, "geometry": { "type": "Polygon", "coordinates": [ [ [ -0.9919836, 41.6963039 ], [ -0.991627, 41.6962034 ], [ -0.9910157, 41.6959099 ], [ -0.9907028, 41.6957143 ], [ -0.9907501, 41.6956002 ], [ -0.9907028, 41.6955513 ], [ -0.9906155, 41.695535 ], [ -0.9904517, 41.6955431 ], [ -0.9903946, 41.6956095 ], [ -0.9901996, 41.6954589 ], [ -0.9903852, 41.6953208 ], [ -0.9902599, 41.6952091 ], [ -0.9903018, 41.6951795 ], [ -0.9900986, 41.6950666 ], [ -0.9899846, 41.6951044 ], [ -0.9897677, 41.6950976 ], [ -0.9895857, 41.695065 ], [ -0.9889926, 41.6945976 ], [ -0.9890581, 41.6945813 ], [ -0.9897931, 41.6946656 ], [ -0.9903389, 41.6946791 ], [ -0.990459, 41.6947335 ], [ -0.9909757, 41.6951628 ], [ -0.9914633, 41.6956002 ], [ -0.9916343, 41.6957089 ], [ -0.9917762, 41.6957795 ], [ -0.9919218, 41.6958393 ], [ -0.9920491, 41.6959154 ], [ -0.9921837, 41.6960594 ], [ -0.9920709, 41.696168 ], [ -0.9919836, 41.6963039 ] ] ] } },
{ "type": "Feature", "properties": { "stop_id": "osm-way-497681069", "name": null }, "geometry": { "type": "Polygon", "coordinates": [ [ [ -8.6846289, 42.2553233 ], [ -8.6846639, 42.2553452 ], [ -8.6847119, 42.2553752 ], [ -8.6848566, 42.2553884 ], [ -8.6849687, 42.255361 ], [ -8.6850742, 42.2553352 ], [ -8.6852887, 42.2552876 ], [ -8.6849964, 42.2550056 ], [ -8.6846289, 42.2553233 ] ] ] } },
{ "type": "Feature", "properties": { "stop_id": "osm-way-498248230", "name": "Área de Servicio Moya" }, "geometry": { "type": "Polygon", "coordinates": [ [ [ -2.2809527, 39.6013608 ], [ -2.2806506, 39.6006382 ], [ -2.2805749, 39.6006817 ], [ -2.2792822, 39.6014255 ], [ -2.2800614, 39.6020897 ], [ -2.2799953, 39.602181 ], [ -2.2799712, 39.602188 ], [ -2.279919, 39.6022456 ], [ -2.2786943, 39.6032641 ], [ -2.2794453, 39.6037084 ], [ -2.2795982, 39.6036671 ], [ -2.2797631, 39.6035939 ], [ -2.280175, 39.603411 ], [ -2.2806933, 39.6031809 ], [ -2.2809572, 39.6030637 ], [ -2.2810542, 39.6018774 ], [ -2.2809955, 39.601482 ], [ -2.2809527, 39.6013608 ] ] ] } },
{ "type": "Feature", "properties": { "stop_id": "osm-way-498585951", "name": "Área de servicio 507" }, "geometry": { "type": "Polygon", "coordinates": [ [ [ -7.6063683, 43.1067562 ], [ -7.6062661, 43.107059 ], [ -7.6061317, 43.107334 ], [ -7.6057481, 43.1072009 ], [ -7.6052546, 43.1075612 ], [ -7.6044379, 43.1075977 ], [ -7.6043258, 43.10759 ], [ -7.6046222, 43.1068493 ], [ -7.6047324, 43.1065553 ], [ -7.6048008, 43.1064346 ], [ -7.6049148, 43.1062986 ], [ -7.6050231, 43.1061863 ], [ -7.6052112, 43.1060809 ], [ -7.605348, 43.1060712 ], [ -7.6055133, 43.1060933 ], [ -7.6058342, 43.1065985 ], [ -7.6058588, 43.1066372 ], [ -7.6058914, 43.1066884 ], [ -7.6061324, 43.1065794 ], [ -7.6062412, 43.1065778 ], [ -7.6063136, 43.1065969 ], [ -7.6063693, 43.1066336 ], [ -7.6064035, 43.1066841 ], [ -7.6063974, 43.1067506 ], [ -7.6063683, 43.1067562 ] ] ] } },
{ "type": "Feature", "properties": { "stop_id": "osm-way-500712296", "name": null }, "geometry": { "type": "Polygon", "coordinates": [ [ [ 0.6950247, 42.7571917 ], [ 0.6951205, 42.7571998 ], [ 0.6954847, 42.7566692 ], [ 0.6959533, 42.7562058 ], [ 0.695942, 42.7560751 ], [ 0.6956162, 42.7563055 ], [ 0.6953238, 42.7566383 ], [ 0.6951414, 42.7568717 ], [ 0.6950247, 42.7571917 ] ] ] } },
{ "type": "Feature", "properties": { "stop_id": "osm-way-501456408", "name": null }, "geometry": { "type": "Polygon", "coordinates": [ [ [ -8.4276309, 43.3307354 ], [ -8.4276664, 43.3306894 ], [ -8.4277813, 43.3305395 ], [ -8.4274558, 43.3303976 ], [ -8.4273432, 43.3303486 ], [ -8.4271753, 43.3302923 ], [ -8.4270392, 43.3304728 ], [ -8.4270521, 43.3305056 ], [ -8.4271769, 43.3305658 ], [ -8.4276309, 43.3307354 ] ] ] } },
{ "type": "Feature", "properties": { "stop_id": "osm-way-507968555", "name": "Repsol" }, "geometry": { "type": "Polygon", "coordinates": [ [ [ -4.42412, 36.7680734 ], [ -4.4238505, 36.7681443 ], [ -4.4241167, 36.76863 ], [ -4.4242069, 36.768782 ], [ -4.4242421, 36.7688533 ], [ -4.424348, 36.7688501 ], [ -4.4245921, 36.7689102 ], [ -4.4246328, 36.7688788 ], [ -4.4246672, 36.7688522 ], [ -4.4242233, 36.768083 ], [ -4.424179, 36.7680789 ], [ -4.42412, 36.7680734 ] ] ] } },
{ "type": "Feature", "properties": { "stop_id": "osm-way-511091478", "name": "Navatrans" }, "geometry": { "type": "Polygon", "coordinates": [ [ [ -4.2708681, 41.1879454 ], [ -4.2690367, 41.1874141 ], [ -4.269221, 41.1871472 ], [ -4.2694958, 41.1867492 ], [ -4.2697163, 41.186577 ], [ -4.26987, 41.1866241 ], [ -4.2713202, 41.1870683 ], [ -4.2708681, 41.1879454 ] ] ] } },
{ "type": "Feature", "properties": { "stop_id": "osm-way-511350174", "name": null }, "geometry": { "type": "Polygon", "coordinates": [ [ [ -3.2694464, 40.5489246 ], [ -3.2693442, 40.5488599 ], [ -3.2688469, 40.5485407 ], [ -3.2690376, 40.5483658 ], [ -3.2699592, 40.5475537 ], [ -3.2702466, 40.5475519 ], [ -3.2705434, 40.547598 ], [ -3.2708417, 40.5476866 ], [ -3.2708694, 40.5476949 ], [ -3.2704728, 40.5480376 ], [ -3.269908, 40.5485257 ], [ -3.2694464, 40.5489246 ] ] ] } },
{ "type": "Feature", "properties": { "stop_id": "osm-way-514913201", "name": null }, "geometry": { "type": "Polygon", "coordinates": [ [ [ -5.8180458, 43.3928342 ], [ -5.8181934, 43.392928 ], [ -5.8181934, 43.3929405 ], [ -5.8184457, 43.3930603 ], [ -5.8185747, 43.3931144 ], [ -5.8186392, 43.3931175 ], [ -5.8188255, 43.3930571 ], [ -5.8189431, 43.3929592 ], [ -5.8190276, 43.3928728 ], [ -5.8190878, 43.3928072 ], [ -5.8190993, 43.3927665 ], [ -5.8190964, 43.3927301 ], [ -5.8190764, 43.3926947 ], [ -5.8190463, 43.3926645 ], [ -5.8189861, 43.3926332 ], [ -5.818698, 43.392503 ], [ -5.8187037, 43.3924499 ], [ -5.8185131, 43.3923478 ], [ -5.8184744, 43.3923659 ], [ -5.8184213, 43.3923895 ], [ -5.8184228, 43.3924155 ], [ -5.8183869, 43.3923822 ], [ -5.8180687, 43.3927405 ], [ -5.8180911, 43.3927845 ], [ -5.8180931, 43.3927884 ], [ -5.8180458, 43.3928342 ] ] ] } },
{ "type": "Feature", "properties": { "stop_id": "osm-way-515029616", "name": "Venta La Nava" }, "geometry": { "type": "Polygon", "coordinates": [ [ [ -3.5662977, 37.4061123 ], [ -3.5666946, 37.4059333 ], [ -3.5670716, 37.405416 ], [ -3.5675155, 37.4049025 ], [ -3.5674597, 37.4047163 ], [ -3.5673031, 37.4046309 ], [ -3.5678101, 37.4039269 ], [ -3.5676903, 37.4037132 ], [ -3.5675563, 37.403556 ], [ -3.5674391, 37.4036729 ], [ -3.5673901, 37.4037218 ], [ -3.5668009, 37.4043097 ], [ -3.5662213, 37.4049206 ], [ -3.5661333, 37.4050413 ], [ -3.5660208, 37.4052764 ], [ -3.5659272, 37.4056175 ], [ -3.5659592, 37.4057834 ], [ -3.566031, 37.4058755 ], [ -3.5662302, 37.405987 ], [ -3.5662977, 37.4061123 ] ] ] } },
{ "type": "Feature", "properties": { "stop_id": "osm-way-517071004", "name": null }, "geometry": { "type": "Polygon", "coordinates": [ [ [ -0.3887969, 39.9132152 ], [ -0.388864, 39.9130599 ], [ -0.3888491, 39.9130454 ], [ -0.3887647, 39.9129632 ], [ -0.3885743, 39.9130146 ], [ -0.3887563, 39.9131786 ], [ -0.3887969, 39.9132152 ] ] ] } },
{ "type": "Feature", "properties": { "stop_id": "osm-way-517361791", "name": "Área de Servicio Mirador de Pozazal" }, "geometry": { "type": "Polygon", "coordinates": [ [ [ -4.1544297, 42.8670703 ], [ -4.1546845, 42.8672944 ], [ -4.1548079, 42.8672826 ], [ -4.1548374, 42.8674595 ], [ -4.1555482, 42.8674025 ], [ -4.1560149, 42.8671784 ], [ -4.1554248, 42.8660146 ], [ -4.1549769, 42.866105 ], [ -4.1544297, 42.8666673 ], [ -4.1543761, 42.866913 ], [ -4.1544297, 42.8670703 ] ] ] } },
{ "type": "Feature", "properties": { "stop_id": "osm-way-523601483", "name": null }, "geometry": { "type": "Polygon", "coordinates": [ [ [ 0.3047116, 40.360562 ], [ 0.3024671, 40.3597215 ], [ 0.302166, 40.3595963 ], [ 0.3021086, 40.3595546 ], [ 0.3020593, 40.3594899 ], [ 0.3021168, 40.3594336 ], [ 0.3022427, 40.3595066 ], [ 0.3024042, 40.3595692 ], [ 0.3025657, 40.3596047 ], [ 0.3028011, 40.3596151 ], [ 0.3030072, 40.3596794 ], [ 0.3032134, 40.3597362 ], [ 0.3032518, 40.3597455 ], [ 0.3038027, 40.3598924 ], [ 0.3042925, 40.3600524 ], [ 0.3049799, 40.3602846 ], [ 0.3047116, 40.360562 ] ] ] } },
{ "type": "Feature", "properties": { "stop_id": "osm-way-524021387", "name": "Àrea de Servei de Benicarló" }, "geometry": { "type": "Polygon", "coordinates": [ [ [ 0.4077987, 40.4609902 ], [ 0.4081741, 40.4608136 ], [ 0.4081434, 40.4607123 ], [ 0.4081399, 40.4606214 ], [ 0.4081536, 40.4605409 ], [ 0.4083413, 40.4599022 ], [ 0.4083788, 40.4597724 ], [ 0.4083959, 40.4596789 ], [ 0.4083686, 40.4595932 ], [ 0.4075461, 40.4584533 ], [ 0.4072356, 40.4581105 ], [ 0.4070786, 40.4580456 ], [ 0.4069114, 40.4580092 ], [ 0.4068465, 40.4579547 ], [ 0.4067817, 40.4578664 ], [ 0.4066759, 40.4577599 ], [ 0.4065803, 40.457695 ], [ 0.4064677, 40.4576509 ], [ 0.40628, 40.4576015 ], [ 0.4059968, 40.4575548 ], [ 0.4058568, 40.457521 ], [ 0.4057033, 40.4574561 ], [ 0.4055633, 40.4573575 ], [ 0.4051743, 40.4575003 ], [ 0.4051811, 40.4576145 ], [ 0.4051811, 40.457721 ], [ 0.4051606, 40.4578171 ], [ 0.4050719, 40.4580144 ], [ 0.4048432, 40.4585831 ], [ 0.4047375, 40.4588635 ], [ 0.4055121, 40.459871 ], [ 0.4056214, 40.4599349 ], [ 0.4058466, 40.460193 ], [ 0.4061328, 40.4602392 ], [ 0.4062342, 40.4602764 ], [ 0.4062868, 40.4603436 ], [ 0.4064238, 40.4605104 ], [ 0.4065069, 40.4605797 ], [ 0.4065785, 40.4606178 ], [ 0.4066827, 40.460663 ], [ 0.4067934, 40.4606935 ], [ 0.4070387, 40.4607347 ], [ 0.4072595, 40.4607798 ], [ 0.4074301, 40.4608162 ], [ 0.4075973, 40.4608733 ], [ 0.4077987, 40.4609902 ] ] ] } },
{ "type": "Feature", "properties": { "stop_id": "osm-way-525091481", "name": "Àrea servei l'Empordà" }, "geometry": { "type": "Polygon", "coordinates": [ [ [ 2.9311259, 42.1755704 ], [ 2.9312247, 42.1754792 ], [ 2.9311118, 42.1753761 ], [ 2.9310271, 42.1752491 ], [ 2.9309687, 42.1750982 ], [ 2.9309465, 42.1749428 ], [ 2.9309566, 42.1746813 ], [ 2.9309606, 42.1744527 ], [ 2.9309505, 42.1743466 ], [ 2.9309243, 42.1742614 ], [ 2.9308416, 42.1741269 ], [ 2.9305513, 42.1736607 ], [ 2.9302529, 42.1732064 ], [ 2.9300916, 42.1730077 ], [ 2.9299726, 42.1728538 ], [ 2.9299525, 42.172788 ], [ 2.9298194, 42.1727865 ], [ 2.929777, 42.1729539 ], [ 2.9296903, 42.1731661 ], [ 2.9296278, 42.1733738 ], [ 2.9295835, 42.1734844 ], [ 2.929521, 42.1735785 ], [ 2.9294302, 42.1736637 ], [ 2.9293697, 42.1737414 ], [ 2.9293274, 42.1738265 ], [ 2.9293274, 42.1739192 ], [ 2.9293536, 42.1740567 ], [ 2.9294322, 42.1743735 ], [ 2.9295089, 42.1745334 ], [ 2.9295915, 42.1746947 ], [ 2.9296843, 42.1748606 ], [ 2.9297569, 42.1749786 ], [ 2.929892, 42.17514 ], [ 2.9300311, 42.1752641 ], [ 2.9301178, 42.1753268 ], [ 2.9302489, 42.1753851 ], [ 2.930388, 42.1754165 ], [ 2.9305614, 42.1754404 ], [ 2.9306884, 42.1754523 ], [ 2.9307912, 42.1754658 ], [ 2.9311259, 42.1755704 ] ] ] } },
{ "type": "Feature", "properties": { "stop_id": "osm-way-525846472", "name": "Àrea de Servei La Marina" }, "geometry": { "type": "Polygon", "coordinates": [ [ [ -0.2057898, 38.5356305 ], [ -0.2055984, 38.5357653 ], [ -0.2053177, 38.5363092 ], [ -0.2044884, 38.5363491 ], [ -0.2043481, 38.5364589 ], [ -0.204246, 38.5369978 ], [ -0.2040036, 38.5371525 ], [ -0.2030403, 38.5370876 ], [ -0.2029286, 38.5369304 ], [ -0.2028808, 38.5366934 ], [ -0.2027979, 38.5365487 ], [ -0.2024853, 38.536404 ], [ -0.2016177, 38.5362892 ], [ -0.2012923, 38.5360197 ], [ -0.2008777, 38.5355956 ], [ -0.2009415, 38.535411 ], [ -0.2022173, 38.5355507 ], [ -0.2037612, 38.5356006 ], [ -0.2054836, 38.5355607 ], [ -0.2057898, 38.5356305 ] ] ] } },
{ "type": "Feature", "properties": { "stop_id": "osm-way-526430429", "name": null }, "geometry": { "type": "Polygon", "coordinates": [ [ [ 0.1793706, 40.2006756 ], [ 0.1775053, 40.2017891 ], [ 0.1784994, 40.2040295 ], [ 0.1791289, 40.2036376 ], [ 0.1789108, 40.2031303 ], [ 0.1791881, 40.2029875 ], [ 0.1802872, 40.2022756 ], [ 0.1793706, 40.2006756 ] ] ] } },
{ "type": "Feature", "properties": { "stop_id": "osm-way-527105676", "name": null }, "geometry": { "type": "Polygon", "coordinates": [ [ [ -4.0158723, 40.5758368 ], [ -4.0147567, 40.5756226 ], [ -4.0145762, 40.5761335 ], [ -4.0149562, 40.5762059 ], [ -4.0157028, 40.576352 ], [ -4.0158723, 40.5758368 ] ] ] } },
{ "type": "Feature", "properties": { "stop_id": "osm-way-527233244", "name": null }, "geometry": { "type": "Polygon", "coordinates": [ [ [ -5.8291089, 43.3483464 ], [ -5.828978, 43.3483524 ], [ -5.8289001, 43.3483691 ], [ -5.8288589, 43.3484401 ], [ -5.8288192, 43.348479 ], [ -5.8287078, 43.3488453 ], [ -5.8287656, 43.3488551 ], [ -5.8292883, 43.348944 ], [ -5.829317, 43.3489318 ], [ -5.8293913, 43.3486057 ], [ -5.8293607, 43.3486014 ], [ -5.8293363, 43.3485991 ], [ -5.8293309, 43.3485409 ], [ -5.8292895, 43.3485394 ], [ -5.8292473, 43.3485357 ], [ -5.8292349, 43.3486043 ], [ -5.8291368, 43.3485954 ], [ -5.8290761, 43.3485904 ], [ -5.8290902, 43.3484868 ], [ -5.8290952, 43.3484491 ], [ -5.8291027, 43.3483931 ], [ -5.8291089, 43.3483464 ] ] ] } },
{ "type": "Feature", "properties": { "stop_id": "osm-way-532551033", "name": "Repsol" }, "geometry": { "type": "Polygon", "coordinates": [ [ [ -1.238672, 37.5801957 ], [ -1.2378585, 37.5806852 ], [ -1.2376848, 37.5804929 ], [ -1.2384865, 37.579982 ], [ -1.238672, 37.5801957 ] ] ] } },
{ "type": "Feature", "properties": { "stop_id": "osm-way-533010825", "name": "BP Las Chapas" }, "geometry": { "type": "Polygon", "coordinates": [ [ [ -4.4391963, 36.7220992 ], [ -4.4391951, 36.7220729 ], [ -4.4391896, 36.721966 ], [ -4.439193, 36.7218939 ], [ -4.4391953, 36.7218008 ], [ -4.4391965, 36.721725 ], [ -4.439197, 36.7216911 ], [ -4.4391982, 36.7216177 ], [ -4.4392639, 36.7216181 ], [ -4.4393151, 36.721625 ], [ -4.4393602, 36.7216311 ], [ -4.4395175, 36.7217188 ], [ -4.4395814, 36.7217584 ], [ -4.4396563, 36.7218052 ], [ -4.4395992, 36.7218514 ], [ -4.4395986, 36.721926 ], [ -4.4395981, 36.7219929 ], [ -4.4394356, 36.7219905 ], [ -4.4394288, 36.7221124 ], [ -4.4393982, 36.7221119 ], [ -4.4393987, 36.7221081 ], [ -4.4393788, 36.7221077 ], [ -4.4393788, 36.722101 ], [ -4.43925, 36.7220998 ], [ -4.4391963, 36.7220992 ] ] ] } },
{ "type": "Feature", "properties": { "stop_id": "osm-way-533911318", "name": "BP Camino Suárez" }, "geometry": { "type": "Polygon", "coordinates": [ [ [ -4.4455702, 36.7296779 ], [ -4.4452818, 36.7299945 ], [ -4.4451474, 36.7299031 ], [ -4.4449446, 36.7297712 ], [ -4.4448793, 36.7297255 ], [ -4.444853, 36.7296846 ], [ -4.4448417, 36.7296581 ], [ -4.4448365, 36.7296171 ], [ -4.444841, 36.7295774 ], [ -4.4448716, 36.7295376 ], [ -4.4449183, 36.7294787 ], [ -4.4450851, 36.7293908 ], [ -4.4452706, 36.7295012 ], [ -4.4453155, 36.7295283 ], [ -4.4455702, 36.7296779 ] ] ] } },
{ "type": "Feature", "properties": { "stop_id": "osm-way-534343424", "name": "Repsol" }, "geometry": { "type": "Polygon", "coordinates": [ [ [ -4.5494867, 36.7316346 ], [ -4.5496459, 36.7315739 ], [ -4.5496246, 36.731563 ], [ -4.5496129, 36.7315381 ], [ -4.5496343, 36.7315086 ], [ -4.5498653, 36.731409 ], [ -4.5498983, 36.7314168 ], [ -4.5499216, 36.7314277 ], [ -4.5499216, 36.7314557 ], [ -4.5499934, 36.7314214 ], [ -4.5500594, 36.7313856 ], [ -4.5500711, 36.7309734 ], [ -4.5500109, 36.7309366 ], [ -4.5499091, 36.7308699 ], [ -4.5499313, 36.7309376 ], [ -4.5499371, 36.7310185 ], [ -4.5499158, 36.7310449 ], [ -4.5498769, 36.7310465 ], [ -4.5498478, 36.7310371 ], [ -4.5496213, 36.7308962 ], [ -4.5495784, 36.7309041 ], [ -4.5495051, 36.730902 ], [ -4.5494867, 36.7316346 ] ] ] } },
{ "type": "Feature", "properties": { "stop_id": "osm-way-534641962", "name": null }, "geometry": { "type": "Polygon", "coordinates": [ [ [ -1.6563835, 42.8204433 ], [ -1.6556888, 42.8208045 ], [ -1.6556444, 42.8207575 ], [ -1.6553233, 42.8204171 ], [ -1.6552915, 42.8203834 ], [ -1.655431, 42.8203124 ], [ -1.6556129, 42.8202199 ], [ -1.6561739, 42.8202181 ], [ -1.6562083, 42.8202554 ], [ -1.6563835, 42.8204433 ] ] ] } },
{ "type": "Feature", "properties": { "stop_id": "osm-way-536137534", "name": "Repsol" }, "geometry": { "type": "Polygon", "coordinates": [ [ [ -4.4512029, 36.7229664 ], [ -4.4512107, 36.7229733 ], [ -4.4512269, 36.7230106 ], [ -4.4512712, 36.7231128 ], [ -4.4512957, 36.7231629 ], [ -4.4513122, 36.7231958 ], [ -4.4513296, 36.7232375 ], [ -4.4513323, 36.7232508 ], [ -4.4513257, 36.7232645 ], [ -4.4513113, 36.7232745 ], [ -4.4513009, 36.7232798 ], [ -4.4512827, 36.723279 ], [ -4.4509913, 36.7232309 ], [ -4.4510039, 36.7231514 ], [ -4.4510101, 36.7230975 ], [ -4.4509581, 36.7230922 ], [ -4.4509623, 36.7230642 ], [ -4.4509382, 36.7230628 ], [ -4.4509456, 36.723 ], [ -4.4509732, 36.7230038 ], [ -4.4509863, 36.7229102 ], [ -4.4509872, 36.7229038 ], [ -4.4510106, 36.7229076 ], [ -4.4510186, 36.7228984 ], [ -4.4510922, 36.7229043 ], [ -4.4511281, 36.7229072 ], [ -4.4512029, 36.7229664 ] ] ] } },
{ "type": "Feature", "properties": { "stop_id": "osm-way-536776646", "name": "Área 112" }, "geometry": { "type": "Polygon", "coordinates": [ [ [ -2.6656744, 40.9573136 ], [ -2.6654373, 40.9573344 ], [ -2.664883, 40.9573324 ], [ -2.6643891, 40.9571817 ], [ -2.664153, 40.9567767 ], [ -2.6640859, 40.9567701 ], [ -2.6639023, 40.9565852 ], [ -2.6640568, 40.9565345 ], [ -2.6645521, 40.9564743 ], [ -2.6645355, 40.9564285 ], [ -2.6655476, 40.9563202 ], [ -2.6657351, 40.9571199 ], [ -2.6656744, 40.9573136 ] ] ] } },
{ "type": "Feature", "properties": { "stop_id": "osm-way-536776647", "name": "Área de Servicio La Almunia-Calatorao" }, "geometry": { "type": "Polygon", "coordinates": [ [ [ -1.3220438, 41.5016846 ], [ -1.3218934, 41.5017922 ], [ -1.3216897, 41.5018993 ], [ -1.3212132, 41.5020933 ], [ -1.3210174, 41.5021392 ], [ -1.3209008, 41.5021258 ], [ -1.3207703, 41.5020799 ], [ -1.3206418, 41.5018638 ], [ -1.3208473, 41.5018111 ], [ -1.3208156, 41.5017696 ], [ -1.3210833, 41.5016546 ], [ -1.3210332, 41.5015703 ], [ -1.3214954, 41.5012115 ], [ -1.3220438, 41.5016846 ] ] ] } },
{ "type": "Feature", "properties": { "stop_id": "osm-way-538325037", "name": null }, "geometry": { "type": "Polygon", "coordinates": [ [ [ -5.8300905, 43.3860914 ], [ -5.8300573, 43.3861415 ], [ -5.829996, 43.3861755 ], [ -5.8297462, 43.3866196 ], [ -5.8296929, 43.3866798 ], [ -5.8295777, 43.3868098 ], [ -5.8295087, 43.3868825 ], [ -5.8301705, 43.3870789 ], [ -5.8302037, 43.3867523 ], [ -5.8301688, 43.3867467 ], [ -5.8301799, 43.3867059 ], [ -5.8301961, 43.3865129 ], [ -5.8302012, 43.3863311 ], [ -5.830202, 43.3862649 ], [ -5.8301918, 43.3861906 ], [ -5.8301765, 43.3861591 ], [ -5.8301426, 43.386121 ], [ -5.8301126, 43.3860873 ], [ -5.8300905, 43.3860914 ] ] ] } },
{ "type": "Feature", "properties": { "stop_id": "osm-way-539377406", "name": "Àrea de servei" }, "geometry": { "type": "Polygon", "coordinates": [ [ [ 2.0484739, 41.4977489 ], [ 2.0486034, 41.497758 ], [ 2.0485782, 41.4973986 ], [ 2.0486108, 41.4971149 ], [ 2.0487133, 41.496632 ], [ 2.0487817, 41.4964139 ], [ 2.0486464, 41.4963735 ], [ 2.0485108, 41.4962443 ], [ 2.0482151, 41.496572 ], [ 2.0481041, 41.4973474 ], [ 2.0481904, 41.4974858 ], [ 2.0484739, 41.4977489 ] ] ] } },
{ "type": "Feature", "properties": { "stop_id": "osm-way-539377410", "name": "Àrea de servei" }, "geometry": { "type": "Polygon", "coordinates": [ [ [ 2.0489808, 41.4976401 ], [ 2.0491014, 41.4976364 ], [ 2.0491368, 41.4977814 ], [ 2.0492467, 41.497886 ], [ 2.0495171, 41.4980752 ], [ 2.0498439, 41.4988997 ], [ 2.0499123, 41.4991389 ], [ 2.0498855, 41.4993615 ], [ 2.0496062, 41.4994594 ], [ 2.049373, 41.4990677 ], [ 2.049263, 41.4987984 ], [ 2.0491264, 41.4984468 ], [ 2.0490476, 41.4981553 ], [ 2.0489823, 41.4978215 ], [ 2.0489808, 41.4976401 ] ] ] } },
{ "type": "Feature", "properties": { "stop_id": "osm-way-539656490", "name": null }, "geometry": { "type": "Polygon", "coordinates": [ [ [ -2.8288085, 42.9612222 ], [ -2.8290068, 42.9612191 ], [ -2.8291457, 42.9612169 ], [ -2.8284308, 42.961952 ], [ -2.8279691, 42.9624262 ], [ -2.8278781, 42.9623907 ], [ -2.8273428, 42.9620471 ], [ -2.8268305, 42.9617078 ], [ -2.8264726, 42.9614375 ], [ -2.8267621, 42.9613971 ], [ -2.8270523, 42.9614141 ], [ -2.8272663, 42.9614786 ], [ -2.8273423, 42.961487 ], [ -2.8274325, 42.961481 ], [ -2.8275342, 42.961419 ], [ -2.8281543, 42.9613641 ], [ -2.8282895, 42.9613974 ], [ -2.8283909, 42.9614017 ], [ -2.8286364, 42.9612716 ], [ -2.8288085, 42.9612222 ] ] ] } },
{ "type": "Feature", "properties": { "stop_id": "osm-way-540458381", "name": "Àrea de servei de l'Hospitalet de l'Infant" }, "geometry": { "type": "Polygon", "coordinates": [ [ [ 0.8939262, 40.9850352 ], [ 0.8933878, 40.9856146 ], [ 0.8933458, 40.9857062 ], [ 0.8931636, 40.9858472 ], [ 0.8931263, 40.9859883 ], [ 0.8931963, 40.9861539 ], [ 0.8931917, 40.9862844 ], [ 0.893173, 40.9864783 ], [ 0.893229, 40.9866228 ], [ 0.8941298, 40.9871347 ], [ 0.894201, 40.9871608 ], [ 0.8943331, 40.9871854 ], [ 0.8946908, 40.987167 ], [ 0.895199, 40.9870365 ], [ 0.8954917, 40.9869506 ], [ 0.8956198, 40.9869475 ], [ 0.896004, 40.9868862 ], [ 0.8963983, 40.9868064 ], [ 0.8966585, 40.9868263 ], [ 0.8973212, 40.9871117 ], [ 0.8977542, 40.9869076 ], [ 0.8976546, 40.9867496 ], [ 0.8975956, 40.9866238 ], [ 0.897498, 40.9846075 ], [ 0.8974899, 40.9845047 ], [ 0.8974818, 40.9844418 ], [ 0.8973923, 40.9843405 ], [ 0.8970488, 40.9840121 ], [ 0.8965996, 40.9836853 ], [ 0.8965264, 40.9836515 ], [ 0.8963414, 40.9837052 ], [ 0.8954369, 40.9841165 ], [ 0.8949612, 40.9842929 ], [ 0.8947478, 40.9843267 ], [ 0.8942111, 40.9842546 ], [ 0.8934854, 40.9840628 ], [ 0.8931439, 40.9843282 ], [ 0.8933655, 40.9845891 ], [ 0.8935769, 40.9847701 ], [ 0.8938107, 40.9848914 ], [ 0.8938859, 40.9849589 ], [ 0.8939262, 40.9850352 ] ] ] } },
{ "type": "Feature", "properties": { "stop_id": "osm-way-541522050", "name": null }, "geometry": { "type": "Polygon", "coordinates": [ [ [ -3.8051443, 40.3465791 ], [ -3.8052043, 40.3465628 ], [ -3.8052664, 40.3465602 ], [ -3.8053431, 40.3465587 ], [ -3.8054662, 40.3465689 ], [ -3.8059868, 40.3460517 ], [ -3.8059014, 40.3460162 ], [ -3.8057335, 40.3460226 ], [ -3.8056482, 40.3460612 ], [ -3.805638, 40.346058 ], [ -3.8054775, 40.346008 ], [ -3.8051443, 40.3465791 ] ] ] } },
{ "type": "Feature", "properties": { "stop_id": "osm-way-541601607", "name": "Área de Servicio Km 200" }, "geometry": { "type": "Polygon", "coordinates": [ [ [ -1.965053, 41.3063357 ], [ -1.9650389, 41.3065175 ], [ -1.9646556, 41.3065274 ], [ -1.9640374, 41.3065575 ], [ -1.9639515, 41.3070586 ], [ -1.9628288, 41.3068797 ], [ -1.9629875, 41.3062472 ], [ -1.9630101, 41.3061467 ], [ -1.9630612, 41.3059192 ], [ -1.9630414, 41.3056764 ], [ -1.9635914, 41.3057233 ], [ -1.9637822, 41.3057786 ], [ -1.9638472, 41.3057725 ], [ -1.9639509, 41.3057145 ], [ -1.9640932, 41.3056229 ], [ -1.9642639, 41.3055572 ], [ -1.9643859, 41.3055374 ], [ -1.9644875, 41.3055526 ], [ -1.9645892, 41.3056015 ], [ -1.9646522, 41.3056641 ], [ -1.964701, 41.3057359 ], [ -1.9647213, 41.3058305 ], [ -1.9647416, 41.3060107 ], [ -1.9647132, 41.3061604 ], [ -1.9647375, 41.3062352 ], [ -1.9647721, 41.3062764 ], [ -1.965053, 41.3063357 ] ] ] } },
{ "type": "Feature", "properties": { "stop_id": "osm-way-541888574", "name": "Área de Servicio El Espolón" }, "geometry": { "type": "Polygon", "coordinates": [ [ [ -1.9472849, 41.3025554 ], [ -1.9473829, 41.3029068 ], [ -1.9464487, 41.3029861 ], [ -1.9445843, 41.3031854 ], [ -1.944437, 41.3025499 ], [ -1.9453505, 41.302442 ], [ -1.9455338, 41.3023283 ], [ -1.9460383, 41.3023378 ], [ -1.9463302, 41.3024703 ], [ -1.9467242, 41.3022365 ], [ -1.9471044, 41.3022698 ], [ -1.9472849, 41.3025554 ] ] ] } },
{ "type": "Feature", "properties": { "stop_id": "osm-way-541890170", "name": "Área de Servicio El Espolón" }, "geometry": { "type": "Polygon", "coordinates": [ [ [ -1.9474621, 41.303685 ], [ -1.9468017, 41.3038452 ], [ -1.946576, 41.3040964 ], [ -1.9449082, 41.3044323 ], [ -1.9446073, 41.3037039 ], [ -1.9447098, 41.3036854 ], [ -1.9458947, 41.3034715 ], [ -1.9468978, 41.3033679 ], [ -1.9472405, 41.3033868 ], [ -1.9474621, 41.303685 ] ] ] } },
{ "type": "Feature", "properties": { "stop_id": "osm-way-542757840", "name": null }, "geometry": { "type": "Polygon", "coordinates": [ [ [ -4.4476242, 36.6782416 ], [ -4.4476811, 36.6781612 ], [ -4.4480816, 36.6775952 ], [ -4.4486874, 36.6769889 ], [ -4.4487092, 36.6769671 ], [ -4.4490893, 36.6771567 ], [ -4.449128, 36.677176 ], [ -4.4495935, 36.6774081 ], [ -4.4492693, 36.6778325 ], [ -4.4494219, 36.6779075 ], [ -4.4496701, 36.6775827 ], [ -4.4498966, 36.677694 ], [ -4.4499262, 36.6777055 ], [ -4.4499507, 36.677715 ], [ -4.4497432, 36.6780416 ], [ -4.4497031, 36.678101 ], [ -4.449654, 36.6781737 ], [ -4.4492349, 36.6779674 ], [ -4.4490767, 36.6779141 ], [ -4.4490793, 36.6779943 ], [ -4.4488976, 36.6782572 ], [ -4.4488735, 36.6782836 ], [ -4.4487474, 36.6784858 ], [ -4.4487172, 36.6785342 ], [ -4.4485322, 36.6786025 ], [ -4.4484115, 36.6785229 ], [ -4.448158, 36.678361 ], [ -4.4481312, 36.6784288 ], [ -4.447934, 36.6784395 ], [ -4.4477463, 36.678318 ], [ -4.4476242, 36.6782416 ] ] ] } },
{ "type": "Feature", "properties": { "stop_id": "osm-way-546696274", "name": null }, "geometry": { "type": "Polygon", "coordinates": [ [ [ -2.1283355, 36.9547606 ], [ -2.1282604, 36.9547617 ], [ -2.1280633, 36.9548442 ], [ -2.1277629, 36.9550125 ], [ -2.1273793, 36.9552611 ], [ -2.12726, 36.9553694 ], [ -2.1271741, 36.9554658 ], [ -2.1268509, 36.9555548 ], [ -2.1268778, 36.955693 ], [ -2.1270669, 36.9560895 ], [ -2.1272264, 36.9561817 ], [ -2.1272767, 36.956269 ], [ -2.1273793, 36.956306 ], [ -2.1282014, 36.9562074 ], [ -2.1282685, 36.9560295 ], [ -2.128644, 36.9559716 ], [ -2.1283355, 36.9547606 ] ] ] } },
{ "type": "Feature", "properties": { "stop_id": "osm-way-550144861", "name": null }, "geometry": { "type": "Polygon", "coordinates": [ [ [ -1.276383, 41.0479857 ], [ -1.2758926, 41.0478873 ], [ -1.2757331, 41.0484831 ], [ -1.2757452, 41.0487618 ], [ -1.2757597, 41.0489859 ], [ -1.2757742, 41.0492464 ], [ -1.2757573, 41.049414 ], [ -1.2757017, 41.0495597 ], [ -1.2755737, 41.0497656 ], [ -1.2755302, 41.0498767 ], [ -1.2755278, 41.0499551 ], [ -1.2755495, 41.0500862 ], [ -1.2755326, 41.0501518 ], [ -1.2756872, 41.0501937 ], [ -1.2757452, 41.0501391 ], [ -1.2761172, 41.0499951 ], [ -1.2762066, 41.0499751 ], [ -1.2763201, 41.0499605 ], [ -1.2765303, 41.0499514 ], [ -1.2765762, 41.0499368 ], [ -1.2766173, 41.0499113 ], [ -1.2766463, 41.0498767 ], [ -1.2766173, 41.0496709 ], [ -1.2766149, 41.0495306 ], [ -1.2766149, 41.0493794 ], [ -1.2766366, 41.0492318 ], [ -1.2766728, 41.0490005 ], [ -1.2766825, 41.0489385 ], [ -1.2766801, 41.0488711 ], [ -1.2766704, 41.0487873 ], [ -1.2765279, 41.0482426 ], [ -1.2764313, 41.0480367 ], [ -1.276383, 41.0479857 ] ] ] } },
{ "type": "Feature", "properties": { "stop_id": "osm-way-550226437", "name": null }, "geometry": { "type": "Polygon", "coordinates": [ [ [ -4.285342, 42.7614114 ], [ -4.2847895, 42.7617836 ], [ -4.2844059, 42.7618604 ], [ -4.2832687, 42.7619392 ], [ -4.2830032, 42.761947 ], [ -4.2829361, 42.7618919 ], [ -4.2828959, 42.7615926 ], [ -4.2830032, 42.7615453 ], [ -4.2834806, 42.7614961 ], [ -4.2845293, 42.7614449 ], [ -4.2849022, 42.7614134 ], [ -4.2852777, 42.7613267 ], [ -4.285342, 42.7614114 ] ] ] } },
{ "type": "Feature", "properties": { "stop_id": "osm-way-550311939", "name": null }, "geometry": { "type": "Polygon", "coordinates": [ [ [ -3.975603, 40.7079514 ], [ -3.975293, 40.7076777 ], [ -3.9752962, 40.707643 ], [ -3.9755529, 40.7074516 ], [ -3.9755327, 40.7073619 ], [ -3.9751801, 40.7073684 ], [ -3.9748062, 40.7072747 ], [ -3.9745452, 40.7070922 ], [ -3.9739678, 40.7072529 ], [ -3.9732945, 40.7073361 ], [ -3.9739386, 40.7075532 ], [ -3.9740445, 40.7075889 ], [ -3.9747228, 40.7077737 ], [ -3.974982, 40.7078444 ], [ -3.9755348, 40.707995 ], [ -3.9755647, 40.7079759 ], [ -3.975603, 40.7079514 ] ] ] } },
{ "type": "Feature", "properties": { "stop_id": "osm-way-550335625", "name": "AN Energéticos - Carbonero El Mayor" }, "geometry": { "type": "Polygon", "coordinates": [ [ [ -4.2542784, 41.1133012 ], [ -4.2537835, 41.1129675 ], [ -4.2535115, 41.1127942 ], [ -4.2537178, 41.1128237 ], [ -4.2538387, 41.1128724 ], [ -4.2539708, 41.1128957 ], [ -4.2540734, 41.1129088 ], [ -4.2541733, 41.1129356 ], [ -4.2542893, 41.1129932 ], [ -4.2543726, 41.1130498 ], [ -4.254457, 41.1131462 ], [ -4.2542784, 41.1133012 ] ] ] } },
{ "type": "Feature", "properties": { "stop_id": "osm-way-550337140", "name": null }, "geometry": { "type": "Polygon", "coordinates": [ [ [ -3.7760021, 37.7843189 ], [ -3.7756762, 37.78457 ], [ -3.776138, 37.784919 ], [ -3.776378, 37.7848814 ], [ -3.7766121, 37.7848289 ], [ -3.7763263, 37.7845792 ], [ -3.7760693, 37.7843729 ], [ -3.7760021, 37.7843189 ] ] ] } },
{ "type": "Feature", "properties": { "stop_id": "osm-way-550478276", "name": null }, "geometry": { "type": "Polygon", "coordinates": [ [ [ -3.8042887, 37.7067968 ], [ -3.8042444, 37.7068005 ], [ -3.8042257, 37.7067266 ], [ -3.8042304, 37.7066361 ], [ -3.8042467, 37.7065345 ], [ -3.8042785, 37.7064015 ], [ -3.8042864, 37.7063682 ], [ -3.8043378, 37.7063737 ], [ -3.8043432, 37.7064301 ], [ -3.8043107, 37.7066328 ], [ -3.8042887, 37.7067968 ] ] ] } },
{ "type": "Feature", "properties": { "stop_id": "osm-way-550935493", "name": null }, "geometry": { "type": "Polygon", "coordinates": [ [ [ -3.7822348, 37.7883918 ], [ -3.7822049, 37.7883588 ], [ -3.7821083, 37.7883567 ], [ -3.7819689, 37.7884288 ], [ -3.7817543, 37.7885433 ], [ -3.7816738, 37.7886132 ], [ -3.7815424, 37.7887785 ], [ -3.7814512, 37.7889121 ], [ -3.7814163, 37.7889926 ], [ -3.781478, 37.7890711 ], [ -3.7816845, 37.7891325 ], [ -3.7818535, 37.7892152 ], [ -3.7820075, 37.7889761 ], [ -3.7821457, 37.788636 ], [ -3.7821759, 37.7885539 ], [ -3.7822348, 37.7883918 ] ] ] } },
{ "type": "Feature", "properties": { "stop_id": "osm-way-554244031", "name": "Repsol" }, "geometry": { "type": "Polygon", "coordinates": [ [ [ -4.4684448, 36.6821494 ], [ -4.4682049, 36.6823366 ], [ -4.4680761, 36.6824427 ], [ -4.4681731, 36.6825205 ], [ -4.4682377, 36.6825723 ], [ -4.4683128, 36.6826331 ], [ -4.4683647, 36.682672 ], [ -4.4683684, 36.6826691 ], [ -4.4683913, 36.6826857 ], [ -4.468415, 36.6826638 ], [ -4.4684653, 36.6826203 ], [ -4.4684952, 36.68239 ], [ -4.4685154, 36.6822163 ], [ -4.4684448, 36.6821494 ] ] ] } },
{ "type": "Feature", "properties": { "stop_id": "osm-way-554255223", "name": "BP" }, "geometry": { "type": "Polygon", "coordinates": [ [ [ -4.4928349, 36.6603262 ], [ -4.4930474, 36.6596148 ], [ -4.4930253, 36.6596092 ], [ -4.4927457, 36.6595535 ], [ -4.4927269, 36.6595341 ], [ -4.4926869, 36.6595518 ], [ -4.4926659, 36.6595599 ], [ -4.4924707, 36.6601407 ], [ -4.4928349, 36.6603262 ] ] ] } },
{ "type": "Feature", "properties": { "stop_id": "osm-way-554450285", "name": null }, "geometry": { "type": "Polygon", "coordinates": [ [ [ -2.5273504, 41.4808091 ], [ -2.5276269, 41.4812856 ], [ -2.5280162, 41.4811845 ], [ -2.5287435, 41.4809956 ], [ -2.5287499, 41.4809238 ], [ -2.5287741, 41.4806506 ], [ -2.5287797, 41.4805876 ], [ -2.5273504, 41.4808091 ] ] ] } },
{ "type": "Feature", "properties": { "stop_id": "osm-way-554837832", "name": "BP" }, "geometry": { "type": "Polygon", "coordinates": [ [ [ -4.4783348, 36.6738326 ], [ -4.4781319, 36.674163 ], [ -4.4779904, 36.6741126 ], [ -4.477506, 36.6739401 ], [ -4.4774192, 36.6739091 ], [ -4.4774382, 36.6738794 ], [ -4.4775812, 36.6736561 ], [ -4.4776765, 36.6735071 ], [ -4.4777052, 36.6735183 ], [ -4.4782831, 36.6737553 ], [ -4.4782731, 36.6737781 ], [ -4.4783348, 36.6738326 ] ] ] } },
{ "type": "Feature", "properties": { "stop_id": "osm-way-555117529", "name": null }, "geometry": { "type": "Polygon", "coordinates": [ [ [ 2.3626608, 42.0324228 ], [ 2.3626706, 42.0322509 ], [ 2.36271, 42.0315671 ], [ 2.3629627, 42.0315488 ], [ 2.36303, 42.0316317 ], [ 2.3629693, 42.0322034 ], [ 2.3628232, 42.0323619 ], [ 2.3626608, 42.0324228 ] ] ] } },
{ "type": "Feature", "properties": { "stop_id": "osm-way-556840004", "name": "Repsol" }, "geometry": { "type": "Polygon", "coordinates": [ [ [ -4.5058932, 36.7058885 ], [ -4.5058667, 36.7058953 ], [ -4.5058337, 36.7059038 ], [ -4.5057933, 36.705881 ], [ -4.5057757, 36.7057796 ], [ -4.5056842, 36.7057924 ], [ -4.5056441, 36.7058003 ], [ -4.5056035, 36.7058084 ], [ -4.5055621, 36.7058166 ], [ -4.5055216, 36.7058247 ], [ -4.5055157, 36.7058034 ], [ -4.5054265, 36.7058193 ], [ -4.5053991, 36.7058239 ], [ -4.5053728, 36.7058284 ], [ -4.5053576, 36.7058308 ], [ -4.5053112, 36.7058382 ], [ -4.5052716, 36.7058445 ], [ -4.5052256, 36.7058519 ], [ -4.5051196, 36.7058684 ], [ -4.505108, 36.7058912 ], [ -4.5051119, 36.7058982 ], [ -4.5051379, 36.7059541 ], [ -4.5052046, 36.7060981 ], [ -4.5052626, 36.7060853 ], [ -4.5056558, 36.7059987 ], [ -4.5057672, 36.7059885 ], [ -4.5058011, 36.7059885 ], [ -4.5058872, 36.7059885 ], [ -4.5058912, 36.7059584 ], [ -4.5058932, 36.7058885 ] ] ] } },
{ "type": "Feature", "properties": { "stop_id": "osm-way-557104226", "name": null }, "geometry": { "type": "Polygon", "coordinates": [ [ [ -3.1927649, 41.5691671 ], [ -3.1932665, 41.5686823 ], [ -3.1925559, 41.568307 ], [ -3.1920105, 41.5687961 ], [ -3.1923448, 41.5689605 ], [ -3.1926829, 41.5691268 ], [ -3.1927649, 41.5691671 ] ] ] } },
{ "type": "Feature", "properties": { "stop_id": "osm-way-557117813", "name": null }, "geometry": { "type": "Polygon", "coordinates": [ [ [ -1.9324098, 39.059782 ], [ -1.9321423, 39.0596572 ], [ -1.9319963, 39.0596393 ], [ -1.9318946, 39.0596821 ], [ -1.9318329, 39.0597436 ], [ -1.9317243, 39.0597852 ], [ -1.9315647, 39.0598039 ], [ -1.9313742, 39.0598789 ], [ -1.9311878, 39.0598789 ], [ -1.9318557, 39.0605412 ], [ -1.9317377, 39.0606173 ], [ -1.9319523, 39.0607704 ], [ -1.9318315, 39.0608539 ], [ -1.9320113, 39.0610099 ], [ -1.9321131, 39.0609393 ], [ -1.9321803, 39.0609849 ], [ -1.9321104, 39.0610372 ], [ -1.932175, 39.0610932 ], [ -1.932258, 39.0610413 ], [ -1.9323465, 39.0611184 ], [ -1.9333926, 39.061518 ], [ -1.9339263, 39.0610598 ], [ -1.9324098, 39.059782 ] ] ] } },
{ "type": "Feature", "properties": { "stop_id": "osm-way-557479007", "name": "Repsol" }, "geometry": { "type": "Polygon", "coordinates": [ [ [ -4.4676205, 36.7308485 ], [ -4.4678381, 36.7307675 ], [ -4.4678901, 36.7307501 ], [ -4.4679892, 36.7306985 ], [ -4.4679515, 36.7305091 ], [ -4.4675075, 36.7302398 ], [ -4.4673932, 36.7302466 ], [ -4.4673364, 36.7302627 ], [ -4.467269, 36.7302896 ], [ -4.4671927, 36.7303315 ], [ -4.467084, 36.7304322 ], [ -4.4672012, 36.7306222 ], [ -4.4676205, 36.7308485 ] ] ] } },
{ "type": "Feature", "properties": { "stop_id": "osm-way-557623026", "name": "Repsol" }, "geometry": { "type": "Polygon", "coordinates": [ [ [ -4.4719692, 36.7076078 ], [ -4.4720748, 36.7076272 ], [ -4.4721217, 36.7076358 ], [ -4.472184, 36.7074278 ], [ -4.4722652, 36.7071628 ], [ -4.4722783, 36.7071198 ], [ -4.4722856, 36.7071228 ], [ -4.4723089, 36.707047 ], [ -4.4722671, 36.7070372 ], [ -4.4719192, 36.7069601 ], [ -4.4718928, 36.7069742 ], [ -4.4718395, 36.7070022 ], [ -4.4718648, 36.7071308 ], [ -4.4718764, 36.7071282 ], [ -4.4718901, 36.707195 ], [ -4.4718774, 36.7071976 ], [ -4.4718859, 36.7072322 ], [ -4.4718964, 36.7072297 ], [ -4.4719692, 36.7076078 ] ] ] } },
{ "type": "Feature", "properties": { "stop_id": "osm-way-557676845", "name": "El Caserío de Aguadulce" }, "geometry": { "type": "Polygon", "coordinates": [ [ [ -4.9848157, 37.2571382 ], [ -4.9847648, 37.2570208 ], [ -4.9847809, 37.2568436 ], [ -4.9848855, 37.2566707 ], [ -4.9851778, 37.2564871 ], [ -4.9855641, 37.2563547 ], [ -4.9858752, 37.2564956 ], [ -4.9859721, 37.2563693 ], [ -4.9862051, 37.256485 ], [ -4.9863365, 37.2563846 ], [ -4.9869239, 37.2566856 ], [ -4.9877203, 37.2566152 ], [ -4.9870312, 37.2574307 ], [ -4.9863312, 37.2574499 ], [ -4.9855721, 37.2574094 ], [ -4.9851108, 37.2573176 ], [ -4.9849391, 37.2572279 ], [ -4.9848157, 37.2571382 ] ] ] } },
{ "type": "Feature", "properties": { "stop_id": "osm-way-557930911", "name": null }, "geometry": { "type": "Polygon", "coordinates": [ [ [ -4.4635598, 36.9863047 ], [ -4.4625772, 36.9860352 ], [ -4.4623311, 36.9859352 ], [ -4.4622695, 36.9859165 ], [ -4.4620998, 36.9862555 ], [ -4.4625518, 36.9864098 ], [ -4.4627109, 36.9865895 ], [ -4.4629486, 36.9867963 ], [ -4.4634112, 36.9870149 ], [ -4.4635173, 36.9870403 ], [ -4.4640245, 36.9870505 ], [ -4.4647057, 36.9873336 ], [ -4.4650219, 36.986898 ], [ -4.4641773, 36.9864988 ], [ -4.4635598, 36.9863047 ] ] ] } },
{ "type": "Feature", "properties": { "stop_id": "osm-way-557968305", "name": "Repsol" }, "geometry": { "type": "Polygon", "coordinates": [ [ [ -4.4421814, 36.7024147 ], [ -4.4421639, 36.7024008 ], [ -4.4420515, 36.7023108 ], [ -4.4420426, 36.7023037 ], [ -4.4420654, 36.7022855 ], [ -4.4420506, 36.7022736 ], [ -4.4423644, 36.7020279 ], [ -4.4423845, 36.702014 ], [ -4.4423597, 36.7019767 ], [ -4.4423698, 36.7019502 ], [ -4.4424067, 36.7019239 ], [ -4.4424273, 36.7019092 ], [ -4.4426308, 36.7020419 ], [ -4.4426608, 36.7020639 ], [ -4.4426769, 36.7020758 ], [ -4.4422852, 36.7023919 ], [ -4.4422439, 36.702401 ], [ -4.4421814, 36.7024147 ] ] ] } },
{ "type": "Feature", "properties": { "stop_id": "osm-way-558473425", "name": null }, "geometry": { "type": "Polygon", "coordinates": [ [ [ -1.301176, 40.9050676 ], [ -1.3010775, 40.9049553 ], [ -1.2999595, 40.904982 ], [ -1.2999212, 40.9047819 ], [ -1.3000772, 40.9047252 ], [ -1.3011172, 40.9047997 ], [ -1.3012849, 40.904743 ], [ -1.301176, 40.9050676 ] ] ] } },
{ "type": "Feature", "properties": { "stop_id": "osm-way-559148766", "name": null }, "geometry": { "type": "Polygon", "coordinates": [ [ [ -2.2518107, 42.8667987 ], [ -2.2518078, 42.8667614 ], [ -2.2517982, 42.8666399 ], [ -2.2518743, 42.866612 ], [ -2.2520922, 42.8666779 ], [ -2.2527666, 42.8665968 ], [ -2.2527837, 42.8665319 ], [ -2.2527966, 42.8664831 ], [ -2.2528288, 42.866361 ], [ -2.2527438, 42.8663195 ], [ -2.2526836, 42.8662901 ], [ -2.2525951, 42.8662879 ], [ -2.2523758, 42.8662825 ], [ -2.251065, 42.866247 ], [ -2.2508765, 42.8663015 ], [ -2.2505514, 42.8663116 ], [ -2.2505058, 42.8663549 ], [ -2.2504852, 42.8663745 ], [ -2.2504513, 42.8663993 ], [ -2.2501531, 42.8663646 ], [ -2.2494822, 42.8663546 ], [ -2.2494897, 42.8665403 ], [ -2.2506329, 42.8666764 ], [ -2.2518107, 42.8667987 ] ] ] } },
{ "type": "Feature", "properties": { "stop_id": "osm-way-559713959", "name": "Estación de Servicio Valdicio" }, "geometry": { "type": "Polygon", "coordinates": [ [ [ -4.4598976, 36.6921071 ], [ -4.4594583, 36.6919614 ], [ -4.4594227, 36.692001 ], [ -4.4592158, 36.6922403 ], [ -4.4592003, 36.6922582 ], [ -4.4591883, 36.6922514 ], [ -4.4590359, 36.6924651 ], [ -4.4590656, 36.6924889 ], [ -4.4591343, 36.692544 ], [ -4.4591847, 36.6925738 ], [ -4.4592327, 36.6925969 ], [ -4.4592843, 36.6926123 ], [ -4.4593419, 36.692619 ], [ -4.4593831, 36.6926223 ], [ -4.4594079, 36.692621 ], [ -4.4594666, 36.6926175 ], [ -4.459485, 36.6926028 ], [ -4.459638, 36.6924815 ], [ -4.4596549, 36.6924687 ], [ -4.4596754, 36.692453 ], [ -4.4597077, 36.6924223 ], [ -4.4597145, 36.6924141 ], [ -4.4597115, 36.6923987 ], [ -4.4597067, 36.692364 ], [ -4.4597139, 36.6923217 ], [ -4.459723, 36.6922984 ], [ -4.4597436, 36.6922691 ], [ -4.4597523, 36.6922572 ], [ -4.4597721, 36.6922383 ], [ -4.4597964, 36.6922204 ], [ -4.45981, 36.6922129 ], [ -4.4598364, 36.6921985 ], [ -4.459858, 36.6921918 ], [ -4.4598713, 36.6921634 ], [ -4.4598856, 36.6921328 ], [ -4.4598976, 36.6921071 ] ] ] } },
{ "type": "Feature", "properties": { "stop_id": "osm-way-560717771", "name": null }, "geometry": { "type": "Polygon", "coordinates": [ [ [ -0.9881431, 39.2589161 ], [ -0.9882315, 39.2588179 ], [ -0.9881566, 39.258707 ], [ -0.9881127, 39.258681 ], [ -0.9880533, 39.25867 ], [ -0.988003, 39.258676 ], [ -0.9879462, 39.258698 ], [ -0.9879204, 39.2587249 ], [ -0.9879036, 39.2587669 ], [ -0.9879062, 39.2588089 ], [ -0.9879152, 39.2588359 ], [ -0.9879358, 39.2588579 ], [ -0.9881431, 39.2589161 ] ] ] } },
{ "type": "Feature", "properties": { "stop_id": "osm-way-561619677", "name": "Repsol La Luz" }, "geometry": { "type": "Polygon", "coordinates": [ [ [ -4.4566137, 36.6915875 ], [ -4.4566215, 36.6915484 ], [ -4.456629, 36.6915099 ], [ -4.4566921, 36.6914583 ], [ -4.4568175, 36.6913586 ], [ -4.4568701, 36.6913149 ], [ -4.4569276, 36.6912673 ], [ -4.4569938, 36.6912264 ], [ -4.4570197, 36.6912234 ], [ -4.457063, 36.6912194 ], [ -4.4571951, 36.6912227 ], [ -4.4572391, 36.6912248 ], [ -4.4572477, 36.6912321 ], [ -4.457265, 36.6912521 ], [ -4.4572676, 36.6912623 ], [ -4.4572645, 36.6912737 ], [ -4.4572559, 36.6913027 ], [ -4.4570063, 36.691496 ], [ -4.4569267, 36.6915573 ], [ -4.4568533, 36.6916129 ], [ -4.4568333, 36.6916183 ], [ -4.4568109, 36.6916194 ], [ -4.4567922, 36.691619 ], [ -4.4566137, 36.6915875 ] ] ] } },
{ "type": "Feature", "properties": { "stop_id": "osm-way-564358677", "name": "Repsol" }, "geometry": { "type": "Polygon", "coordinates": [ [ [ -4.4841886, 36.7187335 ], [ -4.4840937, 36.7185762 ], [ -4.4840679, 36.7185244 ], [ -4.4840679, 36.7184691 ], [ -4.4840765, 36.718419 ], [ -4.4841088, 36.7183688 ], [ -4.4841282, 36.7182894 ], [ -4.484352, 36.718211 ], [ -4.4844294, 36.7181827 ], [ -4.4846481, 36.7185661 ], [ -4.4841886, 36.7187335 ] ] ] } },
{ "type": "Feature", "properties": { "stop_id": "osm-way-566175320", "name": "Repsol" }, "geometry": { "type": "Polygon", "coordinates": [ [ [ -4.3439511, 36.7149021 ], [ -4.3439672, 36.7148744 ], [ -4.3439969, 36.7148188 ], [ -4.3440155, 36.7147837 ], [ -4.3440429, 36.714791 ], [ -4.3442363, 36.7148514 ], [ -4.3447216, 36.7149888 ], [ -4.3447866, 36.7150211 ], [ -4.3448208, 36.7150417 ], [ -4.3449836, 36.7150829 ], [ -4.3449755, 36.715106 ], [ -4.3449585, 36.7151538 ], [ -4.3447935, 36.7151492 ], [ -4.3446898, 36.7151347 ], [ -4.3444951, 36.7150969 ], [ -4.3442166, 36.7150081 ], [ -4.3439511, 36.7149021 ] ] ] } },
{ "type": "Feature", "properties": { "stop_id": "osm-way-566175894", "name": "Repsol" }, "geometry": { "type": "Polygon", "coordinates": [ [ [ -4.3442967, 36.7153348 ], [ -4.3439101, 36.7154437 ], [ -4.3438519, 36.7154657 ], [ -4.3438444, 36.7155144 ], [ -4.3437899, 36.7154936 ], [ -4.3435702, 36.7154041 ], [ -4.3436078, 36.715355 ], [ -4.34358, 36.7153422 ], [ -4.3435092, 36.7153096 ], [ -4.3434777, 36.7152975 ], [ -4.3435086, 36.7152509 ], [ -4.3436113, 36.715073 ], [ -4.3436884, 36.715099 ], [ -4.3438289, 36.7151391 ], [ -4.344189, 36.7152926 ], [ -4.3442967, 36.7153348 ] ] ] } },
{ "type": "Feature", "properties": { "stop_id": "osm-way-566288758", "name": null }, "geometry": { "type": "Polygon", "coordinates": [ [ [ -1.0740933, 41.7381282 ], [ -1.0722828, 41.7374237 ], [ -1.0721795, 41.7375408 ], [ -1.0729373, 41.7379561 ], [ -1.0733074, 41.7381052 ], [ -1.0735837, 41.7382022 ], [ -1.0738184, 41.7382052 ], [ -1.0740933, 41.7381282 ] ] ] } },
{ "type": "Feature", "properties": { "stop_id": "osm-way-566770716", "name": "Área de servicio Las Pajanosas" }, "geometry": { "type": "Polygon", "coordinates": [ [ [ -6.1084335, 37.5724723 ], [ -6.1083118, 37.57234 ], [ -6.1081854, 37.5723758 ], [ -6.1077344, 37.5715249 ], [ -6.107775, 37.5715106 ], [ -6.1077344, 37.5714534 ], [ -6.1079194, 37.5713847 ], [ -6.107806, 37.5711782 ], [ -6.1089252, 37.570817 ], [ -6.1090019, 37.5709421 ], [ -6.1091688, 37.5708813 ], [ -6.1093267, 37.5712067 ], [ -6.1093899, 37.5711888 ], [ -6.109638, 37.5716786 ], [ -6.1097192, 37.5716536 ], [ -6.1099808, 37.5721613 ], [ -6.1100891, 37.5724044 ], [ -6.1099988, 37.5724509 ], [ -6.1099086, 37.5723686 ], [ -6.1097552, 37.572265 ], [ -6.1096515, 37.5722399 ], [ -6.1095071, 37.5722328 ], [ -6.1094214, 37.5722507 ], [ -6.1092996, 37.5722578 ], [ -6.109223, 37.5722399 ], [ -6.1091102, 37.5722542 ], [ -6.1089974, 37.5723114 ], [ -6.1089072, 37.5723722 ], [ -6.1087087, 37.572458 ], [ -6.1085553, 37.572526 ], [ -6.1084335, 37.5724723 ] ] ] } },
{ "type": "Feature", "properties": { "stop_id": "osm-way-568786124", "name": null }, "geometry": { "type": "Polygon", "coordinates": [ [ [ -2.4743924, 42.7518411 ], [ -2.4744524, 42.7517853 ], [ -2.4744846, 42.7517554 ], [ -2.4745063, 42.7517352 ], [ -2.4737816, 42.751382 ], [ -2.4730814, 42.7510408 ], [ -2.4724648, 42.7507403 ], [ -2.4723433, 42.7508183 ], [ -2.4723536, 42.75096 ], [ -2.47248, 42.7511083 ], [ -2.4731362, 42.7519047 ], [ -2.4732669, 42.7519783 ], [ -2.473519, 42.7519739 ], [ -2.4737924, 42.7520408 ], [ -2.4740871, 42.7520832 ], [ -2.4743362, 42.7518411 ], [ -2.4743924, 42.7518411 ] ] ] } },
{ "type": "Feature", "properties": { "stop_id": "osm-way-569644176", "name": "Estación de Servicio Universidad" }, "geometry": { "type": "Polygon", "coordinates": [ [ [ -4.4828064, 36.7133677 ], [ -4.4828059, 36.713369 ], [ -4.4827531, 36.7133686 ], [ -4.4827095, 36.7133673 ], [ -4.4822207, 36.7133653 ], [ -4.4822217, 36.7134037 ], [ -4.482221, 36.7134527 ], [ -4.4823986, 36.7136969 ], [ -4.4824436, 36.7137314 ], [ -4.4825475, 36.7137535 ], [ -4.4826443, 36.7137987 ], [ -4.4826799, 36.7137674 ], [ -4.4827163, 36.7137354 ], [ -4.4827484, 36.7137403 ], [ -4.4827917, 36.7136981 ], [ -4.4828029, 36.7136764 ], [ -4.4828064, 36.7135961 ], [ -4.4828064, 36.7135553 ], [ -4.4828064, 36.7135006 ], [ -4.4828064, 36.7133677 ] ] ] } },
{ "type": "Feature", "properties": { "stop_id": "osm-way-570601223", "name": "el Vallès" }, "geometry": { "type": "Polygon", "coordinates": [ [ [ 2.167101, 41.5254166 ], [ 2.1673355, 41.5255016 ], [ 2.1682697, 41.5258941 ], [ 2.1685779, 41.5260451 ], [ 2.1687923, 41.5262056 ], [ 2.169001, 41.5264175 ], [ 2.1691425, 41.5266315 ], [ 2.169235, 41.5269315 ], [ 2.1689898, 41.5274868 ], [ 2.1688005, 41.5275684 ], [ 2.1687129, 41.5276062 ], [ 2.1684502, 41.5272232 ], [ 2.1680094, 41.5266457 ], [ 2.1677951, 41.5263939 ], [ 2.1674675, 41.5260158 ], [ 2.1669781, 41.5254753 ], [ 2.167101, 41.5254166 ] ] ] } },
{ "type": "Feature", "properties": { "stop_id": "osm-way-570601248", "name": null }, "geometry": { "type": "Polygon", "coordinates": [ [ [ 2.1678197, 41.5273933 ], [ 2.1679181, 41.5274862 ], [ 2.1679454, 41.5275175 ], [ 2.167992, 41.527571 ], [ 2.168019, 41.5276019 ], [ 2.1681065, 41.5275674 ], [ 2.1679321, 41.5273427 ], [ 2.1676561, 41.52699 ], [ 2.1674647, 41.5267529 ], [ 2.1670621, 41.5263016 ], [ 2.1667749, 41.5259876 ], [ 2.1664184, 41.5256407 ], [ 2.1661165, 41.5253648 ], [ 2.1657648, 41.5250317 ], [ 2.1657209, 41.5250491 ], [ 2.1657552, 41.5251342 ], [ 2.1657793, 41.5252458 ], [ 2.1657859, 41.5253686 ], [ 2.1657679, 41.5255106 ], [ 2.1657354, 41.5256713 ], [ 2.1657202, 41.5257997 ], [ 2.165725, 41.5259378 ], [ 2.1657518, 41.5260671 ], [ 2.165795, 41.5261727 ], [ 2.1658827, 41.5262966 ], [ 2.1660059, 41.5264468 ], [ 2.1661589, 41.5266088 ], [ 2.1663129, 41.5267598 ], [ 2.1664509, 41.5268772 ], [ 2.1666708, 41.5270348 ], [ 2.1668798, 41.5271398 ], [ 2.1669971, 41.527191 ], [ 2.1671897, 41.5272188 ], [ 2.1674606, 41.5272406 ], [ 2.1675619, 41.5272623 ], [ 2.1676575, 41.5272981 ], [ 2.167721, 41.5273277 ], [ 2.1678197, 41.5273933 ] ] ] } },
{ "type": "Feature", "properties": { "stop_id": "osm-way-571642885", "name": "Àrea de Servei La Plana" }, "geometry": { "type": "Polygon", "coordinates": [ [ [ -0.12233, 39.8676494 ], [ -0.1225273, 39.8676478 ], [ -0.1226274, 39.867277 ], [ -0.1226636, 39.8668806 ], [ -0.1225539, 39.8667692 ], [ -0.1225816, 39.8666534 ], [ -0.1229945, 39.8666738 ], [ -0.1232391, 39.8660284 ], [ -0.1235603, 39.865915 ], [ -0.1236722, 39.8658695 ], [ -0.1237664, 39.8658207 ], [ -0.1240788, 39.865721 ], [ -0.124309, 39.8655458 ], [ -0.124618, 39.8652855 ], [ -0.1246809, 39.8649677 ], [ -0.1247688, 39.8644057 ], [ -0.124674, 39.8641651 ], [ -0.1245968, 39.864032 ], [ -0.1245108, 39.8638941 ], [ -0.1243547, 39.863801 ], [ -0.1234235, 39.8632054 ], [ -0.1233304, 39.8629385 ], [ -0.1233428, 39.8624763 ], [ -0.1234055, 39.8619702 ], [ -0.1226609, 39.8618833 ], [ -0.1226051, 39.862368 ], [ -0.1220952, 39.8626809 ], [ -0.1220609, 39.8629174 ], [ -0.1220371, 39.8630487 ], [ -0.1219919, 39.8631991 ], [ -0.1219553, 39.8632914 ], [ -0.1218872, 39.8633886 ], [ -0.1217708, 39.8635049 ], [ -0.1215982, 39.8636326 ], [ -0.121471, 39.8637081 ], [ -0.1213357, 39.8637687 ], [ -0.121183, 39.8638273 ], [ -0.1210569, 39.8638749 ], [ -0.1209505, 39.8639118 ], [ -0.120782, 39.8639789 ], [ -0.1206487, 39.8640462 ], [ -0.1205195, 39.8641299 ], [ -0.1204411, 39.8642002 ], [ -0.1203936, 39.864255 ], [ -0.1203426, 39.8643339 ], [ -0.1203071, 39.8644247 ], [ -0.1202753, 39.8645581 ], [ -0.1202286, 39.8648504 ], [ -0.1202109, 39.8651225 ], [ -0.1201964, 39.8654962 ], [ -0.120202, 39.8656954 ], [ -0.1202098, 39.8657556 ], [ -0.120221, 39.8658087 ], [ -0.1202859, 39.8659518 ], [ -0.1203453, 39.8660442 ], [ -0.1204202, 39.8661281 ], [ -0.1205034, 39.866212 ], [ -0.120615, 39.866297 ], [ -0.1207092, 39.8663467 ], [ -0.1207901, 39.8664026 ], [ -0.1213397, 39.8666165 ], [ -0.1217287, 39.8667171 ], [ -0.1219087, 39.8668792 ], [ -0.1219212, 39.8675748 ], [ -0.12233, 39.8676494 ] ] ] } },
{ "type": "Feature", "properties": { "stop_id": "osm-way-572146820", "name": "Pont del Diable" }, "geometry": { "type": "Polygon", "coordinates": [ [ [ 1.2428837, 41.1448741 ], [ 1.2429229, 41.144928 ], [ 1.24297, 41.1449716 ], [ 1.2428068, 41.1450573 ], [ 1.2427099, 41.1451335 ], [ 1.2426305, 41.1451799 ], [ 1.2426227, 41.145184 ], [ 1.2425867, 41.145203 ], [ 1.2424927, 41.1452497 ], [ 1.242373, 41.1452887 ], [ 1.2423855, 41.1453601 ], [ 1.2423219, 41.1453681 ], [ 1.2423054, 41.1452929 ], [ 1.2421418, 41.1453098 ], [ 1.2420394, 41.14528 ], [ 1.2419169, 41.1452345 ], [ 1.2418221, 41.1451992 ], [ 1.2417485, 41.1451518 ], [ 1.2417566, 41.1451341 ], [ 1.2417751, 41.1450369 ], [ 1.2422857, 41.1449633 ], [ 1.2428837, 41.1448741 ] ] ] } },
{ "type": "Feature", "properties": { "stop_id": "osm-way-573827705", "name": "área de Servicio de Los Monegros" }, "geometry": { "type": "Polygon", "coordinates": [ [ [ 0.0424542, 41.5198577 ], [ 0.0430576, 41.5193333 ], [ 0.042782, 41.5190991 ], [ 0.0425585, 41.5188034 ], [ 0.0424393, 41.518346 ], [ 0.0423424, 41.5179388 ], [ 0.0422158, 41.5174201 ], [ 0.0419848, 41.5170909 ], [ 0.0415676, 41.5168232 ], [ 0.0412026, 41.5166893 ], [ 0.0406885, 41.5166335 ], [ 0.0401149, 41.5166279 ], [ 0.0396232, 41.5165722 ], [ 0.0391911, 41.516416 ], [ 0.038908, 41.5162207 ], [ 0.0382971, 41.5166614 ], [ 0.0387665, 41.5170686 ], [ 0.0389155, 41.5172583 ], [ 0.0390347, 41.5175874 ], [ 0.0390868, 41.5180225 ], [ 0.0391613, 41.5185134 ], [ 0.0392507, 41.5188704 ], [ 0.0394221, 41.5191214 ], [ 0.0397499, 41.5193501 ], [ 0.0401596, 41.5195286 ], [ 0.0405917, 41.5195843 ], [ 0.0410759, 41.5195788 ], [ 0.0417241, 41.5195788 ], [ 0.0424542, 41.5198577 ] ] ] } },
{ "type": "Feature", "properties": { "stop_id": "osm-way-577192245", "name": "Área de Servicio San Martín" }, "geometry": { "type": "Polygon", "coordinates": [ [ [ -6.9886679, 38.9003331 ], [ -6.9886798, 38.9002897 ], [ -6.9890223, 38.9002082 ], [ -6.9892129, 38.9001628 ], [ -6.9893273, 38.9001229 ], [ -6.9895088, 38.9000595 ], [ -6.9895613, 38.9000412 ], [ -6.9900279, 38.8998183 ], [ -6.9901968, 38.8997269 ], [ -6.9903476, 38.8997149 ], [ -6.9904906, 38.899751 ], [ -6.990569, 38.8997905 ], [ -6.9906609, 38.899839 ], [ -6.9906649, 38.8999395 ], [ -6.9896495, 38.9009415 ], [ -6.9886679, 38.9003331 ] ] ] } },
{ "type": "Feature", "properties": { "stop_id": "osm-way-579888009", "name": null }, "geometry": { "type": "Polygon", "coordinates": [ [ [ -5.1532307, 43.3662021 ], [ -5.1532751, 43.3662193 ], [ -5.1533326, 43.3662416 ], [ -5.1534242, 43.3662965 ], [ -5.1534543, 43.3663145 ], [ -5.153497, 43.3664459 ], [ -5.153474, 43.366563 ], [ -5.1534066, 43.3667136 ], [ -5.1532932, 43.3668558 ], [ -5.1531403, 43.3669789 ], [ -5.1530203, 43.3670662 ], [ -5.1530066, 43.3670353 ], [ -5.1529956, 43.3670112 ], [ -5.1531288, 43.3668176 ], [ -5.1531682, 43.3667339 ], [ -5.1532061, 43.3665869 ], [ -5.1532225, 43.366471 ], [ -5.1532291, 43.3663575 ], [ -5.1532307, 43.3662021 ] ] ] } },
{ "type": "Feature", "properties": { "stop_id": "osm-way-580233770", "name": "Area de Servicio Casablanca" }, "geometry": { "type": "Polygon", "coordinates": [ [ [ -0.757299, 41.6419243 ], [ -0.758312, 41.6415874 ], [ -0.7591828, 41.6404427 ], [ -0.7565208, 41.6398241 ], [ -0.7551373, 41.6400457 ], [ -0.7541306, 41.6396349 ], [ -0.7533709, 41.6405442 ], [ -0.7540626, 41.6410381 ], [ -0.7542417, 41.6412181 ], [ -0.7544888, 41.6414951 ], [ -0.7547791, 41.6416612 ], [ -0.755057, 41.6416658 ], [ -0.755335, 41.6415412 ], [ -0.7556994, 41.6411904 ], [ -0.757299, 41.6419243 ] ] ] } },
{ "type": "Feature", "properties": { "stop_id": "osm-way-584471909", "name": null }, "geometry": { "type": "Polygon", "coordinates": [ [ [ 0.092842, 41.5087018 ], [ 0.0944674, 41.5080551 ], [ 0.0942635, 41.5078582 ], [ 0.0938022, 41.5078783 ], [ 0.0927991, 41.5082921 ], [ 0.0926757, 41.5085211 ], [ 0.092842, 41.5087018 ] ] ] } },
{ "type": "Feature", "properties": { "stop_id": "osm-way-584471910", "name": null }, "geometry": { "type": "Polygon", "coordinates": [ [ [ 0.2686554, 41.4665842 ], [ 0.2684945, 41.4663832 ], [ 0.268811, 41.4660616 ], [ 0.2699107, 41.4656998 ], [ 0.2701575, 41.4656717 ], [ 0.2702808, 41.4658727 ], [ 0.2686554, 41.4665842 ] ] ] } },
{ "type": "Feature", "properties": { "stop_id": "osm-way-584471911", "name": null }, "geometry": { "type": "Polygon", "coordinates": [ [ [ 0.27233, 41.4655873 ], [ 0.2706295, 41.4662907 ], [ 0.2710587, 41.4664555 ], [ 0.2713698, 41.4664435 ], [ 0.2723139, 41.4660134 ], [ 0.2724802, 41.4657963 ], [ 0.27233, 41.4655873 ] ] ] } },
{ "type": "Feature", "properties": { "stop_id": "osm-way-584471912", "name": null }, "geometry": { "type": "Polygon", "coordinates": [ [ [ 0.0971603, 41.5071592 ], [ 0.094859, 41.5084648 ], [ 0.0958407, 41.508497 ], [ 0.0970048, 41.5078984 ], [ 0.0972998, 41.5074766 ], [ 0.0971603, 41.5071592 ] ] ] } },
{ "type": "Feature", "properties": { "stop_id": "osm-way-584653708", "name": null }, "geometry": { "type": "Polygon", "coordinates": [ [ [ -4.3154266, 40.3655869 ], [ -4.3147042, 40.3655689 ], [ -4.3145822, 40.3652098 ], [ -4.3153163, 40.3651738 ], [ -4.3154266, 40.3655869 ] ] ] } },
{ "type": "Feature", "properties": { "stop_id": "osm-way-584955228", "name": null }, "geometry": { "type": "Polygon", "coordinates": [ [ [ -7.810193, 43.4082705 ], [ -7.808691, 43.407684 ], [ -7.8075618, 43.4073595 ], [ -7.8068309, 43.4071939 ], [ -7.8068421, 43.4071602 ], [ -7.8068896, 43.4070185 ], [ -7.8087312, 43.4074248 ], [ -7.8089765, 43.407175 ], [ -7.809509, 43.4072611 ], [ -7.8103249, 43.4077206 ], [ -7.8104408, 43.4079004 ], [ -7.810236, 43.4082262 ], [ -7.810193, 43.4082705 ] ] ] } },
{ "type": "Feature", "properties": { "stop_id": "osm-way-585433034", "name": "Moeve" }, "geometry": { "type": "Polygon", "coordinates": [ [ [ -4.512319, 36.7125516 ], [ -4.5123671, 36.7125595 ], [ -4.5123912, 36.7125945 ], [ -4.5123314, 36.7128313 ], [ -4.5123745, 36.7129435 ], [ -4.5123977, 36.7129782 ], [ -4.5115398, 36.7129877 ], [ -4.5115332, 36.7125665 ], [ -4.5122021, 36.7125547 ], [ -4.512319, 36.7125516 ] ] ] } },
{ "type": "Feature", "properties": { "stop_id": "osm-way-586108808", "name": null }, "geometry": { "type": "Polygon", "coordinates": [ [ [ -4.2292362, 43.3217222 ], [ -4.2291404, 43.3214669 ], [ -4.2289773, 43.3214687 ], [ -4.2281939, 43.3214336 ], [ -4.227772, 43.3215147 ], [ -4.2272038, 43.3216972 ], [ -4.2268686, 43.3220514 ], [ -4.2263021, 43.3223648 ], [ -4.2264452, 43.3225135 ], [ -4.2269199, 43.3224226 ], [ -4.2274332, 43.3222987 ], [ -4.2278465, 43.3221896 ], [ -4.2279487, 43.3221632 ], [ -4.2286255, 43.3219484 ], [ -4.2290389, 43.3217997 ], [ -4.2292362, 43.3217222 ] ] ] } },
{ "type": "Feature", "properties": { "stop_id": "osm-way-586108912", "name": "Área de descanso de Jesús del Monte" }, "geometry": { "type": "Polygon", "coordinates": [ [ [ -3.6318106, 43.4014682 ], [ -3.6319279, 43.4021654 ], [ -3.6314097, 43.4023244 ], [ -3.6311612, 43.4024346 ], [ -3.6309483, 43.4025432 ], [ -3.6304473, 43.4028623 ], [ -3.6301153, 43.4030827 ], [ -3.6298814, 43.4032524 ], [ -3.6295582, 43.4034747 ], [ -3.6290748, 43.4038057 ], [ -3.6287192, 43.4040554 ], [ -3.6282422, 43.4037825 ], [ -3.6280134, 43.4035882 ], [ -3.627899, 43.4034544 ], [ -3.6278603, 43.4032981 ], [ -3.6278525, 43.4031558 ], [ -3.6278525, 43.4029629 ], [ -3.6278391, 43.4027378 ], [ -3.6279413, 43.4026746 ], [ -3.6281489, 43.4025345 ], [ -3.6283702, 43.4024062 ], [ -3.6286517, 43.4022649 ], [ -3.6288931, 43.4021511 ], [ -3.6293489, 43.4019866 ], [ -3.6293393, 43.401897 ], [ -3.630062, 43.4016879 ], [ -3.6306665, 43.4015583 ], [ -3.6311227, 43.4015059 ], [ -3.6316074, 43.4014716 ], [ -3.6318106, 43.4014682 ] ] ] } },
{ "type": "Feature", "properties": { "stop_id": "osm-way-586108913", "name": "Área de descanso de Jesús del Monte" }, "geometry": { "type": "Polygon", "coordinates": [ [ [ -3.6256481, 43.4036592 ], [ -3.6257305, 43.4037412 ], [ -3.6256127, 43.4039082 ], [ -3.6255062, 43.4041299 ], [ -3.625169, 43.404414 ], [ -3.6247208, 43.4047531 ], [ -3.6244717, 43.4049341 ], [ -3.6240977, 43.4051496 ], [ -3.6238969, 43.4050809 ], [ -3.6236716, 43.4050231 ], [ -3.6228831, 43.4047651 ], [ -3.6218178, 43.404605 ], [ -3.6215779, 43.4043684 ], [ -3.6216195, 43.4042012 ], [ -3.621093, 43.4039147 ], [ -3.6213893, 43.4034842 ], [ -3.6218717, 43.4037315 ], [ -3.6226002, 43.4037504 ], [ -3.6230265, 43.4039052 ], [ -3.6233892, 43.4041089 ], [ -3.6236099, 43.4039732 ], [ -3.6239491, 43.4039495 ], [ -3.624148, 43.4039494 ], [ -3.6244332, 43.4039391 ], [ -3.6247164, 43.4039182 ], [ -3.6250505, 43.4038355 ], [ -3.6254044, 43.4037645 ], [ -3.6256481, 43.4036592 ] ] ] } },
{ "type": "Feature", "properties": { "stop_id": "osm-way-586652004", "name": "Repsol" }, "geometry": { "type": "Polygon", "coordinates": [ [ [ -4.5334093, 36.719441 ], [ -4.5333209, 36.7195049 ], [ -4.5334112, 36.7195782 ], [ -4.5334422, 36.7196034 ], [ -4.5334858, 36.7196421 ], [ -4.5334258, 36.719684 ], [ -4.5333384, 36.7197451 ], [ -4.533317, 36.71976 ], [ -4.533297, 36.719774 ], [ -4.5332562, 36.7198025 ], [ -4.533651, 36.7201245 ], [ -4.5338958, 36.7199492 ], [ -4.5339713, 36.7198904 ], [ -4.5339216, 36.7198517 ], [ -4.5335084, 36.7195202 ], [ -4.5334093, 36.719441 ] ] ] } },
{ "type": "Feature", "properties": { "stop_id": "osm-way-588623147", "name": null }, "geometry": { "type": "Polygon", "coordinates": [ [ [ -3.4553294, 43.1117247 ], [ -3.4551781, 43.1121576 ], [ -3.4550984, 43.1124724 ], [ -3.4550689, 43.1126464 ], [ -3.4550074, 43.1127786 ], [ -3.4549742, 43.1127811 ], [ -3.4549495, 43.112639 ], [ -3.4549501, 43.1124539 ], [ -3.4550101, 43.1119572 ], [ -3.4550797, 43.111753 ], [ -3.4551688, 43.1116296 ], [ -3.455259, 43.1115641 ], [ -3.4552961, 43.1117124 ], [ -3.4553294, 43.1117247 ] ] ] } },
{ "type": "Feature", "properties": { "stop_id": "osm-way-589231780", "name": "Área de Servicio El Torreón" }, "geometry": { "type": "Polygon", "coordinates": [ [ [ -3.6692334, 37.23164 ], [ -3.6674736, 37.2321096 ], [ -3.6674162, 37.2320948 ], [ -3.667326, 37.2320686 ], [ -3.6678437, 37.2314853 ], [ -3.6681375, 37.2311768 ], [ -3.6682216, 37.2310933 ], [ -3.6682963, 37.2310822 ], [ -3.6684931, 37.2312052 ], [ -3.6686926, 37.2313563 ], [ -3.6687256, 37.231363 ], [ -3.6688394, 37.2314443 ], [ -3.6688751, 37.2314385 ], [ -3.6697519, 37.2306008 ], [ -3.6698536, 37.2305801 ], [ -3.670128, 37.230758 ], [ -3.6702731, 37.2307358 ], [ -3.6708841, 37.2312747 ], [ -3.6701532, 37.2313998 ], [ -3.6698287, 37.2314788 ], [ -3.6694505, 37.2314553 ], [ -3.6693673, 37.2314596 ], [ -3.6691851, 37.2314983 ], [ -3.6692049, 37.2315545 ], [ -3.6692334, 37.23164 ] ] ] } },
{ "type": "Feature", "properties": { "stop_id": "osm-way-589231784", "name": "Área de Servicio El Torreón" }, "geometry": { "type": "Polygon", "coordinates": [ [ [ -3.6689697, 37.2320826 ], [ -3.6680672, 37.2330602 ], [ -3.6679086, 37.2329663 ], [ -3.6677176, 37.2330246 ], [ -3.6673883, 37.2333321 ], [ -3.6665955, 37.2329533 ], [ -3.6667012, 37.2328498 ], [ -3.6668483, 37.2328 ], [ -3.6669242, 37.2327743 ], [ -3.6675767, 37.2325361 ], [ -3.6684283, 37.2322855 ], [ -3.6685553, 37.2322345 ], [ -3.6687123, 37.2321125 ], [ -3.6688738, 37.2320916 ], [ -3.6689697, 37.2320826 ] ] ] } },
{ "type": "Feature", "properties": { "stop_id": "osm-way-589480992", "name": "Área de descanso Penagos" }, "geometry": { "type": "Polygon", "coordinates": [ [ [ -3.8160473, 43.3358628 ], [ -3.8157891, 43.3358848 ], [ -3.8149963, 43.3359968 ], [ -3.8142077, 43.33615 ], [ -3.8140064, 43.3361537 ], [ -3.8138819, 43.3361161 ], [ -3.8137969, 43.3360626 ], [ -3.8137112, 43.3359679 ], [ -3.8141076, 43.3357648 ], [ -3.8145525, 43.3355271 ], [ -3.8148116, 43.3353824 ], [ -3.8151408, 43.3352537 ], [ -3.8153806, 43.3351894 ], [ -3.81556, 43.3351799 ], [ -3.8157762, 43.335254 ], [ -3.8158923, 43.3353531 ], [ -3.8159616, 43.3354839 ], [ -3.8160219, 43.335583 ], [ -3.8160473, 43.3358628 ] ] ] } },
{ "type": "Feature", "properties": { "stop_id": "osm-way-589480993", "name": "Área de descanso Penagos" }, "geometry": { "type": "Polygon", "coordinates": [ [ [ -3.8194477, 43.3363248 ], [ -3.8196158, 43.3363054 ], [ -3.8196906, 43.3363743 ], [ -3.8196953, 43.3364409 ], [ -3.8196282, 43.3365181 ], [ -3.8195493, 43.3366642 ], [ -3.8193218, 43.3368682 ], [ -3.8188329, 43.3371185 ], [ -3.818573, 43.3372256 ], [ -3.8183745, 43.3372572 ], [ -3.8181667, 43.3372581 ], [ -3.8180614, 43.3371621 ], [ -3.8179488, 43.3370481 ], [ -3.8177695, 43.3368794 ], [ -3.8179533, 43.3368063 ], [ -3.8179561, 43.3367331 ], [ -3.8178849, 43.3367209 ], [ -3.8177854, 43.3366702 ], [ -3.8176789, 43.336599 ], [ -3.8176331, 43.3365226 ], [ -3.8176372, 43.3363869 ], [ -3.8177266, 43.3363138 ], [ -3.8180662, 43.3362316 ], [ -3.818425, 43.3362361 ], [ -3.8187665, 43.336249 ], [ -3.8190752, 43.3362714 ], [ -3.8193168, 43.3363084 ], [ -3.8194477, 43.3363248 ] ] ] } },
{ "type": "Feature", "properties": { "stop_id": "osm-way-589618363", "name": "Área de Servizo de Miño" }, "geometry": { "type": "Polygon", "coordinates": [ [ [ -8.1880415, 43.3728802 ], [ -8.1871877, 43.3733412 ], [ -8.1866917, 43.3736958 ], [ -8.1866145, 43.3740445 ], [ -8.186395, 43.3742336 ], [ -8.1864519, 43.374405 ], [ -8.186202, 43.3745562 ], [ -8.1862615, 43.3746134 ], [ -8.1863922, 43.3745805 ], [ -8.1867658, 43.3744978 ], [ -8.1871917, 43.3743956 ], [ -8.1875064, 43.3742953 ], [ -8.1877877, 43.3741756 ], [ -8.1879577, 43.3740782 ], [ -8.1882015, 43.373904 ], [ -8.1882778, 43.3738407 ], [ -8.1884787, 43.3736168 ], [ -8.1885711, 43.3734941 ], [ -8.1887238, 43.3731855 ], [ -8.1885984, 43.3731816 ], [ -8.1884683, 43.37322 ], [ -8.1880415, 43.3728802 ] ] ] } },
{ "type": "Feature", "properties": { "stop_id": "osm-way-589961343", "name": null }, "geometry": { "type": "Polygon", "coordinates": [ [ [ 3.1659279, 42.4338856 ], [ 3.1658809, 42.433914 ], [ 3.1658424, 42.4339266 ], [ 3.1658017, 42.4339298 ], [ 3.1657696, 42.4339108 ], [ 3.1657589, 42.4338793 ], [ 3.1657632, 42.4337419 ], [ 3.1658231, 42.4330932 ], [ 3.1658398, 42.4330368 ], [ 3.1659514, 42.4333284 ], [ 3.1660134, 42.4334989 ], [ 3.1660455, 42.4336157 ], [ 3.1660498, 42.4337388 ], [ 3.1659707, 42.4338587 ], [ 3.1659279, 42.4338856 ] ] ] } },
{ "type": "Feature", "properties": { "stop_id": "osm-way-590226332", "name": null }, "geometry": { "type": "Polygon", "coordinates": [ [ [ 3.0635374, 42.3158907 ], [ 3.0634197, 42.3160632 ], [ 3.0631875, 42.3164912 ], [ 3.0634934, 42.3165872 ], [ 3.0635495, 42.3164733 ], [ 3.0636661, 42.3165075 ], [ 3.063588, 42.3166051 ], [ 3.0638939, 42.3168809 ], [ 3.0639621, 42.3168646 ], [ 3.0640347, 42.3167816 ], [ 3.0640986, 42.3166938 ], [ 3.0643472, 42.3167784 ], [ 3.0645266, 42.3168842 ], [ 3.0645684, 42.3168431 ], [ 3.0642152, 42.3165254 ], [ 3.0639181, 42.3162414 ], [ 3.0637068, 42.3160323 ], [ 3.0635374, 42.3158907 ] ] ] } },
{ "type": "Feature", "properties": { "stop_id": "osm-way-591689743", "name": null }, "geometry": { "type": "Polygon", "coordinates": [ [ [ -3.8041946, 37.1963832 ], [ -3.8039125, 37.196338 ], [ -3.8030191, 37.1961892 ], [ -3.803041, 37.19594 ], [ -3.8031032, 37.1959435 ], [ -3.8033103, 37.1959551 ], [ -3.8034799, 37.1958552 ], [ -3.8035292, 37.1957595 ], [ -3.804167, 37.195735 ], [ -3.8041907, 37.1961591 ], [ -3.8041932, 37.1962899 ], [ -3.8041946, 37.1963832 ] ] ] } },
{ "type": "Feature", "properties": { "stop_id": "osm-way-594384556", "name": null }, "geometry": { "type": "Polygon", "coordinates": [ [ [ -5.813743, 43.1050749 ], [ -5.8133233, 43.1050582 ], [ -5.8130845, 43.1050367 ], [ -5.8129558, 43.1050161 ], [ -5.8128163, 43.1051424 ], [ -5.8129652, 43.1052638 ], [ -5.8131824, 43.1052981 ], [ -5.8132897, 43.1052922 ], [ -5.8134265, 43.1052374 ], [ -5.8135459, 43.1051982 ], [ -5.8137095, 43.1051708 ], [ -5.8139402, 43.1051561 ], [ -5.8140542, 43.1051512 ], [ -5.8141454, 43.1050749 ], [ -5.813743, 43.1050749 ] ] ] } },
{ "type": "Feature", "properties": { "stop_id": "osm-way-596670300", "name": null }, "geometry": { "type": "Polygon", "coordinates": [ [ [ -3.8045108, 37.7499855 ], [ -3.8029541, 37.7505028 ], [ -3.8030695, 37.7504918 ], [ -3.803131, 37.750486 ], [ -3.8033788, 37.7505252 ], [ -3.8036938, 37.7505644 ], [ -3.8039026, 37.7505392 ], [ -3.8040866, 37.750472 ], [ -3.8042494, 37.7503685 ], [ -3.804391, 37.7502034 ], [ -3.8045108, 37.7499855 ] ] ] } },
{ "type": "Feature", "properties": { "stop_id": "osm-way-596670311", "name": null }, "geometry": { "type": "Polygon", "coordinates": [ [ [ -3.8137971, 37.6888173 ], [ -3.8135816, 37.6888656 ], [ -3.8134678, 37.6886951 ], [ -3.8132645, 37.6889396 ], [ -3.8136451, 37.6890489 ], [ -3.8137632, 37.6892357 ], [ -3.8139831, 37.6892867 ], [ -3.8140823, 37.6892548 ], [ -3.8137971, 37.6888173 ] ] ] } },
{ "type": "Feature", "properties": { "stop_id": "osm-way-600461236", "name": "Shell" }, "geometry": { "type": "Polygon", "coordinates": [ [ [ -4.4796639, 36.6545905 ], [ -4.479792, 36.6546568 ], [ -4.4799045, 36.6547152 ], [ -4.4800724, 36.6545068 ], [ -4.4801506, 36.6544098 ], [ -4.47991, 36.654285 ], [ -4.4798335, 36.65438 ], [ -4.4796639, 36.6545905 ] ] ] } },
{ "type": "Feature", "properties": { "stop_id": "osm-way-601346473", "name": "La Pocilla" }, "geometry": { "type": "Polygon", "coordinates": [ [ [ -4.0101216, 40.5837416 ], [ -4.0095695, 40.5840177 ], [ -4.0098502, 40.5842525 ], [ -4.0100641, 40.5841514 ], [ -4.0101488, 40.584252 ], [ -4.0103984, 40.5841399 ], [ -4.0103135, 40.5840177 ], [ -4.0101827, 40.5838295 ], [ -4.0101216, 40.5837416 ] ] ] } },
{ "type": "Feature", "properties": { "stop_id": "osm-way-602128885", "name": null }, "geometry": { "type": "Polygon", "coordinates": [ [ [ -2.4649842, 37.592391 ], [ -2.4650249, 37.592659 ], [ -2.4648087, 37.5927925 ], [ -2.4649968, 37.5928592 ], [ -2.4663555, 37.5928103 ], [ -2.4663948, 37.5927369 ], [ -2.4663555, 37.5921741 ], [ -2.4662151, 37.5918596 ], [ -2.4661857, 37.5914267 ], [ -2.4662043, 37.5912887 ], [ -2.4661955, 37.5911987 ], [ -2.464787, 37.5913311 ], [ -2.4647259, 37.5913478 ], [ -2.4646465, 37.5914219 ], [ -2.4646896, 37.5918687 ], [ -2.4647424, 37.5919672 ], [ -2.4648679, 37.5920805 ], [ -2.4649505, 37.5921352 ], [ -2.4649842, 37.592391 ] ] ] } },
{ "type": "Feature", "properties": { "stop_id": "osm-way-604049447", "name": null }, "geometry": { "type": "Polygon", "coordinates": [ [ [ -3.9042851, 40.6051712 ], [ -3.9045198, 40.6050724 ], [ -3.9045493, 40.604767 ], [ -3.9044327, 40.6047028 ], [ -3.9042932, 40.6047028 ], [ -3.9042547, 40.6051207 ], [ -3.9042851, 40.6051712 ] ] ] } },
{ "type": "Feature", "properties": { "stop_id": "osm-way-607798978", "name": "Repsol" }, "geometry": { "type": "Polygon", "coordinates": [ [ [ -4.433721, 36.7364845 ], [ -4.4339368, 36.7366116 ], [ -4.4345811, 36.7366356 ], [ -4.4347011, 36.7366116 ], [ -4.4347683, 36.7365658 ], [ -4.435144, 36.7359956 ], [ -4.4348769, 36.7358823 ], [ -4.4348454, 36.7359338 ], [ -4.4347968, 36.7359109 ], [ -4.4347241, 36.7359213 ], [ -4.4346311, 36.7359429 ], [ -4.4345911, 36.7360071 ], [ -4.434394, 36.7360861 ], [ -4.4343354, 36.7360872 ], [ -4.4342939, 36.7360769 ], [ -4.4342447, 36.7361053 ], [ -4.4341968, 36.736133 ], [ -4.4342139, 36.7361433 ], [ -4.4339268, 36.7362486 ], [ -4.4337317, 36.7364265 ], [ -4.4337082, 36.7364628 ], [ -4.433721, 36.7364845 ] ] ] } },
{ "type": "Feature", "properties": { "stop_id": "osm-way-607929944", "name": null }, "geometry": { "type": "Polygon", "coordinates": [ [ [ -15.6985759, 27.7993306 ], [ -15.6985478, 27.7992689 ], [ -15.6974668, 27.7996758 ], [ -15.6974908, 27.799732 ], [ -15.6985759, 27.7993306 ] ] ] } },
{ "type": "Feature", "properties": { "stop_id": "osm-way-607929947", "name": null }, "geometry": { "type": "Polygon", "coordinates": [ [ [ -15.7001598, 27.7987979 ], [ -15.6987074, 27.7992546 ], [ -15.6986913, 27.7992167 ], [ -15.6991741, 27.7990352 ], [ -15.7001477, 27.7987623 ], [ -15.7001598, 27.7987979 ] ] ] } },
{ "type": "Feature", "properties": { "stop_id": "osm-way-607939257", "name": null }, "geometry": { "type": "Polygon", "coordinates": [ [ [ -2.2026436, 39.3234993 ], [ -2.2026698, 39.32345 ], [ -2.2029195, 39.321805 ], [ -2.2027637, 39.3218059 ], [ -2.2025487, 39.3221112 ], [ -2.2024655, 39.3223235 ], [ -2.2024193, 39.32253 ], [ -2.2023492, 39.3229316 ], [ -2.2023557, 39.3230855 ], [ -2.2024583, 39.3235041 ], [ -2.2025762, 39.3235156 ], [ -2.2026436, 39.3234993 ] ] ] } },
{ "type": "Feature", "properties": { "stop_id": "osm-way-607939258", "name": null }, "geometry": { "type": "Polygon", "coordinates": [ [ [ -2.2034235, 39.3236792 ], [ -2.2037119, 39.3232244 ], [ -2.2037576, 39.3230207 ], [ -2.2038621, 39.3223603 ], [ -2.20385, 39.3222578 ], [ -2.2036656, 39.3217399 ], [ -2.2034808, 39.3217777 ], [ -2.2032534, 39.3230864 ], [ -2.2031303, 39.3236718 ], [ -2.2034235, 39.3236792 ] ] ] } },
{ "type": "Feature", "properties": { "stop_id": "osm-way-613867369", "name": "Repsol" }, "geometry": { "type": "Polygon", "coordinates": [ [ [ -4.4412711, 36.8127405 ], [ -4.4414494, 36.8127719 ], [ -4.4421429, 36.8128939 ], [ -4.4424681, 36.8129332 ], [ -4.4423229, 36.8130545 ], [ -4.4421113, 36.8131408 ], [ -4.441686, 36.8131973 ], [ -4.4414993, 36.813101 ], [ -4.4415428, 36.812905 ], [ -4.4413582, 36.8127821 ], [ -4.4412711, 36.8127405 ] ] ] } },
{ "type": "Feature", "properties": { "stop_id": "osm-way-614988977", "name": "El Mirador" }, "geometry": { "type": "Polygon", "coordinates": [ [ [ -3.2684212, 37.3224346 ], [ -3.2685344, 37.3225895 ], [ -3.2685389, 37.3228451 ], [ -3.2684031, 37.3229423 ], [ -3.2680454, 37.3229748 ], [ -3.2678235, 37.3229423 ], [ -3.2676135, 37.3230434 ], [ -3.2676061, 37.3232642 ], [ -3.2674953, 37.3233656 ], [ -3.2666047, 37.3233543 ], [ -3.2665528, 37.3230612 ], [ -3.2664617, 37.3230726 ], [ -3.2664107, 37.3229459 ], [ -3.2654146, 37.3227011 ], [ -3.265007, 37.3225967 ], [ -3.2647625, 37.3225246 ], [ -3.2646222, 37.3224742 ], [ -3.2645418, 37.322431 ], [ -3.2645429, 37.322395 ], [ -3.2659285, 37.3222492 ], [ -3.267142, 37.3221538 ], [ -3.2673661, 37.3221466 ], [ -3.2676288, 37.3221682 ], [ -3.2678597, 37.3222024 ], [ -3.2681404, 37.3223014 ], [ -3.2683125, 37.3223896 ], [ -3.2684212, 37.3224346 ] ] ] } },
{ "type": "Feature", "properties": { "stop_id": "osm-way-615197168", "name": null }, "geometry": { "type": "Polygon", "coordinates": [ [ [ -6.383878, 42.9490632 ], [ -6.3836283, 42.9491405 ], [ -6.3833306, 42.9487504 ], [ -6.3835227, 42.9487012 ], [ -6.383878, 42.9490632 ] ] ] } },
{ "type": "Feature", "properties": { "stop_id": "osm-way-615500340", "name": null }, "geometry": { "type": "Polygon", "coordinates": [ [ [ -3.3583491, 43.3967386 ], [ -3.3583606, 43.3967557 ], [ -3.3582972, 43.3968222 ], [ -3.3582581, 43.3968631 ], [ -3.3581884, 43.3969264 ], [ -3.3580476, 43.39705 ], [ -3.3579307, 43.3971402 ], [ -3.3578515, 43.3971667 ], [ -3.3577672, 43.3971821 ], [ -3.3576958, 43.3971705 ], [ -3.3576364, 43.3971514 ], [ -3.357511, 43.3970783 ], [ -3.3574072, 43.3969995 ], [ -3.3572907, 43.3969273 ], [ -3.3572268, 43.3968843 ], [ -3.3572018, 43.3968551 ], [ -3.3571868, 43.3968355 ], [ -3.3571896, 43.3968289 ], [ -3.3572287, 43.3968454 ], [ -3.3574108, 43.3969353 ], [ -3.3575211, 43.3969743 ], [ -3.3576076, 43.3969837 ], [ -3.35768, 43.3969878 ], [ -3.3577648, 43.3969814 ], [ -3.3579163, 43.3969417 ], [ -3.3580396, 43.3968953 ], [ -3.3581381, 43.3968453 ], [ -3.3582628, 43.3967786 ], [ -3.3583491, 43.3967386 ] ] ] } },
{ "type": "Feature", "properties": { "stop_id": "osm-way-615518794", "name": null }, "geometry": { "type": "Polygon", "coordinates": [ [ [ -4.0285485, 40.6250544 ], [ -4.0282879, 40.6253424 ], [ -4.0281142, 40.6255524 ], [ -4.0279097, 40.6255868 ], [ -4.0277213, 40.6254185 ], [ -4.0277227, 40.6252958 ], [ -4.0277855, 40.6251447 ], [ -4.0279485, 40.6249398 ], [ -4.0285485, 40.6250544 ] ] ] } },
{ "type": "Feature", "properties": { "stop_id": "osm-way-617091473", "name": null }, "geometry": { "type": "Polygon", "coordinates": [ [ [ -7.7953801, 42.1936369 ], [ -7.7951517, 42.1937694 ], [ -7.795172, 42.1938211 ], [ -7.7951733, 42.1938813 ], [ -7.7951708, 42.1939574 ], [ -7.7948992, 42.1939612 ], [ -7.7949284, 42.1938475 ], [ -7.7945662, 42.1937786 ], [ -7.79459, 42.1936094 ], [ -7.794572, 42.193545 ], [ -7.7944791, 42.1934851 ], [ -7.7944671, 42.1934429 ], [ -7.7953801, 42.1936369 ] ] ] } },
{ "type": "Feature", "properties": { "stop_id": "osm-way-617912264", "name": null }, "geometry": { "type": "Polygon", "coordinates": [ [ [ -0.8390766, 38.5738815 ], [ -0.8390662, 38.5737842 ], [ -0.8391855, 38.5736355 ], [ -0.8389815, 38.5733542 ], [ -0.8388466, 38.5732866 ], [ -0.8387013, 38.5732839 ], [ -0.8384142, 38.5734624 ], [ -0.8383641, 38.5735651 ], [ -0.8383589, 38.573672 ], [ -0.8383831, 38.5737098 ], [ -0.8384849, 38.5737971 ], [ -0.8387666, 38.5738602 ], [ -0.8389865, 38.5739217 ], [ -0.8390766, 38.5738815 ] ] ] } },
{ "type": "Feature", "properties": { "stop_id": "osm-way-619135807", "name": "E.S. Carrefour Móstoles" }, "geometry": { "type": "Polygon", "coordinates": [ [ [ -3.8889207, 40.3297266 ], [ -3.8885136, 40.3298537 ], [ -3.8883118, 40.329434 ], [ -3.8887194, 40.3293107 ], [ -3.8889207, 40.3297266 ] ] ] } },
{ "type": "Feature", "properties": { "stop_id": "osm-way-619831206", "name": "Estación de Servicio Guadix Norte" }, "geometry": { "type": "Polygon", "coordinates": [ [ [ -3.1534096, 37.3202287 ], [ -3.1533622, 37.3203908 ], [ -3.1533728, 37.3204391 ], [ -3.1530179, 37.3207133 ], [ -3.1528371, 37.3207719 ], [ -3.1526697, 37.3207719 ], [ -3.152452, 37.3207107 ], [ -3.1523281, 37.3206202 ], [ -3.1521138, 37.3203619 ], [ -3.1520179, 37.3201454 ], [ -3.1520435, 37.3200024 ], [ -3.1534096, 37.3202287 ] ] ] } },
{ "type": "Feature", "properties": { "stop_id": "osm-way-619831207", "name": "Estación de Servicio Guadix Sur" }, "geometry": { "type": "Polygon", "coordinates": [ [ [ -3.1588037, 37.3205988 ], [ -3.1589443, 37.3205829 ], [ -3.1590682, 37.3205323 ], [ -3.1591151, 37.3204497 ], [ -3.1591185, 37.3203778 ], [ -3.1589778, 37.3202846 ], [ -3.1589209, 37.3202287 ], [ -3.1589386, 37.3201808 ], [ -3.1589309, 37.3201116 ], [ -3.1587501, 37.3198879 ], [ -3.15797, 37.3191769 ], [ -3.1574912, 37.3187775 ], [ -3.1573903, 37.3188034 ], [ -3.1572669, 37.3187908 ], [ -3.1570277, 37.3189631 ], [ -3.1561318, 37.3196083 ], [ -3.1558371, 37.320045 ], [ -3.1558887, 37.3201604 ], [ -3.1571664, 37.3204018 ], [ -3.1585425, 37.3206068 ], [ -3.1588037, 37.3205988 ] ] ] } },
{ "type": "Feature", "properties": { "stop_id": "osm-way-621313489", "name": null }, "geometry": { "type": "Polygon", "coordinates": [ [ [ -2.9374568, 43.1519841 ], [ -2.93738, 43.1519507 ], [ -2.9372802, 43.1520235 ], [ -2.9371934, 43.1520535 ], [ -2.9370342, 43.1521085 ], [ -2.9369288, 43.1521827 ], [ -2.9368049, 43.1523082 ], [ -2.9367724, 43.1523618 ], [ -2.9365812, 43.1526779 ], [ -2.9364628, 43.1529247 ], [ -2.9364314, 43.1530502 ], [ -2.9364611, 43.1531307 ], [ -2.9364905, 43.1532107 ], [ -2.9365183, 43.1532998 ], [ -2.9365539, 43.1532998 ], [ -2.9366649, 43.1532998 ], [ -2.9366649, 43.1532434 ], [ -2.936705, 43.1531135 ], [ -2.9368057, 43.1529025 ], [ -2.9369064, 43.1527301 ], [ -2.9370742, 43.1524692 ], [ -2.9372343, 43.1522657 ], [ -2.9373944, 43.1520557 ], [ -2.9374568, 43.1519841 ] ] ] } },
{ "type": "Feature", "properties": { "stop_id": "osm-way-621316040", "name": null }, "geometry": { "type": "Polygon", "coordinates": [ [ [ -2.936877, 43.1539973 ], [ -2.9367575, 43.1539423 ], [ -2.9370139, 43.1537153 ], [ -2.9372284, 43.1534752 ], [ -2.9374669, 43.1531635 ], [ -2.93765, 43.1527763 ], [ -2.9378165, 43.1524229 ], [ -2.9379089, 43.1521639 ], [ -2.9380439, 43.1521639 ], [ -2.9380143, 43.1522623 ], [ -2.9379829, 43.1523878 ], [ -2.93792, 43.152717 ], [ -2.9378608, 43.1529477 ], [ -2.9377092, 43.1532215 ], [ -2.9375224, 43.1534968 ], [ -2.937282, 43.153714 ], [ -2.936877, 43.1539973 ] ] ] } },
{ "type": "Feature", "properties": { "stop_id": "osm-way-622513813", "name": null }, "geometry": { "type": "Polygon", "coordinates": [ [ [ -5.601873, 42.3244396 ], [ -5.6018835, 42.3244042 ], [ -5.6020717, 42.3237737 ], [ -5.6018597, 42.3237454 ], [ -5.6017126, 42.3236192 ], [ -5.6007854, 42.3234451 ], [ -5.6007824, 42.3235321 ], [ -5.6002614, 42.323519 ], [ -5.5999023, 42.3235365 ], [ -5.5997963, 42.3235996 ], [ -5.599764, 42.3236627 ], [ -5.599764, 42.3237258 ], [ -5.5997669, 42.3237715 ], [ -5.5997286, 42.3238607 ], [ -5.5996232, 42.3239352 ], [ -5.5995102, 42.323999 ], [ -5.5994817, 42.3240283 ], [ -5.5994564, 42.3240544 ], [ -5.5998852, 42.3241414 ], [ -5.5999087, 42.3241461 ], [ -5.6003468, 42.324235 ], [ -5.6003443, 42.3242057 ], [ -5.6003409, 42.3241665 ], [ -5.6009178, 42.3242851 ], [ -5.6009252, 42.324222 ], [ -5.601873, 42.3244396 ] ] ] } },
{ "type": "Feature", "properties": { "stop_id": "osm-way-622710898", "name": null }, "geometry": { "type": "Polygon", "coordinates": [ [ [ -2.9037119, 43.2703929 ], [ -2.9034867, 43.2705249 ], [ -2.9032952, 43.2706619 ], [ -2.9031406, 43.270816 ], [ -2.9030902, 43.2709089 ], [ -2.9030163, 43.2710704 ], [ -2.9029659, 43.2712563 ], [ -2.9029525, 43.2713786 ], [ -2.9029289, 43.271474 ], [ -2.9029341, 43.2716526 ], [ -2.9026471, 43.2712874 ], [ -2.9025317, 43.2711136 ], [ -2.9024042, 43.2708968 ], [ -2.9024042, 43.2706312 ], [ -2.9027646, 43.2705401 ], [ -2.9036685, 43.2703117 ], [ -2.9037119, 43.2703929 ] ] ] } },
{ "type": "Feature", "properties": { "stop_id": "osm-way-622732349", "name": "Área de Descanso de Camiones Txorierri" }, "geometry": { "type": "Polygon", "coordinates": [ [ [ -2.8817997, 43.2900687 ], [ -2.8818185, 43.2901854 ], [ -2.8818511, 43.2903882 ], [ -2.8818138, 43.2904035 ], [ -2.8817367, 43.2904222 ], [ -2.8816713, 43.2904392 ], [ -2.881627, 43.2904647 ], [ -2.8815989, 43.2904936 ], [ -2.8815918, 43.2905289 ], [ -2.8818034, 43.2906192 ], [ -2.8818633, 43.2912027 ], [ -2.8818327, 43.2911925 ], [ -2.8818419, 43.2913194 ], [ -2.8816923, 43.2912603 ], [ -2.8816979, 43.2913011 ], [ -2.8817164, 43.2913294 ], [ -2.8817554, 43.2913587 ], [ -2.8818138, 43.2913927 ], [ -2.8818418, 43.2914437 ], [ -2.8818441, 43.2914981 ], [ -2.8817927, 43.2915728 ], [ -2.8817414, 43.2916034 ], [ -2.8816713, 43.2916238 ], [ -2.8815943, 43.2916187 ], [ -2.8815032, 43.2915898 ], [ -2.8814472, 43.2915219 ], [ -2.8814402, 43.2914692 ], [ -2.8814612, 43.2914284 ], [ -2.8815102, 43.2913791 ], [ -2.8815312, 43.2913451 ], [ -2.8815468, 43.2913131 ], [ -2.8815449, 43.2912654 ], [ -2.8813759, 43.2913723 ], [ -2.881316, 43.2908837 ], [ -2.8813502, 43.290865 ], [ -2.8813267, 43.2906783 ], [ -2.8814483, 43.2906059 ], [ -2.8814331, 43.2905225 ], [ -2.8814238, 43.2904256 ], [ -2.8814472, 43.2903712 ], [ -2.8814798, 43.2903338 ], [ -2.8815382, 43.2903032 ], [ -2.8815989, 43.2902778 ], [ -2.8817063, 43.2902302 ], [ -2.8817741, 43.2901775 ], [ -2.8817997, 43.2901265 ], [ -2.8817997, 43.2900687 ] ] ] } },
{ "type": "Feature", "properties": { "stop_id": "osm-way-624035025", "name": "Área de servicio Segóbriga" }, "geometry": { "type": "Polygon", "coordinates": [ [ [ -2.7129053, 39.9028287 ], [ -2.7141068, 39.9035034 ], [ -2.7141299, 39.9035829 ], [ -2.714553, 39.9037536 ], [ -2.7146049, 39.9038512 ], [ -2.7147103, 39.9043636 ], [ -2.714779, 39.904415 ], [ -2.714794, 39.9044214 ], [ -2.7149363, 39.9044214 ], [ -2.7148962, 39.9046115 ], [ -2.7150217, 39.904736 ], [ -2.7146367, 39.9046924 ], [ -2.7142466, 39.9046038 ], [ -2.7140892, 39.9045062 ], [ -2.7136238, 39.9041196 ], [ -2.7130646, 39.9038371 ], [ -2.7130094, 39.9039026 ], [ -2.7126411, 39.903629 ], [ -2.7125356, 39.9034852 ], [ -2.7125256, 39.9033696 ], [ -2.7125942, 39.9031602 ], [ -2.7126896, 39.9029663 ], [ -2.7128554, 39.9027968 ], [ -2.7129053, 39.9028287 ] ] ] } },
{ "type": "Feature", "properties": { "stop_id": "osm-way-624105081", "name": null }, "geometry": { "type": "Polygon", "coordinates": [ [ [ -5.0611345, 43.4571531 ], [ -5.0618363, 43.4570559 ], [ -5.0616946, 43.4565217 ], [ -5.0614809, 43.45655 ], [ -5.0615075, 43.4566633 ], [ -5.060941, 43.4566622 ], [ -5.0609646, 43.4567372 ], [ -5.0609912, 43.4568217 ], [ -5.0610558, 43.4569845 ], [ -5.0610987, 43.4570765 ], [ -5.0611345, 43.4571531 ] ] ] } },
{ "type": "Feature", "properties": { "stop_id": "osm-way-626133246", "name": "Área de Descanso de Couso" }, "geometry": { "type": "Polygon", "coordinates": [ [ [ -8.5475811, 42.7504919 ], [ -8.5473316, 42.7504981 ], [ -8.5470254, 42.7504648 ], [ -8.5467646, 42.7504128 ], [ -8.5465264, 42.7502941 ], [ -8.5461607, 42.7499964 ], [ -8.5459991, 42.7498548 ], [ -8.5457581, 42.74963 ], [ -8.5454831, 42.7493614 ], [ -8.5451429, 42.7489825 ], [ -8.5448664, 42.7486109 ], [ -8.5446496, 42.748283 ], [ -8.5445673, 42.7480602 ], [ -8.5445305, 42.747827 ], [ -8.5445305, 42.7477916 ], [ -8.5446382, 42.7478041 ], [ -8.5448026, 42.7481226 ], [ -8.5450692, 42.7485099 ], [ -8.5454717, 42.7489388 ], [ -8.5456986, 42.7491303 ], [ -8.546138, 42.7494468 ], [ -8.546637, 42.7497799 ], [ -8.5467589, 42.7498611 ], [ -8.5475896, 42.7504086 ], [ -8.5475811, 42.7504919 ] ] ] } },
{ "type": "Feature", "properties": { "stop_id": "osm-way-629812529", "name": "Área de servicio de Fombellida" }, "geometry": { "type": "Polygon", "coordinates": [ [ [ -4.1240113, 42.9396201 ], [ -4.1239684, 42.9397262 ], [ -4.1236626, 42.9399265 ], [ -4.123672, 42.9402898 ], [ -4.1236226, 42.9404179 ], [ -4.1236442, 42.9405628 ], [ -4.1229982, 42.9406433 ], [ -4.1229637, 42.9400379 ], [ -4.1229804, 42.9399054 ], [ -4.123026, 42.9398168 ], [ -4.1231045, 42.9397341 ], [ -4.1232156, 42.9396608 ], [ -4.1234302, 42.9394993 ], [ -4.1234105, 42.9391842 ], [ -4.1235982, 42.9387562 ], [ -4.1237877, 42.9387974 ], [ -4.1238729, 42.9390595 ], [ -4.1239751, 42.9393859 ], [ -4.1240181, 42.9394907 ], [ -4.1240113, 42.9396201 ] ] ] } },
{ "type": "Feature", "properties": { "stop_id": "osm-way-630369712", "name": "Repsol" }, "geometry": { "type": "Polygon", "coordinates": [ [ [ -4.4333251, 36.7078966 ], [ -4.4332293, 36.7079902 ], [ -4.4331402, 36.7080772 ], [ -4.433281, 36.7081651 ], [ -4.433353, 36.7081544 ], [ -4.4334799, 36.7080461 ], [ -4.4334853, 36.7079906 ], [ -4.4333776, 36.7079274 ], [ -4.4333251, 36.7078966 ] ] ] } },
{ "type": "Feature", "properties": { "stop_id": "osm-way-633693430", "name": "Estación de Servicio Moeve Alameda Barriguilla" }, "geometry": { "type": "Polygon", "coordinates": [ [ [ -4.456709, 36.7148611 ], [ -4.4567623, 36.7147931 ], [ -4.456813, 36.7147208 ], [ -4.4569282, 36.71474 ], [ -4.4571492, 36.7147954 ], [ -4.4572702, 36.7148478 ], [ -4.4574114, 36.7149348 ], [ -4.4575122, 36.7150288 ], [ -4.4574424, 36.7150842 ], [ -4.4573518, 36.7151504 ], [ -4.457294, 36.7151715 ], [ -4.4571707, 36.7150919 ], [ -4.456709, 36.7148611 ] ] ] } },
{ "type": "Feature", "properties": { "stop_id": "osm-way-634964676", "name": "Área de descanso de Valdepeñas" }, "geometry": { "type": "Polygon", "coordinates": [ [ [ -3.4446923, 38.6759263 ], [ -3.4447997, 38.6759773 ], [ -3.4460233, 38.675981 ], [ -3.4472748, 38.6756856 ], [ -3.4475831, 38.6743585 ], [ -3.4461213, 38.6741289 ], [ -3.4454147, 38.6749909 ], [ -3.4446923, 38.6759263 ] ] ] } },
{ "type": "Feature", "properties": { "stop_id": "osm-way-636554148", "name": null }, "geometry": { "type": "Polygon", "coordinates": [ [ [ -2.6484668, 42.8498599 ], [ -2.6482952, 42.8498367 ], [ -2.6482717, 42.8498058 ], [ -2.6482469, 42.849794 ], [ -2.6480363, 42.849794 ], [ -2.6475267, 42.8497109 ], [ -2.6475304, 42.8495337 ], [ -2.6481108, 42.8494602 ], [ -2.6483622, 42.8494582 ], [ -2.6483857, 42.8494518 ], [ -2.6484071, 42.849439 ], [ -2.6484105, 42.8494218 ], [ -2.6486076, 42.8493933 ], [ -2.6486003, 42.8495261 ], [ -2.6485775, 42.8495265 ], [ -2.6485748, 42.8496809 ], [ -2.6485989, 42.8496824 ], [ -2.6485889, 42.8498628 ], [ -2.6484668, 42.8498599 ] ] ] } },
{ "type": "Feature", "properties": { "stop_id": "osm-way-636581669", "name": null }, "geometry": { "type": "Polygon", "coordinates": [ [ [ -1.6452762, 42.7979321 ], [ -1.645058, 42.797469 ], [ -1.6450294, 42.7974082 ], [ -1.6449531, 42.7973521 ], [ -1.6449058, 42.7972792 ], [ -1.6449332, 42.7971688 ], [ -1.6448919, 42.7970932 ], [ -1.6451587, 42.7969857 ], [ -1.6452059, 42.7969909 ], [ -1.6455229, 42.797258 ], [ -1.6455406, 42.797253 ], [ -1.6460013, 42.7975571 ], [ -1.646055, 42.7976366 ], [ -1.6460684, 42.7977252 ], [ -1.6460393, 42.7977752 ], [ -1.6459859, 42.7977882 ], [ -1.6455851, 42.797906 ], [ -1.6452998, 42.7979723 ], [ -1.6452762, 42.7979321 ] ] ] } },
{ "type": "Feature", "properties": { "stop_id": "osm-way-643956305", "name": null }, "geometry": { "type": "Polygon", "coordinates": [ [ [ -8.1482769, 43.0738106 ], [ -8.1479733, 43.0743323 ], [ -8.1478633, 43.0740443 ], [ -8.1480838, 43.074017 ], [ -8.1480899, 43.0738196 ], [ -8.1482769, 43.0738106 ] ] ] } },
{ "type": "Feature", "properties": { "stop_id": "osm-way-644913226", "name": null }, "geometry": { "type": "Polygon", "coordinates": [ [ [ -4.1093783, 40.5436464 ], [ -4.1093572, 40.5436025 ], [ -4.10946, 40.5434828 ], [ -4.1095811, 40.5432981 ], [ -4.1098103, 40.543361 ], [ -4.1101897, 40.5434691 ], [ -4.1102486, 40.5436951 ], [ -4.1101852, 40.5437568 ], [ -4.1100448, 40.5437905 ], [ -4.1100089, 40.5437866 ], [ -4.1099474, 40.5437925 ], [ -4.1093783, 40.5436464 ] ] ] } },
{ "type": "Feature", "properties": { "stop_id": "osm-way-645595049", "name": null }, "geometry": { "type": "Polygon", "coordinates": [ [ [ -3.926675, 40.5741147 ], [ -3.9268015, 40.5741 ], [ -3.9268737, 40.5741188 ], [ -3.9269904, 40.5742097 ], [ -3.9270398, 40.5743639 ], [ -3.9269323, 40.5743193 ], [ -3.926675, 40.5741147 ] ] ] } },
{ "type": "Feature", "properties": { "stop_id": "osm-way-645728865", "name": "Báscula de Peso" }, "geometry": { "type": "Polygon", "coordinates": [ [ [ -6.5404093, 39.9793466 ], [ -6.5403728, 39.9793328 ], [ -6.54035, 39.9793328 ], [ -6.5403349, 39.979325 ], [ -6.5403165, 39.9793153 ], [ -6.540346, 39.9793102 ], [ -6.5403608, 39.9792855 ], [ -6.5406705, 39.9792187 ], [ -6.5406974, 39.9791992 ], [ -6.5406987, 39.9791807 ], [ -6.5407731, 39.9791649 ], [ -6.5408677, 39.9791448 ], [ -6.5408516, 39.9791838 ], [ -6.5408328, 39.9792259 ], [ -6.5408073, 39.9792619 ], [ -6.5407604, 39.9792948 ], [ -6.5406014, 39.9793232 ], [ -6.5405898, 39.9792891 ], [ -6.5406668, 39.9792738 ], [ -6.5406573, 39.9792459 ], [ -6.5404682, 39.9792836 ], [ -6.5404777, 39.9793117 ], [ -6.5405415, 39.979299 ], [ -6.540553, 39.9793329 ], [ -6.5404452, 39.9793534 ], [ -6.5404093, 39.9793466 ] ] ] } },
{ "type": "Feature", "properties": { "stop_id": "osm-way-646574120", "name": null }, "geometry": { "type": "Polygon", "coordinates": [ [ [ -2.6935983, 42.8488938 ], [ -2.693672, 42.8489139 ], [ -2.6937582, 42.8487889 ], [ -2.6938476, 42.848831 ], [ -2.6938513, 42.848847 ], [ -2.6938471, 42.848865 ], [ -2.6939333, 42.8491306 ], [ -2.6939509, 42.8491346 ], [ -2.6939959, 42.8492887 ], [ -2.6934255, 42.8492824 ], [ -2.6935983, 42.8488938 ] ] ] } },
{ "type": "Feature", "properties": { "stop_id": "osm-way-651730084", "name": null }, "geometry": { "type": "Polygon", "coordinates": [ [ [ -8.4333645, 43.3635767 ], [ -8.433207, 43.3636251 ], [ -8.4330807, 43.3637074 ], [ -8.432999, 43.3637841 ], [ -8.4329544, 43.3638552 ], [ -8.4329351, 43.3639319 ], [ -8.4329282, 43.3640159 ], [ -8.432939, 43.3640943 ], [ -8.4329705, 43.3641699 ], [ -8.4330306, 43.3642472 ], [ -8.4330969, 43.3643077 ], [ -8.4331908, 43.3643654 ], [ -8.4330322, 43.3643245 ], [ -8.4329182, 43.3642685 ], [ -8.4328511, 43.364199 ], [ -8.4328042, 43.3641106 ], [ -8.4327949, 43.3640434 ], [ -8.4327965, 43.363937 ], [ -8.4328134, 43.3638698 ], [ -8.4328442, 43.3638044 ], [ -8.4328527, 43.3637863 ], [ -8.4329089, 43.3637242 ], [ -8.4329775, 43.3636631 ], [ -8.432998, 43.3636482 ], [ -8.433122, 43.3636219 ], [ -8.4333645, 43.3635767 ] ] ] } },
{ "type": "Feature", "properties": { "stop_id": "osm-way-651955811", "name": "Área de servicio de Gornazo" }, "geometry": { "type": "Polygon", "coordinates": [ [ [ -3.9860501, 43.408502 ], [ -3.9863568, 43.408554 ], [ -3.986755, 43.4086396 ], [ -3.9868432, 43.4086561 ], [ -3.9869235, 43.4086524 ], [ -3.9870073, 43.4086483 ], [ -3.9870871, 43.408627 ], [ -3.9872124, 43.4085625 ], [ -3.9874443, 43.4084195 ], [ -3.9880126, 43.4080372 ], [ -3.9886054, 43.4076326 ], [ -3.9887161, 43.4075001 ], [ -3.9887389, 43.4074031 ], [ -3.9887324, 43.4073369 ], [ -3.9886966, 43.407254 ], [ -3.9886282, 43.4071476 ], [ -3.9884262, 43.4068731 ], [ -3.9882634, 43.4066531 ], [ -3.9881624, 43.4065963 ], [ -3.9881103, 43.4066034 ], [ -3.9871666, 43.407266 ], [ -3.9865438, 43.4076911 ], [ -3.9859447, 43.4080287 ], [ -3.9858755, 43.4080962 ], [ -3.9858815, 43.4081809 ], [ -3.9859329, 43.4082327 ], [ -3.9859685, 43.4083188 ], [ -3.9859606, 43.4083777 ], [ -3.9859428, 43.4084424 ], [ -3.9859724, 43.4084883 ], [ -3.9860501, 43.408502 ] ] ] } },
{ "type": "Feature", "properties": { "stop_id": "osm-way-651955818", "name": "Área de servicio de Gornazo" }, "geometry": { "type": "Polygon", "coordinates": [ [ [ -3.9853555, 43.4076811 ], [ -3.9853259, 43.4075906 ], [ -3.9852606, 43.4075403 ], [ -3.9851578, 43.4074929 ], [ -3.9850352, 43.4074786 ], [ -3.98497, 43.4074369 ], [ -3.9849225, 43.4073608 ], [ -3.9848889, 43.40721 ], [ -3.984804, 43.4067958 ], [ -3.9848119, 43.4066647 ], [ -3.9848493, 43.4065989 ], [ -3.9849087, 43.4065372 ], [ -3.9850333, 43.4064516 ], [ -3.9854541, 43.4061926 ], [ -3.9855374, 43.4061413 ], [ -3.9860311, 43.4058123 ], [ -3.9863645, 43.4055915 ], [ -3.9865444, 43.405554 ], [ -3.9873148, 43.4055068 ], [ -3.9884248, 43.4054651 ], [ -3.9885497, 43.4054407 ], [ -3.9884873, 43.405505 ], [ -3.9881374, 43.4057937 ], [ -3.9877261, 43.4061241 ], [ -3.9872635, 43.4064846 ], [ -3.9870959, 43.4065932 ], [ -3.9868602, 43.406746 ], [ -3.9862294, 43.4071741 ], [ -3.9859507, 43.4073522 ], [ -3.9855196, 43.4075963 ], [ -3.9853555, 43.4076811 ] ] ] } },
{ "type": "Feature", "properties": { "stop_id": "osm-way-653472940", "name": null }, "geometry": { "type": "Polygon", "coordinates": [ [ [ -2.6325213, 42.8521655 ], [ -2.6319893, 42.8521879 ], [ -2.6320765, 42.8522998 ], [ -2.6322073, 42.8527138 ], [ -2.6323185, 42.8528337 ], [ -2.6324098, 42.8528051 ], [ -2.6329769, 42.852613 ], [ -2.6329574, 42.8525396 ], [ -2.632735, 42.8524852 ], [ -2.6325213, 42.8521655 ] ] ] } },
{ "type": "Feature", "properties": { "stop_id": "osm-way-656193871", "name": "Area de Uclés 90" }, "geometry": { "type": "Polygon", "coordinates": [ [ [ -2.9269301, 39.9616967 ], [ -2.9262862, 39.9621931 ], [ -2.9253744, 39.9614728 ], [ -2.9256963, 39.9610635 ], [ -2.925074, 39.9605536 ], [ -2.9258143, 39.9601506 ], [ -2.9261898, 39.9605947 ], [ -2.9263293, 39.9605947 ], [ -2.9269408, 39.9614335 ], [ -2.9269301, 39.9616967 ] ] ] } },
{ "type": "Feature", "properties": { "stop_id": "osm-way-659803422", "name": null }, "geometry": { "type": "Polygon", "coordinates": [ [ [ -2.0021612, 41.3134026 ], [ -2.0024736, 41.3136151 ], [ -2.0027642, 41.313832 ], [ -2.0031042, 41.3132952 ], [ -2.0032536, 41.3130591 ], [ -2.0033431, 41.3130323 ], [ -2.0033879, 41.3129634 ], [ -2.0034227, 41.3129099 ], [ -2.002146, 41.3124471 ], [ -2.0005572, 41.3118378 ], [ -2.0005558, 41.311919 ], [ -2.0005506, 41.3119622 ], [ -2.0005525, 41.3120032 ], [ -2.0005647, 41.3120635 ], [ -2.0005862, 41.3121241 ], [ -2.0006151, 41.3121771 ], [ -2.0008055, 41.3124361 ], [ -2.000872, 41.312546 ], [ -2.0010151, 41.3126699 ], [ -2.0010836, 41.3127495 ], [ -2.0011887, 41.312823 ], [ -2.0013104, 41.3128273 ], [ -2.0014495, 41.3129037 ], [ -2.001662, 41.3130611 ], [ -2.0021612, 41.3134026 ] ] ] } },
{ "type": "Feature", "properties": { "stop_id": "osm-way-659803429", "name": "Estación de Servicio Ariza I" }, "geometry": { "type": "Polygon", "coordinates": [ [ [ -2.0034748, 41.3121251 ], [ -2.003344, 41.31221 ], [ -2.0017195, 41.3115707 ], [ -2.0011515, 41.3114883 ], [ -2.0011053, 41.3112236 ], [ -2.001174, 41.311118 ], [ -2.0012088, 41.3110646 ], [ -2.0013164, 41.3108992 ], [ -2.0015372, 41.31056 ], [ -2.0032192, 41.311038 ], [ -2.0030964, 41.3113332 ], [ -2.0030491, 41.3114469 ], [ -2.0030608, 41.3115568 ], [ -2.0034748, 41.3121251 ] ] ] } },
{ "type": "Feature", "properties": { "stop_id": "osm-way-660846266", "name": null }, "geometry": { "type": "Polygon", "coordinates": [ [ [ -9.0537797, 42.8504335 ], [ -9.0538496, 42.8503121 ], [ -9.0539523, 42.850219 ], [ -9.0540308, 42.8501552 ], [ -9.0540565, 42.8501123 ], [ -9.0540522, 42.85006 ], [ -9.0540137, 42.8500087 ], [ -9.0539709, 42.849971 ], [ -9.0539067, 42.8499323 ], [ -9.0536741, 42.8498664 ], [ -9.0536013, 42.8498685 ], [ -9.0535285, 42.8498936 ], [ -9.0536027, 42.8499982 ], [ -9.0536712, 42.8501123 ], [ -9.0537226, 42.8502232 ], [ -9.0537597, 42.8503267 ], [ -9.0537797, 42.8504335 ] ] ] } },
{ "type": "Feature", "properties": { "stop_id": "osm-way-660971986", "name": "Área 117 Petromiralles" }, "geometry": { "type": "Polygon", "coordinates": [ [ [ -2.6163913, 40.9729582 ], [ -2.6165247, 40.9728198 ], [ -2.6166803, 40.972696 ], [ -2.6168553, 40.9724737 ], [ -2.617047, 40.9722954 ], [ -2.617047, 40.9721968 ], [ -2.6168858, 40.9720562 ], [ -2.6167858, 40.9720206 ], [ -2.6165497, 40.971987 ], [ -2.6161741, 40.9719926 ], [ -2.6152181, 40.9719225 ], [ -2.6151356, 40.9719891 ], [ -2.6151134, 40.9724233 ], [ -2.6152189, 40.9727904 ], [ -2.6153209, 40.9727934 ], [ -2.6161163, 40.9730022 ], [ -2.6162608, 40.9729918 ], [ -2.6163913, 40.9729582 ] ] ] } },
{ "type": "Feature", "properties": { "stop_id": "osm-way-664438290", "name": "Área de Descanso Perales del Puerto" }, "geometry": { "type": "Polygon", "coordinates": [ [ [ -6.6854925, 40.1618085 ], [ -6.6855061, 40.161753 ], [ -6.6854359, 40.161683 ], [ -6.6853618, 40.1616457 ], [ -6.6851259, 40.1613469 ], [ -6.6850272, 40.1610926 ], [ -6.6849459, 40.1611036 ], [ -6.6849067, 40.1611421 ], [ -6.6847773, 40.1611746 ], [ -6.6847119, 40.1611261 ], [ -6.6846256, 40.1611304 ], [ -6.6844738, 40.1612971 ], [ -6.6842642, 40.1615759 ], [ -6.6842472, 40.1616511 ], [ -6.6842632, 40.1616769 ], [ -6.6846267, 40.1616978 ], [ -6.6849934, 40.1617166 ], [ -6.6852152, 40.1617519 ], [ -6.6854925, 40.1618085 ] ] ] } },
{ "type": "Feature", "properties": { "stop_id": "osm-way-664441895", "name": "Área de Descanso de La Fatela" }, "geometry": { "type": "Polygon", "coordinates": [ [ [ -6.6775249, 40.1836245 ], [ -6.6773077, 40.1835384 ], [ -6.677254, 40.1835466 ], [ -6.6771092, 40.1835015 ], [ -6.6769858, 40.1834687 ], [ -6.6767739, 40.1834298 ], [ -6.6768168, 40.1834134 ], [ -6.6766237, 40.1833923 ], [ -6.6765306, 40.1834169 ], [ -6.6764434, 40.183423 ], [ -6.6762831, 40.183395 ], [ -6.6759719, 40.1833806 ], [ -6.6758244, 40.1833929 ], [ -6.6757707, 40.1834114 ], [ -6.6757278, 40.1834462 ], [ -6.6757225, 40.1834872 ], [ -6.6757252, 40.1835261 ], [ -6.6757412, 40.1835712 ], [ -6.6766519, 40.1836277 ], [ -6.6769965, 40.1836491 ], [ -6.6775249, 40.1836245 ] ] ] } },
{ "type": "Feature", "properties": { "stop_id": "osm-way-664719980", "name": "Mirador del puente de Híjar" }, "geometry": { "type": "Polygon", "coordinates": [ [ [ -1.9353736, 38.4059707 ], [ -1.935313, 38.4060163 ], [ -1.9352674, 38.4060814 ], [ -1.9352272, 38.4061371 ], [ -1.9352004, 38.4061886 ], [ -1.9351722, 38.4062275 ], [ -1.935132, 38.4062233 ], [ -1.9351159, 38.406196 ], [ -1.9351508, 38.4061361 ], [ -1.9351843, 38.4060783 ], [ -1.9351991, 38.4060447 ], [ -1.9351722, 38.4060236 ], [ -1.9351709, 38.4059932 ], [ -1.935191, 38.4059658 ], [ -1.9352326, 38.4059585 ], [ -1.9352594, 38.4059669 ], [ -1.935297, 38.4059122 ], [ -1.9353736, 38.4059707 ] ] ] } },
{ "type": "Feature", "properties": { "stop_id": "osm-way-670989543", "name": null }, "geometry": { "type": "Polygon", "coordinates": [ [ [ -7.1237336, 42.6570919 ], [ -7.1236674, 42.6570274 ], [ -7.1236474, 42.6569663 ], [ -7.1236689, 42.6569142 ], [ -7.1237243, 42.6568587 ], [ -7.1238182, 42.6568225 ], [ -7.1237336, 42.6570919 ] ] ] } },
{ "type": "Feature", "properties": { "stop_id": "osm-way-670989544", "name": null }, "geometry": { "type": "Polygon", "coordinates": [ [ [ -7.1256817, 42.6545386 ], [ -7.1256328, 42.6545593 ], [ -7.125529, 42.6545467 ], [ -7.1254447, 42.6545081 ], [ -7.1253885, 42.6544515 ], [ -7.1253592, 42.6544101 ], [ -7.1254911, 42.6544847 ], [ -7.1256096, 42.6545242 ], [ -7.1256817, 42.6545386 ] ] ] } },
{ "type": "Feature", "properties": { "stop_id": "osm-way-671538741", "name": null }, "geometry": { "type": "Polygon", "coordinates": [ [ [ -7.1113236, 42.7077289 ], [ -7.1112284, 42.7077016 ], [ -7.1109484, 42.7076092 ], [ -7.1107494, 42.7075357 ], [ -7.1107608, 42.7075 ], [ -7.1109341, 42.7075567 ], [ -7.1111827, 42.7076491 ], [ -7.1113351, 42.7077184 ], [ -7.1113236, 42.7077289 ] ] ] } },
{ "type": "Feature", "properties": { "stop_id": "osm-way-671538742", "name": null }, "geometry": { "type": "Polygon", "coordinates": [ [ [ -7.1117943, 42.7086417 ], [ -7.1117605, 42.7086102 ], [ -7.1116974, 42.7085215 ], [ -7.1116618, 42.708461 ], [ -7.1116398, 42.7083912 ], [ -7.1116343, 42.7083186 ], [ -7.1116316, 42.708185 ], [ -7.1116407, 42.7081547 ], [ -7.1116627, 42.7083133 ], [ -7.1116974, 42.7084268 ], [ -7.1117495, 42.7085558 ], [ -7.1117943, 42.7086417 ] ] ] } },
{ "type": "Feature", "properties": { "stop_id": "osm-way-671538743", "name": null }, "geometry": { "type": "Polygon", "coordinates": [ [ [ -7.1125409, 42.7096026 ], [ -7.1124265, 42.7095899 ], [ -7.1123183, 42.7095619 ], [ -7.1122408, 42.7095284 ], [ -7.1121768, 42.7094851 ], [ -7.1121177, 42.7094209 ], [ -7.1120808, 42.7093504 ], [ -7.1120685, 42.7092934 ], [ -7.1120636, 42.7091985 ], [ -7.1121214, 42.7093232 ], [ -7.1121583, 42.7093856 ], [ -7.1121965, 42.7094281 ], [ -7.1122395, 42.7094679 ], [ -7.1122826, 42.7095004 ], [ -7.1123343, 42.7095284 ], [ -7.1124044, 42.7095601 ], [ -7.1124733, 42.7095827 ], [ -7.1125409, 42.7096026 ] ] ] } },
{ "type": "Feature", "properties": { "stop_id": "osm-way-672077041", "name": null }, "geometry": { "type": "Polygon", "coordinates": [ [ [ -7.0786018, 42.6987751 ], [ -7.0785428, 42.6987824 ], [ -7.0783723, 42.6987788 ], [ -7.0782081, 42.6987493 ], [ -7.0780727, 42.6987143 ], [ -7.0779385, 42.6986627 ], [ -7.0777918, 42.6985899 ], [ -7.0776878, 42.6985217 ], [ -7.0776364, 42.6984756 ], [ -7.077832, 42.6985705 ], [ -7.0779949, 42.6986369 ], [ -7.0781492, 42.6986894 ], [ -7.0783059, 42.6987308 ], [ -7.0784676, 42.6987631 ], [ -7.0786018, 42.6987751 ] ] ] } },
{ "type": "Feature", "properties": { "stop_id": "osm-way-672077043", "name": null }, "geometry": { "type": "Polygon", "coordinates": [ [ [ -7.0705115, 42.7033498 ], [ -7.0705398, 42.7031979 ], [ -7.0706098, 42.7029812 ], [ -7.0706781, 42.7028306 ], [ -7.0707847, 42.702707 ], [ -7.0709313, 42.7025808 ], [ -7.0710546, 42.7025037 ], [ -7.0711029, 42.7024853 ], [ -7.0708464, 42.7028563 ], [ -7.0705115, 42.7033498 ] ] ] } },
{ "type": "Feature", "properties": { "stop_id": "osm-way-672099970", "name": null }, "geometry": { "type": "Polygon", "coordinates": [ [ [ -7.0794963, 42.6985591 ], [ -7.0793598, 42.6986609 ], [ -7.0793097, 42.6987063 ], [ -7.0792562, 42.6987335 ], [ -7.0791903, 42.6987502 ], [ -7.0791203, 42.6987577 ], [ -7.0789914, 42.6987623 ], [ -7.0788953, 42.6987633 ], [ -7.0790531, 42.6987436 ], [ -7.0792013, 42.6987058 ], [ -7.0793083, 42.6986604 ], [ -7.0794243, 42.6985964 ], [ -7.0794963, 42.6985591 ] ] ] } },
{ "type": "Feature", "properties": { "stop_id": "osm-way-673926052", "name": null }, "geometry": { "type": "Polygon", "coordinates": [ [ [ -7.1598987, 42.5215307 ], [ -7.1598903, 42.5214353 ], [ -7.1598767, 42.5213505 ], [ -7.1598547, 42.52129 ], [ -7.1598234, 42.5212183 ], [ -7.1598564, 42.5212489 ], [ -7.1598776, 42.5212788 ], [ -7.1599021, 42.5213349 ], [ -7.159914, 42.5213823 ], [ -7.1599131, 42.5214659 ], [ -7.1598987, 42.5215307 ] ] ] } },
{ "type": "Feature", "properties": { "stop_id": "osm-way-673926053", "name": null }, "geometry": { "type": "Polygon", "coordinates": [ [ [ -7.1613664, 42.5186514 ], [ -7.1613131, 42.5187221 ], [ -7.1612652, 42.5187567 ], [ -7.1612002, 42.5187858 ], [ -7.161132, 42.518796 ], [ -7.1610659, 42.5187975 ], [ -7.1609646, 42.5187771 ], [ -7.1610115, 42.5188046 ], [ -7.1611384, 42.518829 ], [ -7.1612215, 42.51884 ], [ -7.1612929, 42.51884 ], [ -7.1613291, 42.5188203 ], [ -7.1613504, 42.5187881 ], [ -7.1613664, 42.5186514 ] ] ] } },
{ "type": "Feature", "properties": { "stop_id": "osm-way-674331929", "name": null }, "geometry": { "type": "Polygon", "coordinates": [ [ [ -2.8192484, 42.5384276 ], [ -2.8186342, 42.5388347 ], [ -2.818476, 42.5389039 ], [ -2.8180039, 42.5390264 ], [ -2.8172261, 42.5392478 ], [ -2.8166735, 42.5393782 ], [ -2.8165072, 42.5394 ], [ -2.8163838, 42.539398 ], [ -2.8161827, 42.5393762 ], [ -2.8158528, 42.539398 ], [ -2.8156087, 42.5394158 ], [ -2.8153217, 42.5394355 ], [ -2.8153066, 42.5393725 ], [ -2.8152895, 42.5393012 ], [ -2.8159359, 42.5391648 ], [ -2.8163517, 42.5390699 ], [ -2.8167996, 42.5389593 ], [ -2.8174621, 42.5387735 ], [ -2.8182802, 42.5385462 ], [ -2.8185377, 42.5384533 ], [ -2.8191063, 42.5382656 ], [ -2.8191863, 42.5383568 ], [ -2.8192484, 42.5384276 ] ] ] } },
{ "type": "Feature", "properties": { "stop_id": "osm-way-674331930", "name": null }, "geometry": { "type": "Polygon", "coordinates": [ [ [ -2.8195623, 42.5377735 ], [ -2.8190848, 42.5379395 ], [ -2.8185484, 42.5381154 ], [ -2.817969, 42.5383031 ], [ -2.8172126, 42.5385343 ], [ -2.8168854, 42.5386312 ], [ -2.8168647, 42.538515 ], [ -2.8168425, 42.5383901 ], [ -2.8171107, 42.5381628 ], [ -2.8172717, 42.5380917 ], [ -2.8176418, 42.5379296 ], [ -2.8185001, 42.5376687 ], [ -2.8190714, 42.5375323 ], [ -2.8191894, 42.5375146 ], [ -2.8194389, 42.5375264 ], [ -2.8195676, 42.5375442 ], [ -2.8197017, 42.5375383 ], [ -2.8197395, 42.5376103 ], [ -2.8197795, 42.5376865 ], [ -2.8195623, 42.5377735 ] ] ] } },
{ "type": "Feature", "properties": { "stop_id": "osm-way-674533096", "name": null }, "geometry": { "type": "Polygon", "coordinates": [ [ [ -8.4025947, 43.3341131 ], [ -8.4026064, 43.3340365 ], [ -8.4026449, 43.3339405 ], [ -8.4026659, 43.3339087 ], [ -8.4027084, 43.3338445 ], [ -8.4027652, 43.3336987 ], [ -8.4027585, 43.3336379 ], [ -8.402563, 43.3333499 ], [ -8.4023224, 43.3331603 ], [ -8.4021353, 43.3332733 ], [ -8.4019548, 43.3332223 ], [ -8.4025947, 43.3341131 ] ] ] } },
{ "type": "Feature", "properties": { "stop_id": "osm-way-674795834", "name": null }, "geometry": { "type": "Polygon", "coordinates": [ [ [ -7.1598425, 42.523377 ], [ -7.1599134, 42.5233111 ], [ -7.1599515, 42.5232627 ], [ -7.1599763, 42.5232144 ], [ -7.1599958, 42.5231622 ], [ -7.16001, 42.5232164 ], [ -7.1600091, 42.5232555 ], [ -7.1599879, 42.5232928 ], [ -7.1599498, 42.5233222 ], [ -7.1598868, 42.52336 ], [ -7.1598425, 42.523377 ] ] ] } },
{ "type": "Feature", "properties": { "stop_id": "osm-way-675052314", "name": null }, "geometry": { "type": "Polygon", "coordinates": [ [ [ -6.827776, 42.8803842 ], [ -6.8276681, 42.8803453 ], [ -6.8275949, 42.8802756 ], [ -6.8275528, 42.8801804 ], [ -6.827551, 42.8800959 ], [ -6.8275803, 42.8800128 ], [ -6.8276443, 42.8799578 ], [ -6.8277321, 42.8799377 ], [ -6.827948, 42.8799458 ], [ -6.8279188, 42.8800986 ], [ -6.8278657, 42.8802528 ], [ -6.8278236, 42.8803292 ], [ -6.827776, 42.8803842 ] ] ] } },
{ "type": "Feature", "properties": { "stop_id": "osm-way-676196164", "name": "Área de Servicio Ciudad de Huéscar" }, "geometry": { "type": "Polygon", "coordinates": [ [ [ -2.5423924, 37.7790521 ], [ -2.5425544, 37.7777709 ], [ -2.5425868, 37.7777904 ], [ -2.5429234, 37.7779936 ], [ -2.5430967, 37.7780432 ], [ -2.5432991, 37.7780579 ], [ -2.5429586, 37.7788197 ], [ -2.5427564, 37.7791505 ], [ -2.5427479, 37.7792893 ], [ -2.5427756, 37.7795076 ], [ -2.5428022, 37.7797169 ], [ -2.5428217, 37.7798707 ], [ -2.5428097, 37.7799805 ], [ -2.542779, 37.7802601 ], [ -2.5426596, 37.7803175 ], [ -2.5422887, 37.7802991 ], [ -2.5422712, 37.7802418 ], [ -2.5422064, 37.7800306 ], [ -2.5423459, 37.779125 ], [ -2.5423924, 37.7790521 ] ] ] } },
{ "type": "Feature", "properties": { "stop_id": "osm-way-676905544", "name": null }, "geometry": { "type": "Polygon", "coordinates": [ [ [ -8.4167982, 43.3366001 ], [ -8.4162215, 43.3367578 ], [ -8.4158512, 43.3365775 ], [ -8.415676, 43.3363172 ], [ -8.4166256, 43.3362455 ], [ -8.4167611, 43.3365327 ], [ -8.4167982, 43.3366001 ] ] ] } },
{ "type": "Feature", "properties": { "stop_id": "osm-way-677047441", "name": null }, "geometry": { "type": "Polygon", "coordinates": [ [ [ -0.4537404, 38.3758573 ], [ -0.4535191, 38.375754 ], [ -0.4534138, 38.375639 ], [ -0.4541107, 38.3751979 ], [ -0.4537404, 38.3758573 ] ] ] } },
{ "type": "Feature", "properties": { "stop_id": "osm-way-678026988", "name": null }, "geometry": { "type": "Polygon", "coordinates": [ [ [ -2.7231613, 42.8294245 ], [ -2.7230782, 42.8293346 ], [ -2.7230683, 42.8292273 ], [ -2.7230308, 42.8291634 ], [ -2.7227835, 42.8292331 ], [ -2.7223623, 42.8293694 ], [ -2.7221981, 42.8294274 ], [ -2.7222911, 42.8297306 ], [ -2.7224275, 42.8296827 ], [ -2.7224078, 42.8296566 ], [ -2.7226836, 42.8295717 ], [ -2.7231613, 42.8294245 ] ] ] } },
{ "type": "Feature", "properties": { "stop_id": "osm-way-678680297", "name": null }, "geometry": { "type": "Polygon", "coordinates": [ [ [ -6.9174115, 42.873513 ], [ -6.9172674, 42.8734571 ], [ -6.9171572, 42.8734219 ], [ -6.9170259, 42.8733867 ], [ -6.916968, 42.8733701 ], [ -6.91704, 42.8734177 ], [ -6.9171403, 42.8734654 ], [ -6.917225, 42.8734943 ], [ -6.9172928, 42.8735119 ], [ -6.9173592, 42.8735171 ], [ -6.9174115, 42.873513 ] ] ] } },
{ "type": "Feature", "properties": { "stop_id": "osm-way-678680299", "name": null }, "geometry": { "type": "Polygon", "coordinates": [ [ [ -6.917499, 42.873484 ], [ -6.9173536, 42.8734167 ], [ -6.9172024, 42.8733618 ], [ -6.9170555, 42.8733194 ], [ -6.9168903, 42.8732821 ], [ -6.9170132, 42.8732759 ], [ -6.9171374, 42.8732759 ], [ -6.9172165, 42.8732925 ], [ -6.9172985, 42.8733256 ], [ -6.9173804, 42.8733743 ], [ -6.917451, 42.8734281 ], [ -6.917499, 42.873484 ] ] ] } },
{ "type": "Feature", "properties": { "stop_id": "osm-way-680478435", "name": null }, "geometry": { "type": "Polygon", "coordinates": [ [ [ -3.8012432, 42.7228127 ], [ -3.8013216, 42.7227353 ], [ -3.8014663, 42.7225276 ], [ -3.8015731, 42.7222465 ], [ -3.801611, 42.7220101 ], [ -3.8016056, 42.7219227 ], [ -3.8015528, 42.721872 ], [ -3.8015434, 42.7218303 ], [ -3.801611, 42.7218452 ], [ -3.801684, 42.721869 ], [ -3.8018003, 42.7217935 ], [ -3.8018381, 42.721728 ], [ -3.8018165, 42.7216783 ], [ -3.801711, 42.7216147 ], [ -3.8016542, 42.7215809 ], [ -3.8015785, 42.7215641 ], [ -3.8015055, 42.721573 ], [ -3.8014271, 42.7215998 ], [ -3.801377, 42.7215948 ], [ -3.8012986, 42.7215641 ], [ -3.801254, 42.7215442 ], [ -3.8013189, 42.7217955 ], [ -3.8013473, 42.7219535 ], [ -3.8013662, 42.722173 ], [ -3.8013311, 42.7224214 ], [ -3.8012851, 42.7225912 ], [ -3.8012772, 42.7226331 ], [ -3.8012432, 42.7228127 ] ] ] } },
{ "type": "Feature", "properties": { "stop_id": "osm-way-680478436", "name": null }, "geometry": { "type": "Polygon", "coordinates": [ [ [ -3.8011336, 42.7156769 ], [ -3.8009944, 42.7160047 ], [ -3.8009227, 42.7162342 ], [ -3.8008673, 42.7165164 ], [ -3.8008064, 42.7169406 ], [ -3.8006563, 42.7167677 ], [ -3.8004643, 42.7164051 ], [ -3.8003913, 42.7161865 ], [ -3.8003913, 42.7161011 ], [ -3.8004481, 42.7159958 ], [ -3.8007591, 42.7157832 ], [ -3.8010539, 42.7156182 ], [ -3.8011024, 42.7156539 ], [ -3.8011336, 42.7156769 ] ] ] } },
{ "type": "Feature", "properties": { "stop_id": "osm-way-680478445", "name": null }, "geometry": { "type": "Polygon", "coordinates": [ [ [ -3.802345, 42.7055066 ], [ -3.8019968, 42.7049275 ], [ -3.8019433, 42.7048288 ], [ -3.8018637, 42.7049275 ], [ -3.8018613, 42.70509 ], [ -3.801916, 42.7052419 ], [ -3.8020253, 42.7054061 ], [ -3.8021489, 42.7055057 ], [ -3.8022939, 42.7055826 ], [ -3.8023938, 42.7055895 ], [ -3.802345, 42.7055066 ] ] ] } },
{ "type": "Feature", "properties": { "stop_id": "osm-way-681027586", "name": null }, "geometry": { "type": "Polygon", "coordinates": [ [ [ -0.8086055, 38.531983 ], [ -0.8084714, 38.5318898 ], [ -0.8081458, 38.531735 ], [ -0.8080526, 38.5316705 ], [ -0.8079184, 38.5316841 ], [ -0.8081564, 38.5326539 ], [ -0.8083715, 38.532675 ], [ -0.808587, 38.5322361 ], [ -0.8086055, 38.531983 ] ] ] } },
{ "type": "Feature", "properties": { "stop_id": "osm-way-682463054", "name": null }, "geometry": { "type": "Polygon", "coordinates": [ [ [ -1.6770877, 42.8065332 ], [ -1.6772061, 42.806615 ], [ -1.6772539, 42.8067177 ], [ -1.6770833, 42.8068754 ], [ -1.6770408, 42.8069147 ], [ -1.6770205, 42.8069285 ], [ -1.6768576, 42.8070397 ], [ -1.6767468, 42.8070522 ], [ -1.6766445, 42.8070085 ], [ -1.6765422, 42.8069334 ], [ -1.6764016, 42.8069334 ], [ -1.6767894, 42.8066989 ], [ -1.6770792, 42.806502 ], [ -1.6770877, 42.8065332 ] ] ] } },
{ "type": "Feature", "properties": { "stop_id": "osm-way-682515652", "name": null }, "geometry": { "type": "Polygon", "coordinates": [ [ [ -6.8745832, 40.2147312 ], [ -6.8746128, 40.2146033 ], [ -6.8747071, 40.2145516 ], [ -6.8747795, 40.2145133 ], [ -6.8746042, 40.21432 ], [ -6.8744695, 40.2143912 ], [ -6.8743567, 40.2142695 ], [ -6.8741374, 40.2143817 ], [ -6.8743848, 40.2146474 ], [ -6.8744981, 40.2147734 ], [ -6.8745355, 40.2148151 ], [ -6.8745701, 40.2147543 ], [ -6.8745832, 40.2147312 ] ] ] } },
{ "type": "Feature", "properties": { "stop_id": "osm-way-683290790", "name": "Área de servicio de Gor" }, "geometry": { "type": "Polygon", "coordinates": [ [ [ -3.0304231, 37.3943343 ], [ -3.0306534, 37.3951545 ], [ -3.0296595, 37.3954663 ], [ -3.0288917, 37.3951884 ], [ -3.0276631, 37.3946089 ], [ -3.02742, 37.3945953 ], [ -3.0273847, 37.3946083 ], [ -3.0267289, 37.3948495 ], [ -3.0266607, 37.3943411 ], [ -3.0266026, 37.3942612 ], [ -3.0264687, 37.3940768 ], [ -3.0272579, 37.3941683 ], [ -3.0283712, 37.3942666 ], [ -3.030278, 37.394331 ], [ -3.0304231, 37.3943343 ] ] ] } },
{ "type": "Feature", "properties": { "stop_id": "osm-way-683290791", "name": "Área de servicio de Gor" }, "geometry": { "type": "Polygon", "coordinates": [ [ [ -3.0301458, 37.3938836 ], [ -3.0301927, 37.3937684 ], [ -3.0298173, 37.3934769 ], [ -3.0296211, 37.3932227 ], [ -3.0294377, 37.3931346 ], [ -3.0285376, 37.3929719 ], [ -3.0280044, 37.3929347 ], [ -3.0267332, 37.3929516 ], [ -3.026008, 37.3930601 ], [ -3.0258715, 37.3935142 ], [ -3.0267801, 37.3936599 ], [ -3.0277484, 37.3937785 ], [ -3.0291945, 37.3938667 ], [ -3.0301458, 37.3938836 ] ] ] } },
{ "type": "Feature", "properties": { "stop_id": "osm-way-684447843", "name": null }, "geometry": { "type": "Polygon", "coordinates": [ [ [ -6.671893, 42.3006369 ], [ -6.6717656, 42.3006578 ], [ -6.6716194, 42.3007074 ], [ -6.6715819, 42.3005377 ], [ -6.6716355, 42.3005913 ], [ -6.6716918, 42.3006161 ], [ -6.6717669, 42.300633 ], [ -6.671893, 42.3006369 ] ] ] } },
{ "type": "Feature", "properties": { "stop_id": "osm-way-684799132", "name": null }, "geometry": { "type": "Polygon", "coordinates": [ [ [ -5.5401939, 42.9124695 ], [ -5.5401772, 42.912403 ], [ -5.5401741, 42.912305 ], [ -5.5402023, 42.9122102 ], [ -5.5402785, 42.9120549 ], [ -5.5403067, 42.9121245 ], [ -5.5403224, 42.9121964 ], [ -5.5403057, 42.9122699 ], [ -5.5402534, 42.9123211 ], [ -5.5402273, 42.9123808 ], [ -5.54022, 42.9124427 ], [ -5.5401939, 42.9124695 ] ] ] } },
{ "type": "Feature", "properties": { "stop_id": "osm-way-684799135", "name": null }, "geometry": { "type": "Polygon", "coordinates": [ [ [ -5.5404435, 42.9118116 ], [ -5.5403401, 42.9118415 ], [ -5.5402576, 42.9118866 ], [ -5.5402054, 42.9119463 ], [ -5.5401709, 42.9120381 ], [ -5.5401594, 42.9120266 ], [ -5.5401511, 42.9119761 ], [ -5.5401615, 42.9119226 ], [ -5.5401908, 42.9118598 ], [ -5.5402639, 42.9118162 ], [ -5.5403203, 42.9117917 ], [ -5.5403788, 42.9117818 ], [ -5.5404185, 42.9117833 ], [ -5.5404435, 42.9118116 ] ] ] } },
{ "type": "Feature", "properties": { "stop_id": "osm-way-684799137", "name": null }, "geometry": { "type": "Polygon", "coordinates": [ [ [ -5.5412227, 42.9113213 ], [ -5.5411997, 42.9112578 ], [ -5.5411768, 42.9112325 ], [ -5.5411235, 42.9112203 ], [ -5.5410399, 42.9112218 ], [ -5.5409982, 42.9112318 ], [ -5.5409846, 42.9112394 ], [ -5.5411151, 42.9112792 ], [ -5.5412227, 42.9113213 ] ] ] } },
{ "type": "Feature", "properties": { "stop_id": "osm-way-684799146", "name": null }, "geometry": { "type": "Polygon", "coordinates": [ [ [ -5.5381788, 42.8973402 ], [ -5.5381597, 42.8973283 ], [ -5.5381188, 42.8971934 ], [ -5.5381256, 42.8971055 ], [ -5.5381774, 42.8969797 ], [ -5.5382252, 42.8968748 ], [ -5.5382715, 42.8967589 ], [ -5.5383492, 42.8966521 ], [ -5.5384269, 42.8965672 ], [ -5.5385101, 42.8965042 ], [ -5.5385333, 42.8964962 ], [ -5.5383629, 42.896732 ], [ -5.5382688, 42.8968878 ], [ -5.5382306, 42.8969647 ], [ -5.5381993, 42.8971085 ], [ -5.5381843, 42.8972723 ], [ -5.5381788, 42.8973402 ] ] ] } },
{ "type": "Feature", "properties": { "stop_id": "osm-way-685269356", "name": null }, "geometry": { "type": "Polygon", "coordinates": [ [ [ -4.903872, 43.1787951 ], [ -4.9038036, 43.1787648 ], [ -4.9036829, 43.1786748 ], [ -4.9035743, 43.1785604 ], [ -4.9034657, 43.1784029 ], [ -4.9033812, 43.1781985 ], [ -4.9033356, 43.1780206 ], [ -4.9034455, 43.1782122 ], [ -4.9035086, 43.1783511 ], [ -4.9035703, 43.1784929 ], [ -4.9036253, 43.1785692 ], [ -4.9036883, 43.1786435 ], [ -4.9037567, 43.1787042 ], [ -4.9038506, 43.1787697 ], [ -4.903872, 43.1787951 ] ] ] } },
{ "type": "Feature", "properties": { "stop_id": "osm-way-685517698", "name": null }, "geometry": { "type": "Polygon", "coordinates": [ [ [ -6.7453878, 42.4607205 ], [ -6.7450482, 42.4608674 ], [ -6.7449608, 42.4608907 ], [ -6.7448432, 42.4609108 ], [ -6.745021, 42.4609182 ], [ -6.7451471, 42.4609034 ], [ -6.7452374, 42.4608738 ], [ -6.7453105, 42.4608368 ], [ -6.7453778, 42.4607744 ], [ -6.7453878, 42.4607205 ] ] ] } },
{ "type": "Feature", "properties": { "stop_id": "osm-way-685525233", "name": "Estación de servicio De la Vega" }, "geometry": { "type": "Polygon", "coordinates": [ [ [ -4.8591542, 43.4323703 ], [ -4.8590925, 43.43227 ], [ -4.8588324, 43.4322973 ], [ -4.857671, 43.4323626 ], [ -4.8575422, 43.4323664 ], [ -4.8574604, 43.4324901 ], [ -4.8570178, 43.4324872 ], [ -4.85703, 43.4325292 ], [ -4.8573183, 43.4326309 ], [ -4.8575462, 43.4327119 ], [ -4.857488, 43.432766 ], [ -4.8575138, 43.4327961 ], [ -4.8577112, 43.4327151 ], [ -4.8577943, 43.4328777 ], [ -4.8583026, 43.4327589 ], [ -4.8583335, 43.4327716 ], [ -4.8583492, 43.4328859 ], [ -4.8584045, 43.4328709 ], [ -4.8585078, 43.4329313 ], [ -4.858658, 43.4327891 ], [ -4.858676, 43.4327725 ], [ -4.8589906, 43.4324823 ], [ -4.8591542, 43.4323703 ] ] ] } },
{ "type": "Feature", "properties": { "stop_id": "osm-way-685525237", "name": "Estación de servicio De la Vega 2" }, "geometry": { "type": "Polygon", "coordinates": [ [ [ -4.8582664, 43.4312211 ], [ -4.8579097, 43.4313254 ], [ -4.857738, 43.4311812 ], [ -4.8574618, 43.4310897 ], [ -4.8573223, 43.4310351 ], [ -4.8569414, 43.4310527 ], [ -4.8568502, 43.4312396 ], [ -4.8566866, 43.4313059 ], [ -4.856578, 43.431374 ], [ -4.8565753, 43.4317247 ], [ -4.8565753, 43.4319633 ], [ -4.8576736, 43.4319428 ], [ -4.8582235, 43.4319126 ], [ -4.8586942, 43.4317811 ], [ -4.8587157, 43.4317529 ], [ -4.858831, 43.4315221 ], [ -4.8588766, 43.4313867 ], [ -4.8585159, 43.431301 ], [ -4.8584139, 43.4313117 ], [ -4.8583294, 43.4312435 ], [ -4.8582664, 43.4312211 ] ] ] } },
{ "type": "Feature", "properties": { "stop_id": "osm-way-685684940", "name": null }, "geometry": { "type": "Polygon", "coordinates": [ [ [ -6.385545, 41.2835754 ], [ -6.3855288, 41.2835602 ], [ -6.3855112, 41.2835241 ], [ -6.3855106, 41.283489 ], [ -6.3855302, 41.2834586 ], [ -6.3855694, 41.2834393 ], [ -6.3856356, 41.2834296 ], [ -6.3856992, 41.2834347 ], [ -6.3856255, 41.2834596 ], [ -6.3855788, 41.2834936 ], [ -6.3855505, 41.2835317 ], [ -6.385545, 41.2835754 ] ] ] } },
{ "type": "Feature", "properties": { "stop_id": "osm-way-685831129", "name": null }, "geometry": { "type": "Polygon", "coordinates": [ [ [ -6.7209334, 42.1327666 ], [ -6.7208104, 42.1327458 ], [ -6.7207542, 42.1327189 ], [ -6.7207026, 42.1326702 ], [ -6.7206581, 42.1325947 ], [ -6.7206288, 42.1325321 ], [ -6.7205363, 42.1324878 ], [ -6.7206206, 42.1324122 ], [ -6.7207015, 42.1323575 ], [ -6.7208619, 42.132315 ], [ -6.7207858, 42.1323679 ], [ -6.7207261, 42.1324279 ], [ -6.7206991, 42.13248 ], [ -6.7206921, 42.1325269 ], [ -6.7207003, 42.1325816 ], [ -6.7207261, 42.1326337 ], [ -6.7207577, 42.1326711 ], [ -6.7208045, 42.1327111 ], [ -6.7208596, 42.1327423 ], [ -6.7209334, 42.1327666 ] ] ] } },
{ "type": "Feature", "properties": { "stop_id": "osm-way-685982147", "name": null }, "geometry": { "type": "Polygon", "coordinates": [ [ [ -6.8273037, 42.0404866 ], [ -6.8274785, 42.0404964 ], [ -6.8276174, 42.0404769 ], [ -6.8277399, 42.0404114 ], [ -6.8278232, 42.0403289 ], [ -6.8278771, 42.0402379 ], [ -6.8279245, 42.0400862 ], [ -6.8279343, 42.040159 ], [ -6.8279164, 42.0402476 ], [ -6.8278428, 42.0403896 ], [ -6.8277366, 42.0404709 ], [ -6.8276288, 42.0405255 ], [ -6.8275177, 42.0405497 ], [ -6.8273739, 42.0405473 ], [ -6.8272204, 42.0405109 ], [ -6.8271501, 42.040483 ], [ -6.8270733, 42.0404381 ], [ -6.8273037, 42.0404866 ] ] ] } },
{ "type": "Feature", "properties": { "stop_id": "osm-way-686252095", "name": null }, "geometry": { "type": "Polygon", "coordinates": [ [ [ -6.7444752, 43.0321475 ], [ -6.7444912, 43.0321837 ], [ -6.744422, 43.0322131 ], [ -6.7443634, 43.0322704 ], [ -6.7443398, 43.0322799 ], [ -6.7443101, 43.0322788 ], [ -6.7442705, 43.032261 ], [ -6.744196, 43.0321953 ], [ -6.7441374, 43.0321397 ], [ -6.7441511, 43.032113 ], [ -6.7442454, 43.0321547 ], [ -6.74432, 43.0321698 ], [ -6.7443915, 43.0321692 ], [ -6.7444326, 43.0321625 ], [ -6.7444752, 43.0321475 ] ] ] } },
{ "type": "Feature", "properties": { "stop_id": "osm-way-686252098", "name": null }, "geometry": { "type": "Polygon", "coordinates": [ [ [ -6.7560342, 43.0295654 ], [ -6.7559617, 43.0295333 ], [ -6.7559071, 43.0294956 ], [ -6.7558741, 43.0294572 ], [ -6.7558497, 43.0294137 ], [ -6.7558569, 43.0294572 ], [ -6.7558777, 43.0294982 ], [ -6.7559136, 43.0295318 ], [ -6.7559624, 43.0295575 ], [ -6.7560005, 43.029568 ], [ -6.7560342, 43.0295654 ] ] ] } },
{ "type": "Feature", "properties": { "stop_id": "osm-way-686252100", "name": null }, "geometry": { "type": "Polygon", "coordinates": [ [ [ -6.7917806, 43.0216491 ], [ -6.7916366, 43.0216512 ], [ -6.7915369, 43.0216621 ], [ -6.7914464, 43.0216866 ], [ -6.7913695, 43.0217215 ], [ -6.7913196, 43.0217512 ], [ -6.791363, 43.0217121 ], [ -6.7914443, 43.0216699 ], [ -6.7915127, 43.0216455 ], [ -6.7915633, 43.021635 ], [ -6.7916409, 43.0216335 ], [ -6.7917093, 43.0216361 ], [ -6.7917806, 43.0216491 ] ] ] } },
{ "type": "Feature", "properties": { "stop_id": "osm-way-686252102", "name": null }, "geometry": { "type": "Polygon", "coordinates": [ [ [ -6.7916581, 43.0209794 ], [ -6.7915976, 43.0210226 ], [ -6.7915316, 43.0210518 ], [ -6.791415, 43.0210868 ], [ -6.791474, 43.0210852 ], [ -6.7915428, 43.021075 ], [ -6.7916026, 43.0210508 ], [ -6.7916461, 43.0210149 ], [ -6.7916581, 43.0209794 ] ] ] } },
{ "type": "Feature", "properties": { "stop_id": "osm-way-686252105", "name": null }, "geometry": { "type": "Polygon", "coordinates": [ [ [ -6.7959049, 43.019918 ], [ -6.7958379, 43.0199912 ], [ -6.7957903, 43.0200178 ], [ -6.7957245, 43.0200306 ], [ -6.7956656, 43.0200311 ], [ -6.7955986, 43.0200201 ], [ -6.7956606, 43.0200196 ], [ -6.7957339, 43.0200082 ], [ -6.7957965, 43.0199871 ], [ -6.7958473, 43.0199601 ], [ -6.7959049, 43.019918 ] ] ] } },
{ "type": "Feature", "properties": { "stop_id": "osm-way-686252107", "name": null }, "geometry": { "type": "Polygon", "coordinates": [ [ [ -6.8060983, 43.0160705 ], [ -6.8060581, 43.0161603 ], [ -6.8060027, 43.0162125 ], [ -6.8059413, 43.016236 ], [ -6.8058648, 43.0162456 ], [ -6.8057863, 43.0162441 ], [ -6.805889, 43.0162199 ], [ -6.8059645, 43.0161853 ], [ -6.8060369, 43.016136 ], [ -6.8060983, 43.0160705 ] ] ] } },
{ "type": "Feature", "properties": { "stop_id": "osm-way-687247568", "name": null }, "geometry": { "type": "Polygon", "coordinates": [ [ [ -5.793263, 42.7073799 ], [ -5.7932831, 42.7071789 ], [ -5.7926622, 42.7068182 ], [ -5.7920024, 42.706498 ], [ -5.7917502, 42.7066192 ], [ -5.7925898, 42.7070143 ], [ -5.793263, 42.7073799 ] ] ] } },
{ "type": "Feature", "properties": { "stop_id": "osm-way-687463106", "name": "Descanso" }, "geometry": { "type": "Polygon", "coordinates": [ [ [ -5.6495676, 42.1254163 ], [ -5.6490047, 42.1256413 ], [ -5.6485653, 42.1262033 ], [ -5.6484881, 42.1263724 ], [ -5.6484811, 42.1268171 ], [ -5.6486488, 42.1268762 ], [ -5.6496906, 42.1254648 ], [ -5.6495676, 42.1254163 ] ] ] } },
{ "type": "Feature", "properties": { "stop_id": "osm-way-687463109", "name": "Descanso" }, "geometry": { "type": "Polygon", "coordinates": [ [ [ -5.6494832, 42.1272308 ], [ -5.6500706, 42.1269523 ], [ -5.6505802, 42.1262858 ], [ -5.6505682, 42.1258144 ], [ -5.6503885, 42.1257617 ], [ -5.6493035, 42.1271691 ], [ -5.6494832, 42.1272308 ] ] ] } },
{ "type": "Feature", "properties": { "stop_id": "osm-way-687465305", "name": "Área de descanso" }, "geometry": { "type": "Polygon", "coordinates": [ [ [ -5.2274832, 41.7033395 ], [ -5.2282476, 41.7039583 ], [ -5.2287532, 41.7042287 ], [ -5.2285695, 41.7044129 ], [ -5.2284703, 41.7044269 ], [ -5.2279861, 41.7042597 ], [ -5.2278091, 41.7041776 ], [ -5.2276227, 41.7039874 ], [ -5.2272633, 41.7035969 ], [ -5.2272056, 41.7035148 ], [ -5.2274832, 41.7033395 ] ] ] } },
{ "type": "Feature", "properties": { "stop_id": "osm-way-687680459", "name": null }, "geometry": { "type": "Polygon", "coordinates": [ [ [ -5.771493, 43.0518915 ], [ -5.7713619, 43.05187 ], [ -5.7712837, 43.0518414 ], [ -5.7711858, 43.0517957 ], [ -5.7707084, 43.0515526 ], [ -5.770634, 43.0515254 ], [ -5.7706732, 43.0515154 ], [ -5.7707377, 43.0515197 ], [ -5.770818, 43.0515326 ], [ -5.7709099, 43.0515683 ], [ -5.771221, 43.0517328 ], [ -5.771493, 43.0518915 ] ] ] } },
{ "type": "Feature", "properties": { "stop_id": "osm-way-687680460", "name": null }, "geometry": { "type": "Polygon", "coordinates": [ [ [ -5.7710567, 43.052542 ], [ -5.7707475, 43.0521789 ], [ -5.7705636, 43.0519358 ], [ -5.7704853, 43.0517928 ], [ -5.7704579, 43.0517185 ], [ -5.7704579, 43.0516913 ], [ -5.7705225, 43.0517328 ], [ -5.7705949, 43.0518057 ], [ -5.7707964, 43.0521031 ], [ -5.770951, 43.0523076 ], [ -5.7710097, 43.0524019 ], [ -5.7710371, 43.0524891 ], [ -5.7710567, 43.052542 ] ] ] } },
{ "type": "Feature", "properties": { "stop_id": "osm-way-687680461", "name": null }, "geometry": { "type": "Polygon", "coordinates": [ [ [ -5.7721718, 43.0585834 ], [ -5.7720961, 43.0586722 ], [ -5.7720092, 43.0587347 ], [ -5.771953, 43.0587571 ], [ -5.771872, 43.0587666 ], [ -5.7717819, 43.0587576 ], [ -5.7717277, 43.0587423 ], [ -5.7718159, 43.0587476 ], [ -5.7719086, 43.0587414 ], [ -5.7719857, 43.0587199 ], [ -5.7720588, 43.0586764 ], [ -5.7721718, 43.0585834 ] ] ] } },
{ "type": "Feature", "properties": { "stop_id": "osm-way-687680462", "name": null }, "geometry": { "type": "Polygon", "coordinates": [ [ [ -5.7720693, 43.0632727 ], [ -5.772019, 43.0633462 ], [ -5.7719386, 43.0634351 ], [ -5.7718831, 43.0634834 ], [ -5.7717539, 43.0635591 ], [ -5.7717892, 43.0635152 ], [ -5.7718838, 43.0634269 ], [ -5.7720693, 43.0632727 ] ] ] } },
{ "type": "Feature", "properties": { "stop_id": "osm-way-687680464", "name": null }, "geometry": { "type": "Polygon", "coordinates": [ [ [ -5.7724051, 43.066159 ], [ -5.7725658, 43.0660742 ], [ -5.7726053, 43.066036 ], [ -5.7726334, 43.065968 ], [ -5.7726321, 43.0659028 ], [ -5.772604, 43.0658366 ], [ -5.7725823, 43.0658124 ], [ -5.7725938, 43.0658851 ], [ -5.7725862, 43.0659428 ], [ -5.7725632, 43.0660006 ], [ -5.7725313, 43.0660481 ], [ -5.7724676, 43.0661059 ], [ -5.7724051, 43.066159 ] ] ] } },
{ "type": "Feature", "properties": { "stop_id": "osm-way-687680466", "name": null }, "geometry": { "type": "Polygon", "coordinates": [ [ [ -5.7753593, 43.0788882 ], [ -5.7752504, 43.0789005 ], [ -5.775135, 43.0788797 ], [ -5.77503, 43.0788418 ], [ -5.7749625, 43.0787973 ], [ -5.7747823, 43.078605 ], [ -5.7753593, 43.0788882 ] ] ] } },
{ "type": "Feature", "properties": { "stop_id": "osm-way-687680471", "name": null }, "geometry": { "type": "Polygon", "coordinates": [ [ [ -5.799156, 43.0953007 ], [ -5.7990336, 43.0952713 ], [ -5.7989515, 43.0952446 ], [ -5.7988968, 43.0951999 ], [ -5.7988655, 43.0951495 ], [ -5.798876, 43.0950953 ], [ -5.7990232, 43.0952085 ], [ -5.799156, 43.0953007 ] ] ] } },
{ "type": "Feature", "properties": { "stop_id": "osm-way-687738373", "name": null }, "geometry": { "type": "Polygon", "coordinates": [ [ [ -5.763482, 42.9987616 ], [ -5.7634125, 42.9987762 ], [ -5.763349, 42.9986575 ], [ -5.7633055, 42.9985465 ], [ -5.7632772, 42.9984372 ], [ -5.7632561, 42.9982944 ], [ -5.7633443, 42.9984837 ], [ -5.7634031, 42.9985491 ], [ -5.7634608, 42.9986635 ], [ -5.763482, 42.9987616 ] ] ] } },
{ "type": "Feature", "properties": { "stop_id": "osm-way-687738374", "name": null }, "geometry": { "type": "Polygon", "coordinates": [ [ [ -5.7662841, 43.0008457 ], [ -5.7663998, 43.0007679 ], [ -5.7664195, 43.0007315 ], [ -5.7664195, 43.0006866 ], [ -5.7664021, 43.0006274 ], [ -5.7663107, 43.0005013 ], [ -5.7662841, 43.0004869 ], [ -5.7663477, 43.0006037 ], [ -5.7663616, 43.0006756 ], [ -5.7663385, 43.0007543 ], [ -5.7662841, 43.0008457 ] ] ] } },
{ "type": "Feature", "properties": { "stop_id": "osm-way-687931054", "name": "EXIT Los Abades de La Gineta" }, "geometry": { "type": "Polygon", "coordinates": [ [ [ -2.0390764, 39.1362434 ], [ -2.0393929, 39.1363245 ], [ -2.0395726, 39.1362954 ], [ -2.0397496, 39.1362725 ], [ -2.0400289, 39.1362659 ], [ -2.0402473, 39.1360266 ], [ -2.0399147, 39.1358164 ], [ -2.0402458, 39.1354944 ], [ -2.0402487, 39.1354171 ], [ -2.0401692, 39.1352522 ], [ -2.0402243, 39.1351741 ], [ -2.0398292, 39.1349603 ], [ -2.0396236, 39.134818 ], [ -2.039574, 39.1346888 ], [ -2.0394434, 39.1346241 ], [ -2.0393398, 39.1346556 ], [ -2.0391169, 39.1345368 ], [ -2.0388082, 39.1343959 ], [ -2.0384192, 39.1347975 ], [ -2.0380089, 39.1344895 ], [ -2.0378962, 39.1345852 ], [ -2.037695, 39.1345852 ], [ -2.0377085, 39.1346872 ], [ -2.0378184, 39.1348578 ], [ -2.0380008, 39.1349493 ], [ -2.0380805, 39.13491 ], [ -2.0381751, 39.1348952 ], [ -2.0387787, 39.1358689 ], [ -2.0388806, 39.136052 ], [ -2.0389369, 39.1361477 ], [ -2.0390764, 39.1362434 ] ] ] } },
{ "type": "Feature", "properties": { "stop_id": "osm-way-687986625", "name": null }, "geometry": { "type": "Polygon", "coordinates": [ [ [ -2.9980262, 41.8339041 ], [ -2.9965382, 41.8334376 ], [ -2.9968858, 41.8333861 ], [ -2.9973432, 41.8334391 ], [ -2.9976766, 41.8335527 ], [ -2.9978758, 41.8337208 ], [ -2.9980363, 41.8337996 ], [ -2.9980262, 41.8339041 ] ] ] } },
{ "type": "Feature", "properties": { "stop_id": "osm-way-689242336", "name": null }, "geometry": { "type": "Polygon", "coordinates": [ [ [ -5.9401783, 43.2249733 ], [ -5.9401371, 43.2250227 ], [ -5.9401078, 43.2250447 ], [ -5.940073, 43.2250601 ], [ -5.9400318, 43.2250681 ], [ -5.9399905, 43.2250687 ], [ -5.9399502, 43.2250654 ], [ -5.9399026, 43.2250594 ], [ -5.939953, 43.2250888 ], [ -5.9400125, 43.2251128 ], [ -5.9400537, 43.2251155 ], [ -5.9400959, 43.2251061 ], [ -5.9401261, 43.2250881 ], [ -5.9401453, 43.2250687 ], [ -5.9401646, 43.2250374 ], [ -5.9401783, 43.2249733 ] ] ] } },
{ "type": "Feature", "properties": { "stop_id": "osm-way-689242338", "name": null }, "geometry": { "type": "Polygon", "coordinates": [ [ [ -5.9381682, 43.2256332 ], [ -5.9381291, 43.2257198 ], [ -5.938101, 43.2257496 ], [ -5.9380602, 43.2257608 ], [ -5.9380202, 43.2257635 ], [ -5.9379839, 43.2257516 ], [ -5.937954, 43.2257331 ], [ -5.9379386, 43.2257198 ], [ -5.9379313, 43.2257046 ], [ -5.9379739, 43.2257119 ], [ -5.9380166, 43.2257139 ], [ -5.9380647, 43.2257033 ], [ -5.9381037, 43.2256861 ], [ -5.9381391, 43.2256616 ], [ -5.9381682, 43.2256332 ] ] ] } },
{ "type": "Feature", "properties": { "stop_id": "osm-way-689242348", "name": null }, "geometry": { "type": "Polygon", "coordinates": [ [ [ -5.9256563, 43.2438317 ], [ -5.925626, 43.2438826 ], [ -5.9255865, 43.2439229 ], [ -5.9255351, 43.2439421 ], [ -5.925489, 43.2439421 ], [ -5.9254495, 43.2439277 ], [ -5.9254284, 43.2439066 ], [ -5.9254837, 43.2439075 ], [ -5.9255483, 43.2438893 ], [ -5.9256142, 43.2438586 ], [ -5.9256563, 43.2438317 ] ] ] } },
{ "type": "Feature", "properties": { "stop_id": "osm-way-689972812", "name": null }, "geometry": { "type": "Polygon", "coordinates": [ [ [ -5.1105489, 43.2035493 ], [ -5.1106218, 43.2035225 ], [ -5.1106909, 43.2034904 ], [ -5.11076, 43.2034533 ], [ -5.1108213, 43.2034111 ], [ -5.1107764, 43.2034867 ], [ -5.1107444, 43.2035137 ], [ -5.1106952, 43.203532 ], [ -5.110601, 43.203549 ], [ -5.1105489, 43.2035493 ] ] ] } },
{ "type": "Feature", "properties": { "stop_id": "osm-way-689972813", "name": null }, "geometry": { "type": "Polygon", "coordinates": [ [ [ -5.1098132, 43.2034427 ], [ -5.1097288, 43.2034525 ], [ -5.1096714, 43.2034763 ], [ -5.1096253, 43.2035083 ], [ -5.109587, 43.2035444 ], [ -5.1095566, 43.203587 ], [ -5.1095431, 43.2036444 ], [ -5.1095251, 43.2036059 ], [ -5.1095274, 43.2035559 ], [ -5.1095499, 43.2035124 ], [ -5.1096613, 43.2034337 ], [ -5.1097063, 43.2034197 ], [ -5.1097614, 43.2034173 ], [ -5.109794, 43.2034263 ], [ -5.1098132, 43.2034427 ] ] ] } },
{ "type": "Feature", "properties": { "stop_id": "osm-way-689972814", "name": null }, "geometry": { "type": "Polygon", "coordinates": [ [ [ -5.1061602, 43.2105861 ], [ -5.1056991, 43.2105743 ], [ -5.1055723, 43.2105807 ], [ -5.1054431, 43.2105952 ], [ -5.1052927, 43.2106341 ], [ -5.1054071, 43.2106359 ], [ -5.1056892, 43.2106287 ], [ -5.1060322, 43.2106042 ], [ -5.1061602, 43.2105861 ] ] ] } },
{ "type": "Feature", "properties": { "stop_id": "osm-way-690198810", "name": null }, "geometry": { "type": "Polygon", "coordinates": [ [ [ -5.4304521, 43.0758555 ], [ -5.4303607, 43.0759332 ], [ -5.4300832, 43.0760133 ], [ -5.4300433, 43.0760133 ], [ -5.4299785, 43.0760036 ], [ -5.4300705, 43.0759819 ], [ -5.430133, 43.0759672 ], [ -5.4302726, 43.0759077 ], [ -5.4304089, 43.0758373 ], [ -5.4304521, 43.0758555 ] ] ] } },
{ "type": "Feature", "properties": { "stop_id": "osm-way-691541956", "name": null }, "geometry": { "type": "Polygon", "coordinates": [ [ [ -1.3135555, 37.9121101 ], [ -1.3131814, 37.9121651 ], [ -1.3121004, 37.9124624 ], [ -1.3127053, 37.9129512 ], [ -1.3130929, 37.9132623 ], [ -1.3132752, 37.9131893 ], [ -1.3133276, 37.9131544 ], [ -1.3133597, 37.9130412 ], [ -1.3134147, 37.9129777 ], [ -1.3141966, 37.9124783 ], [ -1.3142248, 37.9124381 ], [ -1.3141966, 37.9123873 ], [ -1.3135555, 37.9121101 ] ] ] } },
{ "type": "Feature", "properties": { "stop_id": "osm-way-692265693", "name": null }, "geometry": { "type": "Polygon", "coordinates": [ [ [ -5.8313171, 43.0376501 ], [ -5.8314655, 43.03752 ], [ -5.8315201, 43.0374567 ], [ -5.8315414, 43.0374107 ], [ -5.8315426, 43.0373379 ], [ -5.8315236, 43.037278 ], [ -5.831469, 43.0372208 ], [ -5.8313681, 43.0371288 ], [ -5.8314037, 43.037226 ], [ -5.8314168, 43.0373223 ], [ -5.8314121, 43.0374194 ], [ -5.8313883, 43.0374966 ], [ -5.8313563, 43.0375721 ], [ -5.8313171, 43.0376501 ] ] ] } },
{ "type": "Feature", "properties": { "stop_id": "osm-way-693636061", "name": null }, "geometry": { "type": "Polygon", "coordinates": [ [ [ -2.55583, 36.9496817 ], [ -2.5555363, 36.9495949 ], [ -2.5553405, 36.9495563 ], [ -2.5552507, 36.9496271 ], [ -2.55513, 36.9497685 ], [ -2.5554172, 36.949947 ], [ -2.5554612, 36.9499678 ], [ -2.555708, 36.9500493 ], [ -2.5560172, 36.950152 ], [ -2.5560848, 36.9501329 ], [ -2.5564939, 36.949731 ], [ -2.5563625, 36.9497514 ], [ -2.5561653, 36.9497728 ], [ -2.55583, 36.9496817 ] ] ] } },
{ "type": "Feature", "properties": { "stop_id": "osm-way-694039358", "name": "Área de servicio Moncalián - La Pausa" }, "geometry": { "type": "Polygon", "coordinates": [ [ [ -3.5425147, 43.4108888 ], [ -3.5427, 43.4117871 ], [ -3.5426116, 43.4117636 ], [ -3.5425119, 43.4118116 ], [ -3.5424235, 43.4118697 ], [ -3.5417414, 43.4118799 ], [ -3.5417119, 43.4121378 ], [ -3.5410971, 43.4119166 ], [ -3.5411097, 43.4118126 ], [ -3.541207, 43.4117136 ], [ -3.5412922, 43.411627 ], [ -3.5412683, 43.4113721 ], [ -3.541222, 43.4111631 ], [ -3.5414129, 43.411002 ], [ -3.5425147, 43.4108888 ] ] ] } },
{ "type": "Feature", "properties": { "stop_id": "osm-way-694329292", "name": null }, "geometry": { "type": "Polygon", "coordinates": [ [ [ -6.5381035, 43.0874366 ], [ -6.5379672, 43.08752 ], [ -6.5377769, 43.0875987 ], [ -6.5374946, 43.0876775 ], [ -6.5373075, 43.0877111 ], [ -6.5372536, 43.0877088 ], [ -6.5381035, 43.0874366 ] ] ] } },
{ "type": "Feature", "properties": { "stop_id": "osm-way-696044788", "name": null }, "geometry": { "type": "Polygon", "coordinates": [ [ [ -3.9341759, 42.8051913 ], [ -3.9340101, 42.805145 ], [ -3.9340508, 42.8050873 ], [ -3.9341666, 42.8049355 ], [ -3.9343939, 42.8050199 ], [ -3.9344948, 42.8050828 ], [ -3.9345091, 42.8050948 ], [ -3.9345181, 42.8051095 ], [ -3.9345148, 42.8051862 ], [ -3.9345091, 42.8052467 ], [ -3.9345053, 42.8052743 ], [ -3.9344488, 42.8052609 ], [ -3.9342862, 42.80522 ], [ -3.9341759, 42.8051913 ] ] ] } },
{ "type": "Feature", "properties": { "stop_id": "osm-way-696405392", "name": null }, "geometry": { "type": "Polygon", "coordinates": [ [ [ -3.41913, 39.2311411 ], [ -3.4193214, 39.2307517 ], [ -3.4196152, 39.2301403 ], [ -3.4192811, 39.229467 ], [ -3.4185135, 39.2297173 ], [ -3.4185901, 39.229901 ], [ -3.4187226, 39.2302053 ], [ -3.4188257, 39.230442 ], [ -3.4191019, 39.2310765 ], [ -3.41913, 39.2311411 ] ] ] } },
{ "type": "Feature", "properties": { "stop_id": "osm-way-696884986", "name": null }, "geometry": { "type": "Polygon", "coordinates": [ [ [ -7.599684, 43.6229894 ], [ -7.598756, 43.6228185 ], [ -7.5988659, 43.6227855 ], [ -7.5990644, 43.6227681 ], [ -7.5992549, 43.6227758 ], [ -7.5994131, 43.6227991 ], [ -7.599617, 43.6229059 ], [ -7.599684, 43.6229894 ] ] ] } },
{ "type": "Feature", "properties": { "stop_id": "osm-way-696966936", "name": null }, "geometry": { "type": "Polygon", "coordinates": [ [ [ -7.7136661, 43.3433309 ], [ -7.7137078, 43.3432538 ], [ -7.7137305, 43.3432119 ], [ -7.7132799, 43.3428588 ], [ -7.7129822, 43.3426579 ], [ -7.7126013, 43.3424979 ], [ -7.7123089, 43.3424336 ], [ -7.7115794, 43.3423692 ], [ -7.7113943, 43.3423536 ], [ -7.7113626, 43.3424096 ], [ -7.711338, 43.3424531 ], [ -7.7119871, 43.3427223 ], [ -7.7126737, 43.3429934 ], [ -7.7134435, 43.3432568 ], [ -7.7136661, 43.3433309 ] ] ] } },
{ "type": "Feature", "properties": { "stop_id": "osm-way-696966937", "name": null }, "geometry": { "type": "Polygon", "coordinates": [ [ [ -7.7134971, 43.3435728 ], [ -7.7134725, 43.3436387 ], [ -7.7134542, 43.3436878 ], [ -7.7126254, 43.3436371 ], [ -7.7122016, 43.3435318 ], [ -7.7117752, 43.3433601 ], [ -7.7114828, 43.3431807 ], [ -7.7111556, 43.3428959 ], [ -7.7110349, 43.3427457 ], [ -7.7110834, 43.3427073 ], [ -7.7111261, 43.3426735 ], [ -7.7117779, 43.3429485 ], [ -7.7122392, 43.3431358 ], [ -7.7128802, 43.3433699 ], [ -7.7134971, 43.3435728 ] ] ] } },
{ "type": "Feature", "properties": { "stop_id": "osm-way-697623985", "name": null }, "geometry": { "type": "Polygon", "coordinates": [ [ [ -5.7649873, 43.0026871 ], [ -5.7652218, 43.0028245 ], [ -5.7652784, 43.0028622 ], [ -5.7653266, 43.0029158 ], [ -5.7652634, 43.0027442 ], [ -5.7652251, 43.0026676 ], [ -5.7651569, 43.0026737 ], [ -5.7649873, 43.0026871 ] ] ] } },
{ "type": "Feature", "properties": { "stop_id": "osm-way-697623986", "name": null }, "geometry": { "type": "Polygon", "coordinates": [ [ [ -5.7652838, 43.0054965 ], [ -5.7650206, 43.0056237 ], [ -5.7648491, 43.0056749 ], [ -5.7647598, 43.0056873 ], [ -5.764569, 43.0056131 ], [ -5.7644458, 43.0055707 ], [ -5.7644941, 43.0055707 ], [ -5.7646366, 43.0055919 ], [ -5.7648226, 43.0056096 ], [ -5.7649651, 43.0056096 ], [ -5.7650327, 43.0055866 ], [ -5.7652838, 43.0054965 ] ] ] } },
{ "type": "Feature", "properties": { "stop_id": "osm-way-697623987", "name": null }, "geometry": { "type": "Polygon", "coordinates": [ [ [ -5.7624149, 43.0079271 ], [ -5.7624865, 43.0079147 ], [ -5.7627333, 43.0080635 ], [ -5.7630422, 43.0082536 ], [ -5.7633153, 43.0084134 ], [ -5.7635169, 43.0086269 ], [ -5.7634001, 43.008569 ], [ -5.7624432, 43.0079602 ], [ -5.7624149, 43.0079271 ] ] ] } },
{ "type": "Feature", "properties": { "stop_id": "osm-way-697623988", "name": null }, "geometry": { "type": "Polygon", "coordinates": [ [ [ -5.7743495, 43.0123043 ], [ -5.7743638, 43.0124106 ], [ -5.7743599, 43.0125083 ], [ -5.7743275, 43.0126051 ], [ -5.7742678, 43.01268 ], [ -5.7742198, 43.0127426 ], [ -5.774164, 43.0127834 ], [ -5.7741575, 43.0127958 ], [ -5.7742743, 43.0127445 ], [ -5.7743067, 43.0127322 ], [ -5.7743573, 43.0126829 ], [ -5.7744092, 43.0126278 ], [ -5.7744248, 43.0125406 ], [ -5.7743845, 43.0123632 ], [ -5.7743664, 43.0123167 ], [ -5.7743495, 43.0123043 ] ] ] } },
{ "type": "Feature", "properties": { "stop_id": "osm-way-697623990", "name": null }, "geometry": { "type": "Polygon", "coordinates": [ [ [ -5.7710144, 43.0134477 ], [ -5.7710257, 43.013551 ], [ -5.7710031, 43.013668 ], [ -5.7709409, 43.0138609 ], [ -5.7708355, 43.0138595 ], [ -5.7707771, 43.0138884 ], [ -5.7707771, 43.0138044 ], [ -5.7708091, 43.0136997 ], [ -5.7709014, 43.0135813 ], [ -5.7709183, 43.0135606 ], [ -5.7710144, 43.0134477 ] ] ] } },
{ "type": "Feature", "properties": { "stop_id": "osm-way-697623991", "name": null }, "geometry": { "type": "Polygon", "coordinates": [ [ [ -5.7774095, 43.0222215 ], [ -5.7773512, 43.0222957 ], [ -5.7765777, 43.0224343 ], [ -5.7766176, 43.0223905 ], [ -5.7766958, 43.0223601 ], [ -5.7774095, 43.0222215 ] ] ] } },
{ "type": "Feature", "properties": { "stop_id": "osm-way-697623997", "name": null }, "geometry": { "type": "Polygon", "coordinates": [ [ [ -5.7772939, 43.0392353 ], [ -5.776934, 43.0391332 ], [ -5.7766431, 43.0390516 ], [ -5.77653, 43.0390033 ], [ -5.7765564, 43.0389668 ], [ -5.7768091, 43.0390108 ], [ -5.7770192, 43.0390924 ], [ -5.7772939, 43.0392353 ] ] ] } },
{ "type": "Feature", "properties": { "stop_id": "osm-way-697623998", "name": null }, "geometry": { "type": "Polygon", "coordinates": [ [ [ -5.7798246, 43.040641 ], [ -5.7800209, 43.0406005 ], [ -5.7801126, 43.0405319 ], [ -5.7801296, 43.0404867 ], [ -5.7801211, 43.0404134 ], [ -5.780072, 43.0403058 ], [ -5.7799441, 43.0401624 ], [ -5.7800038, 43.0402528 ], [ -5.7800422, 43.0403386 ], [ -5.7800507, 43.0404305 ], [ -5.7800102, 43.0405163 ], [ -5.7799163, 43.0405895 ], [ -5.7798246, 43.040641 ] ] ] } },
{ "type": "Feature", "properties": { "stop_id": "osm-way-697624001", "name": null }, "geometry": { "type": "Polygon", "coordinates": [ [ [ -5.7766866, 43.0422774 ], [ -5.7766226, 43.0423738 ], [ -5.7765774, 43.0424853 ], [ -5.776551, 43.0426078 ], [ -5.7765567, 43.0427317 ], [ -5.7766056, 43.0426436 ], [ -5.7766264, 43.0425046 ], [ -5.7766753, 43.0423738 ], [ -5.7766866, 43.0422774 ] ] ] } },
{ "type": "Feature", "properties": { "stop_id": "osm-way-697624004", "name": null }, "geometry": { "type": "Polygon", "coordinates": [ [ [ -5.7759267, 43.0469885 ], [ -5.7759502, 43.0468654 ], [ -5.7760931, 43.0466362 ], [ -5.7761038, 43.0466955 ], [ -5.7759267, 43.0469885 ] ] ] } },
{ "type": "Feature", "properties": { "stop_id": "osm-way-697624006", "name": null }, "geometry": { "type": "Polygon", "coordinates": [ [ [ -5.7753829, 43.0478816 ], [ -5.7752954, 43.0479814 ], [ -5.7752314, 43.0480811 ], [ -5.7752464, 43.0481809 ], [ -5.7752762, 43.0483009 ], [ -5.7753829, 43.0484194 ], [ -5.7755556, 43.0485705 ], [ -5.7755258, 43.0484879 ], [ -5.7754277, 43.0483632 ], [ -5.7753295, 43.0482245 ], [ -5.7753103, 43.0481404 ], [ -5.7753274, 43.0480203 ], [ -5.7753829, 43.0478816 ] ] ] } },
{ "type": "Feature", "properties": { "stop_id": "osm-way-697624007", "name": null }, "geometry": { "type": "Polygon", "coordinates": [ [ [ -5.7757284, 43.0487108 ], [ -5.7756793, 43.0485441 ], [ -5.7756281, 43.0484349 ], [ -5.7755236, 43.0482744 ], [ -5.7755087, 43.0482261 ], [ -5.7756303, 43.0483617 ], [ -5.775722, 43.0485269 ], [ -5.7757327, 43.0486189 ], [ -5.7757284, 43.0487108 ] ] ] } },
{ "type": "Feature", "properties": { "stop_id": "osm-way-697624013", "name": null }, "geometry": { "type": "Polygon", "coordinates": [ [ [ -5.7728791, 43.054268 ], [ -5.7727807, 43.0541961 ], [ -5.7726073, 43.0540362 ], [ -5.7725324, 43.053946 ], [ -5.7726779, 43.0540566 ], [ -5.7727969, 43.0541553 ], [ -5.7728556, 43.0542294 ], [ -5.7728791, 43.054268 ] ] ] } },
{ "type": "Feature", "properties": { "stop_id": "osm-way-697624014", "name": null }, "geometry": { "type": "Polygon", "coordinates": [ [ [ -5.7692282, 43.0584823 ], [ -5.7693163, 43.0586132 ], [ -5.7695323, 43.0588837 ], [ -5.7694985, 43.0588129 ], [ -5.7694133, 43.0586444 ], [ -5.7693751, 43.0585767 ], [ -5.7692855, 43.0585091 ], [ -5.7692282, 43.0584823 ] ] ] } },
{ "type": "Feature", "properties": { "stop_id": "osm-way-697714764", "name": "Turning point" }, "geometry": { "type": "Polygon", "coordinates": [ [ [ -5.823375, 42.9148617 ], [ -5.8230498, 42.9149063 ], [ -5.8229907, 42.9148901 ], [ -5.8229297, 42.9149036 ], [ -5.8228558, 42.9148955 ], [ -5.8228521, 42.9148657 ], [ -5.8228706, 42.9148346 ], [ -5.8229519, 42.9148103 ], [ -5.8229777, 42.9147846 ], [ -5.8230258, 42.9148076 ], [ -5.823048, 42.914836 ], [ -5.8230978, 42.9148509 ], [ -5.8231662, 42.9148536 ], [ -5.8232937, 42.9148536 ], [ -5.823375, 42.9148617 ] ] ] } },
{ "type": "Feature", "properties": { "stop_id": "osm-way-697714780", "name": null }, "geometry": { "type": "Polygon", "coordinates": [ [ [ -5.8288187, 42.915156 ], [ -5.8291439, 42.9152345 ], [ -5.8290146, 42.9152386 ], [ -5.8289167, 42.915225 ], [ -5.8288465, 42.9151993 ], [ -5.8288187, 42.915156 ] ] ] } },
{ "type": "Feature", "properties": { "stop_id": "osm-way-697714781", "name": null }, "geometry": { "type": "Polygon", "coordinates": [ [ [ -5.8290358, 42.9173129 ], [ -5.8289973, 42.9173443 ], [ -5.8289236, 42.9173636 ], [ -5.8288623, 42.9173707 ], [ -5.8287273, 42.9173803 ], [ -5.8287974, 42.9173495 ], [ -5.8289087, 42.9173155 ], [ -5.8289745, 42.9173084 ], [ -5.8290358, 42.9173129 ] ] ] } },
{ "type": "Feature", "properties": { "stop_id": "osm-way-697721130", "name": null }, "geometry": { "type": "Polygon", "coordinates": [ [ [ -5.6937613, 42.9846004 ], [ -5.693406, 42.9845915 ], [ -5.6931174, 42.9845493 ], [ -5.6928076, 42.9844893 ], [ -5.6925465, 42.984396 ], [ -5.6922397, 42.9842249 ], [ -5.6925708, 42.9843182 ], [ -5.6930688, 42.9844137 ], [ -5.6934272, 42.9844915 ], [ -5.6937613, 42.9846004 ] ] ] } },
{ "type": "Feature", "properties": { "stop_id": "osm-way-697839653", "name": null }, "geometry": { "type": "Polygon", "coordinates": [ [ [ -5.8305606, 43.0407145 ], [ -5.830679, 43.0406334 ], [ -5.8307719, 43.04053 ], [ -5.830778, 43.0405891 ], [ -5.8307291, 43.0406395 ], [ -5.8306745, 43.0406785 ], [ -5.8305964, 43.0407242 ], [ -5.8305606, 43.0407145 ] ] ] } },
{ "type": "Feature", "properties": { "stop_id": "osm-way-698259430", "name": null }, "geometry": { "type": "Polygon", "coordinates": [ [ [ -4.6641196, 41.7425479 ], [ -4.6649524, 41.7414141 ], [ -4.6650255, 41.7411406 ], [ -4.664807, 41.7410955 ], [ -4.664602, 41.7410185 ], [ -4.6636797, 41.7416065 ], [ -4.6635242, 41.7417174 ], [ -4.6633753, 41.7418636 ], [ -4.6632667, 41.7419838 ], [ -4.6631661, 41.7421099 ], [ -4.6631223, 41.7421886 ], [ -4.6631237, 41.742266 ], [ -4.6631497, 41.7423257 ], [ -4.6631998, 41.7423811 ], [ -4.6632577, 41.7424213 ], [ -4.6633215, 41.7424421 ], [ -4.6638095, 41.7425098 ], [ -4.6641196, 41.7425479 ] ] ] } },
{ "type": "Feature", "properties": { "stop_id": "osm-way-699908700", "name": null }, "geometry": { "type": "Polygon", "coordinates": [ [ [ -5.8207896, 42.9868146 ], [ -5.8207422, 42.9867477 ], [ -5.820654, 42.9867228 ], [ -5.8205454, 42.9867303 ], [ -5.8200705, 42.9868084 ], [ -5.8196889, 42.9867985 ], [ -5.8194667, 42.9868209 ], [ -5.8194192, 42.9869474 ], [ -5.8194566, 42.9871074 ], [ -5.8195481, 42.9872129 ], [ -5.8196753, 42.9872675 ], [ -5.8198144, 42.9873432 ], [ -5.8201621, 42.9874561 ], [ -5.8203029, 42.9874027 ], [ -5.8203877, 42.9873146 ], [ -5.8207896, 42.9868146 ] ] ] } },
{ "type": "Feature", "properties": { "stop_id": "osm-way-700489764", "name": null }, "geometry": { "type": "Polygon", "coordinates": [ [ [ -5.9445531, 40.5095995 ], [ -5.9445032, 40.5095149 ], [ -5.9444763, 40.5094214 ], [ -5.9445397, 40.5092374 ], [ -5.9445838, 40.5091834 ], [ -5.9445454, 40.5093834 ], [ -5.9445435, 40.5095003 ], [ -5.9445589, 40.5095747 ], [ -5.9445531, 40.5095995 ] ] ] } },
{ "type": "Feature", "properties": { "stop_id": "osm-way-700489766", "name": null }, "geometry": { "type": "Polygon", "coordinates": [ [ [ -5.9440423, 40.5105807 ], [ -5.9440938, 40.5107275 ], [ -5.9440922, 40.5107979 ], [ -5.944064, 40.5108688 ], [ -5.9439948, 40.5109496 ], [ -5.9440246, 40.5109453 ], [ -5.9440922, 40.5108621 ], [ -5.9441251, 40.5108107 ], [ -5.9441332, 40.5107202 ], [ -5.944097, 40.5106204 ], [ -5.9440592, 40.5105635 ], [ -5.9440423, 40.5105807 ] ] ] } },
{ "type": "Feature", "properties": { "stop_id": "osm-way-700489767", "name": null }, "geometry": { "type": "Polygon", "coordinates": [ [ [ -5.9496733, 40.5050808 ], [ -5.9491157, 40.5051126 ], [ -5.9491268, 40.5050511 ], [ -5.9493081, 40.5049981 ], [ -5.9496092, 40.5050066 ], [ -5.9496733, 40.5050808 ] ] ] } },
{ "type": "Feature", "properties": { "stop_id": "osm-way-700493946", "name": null }, "geometry": { "type": "Polygon", "coordinates": [ [ [ -5.9393162, 40.5202128 ], [ -5.9392062, 40.5202913 ], [ -5.939158, 40.5204037 ], [ -5.9392027, 40.520503 ], [ -5.9393472, 40.5205788 ], [ -5.9393884, 40.5206285 ], [ -5.9393128, 40.5205004 ], [ -5.939299, 40.5203697 ], [ -5.9393162, 40.5202128 ] ] ] } },
{ "type": "Feature", "properties": { "stop_id": "osm-way-700516250", "name": null }, "geometry": { "type": "Polygon", "coordinates": [ [ [ -0.8121334, 38.1949267 ], [ -0.8118985, 38.194985 ], [ -0.8116691, 38.1956298 ], [ -0.8115618, 38.1960556 ], [ -0.8115457, 38.1964434 ], [ -0.8116369, 38.1968608 ], [ -0.8118301, 38.1972107 ], [ -0.8119534, 38.1973962 ], [ -0.8131175, 38.1970168 ], [ -0.8121334, 38.1949267 ] ] ] } },
{ "type": "Feature", "properties": { "stop_id": "osm-way-700586969", "name": null }, "geometry": { "type": "Polygon", "coordinates": [ [ [ -0.812241, 38.1938138 ], [ -0.8128883, 38.1935895 ], [ -0.8134139, 38.1934074 ], [ -0.8130505, 38.1923138 ], [ -0.8129382, 38.1919098 ], [ -0.8116915, 38.1920143 ], [ -0.812241, 38.1938138 ] ] ] } },
{ "type": "Feature", "properties": { "stop_id": "osm-way-702281865", "name": null }, "geometry": { "type": "Polygon", "coordinates": [ [ [ -1.3065833, 40.8372719 ], [ -1.3064649, 40.8377989 ], [ -1.3070483, 40.8378867 ], [ -1.307784, 40.8379716 ], [ -1.3082631, 40.8380191 ], [ -1.3082836, 40.8380171 ], [ -1.3083448, 40.837659 ], [ -1.3085219, 40.837672 ], [ -1.3085397, 40.8376287 ], [ -1.3083827, 40.8375778 ], [ -1.3082542, 40.8374457 ], [ -1.3076953, 40.8373779 ], [ -1.3065833, 40.8372719 ] ] ] } },
{ "type": "Feature", "properties": { "stop_id": "osm-way-703103587", "name": null }, "geometry": { "type": "Polygon", "coordinates": [ [ [ -4.7123694, 43.0900246 ], [ -4.7120413, 43.0898987 ], [ -4.7120054, 43.0898685 ], [ -4.7119962, 43.0898328 ], [ -4.7120026, 43.0898052 ], [ -4.7120293, 43.0897722 ], [ -4.7122818, 43.089639 ], [ -4.7122514, 43.089682 ], [ -4.7122321, 43.0897345 ], [ -4.7122284, 43.0897924 ], [ -4.7122321, 43.0898543 ], [ -4.7122551, 43.0899068 ], [ -4.7122874, 43.0899573 ], [ -4.7123694, 43.0900246 ] ] ] } },
{ "type": "Feature", "properties": { "stop_id": "osm-way-703230501", "name": null }, "geometry": { "type": "Polygon", "coordinates": [ [ [ -4.465902, 43.0752407 ], [ -4.4658176, 43.0753327 ], [ -4.4657358, 43.0753972 ], [ -4.4656448, 43.0754485 ], [ -4.4655591, 43.0754665 ], [ -4.4653461, 43.0754684 ], [ -4.4655864, 43.0754172 ], [ -4.4656916, 43.0753811 ], [ -4.4657994, 43.0753195 ], [ -4.465902, 43.0752407 ] ] ] } },
{ "type": "Feature", "properties": { "stop_id": "osm-way-706195801", "name": "Venta del Peral II" }, "geometry": { "type": "Polygon", "coordinates": [ [ [ -2.6160121, 37.5536208 ], [ -2.6156303, 37.5536007 ], [ -2.6149864, 37.5535421 ], [ -2.6145944, 37.5535199 ], [ -2.6143501, 37.5536067 ], [ -2.6141821, 37.5538751 ], [ -2.6140905, 37.5541172 ], [ -2.6139607, 37.5541434 ], [ -2.6130877, 37.553863 ], [ -2.6143068, 37.5526382 ], [ -2.6144086, 37.5527128 ], [ -2.614882, 37.5527976 ], [ -2.6146937, 37.5530478 ], [ -2.6150424, 37.5532314 ], [ -2.6151314, 37.5532435 ], [ -2.6152612, 37.553072 ], [ -2.6160808, 37.5532818 ], [ -2.616208, 37.5533484 ], [ -2.6160121, 37.5536208 ] ] ] } },
{ "type": "Feature", "properties": { "stop_id": "osm-way-706507255", "name": "Venta del Peral I" }, "geometry": { "type": "Polygon", "coordinates": [ [ [ -2.6078719, 37.5542208 ], [ -2.607989, 37.5539767 ], [ -2.6081111, 37.5532321 ], [ -2.6087521, 37.5532797 ], [ -2.6085744, 37.5538697 ], [ -2.6091241, 37.5539867 ], [ -2.6092884, 37.5540706 ], [ -2.609702, 37.554046 ], [ -2.6100372, 37.5540059 ], [ -2.6101309, 37.5540664 ], [ -2.61016, 37.5541435 ], [ -2.6095131, 37.5543875 ], [ -2.6091479, 37.5544738 ], [ -2.6089866, 37.5543439 ], [ -2.608607, 37.5543193 ], [ -2.6086179, 37.5542805 ], [ -2.6078719, 37.5542208 ] ] ] } },
{ "type": "Feature", "properties": { "stop_id": "osm-way-707349611", "name": "As Campaíñas" }, "geometry": { "type": "Polygon", "coordinates": [ [ [ -7.5083869, 43.5562672 ], [ -7.5085049, 43.5563119 ], [ -7.5086792, 43.5563624 ], [ -7.5087919, 43.5563741 ], [ -7.5087168, 43.5563994 ], [ -7.5086068, 43.5563974 ], [ -7.5084727, 43.5563585 ], [ -7.5084137, 43.5563158 ], [ -7.5083869, 43.5562672 ] ] ] } },
{ "type": "Feature", "properties": { "stop_id": "osm-way-709622825", "name": null }, "geometry": { "type": "Polygon", "coordinates": [ [ [ -0.8679482, 38.1257949 ], [ -0.86717, 38.1253175 ], [ -0.8666935, 38.1259515 ], [ -0.8670585, 38.1261194 ], [ -0.8679482, 38.1257949 ] ] ] } },
{ "type": "Feature", "properties": { "stop_id": "osm-way-710671572", "name": null }, "geometry": { "type": "Polygon", "coordinates": [ [ [ -16.6928523, 28.0595568 ], [ -16.6919139, 28.0594614 ], [ -16.6916582, 28.0594498 ], [ -16.6905812, 28.0592924 ], [ -16.6905231, 28.0592748 ], [ -16.6904314, 28.0592475 ], [ -16.6901146, 28.0591944 ], [ -16.6897437, 28.0591009 ], [ -16.6893616, 28.0589831 ], [ -16.6895491, 28.0589795 ], [ -16.6897182, 28.0589525 ], [ -16.690085, 28.0588581 ], [ -16.6903336, 28.0587619 ], [ -16.6908441, 28.05853 ], [ -16.6910081, 28.0584715 ], [ -16.6917264, 28.0591818 ], [ -16.6925853, 28.0594596 ], [ -16.6928523, 28.0595568 ] ] ] } },
{ "type": "Feature", "properties": { "stop_id": "osm-way-711083399", "name": "Petroprix Málaga Santa Bárbara" }, "geometry": { "type": "Polygon", "coordinates": [ [ [ -4.4624216, 36.6936089 ], [ -4.4623087, 36.6935103 ], [ -4.4622611, 36.6934688 ], [ -4.4622202, 36.6934171 ], [ -4.4622029, 36.6933704 ], [ -4.4621903, 36.6933187 ], [ -4.4621903, 36.6932821 ], [ -4.4622154, 36.693203 ], [ -4.4622415, 36.6931207 ], [ -4.4625198, 36.6931873 ], [ -4.4627243, 36.6933728 ], [ -4.4626199, 36.6934513 ], [ -4.4624216, 36.6936089 ] ] ] } },
{ "type": "Feature", "properties": { "stop_id": "osm-way-711085089", "name": "Repsol" }, "geometry": { "type": "Polygon", "coordinates": [ [ [ -4.4632566, 36.6925115 ], [ -4.4636245, 36.6925265 ], [ -4.4637031, 36.6925279 ], [ -4.4636965, 36.6926731 ], [ -4.4635539, 36.692776 ], [ -4.4633297, 36.6929377 ], [ -4.4632228, 36.6930148 ], [ -4.4630176, 36.6928254 ], [ -4.4632469, 36.6926615 ], [ -4.4632566, 36.6925115 ] ] ] } },
{ "type": "Feature", "properties": { "stop_id": "osm-way-711093721", "name": "Repsol" }, "geometry": { "type": "Polygon", "coordinates": [ [ [ -4.4770949, 36.6731291 ], [ -4.4766187, 36.6732011 ], [ -4.4765868, 36.6732468 ], [ -4.4764967, 36.6733894 ], [ -4.4764387, 36.6734786 ], [ -4.4763731, 36.6735732 ], [ -4.4763098, 36.6736792 ], [ -4.4763805, 36.6737043 ], [ -4.4766809, 36.6738105 ], [ -4.4770398, 36.6732198 ], [ -4.4770949, 36.6731291 ] ] ] } },
{ "type": "Feature", "properties": { "stop_id": "osm-way-711628269", "name": "Área de servicio Valdáliga" }, "geometry": { "type": "Polygon", "coordinates": [ [ [ -4.3302403, 43.3339352 ], [ -4.3303705, 43.333806 ], [ -4.3305008, 43.3337664 ], [ -4.3305743, 43.3337164 ], [ -4.3306429, 43.3336475 ], [ -4.3307495, 43.3335475 ], [ -4.3308727, 43.3334528 ], [ -4.3311499, 43.3332788 ], [ -4.3312541, 43.3332426 ], [ -4.3314389, 43.3332253 ], [ -4.3315786, 43.3332409 ], [ -4.3316876, 43.3332788 ], [ -4.3317705, 43.3333184 ], [ -4.3318913, 43.3334011 ], [ -4.3320334, 43.3335217 ], [ -4.3321187, 43.3335975 ], [ -4.3321969, 43.3336802 ], [ -4.3322608, 43.3337336 ], [ -4.33232, 43.3337836 ], [ -4.3324195, 43.3338818 ], [ -4.3328246, 43.3342074 ], [ -4.3330591, 43.3344004 ], [ -4.3331491, 43.3344883 ], [ -4.3332297, 43.3345848 ], [ -4.3332533, 43.3346347 ], [ -4.333251, 43.3347881 ], [ -4.333206, 43.334938 ], [ -4.3331515, 43.3350638 ], [ -4.3331231, 43.3352516 ], [ -4.3331183, 43.3354152 ], [ -4.3329691, 43.3354893 ], [ -4.3327654, 43.3353101 ], [ -4.3326706, 43.3352102 ], [ -4.3325782, 43.335143 ], [ -4.3324006, 43.3350103 ], [ -4.3322395, 43.3348983 ], [ -4.3320074, 43.3347571 ], [ -4.3316923, 43.3345882 ], [ -4.3314199, 43.3344538 ], [ -4.3310338, 43.3342798 ], [ -4.3305814, 43.3340696 ], [ -4.3302403, 43.3339352 ] ] ] } },
{ "type": "Feature", "properties": { "stop_id": "osm-way-711628270", "name": "Área de servicio Valdáliga" }, "geometry": { "type": "Polygon", "coordinates": [ [ [ -4.3281723, 43.3341144 ], [ -4.3282173, 43.334092 ], [ -4.3281581, 43.333713 ], [ -4.3282149, 43.3336113 ], [ -4.3286437, 43.3337371 ], [ -4.3289777, 43.3338525 ], [ -4.3292454, 43.3339421 ], [ -4.3294301, 43.334011 ], [ -4.329622, 43.3340782 ], [ -4.3299039, 43.334185 ], [ -4.330271, 43.3343522 ], [ -4.330605, 43.3344952 ], [ -4.330714, 43.3345451 ], [ -4.3306572, 43.3346606 ], [ -4.3307732, 43.334745 ], [ -4.3308656, 43.3348208 ], [ -4.3310314, 43.3349242 ], [ -4.3312209, 43.3350327 ], [ -4.3313323, 43.3351154 ], [ -4.3314341, 43.335205 ], [ -4.3314957, 43.3352895 ], [ -4.3315241, 43.3353584 ], [ -4.3314791, 43.3354221 ], [ -4.3312067, 43.3356564 ], [ -4.3310338, 43.3356806 ], [ -4.3308277, 43.3357167 ], [ -4.3306074, 43.3357736 ], [ -4.3305198, 43.3357891 ], [ -4.3304369, 43.3357908 ], [ -4.3303255, 43.3357495 ], [ -4.3301692, 43.3356702 ], [ -4.3300152, 43.3356065 ], [ -4.3298707, 43.3355686 ], [ -4.3297499, 43.3355152 ], [ -4.3296244, 43.3354411 ], [ -4.3294751, 43.3353274 ], [ -4.3291696, 43.3351396 ], [ -4.3288995, 43.3349552 ], [ -4.3286816, 43.334826 ], [ -4.3285395, 43.3347381 ], [ -4.3284779, 43.3347037 ], [ -4.3284447, 43.3346072 ], [ -4.328421, 43.3344418 ], [ -4.3283926, 43.3343746 ], [ -4.3283405, 43.3342919 ], [ -4.32826, 43.3341937 ], [ -4.3281723, 43.3341144 ] ] ] } },
{ "type": "Feature", "properties": { "stop_id": "osm-way-711822206", "name": "Area 107" }, "geometry": { "type": "Polygon", "coordinates": [ [ [ -2.7143048, 40.9283003 ], [ -2.7149177, 40.9280169 ], [ -2.7149951, 40.9279941 ], [ -2.7156211, 40.9275221 ], [ -2.715592, 40.9273249 ], [ -2.7153924, 40.9271385 ], [ -2.715212, 40.9270095 ], [ -2.7150962, 40.9269881 ], [ -2.7148897, 40.9269635 ], [ -2.7146778, 40.9267993 ], [ -2.7140411, 40.9262901 ], [ -2.713702, 40.926284 ], [ -2.7133702, 40.9265524 ], [ -2.7137808, 40.9268709 ], [ -2.713467, 40.9270274 ], [ -2.7134785, 40.9272163 ], [ -2.7135488, 40.9272572 ], [ -2.7135929, 40.9273064 ], [ -2.7138205, 40.9277616 ], [ -2.7137824, 40.9278209 ], [ -2.7136684, 40.9278948 ], [ -2.7138888, 40.9282676 ], [ -2.7140589, 40.9282223 ], [ -2.7143048, 40.9283003 ] ] ] } },
{ "type": "Feature", "properties": { "stop_id": "osm-way-714460716", "name": "BP Aeropuerto Málaga" }, "geometry": { "type": "Polygon", "coordinates": [ [ [ -4.4865057, 36.6747062 ], [ -4.4865261, 36.6747071 ], [ -4.4866179, 36.6747109 ], [ -4.486965, 36.6749554 ], [ -4.4870218, 36.6749954 ], [ -4.4870944, 36.6750465 ], [ -4.4868424, 36.6752768 ], [ -4.4867994, 36.6752852 ], [ -4.4865252, 36.6751648 ], [ -4.486259, 36.6750611 ], [ -4.486242, 36.6750486 ], [ -4.4862302, 36.675036 ], [ -4.4862198, 36.6750182 ], [ -4.4862198, 36.6749983 ], [ -4.4862276, 36.6749721 ], [ -4.4863164, 36.6748842 ], [ -4.4863086, 36.6748795 ], [ -4.4863176, 36.6748731 ], [ -4.4863949, 36.6748012 ], [ -4.4863992, 36.6748042 ], [ -4.4865057, 36.6747062 ] ] ] } },
{ "type": "Feature", "properties": { "stop_id": "osm-way-715063289", "name": null }, "geometry": { "type": "Polygon", "coordinates": [ [ [ -0.6647382, 38.0992121 ], [ -0.6644762, 38.0991187 ], [ -0.6644112, 38.099092 ], [ -0.6638039, 38.0988426 ], [ -0.6636112, 38.0991732 ], [ -0.6636433, 38.0992218 ], [ -0.663364, 38.0996497 ], [ -0.6639028, 38.0998559 ], [ -0.6641005, 38.0997606 ], [ -0.6642117, 38.0996594 ], [ -0.6643674, 38.0995991 ], [ -0.664538, 38.0995291 ], [ -0.6647382, 38.0992121 ] ] ] } },
{ "type": "Feature", "properties": { "stop_id": "osm-way-729740045", "name": null }, "geometry": { "type": "Polygon", "coordinates": [ [ [ -3.6428126, 43.3070044 ], [ -3.6429903, 43.3067325 ], [ -3.6430651, 43.3066031 ], [ -3.6431216, 43.3064606 ], [ -3.6430812, 43.30644 ], [ -3.642954, 43.3065796 ], [ -3.6428994, 43.3066825 ], [ -3.6428651, 43.3067825 ], [ -3.6428489, 43.306878 ], [ -3.6428126, 43.3070044 ] ] ] } },
{ "type": "Feature", "properties": { "stop_id": "osm-way-731786604", "name": null }, "geometry": { "type": "Polygon", "coordinates": [ [ [ -3.6683433, 43.2537062 ], [ -3.6682316, 43.2537566 ], [ -3.6681283, 43.2538287 ], [ -3.6680272, 43.2539217 ], [ -3.6680389, 43.2538411 ], [ -3.6680602, 43.2537853 ], [ -3.668107, 43.2537442 ], [ -3.6681783, 43.2537233 ], [ -3.6682603, 43.2537101 ], [ -3.6683433, 43.2537062 ] ] ] } },
{ "type": "Feature", "properties": { "stop_id": "osm-way-731786605", "name": null }, "geometry": { "type": "Polygon", "coordinates": [ [ [ -3.6717698, 43.252379 ], [ -3.6717698, 43.2523456 ], [ -3.6717634, 43.2523154 ], [ -3.6717431, 43.2522844 ], [ -3.6717059, 43.2522596 ], [ -3.6716537, 43.2522441 ], [ -3.671708, 43.2522301 ], [ -3.6717783, 43.2521991 ], [ -3.6717932, 43.2522255 ], [ -3.6718027, 43.2522541 ], [ -3.6717953, 43.2522968 ], [ -3.6717857, 43.2523371 ], [ -3.6717698, 43.252379 ] ] ] } },
{ "type": "Feature", "properties": { "stop_id": "osm-way-731786606", "name": null }, "geometry": { "type": "Polygon", "coordinates": [ [ [ -3.6681381, 43.2511263 ], [ -3.668063, 43.2511615 ], [ -3.6679919, 43.2512182 ], [ -3.6679356, 43.2512944 ], [ -3.6678551, 43.2514194 ], [ -3.6678685, 43.2513471 ], [ -3.6679275, 43.2512289 ], [ -3.6679664, 43.2511654 ], [ -3.6680013, 43.25114 ], [ -3.6680348, 43.2511283 ], [ -3.6680764, 43.2511234 ], [ -3.6681381, 43.2511263 ] ] ] } },
{ "type": "Feature", "properties": { "stop_id": "osm-way-732667025", "name": null }, "geometry": { "type": "Polygon", "coordinates": [ [ [ -8.4286386, 43.373621 ], [ -8.4286067, 43.3735778 ], [ -8.4282358, 43.3732194 ], [ -8.4282, 43.3731913 ], [ -8.4281523, 43.3731557 ], [ -8.4281124, 43.3731823 ], [ -8.4281041, 43.3732006 ], [ -8.4281497, 43.3732493 ], [ -8.4281872, 43.3732902 ], [ -8.4281955, 43.3733461 ], [ -8.4281472, 43.3734962 ], [ -8.4281177, 43.3735937 ], [ -8.4281285, 43.3736502 ], [ -8.4281631, 43.3736841 ], [ -8.4282074, 43.373699 ], [ -8.4282545, 43.373699 ], [ -8.4284788, 43.3736424 ], [ -8.4286386, 43.373621 ] ] ] } },
{ "type": "Feature", "properties": { "stop_id": "osm-way-733946173", "name": "Abades Sierra Espuña - Norte" }, "geometry": { "type": "Polygon", "coordinates": [ [ [ -1.4288559, 37.7932535 ], [ -1.4289304, 37.7933002 ], [ -1.4291802, 37.7934568 ], [ -1.4278793, 37.7948514 ], [ -1.4269996, 37.7959069 ], [ -1.4268563, 37.7958251 ], [ -1.426763, 37.7957719 ], [ -1.426668, 37.7955471 ], [ -1.4266042, 37.7953187 ], [ -1.426579, 37.7950608 ], [ -1.4267421, 37.7946988 ], [ -1.4275199, 37.7940799 ], [ -1.4282658, 37.7935121 ], [ -1.4284321, 37.7934061 ], [ -1.4286467, 37.7933044 ], [ -1.4288559, 37.7932535 ] ] ] } },
{ "type": "Feature", "properties": { "stop_id": "osm-way-736574942", "name": null }, "geometry": { "type": "Polygon", "coordinates": [ [ [ -7.3364622, 43.2968979 ], [ -7.3363563, 43.2968745 ], [ -7.3359674, 43.2967905 ], [ -7.3363241, 43.2965289 ], [ -7.3363871, 43.2963376 ], [ -7.3365601, 43.296364 ], [ -7.3365534, 43.2968022 ], [ -7.3365467, 43.296855 ], [ -7.3365186, 43.2968862 ], [ -7.3364622, 43.2968979 ] ] ] } },
{ "type": "Feature", "properties": { "stop_id": "osm-way-737636309", "name": "Gasolinera Coloso" }, "geometry": { "type": "Polygon", "coordinates": [ [ [ -4.5020721, 36.660916 ], [ -4.5019986, 36.6609021 ], [ -4.5019081, 36.660885 ], [ -4.5019956, 36.6608039 ], [ -4.5020496, 36.6606179 ], [ -4.5021029, 36.6606121 ], [ -4.5021325, 36.6606083 ], [ -4.5021646, 36.6606058 ], [ -4.5022188, 36.6605998 ], [ -4.5022334, 36.6605981 ], [ -4.5022845, 36.6605923 ], [ -4.5023485, 36.6605855 ], [ -4.5025536, 36.6608204 ], [ -4.5026204, 36.6608764 ], [ -4.5025648, 36.6609227 ], [ -4.502545, 36.6610055 ], [ -4.5024941, 36.6609952 ], [ -4.5024479, 36.6609868 ], [ -4.5020721, 36.660916 ] ] ] } },
{ "type": "Feature", "properties": { "stop_id": "osm-way-738866593", "name": null }, "geometry": { "type": "Polygon", "coordinates": [ [ [ -3.9176428, 40.5685181 ], [ -3.9176314, 40.5684676 ], [ -3.917779, 40.5682883 ], [ -3.9173875, 40.5681089 ], [ -3.9171976, 40.5681502 ], [ -3.916989, 40.568206 ], [ -3.9170643, 40.568242 ], [ -3.9175835, 40.5684898 ], [ -3.9176428, 40.5685181 ] ] ] } },
{ "type": "Feature", "properties": { "stop_id": "osm-way-741849302", "name": null }, "geometry": { "type": "Polygon", "coordinates": [ [ [ -1.7592243, 38.9381855 ], [ -1.7589377, 38.9385296 ], [ -1.756985, 38.9376078 ], [ -1.7575926, 38.9370198 ], [ -1.7579091, 38.9370282 ], [ -1.759132, 38.9376034 ], [ -1.7588315, 38.9379846 ], [ -1.7592243, 38.9381855 ] ] ] } },
{ "type": "Feature", "properties": { "stop_id": "osm-way-741973075", "name": null }, "geometry": { "type": "Polygon", "coordinates": [ [ [ -0.5011641, 41.3559881 ], [ -0.5010739, 41.3559179 ], [ -0.5009693, 41.3555898 ], [ -0.5009747, 41.3552616 ], [ -0.5010122, 41.355016 ], [ -0.5010525, 41.3549113 ], [ -0.5011913, 41.3547448 ], [ -0.5011346, 41.3555192 ], [ -0.5011434, 41.3557107 ], [ -0.5011641, 41.3559881 ] ] ] } },
{ "type": "Feature", "properties": { "stop_id": "osm-way-742355870", "name": null }, "geometry": { "type": "Polygon", "coordinates": [ [ [ -1.9538026, 39.5189468 ], [ -1.9537919, 39.519049 ], [ -1.9531843, 39.5189952 ], [ -1.9529294, 39.5198247 ], [ -1.9517346, 39.5196229 ], [ -1.9520755, 39.5186233 ], [ -1.9523214, 39.5179584 ], [ -1.9525691, 39.5179884 ], [ -1.9531776, 39.51808 ], [ -1.9533175, 39.518106 ], [ -1.9534092, 39.5181245 ], [ -1.9535349, 39.5181629 ], [ -1.953834, 39.5183129 ], [ -1.9538008, 39.5184408 ], [ -1.9535725, 39.5189053 ], [ -1.9538026, 39.5189468 ] ] ] } },
{ "type": "Feature", "properties": { "stop_id": "osm-way-742356148", "name": "Área de Servicio Motillana" }, "geometry": { "type": "Polygon", "coordinates": [ [ [ -1.8990619, 39.5399376 ], [ -1.8981124, 39.5385248 ], [ -1.8982465, 39.5384276 ], [ -1.8985358, 39.5383125 ], [ -1.8990163, 39.5381214 ], [ -1.8993462, 39.5381173 ], [ -1.8998049, 39.5381773 ], [ -1.9000329, 39.5382704 ], [ -1.9002582, 39.5384545 ], [ -1.9005532, 39.5388371 ], [ -1.9005532, 39.5389943 ], [ -1.9004406, 39.5391309 ], [ -1.9003091, 39.5393729 ], [ -1.9000785, 39.5396066 ], [ -1.8999497, 39.5396707 ], [ -1.8997432, 39.53971 ], [ -1.8993972, 39.5397535 ], [ -1.8992201, 39.5398135 ], [ -1.8990619, 39.5399376 ] ] ] } },
{ "type": "Feature", "properties": { "stop_id": "osm-way-742356414", "name": null }, "geometry": { "type": "Polygon", "coordinates": [ [ [ -2.5841934, 39.2560751 ], [ -2.5835468, 39.2562095 ], [ -2.5827819, 39.2564842 ], [ -2.5827413, 39.2563669 ], [ -2.5826267, 39.2564041 ], [ -2.5825218, 39.2562359 ], [ -2.5817288, 39.2549649 ], [ -2.5831662, 39.2545472 ], [ -2.5841934, 39.2560751 ] ] ] } },
{ "type": "Feature", "properties": { "stop_id": "osm-way-743379676", "name": null }, "geometry": { "type": "Polygon", "coordinates": [ [ [ -0.378051, 41.1421053 ], [ -0.3781786, 41.1423247 ], [ -0.3783127, 41.142451 ], [ -0.3787151, 41.142756 ], [ -0.3788451, 41.1430266 ], [ -0.3790128, 41.1430792 ], [ -0.3791324, 41.1431174 ], [ -0.3792669, 41.1431045 ], [ -0.3795274, 41.1431976 ], [ -0.379651, 41.1432893 ], [ -0.379792, 41.1433367 ], [ -0.3800175, 41.1433566 ], [ -0.3805144, 41.1434105 ], [ -0.3799065, 41.1432152 ], [ -0.3797889, 41.1431733 ], [ -0.3793539, 41.1429918 ], [ -0.3791013, 41.1428297 ], [ -0.3784991, 41.14245 ], [ -0.378051, 41.1421053 ] ] ] } },
{ "type": "Feature", "properties": { "stop_id": "osm-way-743395073", "name": null }, "geometry": { "type": "Polygon", "coordinates": [ [ [ -0.2533194, 41.0822948 ], [ -0.2530652, 41.0821274 ], [ -0.2522418, 41.0815897 ], [ -0.2519253, 41.0814603 ], [ -0.2515793, 41.0814279 ], [ -0.2508497, 41.0814967 ], [ -0.2497554, 41.0816058 ], [ -0.2495918, 41.0816645 ], [ -0.2498583, 41.0816885 ], [ -0.2503577, 41.0817069 ], [ -0.2508009, 41.0817339 ], [ -0.2513496, 41.0817777 ], [ -0.2516656, 41.0818178 ], [ -0.251961, 41.0818757 ], [ -0.2524728, 41.081993 ], [ -0.2528512, 41.0821056 ], [ -0.2530175, 41.0821735 ], [ -0.2533194, 41.0822948 ] ] ] } },
{ "type": "Feature", "properties": { "stop_id": "osm-way-745495297", "name": null }, "geometry": { "type": "Polygon", "coordinates": [ [ [ -3.4672579, 43.178845 ], [ -3.467225, 43.178774 ], [ -3.4672151, 43.1787152 ], [ -3.467225, 43.1786572 ], [ -3.4672638, 43.1785659 ], [ -3.4672419, 43.1787029 ], [ -3.4672449, 43.1787725 ], [ -3.4672579, 43.178845 ] ] ] } },
{ "type": "Feature", "properties": { "stop_id": "osm-way-745495301", "name": null }, "geometry": { "type": "Polygon", "coordinates": [ [ [ -3.4766411, 43.1998813 ], [ -3.4765601, 43.1999906 ], [ -3.4765421, 43.200003 ], [ -3.4765011, 43.2000096 ], [ -3.4764691, 43.1999986 ], [ -3.4763601, 43.1998988 ], [ -3.4764111, 43.1999287 ], [ -3.4764651, 43.1999389 ], [ -3.4765231, 43.1999345 ], [ -3.4765761, 43.1999214 ], [ -3.4766411, 43.1998813 ] ] ] } },
{ "type": "Feature", "properties": { "stop_id": "osm-way-745495302", "name": null }, "geometry": { "type": "Polygon", "coordinates": [ [ [ -3.4809704, 43.1923403 ], [ -3.4810965, 43.1919001 ], [ -3.4811099, 43.1920126 ], [ -3.4811084, 43.1921326 ], [ -3.4810876, 43.1922062 ], [ -3.4810387, 43.1922754 ], [ -3.4809704, 43.1923403 ] ] ] } },
{ "type": "Feature", "properties": { "stop_id": "osm-way-745615507", "name": null }, "geometry": { "type": "Polygon", "coordinates": [ [ [ -0.7919471, 38.2326457 ], [ -0.7907356, 38.2329385 ], [ -0.7901232, 38.2330117 ], [ -0.7899013, 38.232555 ], [ -0.7894354, 38.2331616 ], [ -0.7898303, 38.2338378 ], [ -0.7899058, 38.2343293 ], [ -0.7900256, 38.2348348 ], [ -0.7912371, 38.2347441 ], [ -0.7908776, 38.2341062 ], [ -0.7908865, 38.2337298 ], [ -0.7911306, 38.2333149 ], [ -0.7916099, 38.2329977 ], [ -0.7918362, 38.2328234 ], [ -0.7919471, 38.2326457 ] ] ] } },
{ "type": "Feature", "properties": { "stop_id": "osm-way-746375795", "name": null }, "geometry": { "type": "Polygon", "coordinates": [ [ [ -3.7076165, 42.2266298 ], [ -3.706972, 42.2266506 ], [ -3.7069043, 42.2263929 ], [ -3.70686, 42.2263203 ], [ -3.7068226, 42.2262857 ], [ -3.7067666, 42.226265 ], [ -3.7064793, 42.2262632 ], [ -3.7063694, 42.2259173 ], [ -3.7062435, 42.2255215 ], [ -3.7073176, 42.2258829 ], [ -3.7075902, 42.2258659 ], [ -3.7076165, 42.2266298 ] ] ] } },
{ "type": "Feature", "properties": { "stop_id": "osm-way-747132556", "name": null }, "geometry": { "type": "Polygon", "coordinates": [ [ [ -3.7042379, 41.8255317 ], [ -3.7035217, 41.8254917 ], [ -3.7035566, 41.8244384 ], [ -3.7039938, 41.8244504 ], [ -3.7042566, 41.8247022 ], [ -3.7042861, 41.8247462 ], [ -3.7042379, 41.8255317 ] ] ] } },
{ "type": "Feature", "properties": { "stop_id": "osm-way-749723602", "name": null }, "geometry": { "type": "Polygon", "coordinates": [ [ [ -1.0341812, 38.1025598 ], [ -1.0367924, 38.1012351 ], [ -1.0368298, 38.1019828 ], [ -1.0368073, 38.1023596 ], [ -1.0356177, 38.1029778 ], [ -1.0349668, 38.1028306 ], [ -1.034675, 38.1026893 ], [ -1.0341812, 38.1025598 ] ] ] } },
{ "type": "Feature", "properties": { "stop_id": "osm-way-749723603", "name": null }, "geometry": { "type": "Polygon", "coordinates": [ [ [ -1.0339343, 38.1021653 ], [ -1.0350491, 38.1014588 ], [ -1.0363135, 38.1008347 ], [ -1.0357524, 38.1004873 ], [ -1.0352736, 38.1003872 ], [ -1.0343458, 38.1008347 ], [ -1.033867, 38.101082 ], [ -1.0338894, 38.1016001 ], [ -1.0339792, 38.1019475 ], [ -1.0339343, 38.1021653 ] ] ] } },
{ "type": "Feature", "properties": { "stop_id": "osm-way-750033804", "name": "Estación de Servicio BP Guadalhorce" }, "geometry": { "type": "Polygon", "coordinates": [ [ [ -4.4925773, 36.7073087 ], [ -4.4926351, 36.7076869 ], [ -4.4926914, 36.7076443 ], [ -4.4927486, 36.7076135 ], [ -4.4928099, 36.7075925 ], [ -4.4928499, 36.7075789 ], [ -4.4930356, 36.7075593 ], [ -4.4930806, 36.7075481 ], [ -4.493121, 36.7075225 ], [ -4.493151, 36.7074984 ], [ -4.4931791, 36.7074661 ], [ -4.4931997, 36.707433 ], [ -4.4932007, 36.7072571 ], [ -4.4931584, 36.7072606 ], [ -4.4930972, 36.7072657 ], [ -4.4930147, 36.7072725 ], [ -4.4928499, 36.7072861 ], [ -4.4926378, 36.7073037 ], [ -4.4926006, 36.7073068 ], [ -4.4925773, 36.7073087 ] ] ] } },
{ "type": "Feature", "properties": { "stop_id": "osm-way-752145270", "name": "Área de servicio Moeve" }, "geometry": { "type": "Polygon", "coordinates": [ [ [ -2.7384213, 37.507233 ], [ -2.7384572, 37.5076213 ], [ -2.7386693, 37.5080355 ], [ -2.7388781, 37.5085506 ], [ -2.7389501, 37.5089837 ], [ -2.7384049, 37.5090218 ], [ -2.739211, 37.5105076 ], [ -2.7388912, 37.5105878 ], [ -2.73786, 37.5091124 ], [ -2.7379938, 37.5089959 ], [ -2.7381173, 37.5088602 ], [ -2.7381432, 37.5087094 ], [ -2.7380827, 37.5085608 ], [ -2.7381658, 37.5083816 ], [ -2.7380917, 37.5082478 ], [ -2.7377392, 37.5079863 ], [ -2.7375236, 37.5078063 ], [ -2.7374602, 37.5076989 ], [ -2.7377164, 37.5075695 ], [ -2.7380274, 37.5074198 ], [ -2.7384213, 37.507233 ] ] ] } },
{ "type": "Feature", "properties": { "stop_id": "osm-way-753768538", "name": null }, "geometry": { "type": "Polygon", "coordinates": [ [ [ -3.5848622, 43.1834422 ], [ -3.5848059, 43.1834618 ], [ -3.5845229, 43.1833503 ], [ -3.5845082, 43.1833112 ], [ -3.5845524, 43.183319 ], [ -3.5846342, 43.1833444 ], [ -3.5848622, 43.1834422 ] ] ] } },
{ "type": "Feature", "properties": { "stop_id": "osm-way-753768539", "name": null }, "geometry": { "type": "Polygon", "coordinates": [ [ [ -3.5893163, 43.2107855 ], [ -3.5893149, 43.2106757 ], [ -3.5892294, 43.2104055 ], [ -3.5891479, 43.2101759 ], [ -3.5890922, 43.2100928 ], [ -3.5889429, 43.2099532 ], [ -3.5890759, 43.2100354 ], [ -3.5891221, 43.2100819 ], [ -3.5891696, 43.210167 ], [ -3.5893068, 43.2104955 ], [ -3.5893366, 43.2106024 ], [ -3.589338, 43.2107034 ], [ -3.5893163, 43.2107855 ] ] ] } },
{ "type": "Feature", "properties": { "stop_id": "osm-way-753768540", "name": null }, "geometry": { "type": "Polygon", "coordinates": [ [ [ -3.5938412, 43.2182113 ], [ -3.5938524, 43.2181239 ], [ -3.593846, 43.2180458 ], [ -3.5937852, 43.2179665 ], [ -3.5936173, 43.2178698 ], [ -3.5937276, 43.2179619 ], [ -3.5937788, 43.2180213 ], [ -3.5938076, 43.2180738 ], [ -3.5938412, 43.2182113 ] ] ] } },
{ "type": "Feature", "properties": { "stop_id": "osm-way-753768541", "name": null }, "geometry": { "type": "Polygon", "coordinates": [ [ [ -3.5965546, 43.222888 ], [ -3.5964613, 43.222781 ], [ -3.5963359, 43.2226507 ], [ -3.5964215, 43.2227075 ], [ -3.5964827, 43.2227621 ], [ -3.5965225, 43.2228156 ], [ -3.5965546, 43.222888 ] ] ] } },
{ "type": "Feature", "properties": { "stop_id": "osm-way-753768542", "name": null }, "geometry": { "type": "Polygon", "coordinates": [ [ [ -3.5969185, 43.2233337 ], [ -3.5968477, 43.2232117 ], [ -3.5967182, 43.2230685 ], [ -3.5967992, 43.2231231 ], [ -3.5968696, 43.2231877 ], [ -3.5969108, 43.2232479 ], [ -3.5969261, 43.2232969 ], [ -3.5969399, 43.2233772 ], [ -3.5969185, 43.2233337 ] ] ] } },
{ "type": "Feature", "properties": { "stop_id": "osm-way-753933138", "name": "Repsol" }, "geometry": { "type": "Polygon", "coordinates": [ [ [ -4.482584, 36.6904676 ], [ -4.482809, 36.6905728 ], [ -4.4830325, 36.6906702 ], [ -4.4830762, 36.6906621 ], [ -4.4833711, 36.6902259 ], [ -4.4833907, 36.6901969 ], [ -4.4833417, 36.6901714 ], [ -4.4832528, 36.6901449 ], [ -4.4831613, 36.6901177 ], [ -4.4830442, 36.6900899 ], [ -4.4829397, 36.6900874 ], [ -4.4828366, 36.6901177 ], [ -4.4827559, 36.6901687 ], [ -4.4827314, 36.6902044 ], [ -4.4826871, 36.6902624 ], [ -4.4826409, 36.6903292 ], [ -4.4825565, 36.6904511 ], [ -4.482584, 36.6904676 ] ] ] } },
{ "type": "Feature", "properties": { "stop_id": "osm-way-754244626", "name": "Moeve" }, "geometry": { "type": "Polygon", "coordinates": [ [ [ -4.4601613, 36.6881551 ], [ -4.4601973, 36.6881118 ], [ -4.4601876, 36.6880695 ], [ -4.4601446, 36.688034 ], [ -4.4600906, 36.6880006 ], [ -4.460024, 36.6879828 ], [ -4.4599547, 36.6879695 ], [ -4.4598868, 36.6879695 ], [ -4.4598355, 36.687985 ], [ -4.4592961, 36.6883597 ], [ -4.4593176, 36.6883803 ], [ -4.45931, 36.6883875 ], [ -4.4594549, 36.6885015 ], [ -4.4594613, 36.6884963 ], [ -4.4595268, 36.6885324 ], [ -4.4595382, 36.6885434 ], [ -4.4596002, 36.6885765 ], [ -4.4596247, 36.6885899 ], [ -4.4598823, 36.6883788 ], [ -4.4601613, 36.6881551 ] ] ] } },
{ "type": "Feature", "properties": { "stop_id": "osm-way-754244627", "name": "Carrefour" }, "geometry": { "type": "Polygon", "coordinates": [ [ [ -4.4587194, 36.688731 ], [ -4.4586002, 36.6885265 ], [ -4.458596, 36.6883742 ], [ -4.4586112, 36.688348 ], [ -4.4586496, 36.6882904 ], [ -4.458718, 36.6881941 ], [ -4.4588202, 36.6882387 ], [ -4.458889, 36.6882685 ], [ -4.4589967, 36.6883141 ], [ -4.4589289, 36.6884113 ], [ -4.4588904, 36.6884688 ], [ -4.4587194, 36.688731 ] ] ] } },
{ "type": "Feature", "properties": { "stop_id": "osm-way-754829008", "name": "Repsol" }, "geometry": { "type": "Polygon", "coordinates": [ [ [ -4.4938308, 36.6956292 ], [ -4.4938544, 36.6955568 ], [ -4.4939889, 36.695145 ], [ -4.4941276, 36.6951729 ], [ -4.4944735, 36.6952441 ], [ -4.4946944, 36.6952899 ], [ -4.4946803, 36.6953322 ], [ -4.4945744, 36.6956643 ], [ -4.4945595, 36.6957125 ], [ -4.4945475, 36.6957516 ], [ -4.4945386, 36.6957782 ], [ -4.4938308, 36.6956292 ] ] ] } },
{ "type": "Feature", "properties": { "stop_id": "osm-way-755684271", "name": null }, "geometry": { "type": "Polygon", "coordinates": [ [ [ -3.7042953, 43.2373678 ], [ -3.7043046, 43.2374042 ], [ -3.7042849, 43.2374356 ], [ -3.7042454, 43.2374474 ], [ -3.7041872, 43.2374457 ], [ -3.7041163, 43.2374322 ], [ -3.703971, 43.2373737 ], [ -3.7041117, 43.2374008 ], [ -3.7041942, 43.2374059 ], [ -3.7042512, 43.2373941 ], [ -3.7042953, 43.2373678 ] ] ] } },
{ "type": "Feature", "properties": { "stop_id": "osm-way-756392453", "name": null }, "geometry": { "type": "Polygon", "coordinates": [ [ [ -3.6497012, 43.1723116 ], [ -3.6494786, 43.17236 ], [ -3.6491882, 43.1724098 ], [ -3.6490388, 43.1724329 ], [ -3.6489726, 43.1724396 ], [ -3.6492424, 43.1723098 ], [ -3.6493316, 43.1722863 ], [ -3.6494816, 43.1722796 ], [ -3.6496411, 43.1722901 ], [ -3.6497012, 43.1723116 ] ] ] } },
{ "type": "Feature", "properties": { "stop_id": "osm-way-756392454", "name": null }, "geometry": { "type": "Polygon", "coordinates": [ [ [ -3.6528963, 43.1709362 ], [ -3.6526608, 43.1709294 ], [ -3.6524963, 43.1709369 ], [ -3.6523754, 43.1709476 ], [ -3.6521844, 43.1709815 ], [ -3.6522354, 43.1709526 ], [ -3.6524481, 43.1708869 ], [ -3.6525849, 43.1708562 ], [ -3.6526975, 43.1708487 ], [ -3.6527998, 43.170867 ], [ -3.652859, 43.1708921 ], [ -3.6528963, 43.1709362 ] ] ] } },
{ "type": "Feature", "properties": { "stop_id": "osm-way-756392455", "name": null }, "geometry": { "type": "Polygon", "coordinates": [ [ [ -3.6548302, 43.1710467 ], [ -3.6546737, 43.1709778 ], [ -3.6545601, 43.1709526 ], [ -3.6544332, 43.1709363 ], [ -3.654432, 43.1709196 ], [ -3.6545089, 43.170885 ], [ -3.6546941, 43.1708912 ], [ -3.6547724, 43.1708956 ], [ -3.6548195, 43.1709227 ], [ -3.6548302, 43.1710467 ] ] ] } },
{ "type": "Feature", "properties": { "stop_id": "osm-way-756553168", "name": null }, "geometry": { "type": "Polygon", "coordinates": [ [ [ -2.3742556, 37.5943795 ], [ -2.3741452, 37.594299 ], [ -2.3737798, 37.5942954 ], [ -2.3721634, 37.5943341 ], [ -2.3720582, 37.5943433 ], [ -2.3718215, 37.5943937 ], [ -2.3718359, 37.5944608 ], [ -2.3720473, 37.5944273 ], [ -2.3742556, 37.5943795 ] ] ] } },
{ "type": "Feature", "properties": { "stop_id": "osm-way-756558220", "name": null }, "geometry": { "type": "Polygon", "coordinates": [ [ [ -3.7499299, 43.2100609 ], [ -3.7499425, 43.210106 ], [ -3.7499402, 43.2101869 ], [ -3.7499005, 43.2102863 ], [ -3.7498299, 43.2104054 ], [ -3.7496801, 43.2105823 ], [ -3.7493319, 43.2109406 ], [ -3.7491472, 43.21114 ], [ -3.7489957, 43.2113267 ], [ -3.748849, 43.2115261 ], [ -3.7487515, 43.211626 ], [ -3.7486849, 43.2116781 ], [ -3.7486198, 43.2117185 ], [ -3.7487935, 43.2114937 ], [ -3.7490235, 43.2111932 ], [ -3.7491932, 43.2110047 ], [ -3.7494517, 43.2107418 ], [ -3.749665, 43.2105273 ], [ -3.7497721, 43.2104106 ], [ -3.749845, 43.2103147 ], [ -3.7498989, 43.2102268 ], [ -3.7499235, 43.2101707 ], [ -3.749933, 43.2101164 ], [ -3.7499299, 43.2100609 ] ] ] } },
{ "type": "Feature", "properties": { "stop_id": "osm-way-757090569", "name": null }, "geometry": { "type": "Polygon", "coordinates": [ [ [ -4.627006, 43.2505108 ], [ -4.6269903, 43.2505426 ], [ -4.6269598, 43.250561 ], [ -4.6269126, 43.2505662 ], [ -4.626868, 43.2505618 ], [ -4.6268325, 43.2505415 ], [ -4.626903, 43.2505337 ], [ -4.6269735, 43.2505204 ], [ -4.627006, 43.2505108 ] ] ] } },
{ "type": "Feature", "properties": { "stop_id": "osm-way-757090570", "name": null }, "geometry": { "type": "Polygon", "coordinates": [ [ [ -4.6250246, 43.2508898 ], [ -4.6249978, 43.2509177 ], [ -4.6249543, 43.2509382 ], [ -4.6248962, 43.250948 ], [ -4.6248278, 43.2509312 ], [ -4.6249352, 43.2509135 ], [ -4.6250246, 43.2508898 ] ] ] } },
{ "type": "Feature", "properties": { "stop_id": "osm-way-757090571", "name": null }, "geometry": { "type": "Polygon", "coordinates": [ [ [ -4.6210055, 43.2519239 ], [ -4.6210008, 43.2519503 ], [ -4.620989, 43.2519663 ], [ -4.6209638, 43.2519778 ], [ -4.6208724, 43.2520025 ], [ -4.6208409, 43.2520042 ], [ -4.6208165, 43.251995 ], [ -4.6207952, 43.2519715 ], [ -4.6210055, 43.2519239 ] ] ] } },
{ "type": "Feature", "properties": { "stop_id": "osm-way-757090572", "name": null }, "geometry": { "type": "Polygon", "coordinates": [ [ [ -4.6182481, 43.2513966 ], [ -4.618225, 43.2514532 ], [ -4.6181803, 43.2514925 ], [ -4.6181226, 43.2515132 ], [ -4.618054, 43.2515222 ], [ -4.6179809, 43.2515188 ], [ -4.6181018, 43.2514723 ], [ -4.6181865, 43.2514364 ], [ -4.6182481, 43.2513966 ] ] ] } },
{ "type": "Feature", "properties": { "stop_id": "osm-way-757090573", "name": null }, "geometry": { "type": "Polygon", "coordinates": [ [ [ -4.6198942, 43.2520202 ], [ -4.6197733, 43.2520224 ], [ -4.6197317, 43.2520084 ], [ -4.6196401, 43.2519462 ], [ -4.6196147, 43.2519035 ], [ -4.6196247, 43.2518575 ], [ -4.6196447, 43.2518301 ], [ -4.6196771, 43.2518845 ], [ -4.6197148, 43.2519344 ], [ -4.6197679, 43.2519776 ], [ -4.6198187, 43.2520017 ], [ -4.6198942, 43.2520202 ] ] ] } },
{ "type": "Feature", "properties": { "stop_id": "osm-way-757534894", "name": "Shell" }, "geometry": { "type": "Polygon", "coordinates": [ [ [ -4.4667381, 36.6837647 ], [ -4.4669478, 36.6839284 ], [ -4.4671253, 36.6840672 ], [ -4.4671501, 36.6841997 ], [ -4.4668979, 36.6843995 ], [ -4.4666075, 36.6841596 ], [ -4.4665363, 36.6841008 ], [ -4.4664356, 36.6840176 ], [ -4.4665032, 36.683956 ], [ -4.4666633, 36.6838256 ], [ -4.4667381, 36.6837647 ] ] ] } },
{ "type": "Feature", "properties": { "stop_id": "osm-way-757727225", "name": null }, "geometry": { "type": "Polygon", "coordinates": [ [ [ -4.3718155, 43.0412409 ], [ -4.3716809, 43.0411369 ], [ -4.3715975, 43.0411003 ], [ -4.3714962, 43.0410816 ], [ -4.3714052, 43.0410797 ], [ -4.3713269, 43.0411087 ], [ -4.3714475, 43.0411584 ], [ -4.3715885, 43.0412015 ], [ -4.3717168, 43.0412297 ], [ -4.3718155, 43.0412409 ] ] ] } },
{ "type": "Feature", "properties": { "stop_id": "osm-way-757727228", "name": null }, "geometry": { "type": "Polygon", "coordinates": [ [ [ -4.3272398, 43.0132068 ], [ -4.3270501, 43.013293 ], [ -4.3268332, 43.0134199 ], [ -4.3264439, 43.0136963 ], [ -4.3265592, 43.0134344 ], [ -4.3265939, 43.0133791 ], [ -4.3266695, 43.0133211 ], [ -4.3267563, 43.0132866 ], [ -4.3269757, 43.0132621 ], [ -4.3272398, 43.0132068 ] ] ] } },
{ "type": "Feature", "properties": { "stop_id": "osm-way-757727229", "name": null }, "geometry": { "type": "Polygon", "coordinates": [ [ [ -4.3194507, 43.0129352 ], [ -4.3183861, 43.0127395 ], [ -4.3179925, 43.0126791 ], [ -4.3177327, 43.012659 ], [ -4.3174789, 43.0126546 ], [ -4.317103, 43.0126633 ], [ -4.3174159, 43.0126086 ], [ -4.3176521, 43.0125827 ], [ -4.3182621, 43.0125741 ], [ -4.3185042, 43.012587 ], [ -4.3186321, 43.0126072 ], [ -4.3187324, 43.0126431 ], [ -4.3188426, 43.0126993 ], [ -4.3190591, 43.0128115 ], [ -4.3191181, 43.0128388 ], [ -4.3191929, 43.012859 ], [ -4.3193425, 43.0128892 ], [ -4.3194133, 43.0129093 ], [ -4.3194507, 43.0129352 ] ] ] } },
{ "type": "Feature", "properties": { "stop_id": "osm-way-757727230", "name": null }, "geometry": { "type": "Polygon", "coordinates": [ [ [ -4.3074109, 43.0106417 ], [ -4.3060519, 43.0101987 ], [ -4.3062898, 43.0102414 ], [ -4.3063978, 43.0102692 ], [ -4.30717, 43.0105179 ], [ -4.3072576, 43.0105585 ], [ -4.3074109, 43.0106417 ] ] ] } },
{ "type": "Feature", "properties": { "stop_id": "osm-way-757727231", "name": null }, "geometry": { "type": "Polygon", "coordinates": [ [ [ -4.2976032, 43.0081217 ], [ -4.2974889, 43.007939 ], [ -4.2974508, 43.0078214 ], [ -4.2974635, 43.0077269 ], [ -4.2975143, 43.0076479 ], [ -4.2976053, 43.0075829 ], [ -4.2978562, 43.0074637 ], [ -4.2979981, 43.0074281 ], [ -4.2980902, 43.0074203 ], [ -4.2979092, 43.0075132 ], [ -4.2977843, 43.0076201 ], [ -4.2977133, 43.0077006 ], [ -4.2976562, 43.0077997 ], [ -4.2976276, 43.0078879 ], [ -4.2976117, 43.0079475 ], [ -4.2976096, 43.008035 ], [ -4.2976032, 43.0081217 ] ] ] } },
{ "type": "Feature", "properties": { "stop_id": "osm-way-757727233", "name": null }, "geometry": { "type": "Polygon", "coordinates": [ [ [ -4.2969491, 43.0046018 ], [ -4.2965222, 43.0046038 ], [ -4.2964942, 43.0046018 ], [ -4.2964662, 43.0045921 ], [ -4.2961074, 43.0044019 ], [ -4.2960927, 43.0043872 ], [ -4.2960847, 43.0043609 ], [ -4.2960901, 43.004159 ], [ -4.2965769, 43.0044223 ], [ -4.2969491, 43.0046018 ] ] ] } },
{ "type": "Feature", "properties": { "stop_id": "osm-way-757826649", "name": "Galp" }, "geometry": { "type": "Polygon", "coordinates": [ [ [ -4.4617342, 36.6917929 ], [ -4.4617952, 36.6918076 ], [ -4.4618945, 36.6918315 ], [ -4.4619133, 36.691836 ], [ -4.4619986, 36.6918565 ], [ -4.4621082, 36.6918829 ], [ -4.4621833, 36.691685 ], [ -4.4622538, 36.6914954 ], [ -4.4618726, 36.6914075 ], [ -4.4618481, 36.6914736 ], [ -4.4618128, 36.6915689 ], [ -4.4617506, 36.691746 ], [ -4.4617342, 36.6917929 ] ] ] } },
{ "type": "Feature", "properties": { "stop_id": "osm-way-758132038", "name": null }, "geometry": { "type": "Polygon", "coordinates": [ [ [ -4.3897725, 43.3203938 ], [ -4.3896629, 43.320449 ], [ -4.389131, 43.3204281 ], [ -4.3890696, 43.3203468 ], [ -4.3893278, 43.3203655 ], [ -4.3897725, 43.3203938 ] ] ] } },
{ "type": "Feature", "properties": { "stop_id": "osm-way-758670653", "name": "Estación de Servicio Las Palmeras" }, "geometry": { "type": "Polygon", "coordinates": [ [ [ -4.4747339, 36.6948675 ], [ -4.4746006, 36.6948287 ], [ -4.4746222, 36.6947945 ], [ -4.4746728, 36.6947212 ], [ -4.4747959, 36.6945424 ], [ -4.4748649, 36.6944425 ], [ -4.4748913, 36.6944032 ], [ -4.4749705, 36.6944395 ], [ -4.4750192, 36.6944619 ], [ -4.4751022, 36.694503 ], [ -4.4751189, 36.6945404 ], [ -4.4751075, 36.6945993 ], [ -4.4749762, 36.6947815 ], [ -4.4748828, 36.6948426 ], [ -4.4748487, 36.6948535 ], [ -4.4748049, 36.6948675 ], [ -4.4747339, 36.6948675 ] ] ] } },
{ "type": "Feature", "properties": { "stop_id": "osm-way-759986032", "name": "Àrea de Servei La Ribera" }, "geometry": { "type": "Polygon", "coordinates": [ [ [ 0.1388226, 40.1313077 ], [ 0.1390291, 40.131259 ], [ 0.1404778, 40.1341452 ], [ 0.140247, 40.1341685 ], [ 0.1397671, 40.1340199 ], [ 0.1393996, 40.1332768 ], [ 0.139269, 40.1332373 ], [ 0.1391627, 40.133033 ], [ 0.1388317, 40.1331654 ], [ 0.1383458, 40.1330516 ], [ 0.1384946, 40.1326243 ], [ 0.138777, 40.1324455 ], [ 0.138446, 40.1318581 ], [ 0.1388226, 40.1313077 ] ] ] } },
{ "type": "Feature", "properties": { "stop_id": "osm-way-760826361", "name": "Venta del Pino" }, "geometry": { "type": "Polygon", "coordinates": [ [ [ -2.6191854, 37.1117602 ], [ -2.6179555, 37.1127267 ], [ -2.618001, 37.1128227 ], [ -2.6184454, 37.1128834 ], [ -2.6190882, 37.1124052 ], [ -2.619309, 37.1120687 ], [ -2.6191119, 37.1119703 ], [ -2.6192531, 37.1118444 ], [ -2.6191854, 37.1117602 ] ] ] } },
{ "type": "Feature", "properties": { "stop_id": "osm-way-760944490", "name": null }, "geometry": { "type": "Polygon", "coordinates": [ [ [ -1.6334911, 42.7741196 ], [ -1.6329626, 42.7741395 ], [ -1.6329623, 42.7741817 ], [ -1.6326298, 42.7742408 ], [ -1.6328666, 42.7748537 ], [ -1.6333153, 42.7747396 ], [ -1.63333, 42.7746922 ], [ -1.6335414, 42.7746391 ], [ -1.6334911, 42.7741196 ] ] ] } },
{ "type": "Feature", "properties": { "stop_id": "osm-way-761066894", "name": null }, "geometry": { "type": "Polygon", "coordinates": [ [ [ -8.8715575, 41.889152 ], [ -8.8716618, 41.8890019 ], [ -8.8717, 41.8889572 ], [ -8.8717358, 41.8889207 ], [ -8.871753, 41.8888871 ], [ -8.8717576, 41.8888367 ], [ -8.8717491, 41.8887775 ], [ -8.8717273, 41.8886952 ], [ -8.8716875, 41.8888558 ], [ -8.8716206, 41.8890059 ], [ -8.8715466, 41.889148 ], [ -8.8715575, 41.889152 ] ] ] } },
{ "type": "Feature", "properties": { "stop_id": "osm-way-761066896", "name": null }, "geometry": { "type": "Polygon", "coordinates": [ [ [ -8.8304216, 42.0703665 ], [ -8.8305299, 42.0703617 ], [ -8.8305776, 42.0703405 ], [ -8.8306095, 42.0703097 ], [ -8.8306413, 42.0702601 ], [ -8.8306477, 42.0700284 ], [ -8.8305585, 42.0690521 ], [ -8.8305171, 42.0689859 ], [ -8.8304471, 42.0689528 ], [ -8.8303611, 42.0689339 ], [ -8.830307, 42.0689292 ], [ -8.8304216, 42.0703665 ] ] ] } },
{ "type": "Feature", "properties": { "stop_id": "osm-way-767464511", "name": null }, "geometry": { "type": "Polygon", "coordinates": [ [ [ 1.8123507, 41.421781 ], [ 1.8123124, 41.4218483 ], [ 1.8126737, 41.4220392 ], [ 1.8130548, 41.4221857 ], [ 1.81339, 41.4222756 ], [ 1.8137087, 41.4223449 ], [ 1.8140298, 41.4223844 ], [ 1.8143492, 41.4224023 ], [ 1.8146624, 41.4223955 ], [ 1.8148927, 41.4223769 ], [ 1.8150738, 41.4223564 ], [ 1.8150815, 41.4222407 ], [ 1.8145714, 41.4221711 ], [ 1.8135049, 41.4220025 ], [ 1.8129092, 41.4218918 ], [ 1.8123507, 41.421781 ] ] ] } },
{ "type": "Feature", "properties": { "stop_id": "osm-way-767464512", "name": null }, "geometry": { "type": "Polygon", "coordinates": [ [ [ 1.8130969, 41.4214862 ], [ 1.8130933, 41.4216103 ], [ 1.8135729, 41.4217057 ], [ 1.8141098, 41.4217877 ], [ 1.8148492, 41.421903 ], [ 1.8155323, 41.4219918 ], [ 1.8161731, 41.422068 ], [ 1.8162539, 41.4219704 ], [ 1.81605, 41.4218882 ], [ 1.815794, 41.4217962 ], [ 1.8154536, 41.4217053 ], [ 1.8151651, 41.4216344 ], [ 1.8147915, 41.42157 ], [ 1.814408, 41.4215135 ], [ 1.8140465, 41.4214955 ], [ 1.8130969, 41.4214862 ] ] ] } },
{ "type": "Feature", "properties": { "stop_id": "osm-way-769437980", "name": "Estación de Servicio Los Ibones" }, "geometry": { "type": "Polygon", "coordinates": [ [ [ -0.927448, 41.6610665 ], [ -0.9274471, 41.6610686 ], [ -0.9268741, 41.6607094 ], [ -0.9268699, 41.6607066 ], [ -0.9268678, 41.660703 ], [ -0.9268678, 41.6606983 ], [ -0.9268701, 41.6606943 ], [ -0.9268747, 41.6606925 ], [ -0.92688, 41.6606923 ], [ -0.927649, 41.6606951 ], [ -0.927448, 41.6610665 ] ] ] } },
{ "type": "Feature", "properties": { "stop_id": "osm-way-776448201", "name": null }, "geometry": { "type": "Polygon", "coordinates": [ [ [ -3.4714367, 41.0589832 ], [ -3.4713356, 41.0590086 ], [ -3.4712623, 41.0590131 ], [ -3.4711912, 41.058995 ], [ -3.4711455, 41.0589713 ], [ -3.4711074, 41.0589284 ], [ -3.4710789, 41.0588771 ], [ -3.4710715, 41.0588421 ], [ -3.4711149, 41.0589008 ], [ -3.4711583, 41.0589335 ], [ -3.4712406, 41.0589663 ], [ -3.4713207, 41.0589821 ], [ -3.4713761, 41.0589843 ], [ -3.4714367, 41.0589832 ] ] ] } },
{ "type": "Feature", "properties": { "stop_id": "osm-way-779075159", "name": null }, "geometry": { "type": "Polygon", "coordinates": [ [ [ -2.4939327, 42.4296014 ], [ -2.4937267, 42.4294029 ], [ -2.4935353, 42.4293135 ], [ -2.4933487, 42.4292759 ], [ -2.4930434, 42.429233 ], [ -2.4923068, 42.4294637 ], [ -2.4920936, 42.4296193 ], [ -2.4919046, 42.429943 ], [ -2.4920451, 42.4299591 ], [ -2.4924328, 42.4298232 ], [ -2.4928132, 42.429723 ], [ -2.4931306, 42.4296587 ], [ -2.4935595, 42.4296122 ], [ -2.4939327, 42.4296014 ] ] ] } },
{ "type": "Feature", "properties": { "stop_id": "osm-way-779075161", "name": null }, "geometry": { "type": "Polygon", "coordinates": [ [ [ -2.4941636, 42.4301557 ], [ -2.4943561, 42.4302707 ], [ -2.4948141, 42.4303154 ], [ -2.4949958, 42.4303566 ], [ -2.495873, 42.430353 ], [ -2.4966847, 42.430285 ], [ -2.4971863, 42.4300525 ], [ -2.4971572, 42.4300114 ], [ -2.4968858, 42.4300329 ], [ -2.4964157, 42.4300919 ], [ -2.4960499, 42.4301223 ], [ -2.4956525, 42.430142 ], [ -2.4948505, 42.4301384 ], [ -2.4941893, 42.4301115 ], [ -2.4941636, 42.4301557 ] ] ] } },
{ "type": "Feature", "properties": { "stop_id": "osm-way-782251276", "name": null }, "geometry": { "type": "Polygon", "coordinates": [ [ [ -6.1508081, 40.4348609 ], [ -6.1505619, 40.4352466 ], [ -6.1506207, 40.4350873 ], [ -6.1506552, 40.4350221 ], [ -6.1507249, 40.4349383 ], [ -6.1507652, 40.4348961 ], [ -6.1508081, 40.4348609 ] ] ] } },
{ "type": "Feature", "properties": { "stop_id": "osm-way-784759318", "name": "Área de Servicio El Hacho" }, "geometry": { "type": "Polygon", "coordinates": [ [ [ -4.8395165, 37.2764236 ], [ -4.8393733, 37.2763816 ], [ -4.8382921, 37.2761193 ], [ -4.837727, 37.2766439 ], [ -4.8391143, 37.277148 ], [ -4.8395165, 37.2764236 ] ] ] } },
{ "type": "Feature", "properties": { "stop_id": "osm-way-784846800", "name": "Área de Servizo A Campiña 497" }, "geometry": { "type": "Polygon", "coordinates": [ [ [ -7.5274415, 43.0380817 ], [ -7.5271029, 43.0376048 ], [ -7.5277698, 43.0371653 ], [ -7.5279082, 43.0370741 ], [ -7.5280574, 43.0371129 ], [ -7.5280969, 43.0371904 ], [ -7.5281192, 43.0372462 ], [ -7.5282922, 43.0376782 ], [ -7.5283266, 43.0377641 ], [ -7.5277314, 43.0380059 ], [ -7.5274415, 43.0380817 ] ] ] } },
{ "type": "Feature", "properties": { "stop_id": "osm-way-785851092", "name": "Área de Servicio de Muñogrande" }, "geometry": { "type": "Polygon", "coordinates": [ [ [ -4.9377323, 40.8296367 ], [ -4.9377898, 40.8296453 ], [ -4.9377672, 40.8295892 ], [ -4.9374794, 40.8293853 ], [ -4.9373773, 40.8293088 ], [ -4.9371454, 40.8290824 ], [ -4.9369823, 40.828934 ], [ -4.9365079, 40.8283982 ], [ -4.9361381, 40.8279653 ], [ -4.9359916, 40.8276829 ], [ -4.9358591, 40.8274849 ], [ -4.9357544, 40.8275298 ], [ -4.9358032, 40.8276881 ], [ -4.9358067, 40.8278861 ], [ -4.9356881, 40.8282002 ], [ -4.9356567, 40.8283295 ], [ -4.9356358, 40.8285908 ], [ -4.9356986, 40.8287571 ], [ -4.9357021, 40.8290026 ], [ -4.9357195, 40.8290686 ], [ -4.9360753, 40.8294698 ], [ -4.9362184, 40.829607 ], [ -4.9363474, 40.829644 ], [ -4.9377323, 40.8296367 ] ] ] } },
{ "type": "Feature", "properties": { "stop_id": "osm-way-786142531", "name": "Área de Servizo O Rei das Tartas" }, "geometry": { "type": "Polygon", "coordinates": [ [ [ -7.4274284, 43.38008 ], [ -7.4263005, 43.380273 ], [ -7.4262944, 43.3801955 ], [ -7.4262602, 43.3797585 ], [ -7.426216, 43.3791949 ], [ -7.4273345, 43.3793158 ], [ -7.4273291, 43.3797993 ], [ -7.4273694, 43.3799552 ], [ -7.4274284, 43.38008 ] ] ] } },
{ "type": "Feature", "properties": { "stop_id": "osm-way-788505778", "name": null }, "geometry": { "type": "Polygon", "coordinates": [ [ [ -3.6966353, 40.3831649 ], [ -3.6960989, 40.3831976 ], [ -3.696006, 40.3832033 ], [ -3.6959479, 40.3832069 ], [ -3.6959119, 40.3828656 ], [ -3.6959022, 40.3827736 ], [ -3.6961863, 40.3827563 ], [ -3.6965897, 40.3827316 ], [ -3.6966353, 40.3831649 ] ] ] } },
{ "type": "Feature", "properties": { "stop_id": "osm-way-791575180", "name": null }, "geometry": { "type": "Polygon", "coordinates": [ [ [ -3.1537109, 40.1202243 ], [ -3.1527969, 40.1207435 ], [ -3.1525532, 40.1204047 ], [ -3.1524906, 40.1202574 ], [ -3.1524723, 40.1200122 ], [ -3.1535713, 40.1200262 ], [ -3.1537109, 40.1202243 ] ] ] } },
{ "type": "Feature", "properties": { "stop_id": "osm-way-791799085", "name": null }, "geometry": { "type": "Polygon", "coordinates": [ [ [ -2.8178659, 42.2028922 ], [ -2.8178436, 42.2029207 ], [ -2.817766, 42.2029937 ], [ -2.8177302, 42.2030017 ], [ -2.8177039, 42.2029967 ], [ -2.8176829, 42.2029797 ], [ -2.8176262, 42.2028732 ], [ -2.8176755, 42.2029172 ], [ -2.8177154, 42.2029307 ], [ -2.8177599, 42.2029327 ], [ -2.8178193, 42.2029177 ], [ -2.8178659, 42.2028922 ] ] ] } },
{ "type": "Feature", "properties": { "stop_id": "osm-way-791799086", "name": null }, "geometry": { "type": "Polygon", "coordinates": [ [ [ -2.8225422, 42.2050906 ], [ -2.8223576, 42.2051403 ], [ -2.8222852, 42.2051396 ], [ -2.8222223, 42.2051139 ], [ -2.82213, 42.2050246 ], [ -2.8220744, 42.2049329 ], [ -2.8222003, 42.2050222 ], [ -2.8223114, 42.2050673 ], [ -2.8224174, 42.2050875 ], [ -2.8225422, 42.2050906 ] ] ] } },
{ "type": "Feature", "properties": { "stop_id": "osm-way-792347117", "name": null }, "geometry": { "type": "Polygon", "coordinates": [ [ [ -3.3769947, 40.2574031 ], [ -3.3766306, 40.2573441 ], [ -3.3756264, 40.2570851 ], [ -3.3755996, 40.2563293 ], [ -3.3757395, 40.2561165 ], [ -3.3762446, 40.2561218 ], [ -3.3779821, 40.2567382 ], [ -3.3776864, 40.2571699 ], [ -3.3775752, 40.2572252 ], [ -3.377481, 40.2572335 ], [ -3.3773698, 40.2573592 ], [ -3.3769947, 40.2574031 ] ] ] } },
{ "type": "Feature", "properties": { "stop_id": "osm-way-792507046", "name": null }, "geometry": { "type": "Polygon", "coordinates": [ [ [ -2.97162, 42.2777913 ], [ -2.9716495, 42.2778787 ], [ -2.971644, 42.27798 ], [ -2.9716014, 42.2780553 ], [ -2.9715116, 42.2781088 ], [ -2.9714065, 42.2781404 ], [ -2.9713079, 42.2781461 ], [ -2.9712313, 42.278138 ], [ -2.9711207, 42.2781023 ], [ -2.9712324, 42.2781064 ], [ -2.9713605, 42.278091 ], [ -2.9714678, 42.2780497 ], [ -2.9715379, 42.2780067 ], [ -2.9715784, 42.2779492 ], [ -2.9715926, 42.2778901 ], [ -2.9715981, 42.2778075 ], [ -2.9715915, 42.2777386 ], [ -2.97162, 42.2777913 ] ] ] } },
{ "type": "Feature", "properties": { "stop_id": "osm-way-792707790", "name": null }, "geometry": { "type": "Polygon", "coordinates": [ [ [ -2.422842, 42.3499503 ], [ -2.4229628, 42.3500761 ], [ -2.422922, 42.3501213 ], [ -2.4228412, 42.3501767 ], [ -2.4228616, 42.3501106 ], [ -2.4228633, 42.3500572 ], [ -2.422842, 42.3499503 ] ] ] } },
{ "type": "Feature", "properties": { "stop_id": "osm-way-793090249", "name": null }, "geometry": { "type": "Polygon", "coordinates": [ [ [ -2.6020297, 42.3656539 ], [ -2.6019211, 42.3655648 ], [ -2.6018956, 42.3655013 ], [ -2.6019117, 42.3654369 ], [ -2.6019815, 42.3653606 ], [ -2.6020968, 42.3652962 ], [ -2.60207, 42.3653666 ], [ -2.6020525, 42.3654885 ], [ -2.6020512, 42.3656678 ], [ -2.6020297, 42.3656539 ] ] ] } },
{ "type": "Feature", "properties": { "stop_id": "osm-way-793833388", "name": null }, "geometry": { "type": "Polygon", "coordinates": [ [ [ -2.5286489, 42.0664597 ], [ -2.5286967, 42.0664043 ], [ -2.528713, 42.0663757 ], [ -2.5287165, 42.0663298 ], [ -2.5286932, 42.066296 ], [ -2.5286699, 42.0662874 ], [ -2.5286489, 42.0664597 ] ] ] } },
{ "type": "Feature", "properties": { "stop_id": "osm-way-793833389", "name": null }, "geometry": { "type": "Polygon", "coordinates": [ [ [ -2.5285008, 42.0668778 ], [ -2.5284646, 42.0667471 ], [ -2.5284553, 42.066683 ], [ -2.5284704, 42.0666068 ], [ -2.5285462, 42.0665229 ], [ -2.5285008, 42.0668778 ] ] ] } },
{ "type": "Feature", "properties": { "stop_id": "osm-way-793833390", "name": null }, "geometry": { "type": "Polygon", "coordinates": [ [ [ -2.5286827, 42.0676673 ], [ -2.5286209, 42.067437 ], [ -2.5285894, 42.0672154 ], [ -2.5285859, 42.066986 ], [ -2.5286034, 42.066786 ], [ -2.5286255, 42.0665921 ], [ -2.5286524, 42.0666363 ], [ -2.5286699, 42.066722 ], [ -2.5286524, 42.0670778 ], [ -2.5286419, 42.0671756 ], [ -2.5286664, 42.0673583 ], [ -2.528685, 42.0675816 ], [ -2.5286827, 42.0676673 ] ] ] } },
{ "type": "Feature", "properties": { "stop_id": "osm-way-793833397", "name": null }, "geometry": { "type": "Polygon", "coordinates": [ [ [ -2.6237368, 42.0989394 ], [ -2.6235832, 42.0988895 ], [ -2.623452, 42.0988165 ], [ -2.6233174, 42.0986257 ], [ -2.6232484, 42.0984861 ], [ -2.6237368, 42.0989394 ] ] ] } },
{ "type": "Feature", "properties": { "stop_id": "osm-way-797025400", "name": null }, "geometry": { "type": "Polygon", "coordinates": [ [ [ -5.7870075, 40.3926217 ], [ -5.7870747, 40.3928105 ], [ -5.7874098, 40.3927442 ], [ -5.7873471, 40.39256 ], [ -5.7870075, 40.3926217 ] ] ] } },
{ "type": "Feature", "properties": { "stop_id": "osm-way-797025402", "name": null }, "geometry": { "type": "Polygon", "coordinates": [ [ [ -5.7868982, 40.3928474 ], [ -5.7868346, 40.3926463 ], [ -5.7865734, 40.3926942 ], [ -5.7866054, 40.3927954 ], [ -5.7868982, 40.3928474 ] ] ] } },
{ "type": "Feature", "properties": { "stop_id": "osm-way-797528970", "name": null }, "geometry": { "type": "Polygon", "coordinates": [ [ [ -4.0071919, 40.7917804 ], [ -4.0070337, 40.7917041 ], [ -4.0069118, 40.7916101 ], [ -4.0063822, 40.7910893 ], [ -4.0062627, 40.7909536 ], [ -4.0061104, 40.7907443 ], [ -4.0063201, 40.7909217 ], [ -4.0071919, 40.7917804 ] ] ] } },
{ "type": "Feature", "properties": { "stop_id": "osm-way-797528971", "name": null }, "geometry": { "type": "Polygon", "coordinates": [ [ [ -4.0080359, 40.7937104 ], [ -4.0081096, 40.793588 ], [ -4.008176, 40.7934436 ], [ -4.0082135, 40.7933015 ], [ -4.0082265, 40.7932031 ], [ -4.008215, 40.7930566 ], [ -4.0081803, 40.7929133 ], [ -4.008124, 40.7927679 ], [ -4.0081587, 40.7929942 ], [ -4.0081702, 40.7931714 ], [ -4.0081457, 40.7933179 ], [ -4.0080749, 40.7935224 ], [ -4.008046, 40.793612 ], [ -4.0080359, 40.7937104 ] ] ] } },
{ "type": "Feature", "properties": { "stop_id": "osm-way-798535764", "name": null }, "geometry": { "type": "Polygon", "coordinates": [ [ [ -4.7417311, 40.4905437 ], [ -4.7416909, 40.4903734 ], [ -4.7416896, 40.4902143 ], [ -4.7417352, 40.490099 ], [ -4.7418036, 40.4900022 ], [ -4.7418626, 40.4899624 ], [ -4.7419471, 40.4899175 ], [ -4.7418813, 40.4900379 ], [ -4.7418478, 40.4901347 ], [ -4.7418223, 40.490299 ], [ -4.7418022, 40.4903948 ], [ -4.7417606, 40.4904948 ], [ -4.7417311, 40.4905437 ] ] ] } },
{ "type": "Feature", "properties": { "stop_id": "osm-way-799222807", "name": null }, "geometry": { "type": "Polygon", "coordinates": [ [ [ -4.4444083, 40.3007594 ], [ -4.4438343, 40.3008985 ], [ -4.4437967, 40.3008913 ], [ -4.4437592, 40.3008663 ], [ -4.4437189, 40.3007584 ], [ -4.4437672, 40.3006454 ], [ -4.4439932, 40.3006464 ], [ -4.4441997, 40.3005738 ], [ -4.4442064, 40.3005998 ], [ -4.444189, 40.3006167 ], [ -4.4442064, 40.3006551 ], [ -4.4442916, 40.3006786 ], [ -4.4444083, 40.3007594 ] ] ] } },
{ "type": "Feature", "properties": { "stop_id": "osm-way-800784001", "name": null }, "geometry": { "type": "Polygon", "coordinates": [ [ [ -5.207804, 40.3101127 ], [ -5.2077114, 40.3101035 ], [ -5.2074587, 40.3101056 ], [ -5.207542, 40.3100682 ], [ -5.2076281, 40.3100597 ], [ -5.2077364, 40.3100689 ], [ -5.2078225, 40.3100957 ], [ -5.2078429, 40.3101141 ], [ -5.207804, 40.3101127 ] ] ] } },
{ "type": "Feature", "properties": { "stop_id": "osm-way-800784005", "name": null }, "geometry": { "type": "Polygon", "coordinates": [ [ [ -5.237751, 40.3355077 ], [ -5.2376722, 40.3354893 ], [ -5.237532, 40.3354077 ], [ -5.2374714, 40.3353407 ], [ -5.2377959, 40.335514 ], [ -5.237751, 40.3355077 ] ] ] } },
{ "type": "Feature", "properties": { "stop_id": "osm-way-802160965", "name": null }, "geometry": { "type": "Polygon", "coordinates": [ [ [ -3.9670079, 40.6858432 ], [ -3.9668644, 40.6854312 ], [ -3.9668041, 40.6853429 ], [ -3.9666578, 40.6852738 ], [ -3.9662692, 40.685583 ], [ -3.9662805, 40.6855899 ], [ -3.966476, 40.6855861 ], [ -3.9666486, 40.6856412 ], [ -3.9668768, 40.6858247 ], [ -3.966914, 40.6858202 ], [ -3.9669509, 40.6858498 ], [ -3.9670079, 40.6858432 ] ] ] } },
{ "type": "Feature", "properties": { "stop_id": "osm-way-804213080", "name": null }, "geometry": { "type": "Polygon", "coordinates": [ [ [ -4.9561217, 40.2503119 ], [ -4.955929, 40.2503948 ], [ -4.955896, 40.2503996 ], [ -4.9558599, 40.2503972 ], [ -4.9556587, 40.2503298 ], [ -4.9561217, 40.2503119 ] ] ] } },
{ "type": "Feature", "properties": { "stop_id": "osm-way-807511483", "name": null }, "geometry": { "type": "Polygon", "coordinates": [ [ [ -4.0159637, 40.6368872 ], [ -4.0160099, 40.6368507 ], [ -4.0160885, 40.6367145 ], [ -4.0160875, 40.6366362 ], [ -4.0160591, 40.6365347 ], [ -4.0157461, 40.6364471 ], [ -4.01562, 40.6363526 ], [ -4.01554, 40.6363333 ], [ -4.0154461, 40.6365154 ], [ -4.0159637, 40.6368872 ] ] ] } },
{ "type": "Feature", "properties": { "stop_id": "osm-way-808074824", "name": null }, "geometry": { "type": "Polygon", "coordinates": [ [ [ -1.5033635, 43.2294552 ], [ -1.5029341, 43.2295338 ], [ -1.5029105, 43.2295474 ], [ -1.502902, 43.2295702 ], [ -1.5029206, 43.2295942 ], [ -1.5029595, 43.2296188 ], [ -1.5033878, 43.229492 ], [ -1.5033635, 43.2294552 ] ] ] } },
{ "type": "Feature", "properties": { "stop_id": "osm-way-808159901", "name": null }, "geometry": { "type": "Polygon", "coordinates": [ [ [ -1.4432924, 43.2068782 ], [ -1.4432115, 43.206931 ], [ -1.4430795, 43.2069752 ], [ -1.4429369, 43.2070086 ], [ -1.4428134, 43.207021 ], [ -1.4432924, 43.2068782 ] ] ] } },
{ "type": "Feature", "properties": { "stop_id": "osm-way-808159902", "name": null }, "geometry": { "type": "Polygon", "coordinates": [ [ [ -1.4499718, 43.2006539 ], [ -1.4498332, 43.2006607 ], [ -1.4497183, 43.2006607 ], [ -1.4496152, 43.2006483 ], [ -1.4495139, 43.2006231 ], [ -1.4494404, 43.2005923 ], [ -1.4498172, 43.200636 ], [ -1.4499718, 43.2006539 ] ] ] } },
{ "type": "Feature", "properties": { "stop_id": "osm-way-809281483", "name": null }, "geometry": { "type": "Polygon", "coordinates": [ [ [ -1.4859237, 43.2390548 ], [ -1.4858553, 43.2391789 ], [ -1.4857802, 43.2392346 ], [ -1.485697, 43.239258 ], [ -1.4855804, 43.239257 ], [ -1.4854449, 43.2392277 ], [ -1.485351, 43.2391525 ], [ -1.4854784, 43.2391828 ], [ -1.4856018, 43.2391838 ], [ -1.4857265, 43.2391544 ], [ -1.4858271, 43.2391163 ], [ -1.4859237, 43.2390548 ] ] ] } },
{ "type": "Feature", "properties": { "stop_id": "osm-way-812917067", "name": null }, "geometry": { "type": "Polygon", "coordinates": [ [ [ -2.5159481, 39.6780683 ], [ -2.5158952, 39.6779608 ], [ -2.5158475, 39.6778864 ], [ -2.5150161, 39.6781299 ], [ -2.5145574, 39.6782455 ], [ -2.5142892, 39.6783467 ], [ -2.5138788, 39.6785222 ], [ -2.5139771, 39.6785713 ], [ -2.5144198, 39.6785576 ], [ -2.514551, 39.6785117 ], [ -2.5147144, 39.6785174 ], [ -2.5147813, 39.6785448 ], [ -2.5148273, 39.6785261 ], [ -2.5148984, 39.6784991 ], [ -2.5149116, 39.6784941 ], [ -2.5151975, 39.6783912 ], [ -2.5155773, 39.6782647 ], [ -2.5155425, 39.6782035 ], [ -2.5159481, 39.6780683 ] ] ] } },
{ "type": "Feature", "properties": { "stop_id": "osm-way-813964011", "name": null }, "geometry": { "type": "Polygon", "coordinates": [ [ [ -4.460968, 40.7976915 ], [ -4.4606495, 40.7975897 ], [ -4.4605433, 40.7976781 ], [ -4.4601788, 40.7975763 ], [ -4.4603274, 40.7972334 ], [ -4.4602496, 40.7971905 ], [ -4.4603097, 40.7970914 ], [ -4.4606531, 40.7971718 ], [ -4.4612016, 40.7973513 ], [ -4.4614175, 40.7974102 ], [ -4.461283, 40.7976085 ], [ -4.4611344, 40.797571 ], [ -4.4610388, 40.7976219 ], [ -4.4610176, 40.7976648 ], [ -4.460968, 40.7976915 ] ] ] } },
{ "type": "Feature", "properties": { "stop_id": "osm-way-814641648", "name": null }, "geometry": { "type": "Polygon", "coordinates": [ [ [ -6.1302663, 42.5179549 ], [ -6.130556, 42.5178521 ], [ -6.1304949, 42.5176466 ], [ -6.130395, 42.5173104 ], [ -6.1303897, 42.5172194 ], [ -6.1303468, 42.5171641 ], [ -6.1301161, 42.5171127 ], [ -6.1299605, 42.5170217 ], [ -6.1298371, 42.5168478 ], [ -6.1296387, 42.5166619 ], [ -6.1292578, 42.5165552 ], [ -6.1289145, 42.5164365 ], [ -6.1287106, 42.5163891 ], [ -6.1286248, 42.5164405 ], [ -6.1290968, 42.5169308 ], [ -6.1298157, 42.5176346 ], [ -6.130041, 42.5177295 ], [ -6.1302663, 42.5179549 ] ] ] } },
{ "type": "Feature", "properties": { "stop_id": "osm-way-814641649", "name": null }, "geometry": { "type": "Polygon", "coordinates": [ [ [ -6.12907, 42.5174883 ], [ -6.1284356, 42.5170162 ], [ -6.1283607, 42.5169605 ], [ -6.1281249, 42.516766 ], [ -6.1280198, 42.5166438 ], [ -6.1279568, 42.5165389 ], [ -6.1280922, 42.5162428 ], [ -6.1282066, 42.5162755 ], [ -6.1282907, 42.5163581 ], [ -6.1289865, 42.5170431 ], [ -6.1289865, 42.5170991 ], [ -6.1292107, 42.5174063 ], [ -6.12907, 42.5174883 ] ] ] } },
{ "type": "Feature", "properties": { "stop_id": "osm-way-815062004", "name": null }, "geometry": { "type": "Polygon", "coordinates": [ [ [ -0.382013, 42.3603455 ], [ -0.381823, 42.3603923 ], [ -0.3816376, 42.3604486 ], [ -0.3814579, 42.3605141 ], [ -0.3812845, 42.3605884 ], [ -0.3811184, 42.3606713 ], [ -0.3809603, 42.3607623 ], [ -0.380811, 42.360861 ], [ -0.380671, 42.360967 ], [ -0.380464, 42.3611169 ], [ -0.3802976, 42.3612223 ], [ -0.3805872, 42.361185 ], [ -0.3809452, 42.3611465 ], [ -0.3810996, 42.3611367 ], [ -0.3811486, 42.3611268 ], [ -0.3812006, 42.3611026 ], [ -0.3813625, 42.3609984 ], [ -0.381566, 42.3608919 ], [ -0.3818021, 42.3607899 ], [ -0.3818894, 42.360752 ], [ -0.3819113, 42.3607391 ], [ -0.3819328, 42.3607188 ], [ -0.381948, 42.3606941 ], [ -0.382068, 42.3605045 ], [ -0.3821304, 42.3604255 ], [ -0.3821779, 42.3603794 ], [ -0.3822269, 42.360341 ], [ -0.3822685, 42.3603092 ], [ -0.3823294, 42.3602719 ], [ -0.382013, 42.3603455 ] ] ] } },
{ "type": "Feature", "properties": { "stop_id": "osm-way-815896140", "name": null }, "geometry": { "type": "Polygon", "coordinates": [ [ [ -2.6578775, 42.8368187 ], [ -2.6574113, 42.8371402 ], [ -2.6582817, 42.8375158 ], [ -2.6583857, 42.8372057 ], [ -2.6578775, 42.8368187 ] ] ] } },
{ "type": "Feature", "properties": { "stop_id": "osm-way-817666828", "name": "Área 62" }, "geometry": { "type": "Polygon", "coordinates": [ [ [ 0.0540667, 42.0254103 ], [ 0.0541151, 42.0253547 ], [ 0.0541559, 42.0252729 ], [ 0.0541741, 42.0252308 ], [ 0.0541843, 42.0251928 ], [ 0.0541741, 42.0250386 ], [ 0.054157, 42.0249973 ], [ 0.0541128, 42.0249316 ], [ 0.0539789, 42.0247521 ], [ 0.0539438, 42.0247158 ], [ 0.0538848, 42.0246804 ], [ 0.0537747, 42.0246375 ], [ 0.0536431, 42.0245844 ], [ 0.0534798, 42.0245127 ], [ 0.0534071, 42.0244782 ], [ 0.0533448, 42.0244352 ], [ 0.0532846, 42.024383 ], [ 0.0532687, 42.0243071 ], [ 0.0532824, 42.0240846 ], [ 0.0533107, 42.0239523 ], [ 0.0533777, 42.0238419 ], [ 0.0529715, 42.0238385 ], [ 0.0529511, 42.0238866 ], [ 0.0529159, 42.0239439 ], [ 0.0528478, 42.0240273 ], [ 0.0527639, 42.0241065 ], [ 0.052655, 42.0242051 ], [ 0.0525381, 42.0242877 ], [ 0.05252, 42.0243096 ], [ 0.0525098, 42.0243459 ], [ 0.0525052, 42.0244099 ], [ 0.0525109, 42.024517 ], [ 0.0525302, 42.0246172 ], [ 0.0525869, 42.0248431 ], [ 0.0526459, 42.0250142 ], [ 0.0526947, 42.0251195 ], [ 0.0527537, 42.0252198 ], [ 0.0528304, 42.0253212 ], [ 0.0528652, 42.0253153 ], [ 0.0528911, 42.0253109 ], [ 0.0529628, 42.0254512 ], [ 0.0529807, 42.0254809 ], [ 0.0530055, 42.0255045 ], [ 0.0530427, 42.0255208 ], [ 0.0530937, 42.025526 ], [ 0.0531419, 42.0255239 ], [ 0.0532467, 42.0255045 ], [ 0.0533059, 42.0256324 ], [ 0.0531943, 42.0256744 ], [ 0.0531598, 42.0256959 ], [ 0.0531323, 42.0257287 ], [ 0.053124, 42.0257573 ], [ 0.0531212, 42.0257993 ], [ 0.0531281, 42.02583 ], [ 0.0532591, 42.0261617 ], [ 0.0534245, 42.0261832 ], [ 0.0535113, 42.0261863 ], [ 0.0536147, 42.0261843 ], [ 0.0537084, 42.0261699 ], [ 0.0538035, 42.0261443 ], [ 0.0539041, 42.0261003 ], [ 0.0540171, 42.0260358 ], [ 0.0541467, 42.0259508 ], [ 0.0542859, 42.0258556 ], [ 0.0543134, 42.0258259 ], [ 0.0541522, 42.0257696 ], [ 0.0540957, 42.025741 ], [ 0.0540529, 42.0257061 ], [ 0.0540199, 42.0256601 ], [ 0.0540019, 42.0256109 ], [ 0.0539978, 42.0255628 ], [ 0.0540088, 42.0255065 ], [ 0.0540295, 42.0254594 ], [ 0.0540667, 42.0254103 ] ] ] } },
{ "type": "Feature", "properties": { "stop_id": "osm-way-817814797", "name": null }, "geometry": { "type": "Polygon", "coordinates": [ [ [ -4.0082167, 40.635609 ], [ -4.0084326, 40.6355499 ], [ -4.0087426, 40.6355129 ], [ -4.009029, 40.6355041 ], [ -4.0093003, 40.6355163 ], [ -4.0103973, 40.6356395 ], [ -4.0103739, 40.6357509 ], [ -4.0102988, 40.6359926 ], [ -4.0101821, 40.6360074 ], [ -4.0099769, 40.6359672 ], [ -4.0098059, 40.6359616 ], [ -4.0097623, 40.635758 ], [ -4.009688, 40.6357129 ], [ -4.0085533, 40.6355927 ], [ -4.0082422, 40.6356639 ], [ -4.0082167, 40.635609 ] ] ] } },
{ "type": "Feature", "properties": { "stop_id": "osm-way-818509550", "name": null }, "geometry": { "type": "Polygon", "coordinates": [ [ [ -2.709699, 42.8524953 ], [ -2.7096427, 42.8524353 ], [ -2.7098433, 42.8518266 ], [ -2.7101731, 42.8519356 ], [ -2.710454, 42.8520273 ], [ -2.7105264, 42.8520666 ], [ -2.7100262, 42.8530046 ], [ -2.7099731, 42.8529678 ], [ -2.7098901, 42.8529117 ], [ -2.7098358, 42.8528728 ], [ -2.7097942, 42.8528217 ], [ -2.7097794, 42.8527883 ], [ -2.7097781, 42.8527234 ], [ -2.7097741, 42.8526497 ], [ -2.7097694, 42.8526372 ], [ -2.7097406, 42.8525602 ], [ -2.7097019, 42.8524999 ], [ -2.709699, 42.8524953 ] ] ] } },
{ "type": "Feature", "properties": { "stop_id": "osm-way-818837556", "name": null }, "geometry": { "type": "Polygon", "coordinates": [ [ [ -2.722243, 42.8575029 ], [ -2.7222041, 42.8575707 ], [ -2.7221894, 42.8575614 ], [ -2.7221357, 42.8575535 ], [ -2.7221022, 42.8575579 ], [ -2.7220673, 42.8575732 ], [ -2.7220371, 42.8576091 ], [ -2.7220968, 42.8576184 ], [ -2.7220519, 42.8577619 ], [ -2.7214155, 42.8576597 ], [ -2.7214222, 42.8576273 ], [ -2.7213512, 42.8576155 ], [ -2.7213049, 42.8576351 ], [ -2.7212881, 42.8576931 ], [ -2.7211944, 42.8576768 ], [ -2.7212972, 42.8573219 ], [ -2.7214658, 42.8573515 ], [ -2.7214712, 42.8573392 ], [ -2.7221029, 42.8574429 ], [ -2.7221002, 42.8574567 ], [ -2.722243, 42.8575029 ] ] ] } },
{ "type": "Feature", "properties": { "stop_id": "osm-way-821774507", "name": null }, "geometry": { "type": "Polygon", "coordinates": [ [ [ -4.4235774, 40.7783722 ], [ -4.4231038, 40.7783909 ], [ -4.4229536, 40.7784171 ], [ -4.4228579, 40.7783888 ], [ -4.4231077, 40.7777894 ], [ -4.4232151, 40.7777877 ], [ -4.4232992, 40.7777558 ], [ -4.4234027, 40.7777169 ], [ -4.4235155, 40.7779054 ], [ -4.4237089, 40.7780834 ], [ -4.4240014, 40.7783285 ], [ -4.4239192, 40.7783643 ], [ -4.4237074, 40.7783513 ], [ -4.4235774, 40.7783722 ] ] ] } },
{ "type": "Feature", "properties": { "stop_id": "osm-way-823554588", "name": null }, "geometry": { "type": "Polygon", "coordinates": [ [ [ 0.2866761, 41.5127911 ], [ 0.2866761, 41.5127092 ], [ 0.2871289, 41.512713 ], [ 0.2874291, 41.512713 ], [ 0.2875512, 41.5126654 ], [ 0.2877217, 41.5126482 ], [ 0.287831, 41.5126558 ], [ 0.2878768, 41.5126882 ], [ 0.2878616, 41.5127968 ], [ 0.2866761, 41.5127911 ] ] ] } },
{ "type": "Feature", "properties": { "stop_id": "osm-way-825371214", "name": "Complejo Leo" }, "geometry": { "type": "Polygon", "coordinates": [ [ [ -6.2208774, 38.0279705 ], [ -6.2206808, 38.027699 ], [ -6.2204162, 38.0273663 ], [ -6.2202682, 38.0272077 ], [ -6.2201663, 38.0271293 ], [ -6.2200109, 38.0270891 ], [ -6.2197828, 38.027091 ], [ -6.2197124, 38.0271044 ], [ -6.2192804, 38.027156 ], [ -6.2187683, 38.0273128 ], [ -6.2181421, 38.0276302 ], [ -6.2179237, 38.0277716 ], [ -6.2178509, 38.0278194 ], [ -6.2178824, 38.0279227 ], [ -6.2179892, 38.0280202 ], [ -6.2182659, 38.0282745 ], [ -6.2182901, 38.0284905 ], [ -6.2187416, 38.0289551 ], [ -6.2199745, 38.0296529 ], [ -6.2211759, 38.0300945 ], [ -6.2212487, 38.0296815 ], [ -6.2212584, 38.0295209 ], [ -6.2211201, 38.029368 ], [ -6.2208774, 38.0292304 ], [ -6.2208386, 38.0289321 ], [ -6.2209526, 38.0287295 ], [ -6.2209599, 38.0283146 ], [ -6.2209502, 38.0281789 ], [ -6.2208774, 38.0279705 ] ] ] } },
{ "type": "Feature", "properties": { "stop_id": "osm-way-827861699", "name": null }, "geometry": { "type": "Polygon", "coordinates": [ [ [ -2.2024087, 37.9984509 ], [ -2.2024114, 37.9984253 ], [ -2.202184, 37.998421 ], [ -2.2021785, 37.9984573 ], [ -2.2016669, 37.9984402 ], [ -2.2016615, 37.9984103 ], [ -2.2010849, 37.9983997 ], [ -2.2011742, 37.9984701 ], [ -2.2013772, 37.998613 ], [ -2.2016398, 37.9986045 ], [ -2.2016615, 37.9986343 ], [ -2.2018266, 37.9986365 ], [ -2.201832, 37.9984765 ], [ -2.2020892, 37.9984765 ], [ -2.2020973, 37.9985831 ], [ -2.2024087, 37.9984509 ] ] ] } },
{ "type": "Feature", "properties": { "stop_id": "osm-way-828175511", "name": null }, "geometry": { "type": "Polygon", "coordinates": [ [ [ -2.1097291, 38.0010847 ], [ -2.1094465, 38.0011071 ], [ -2.1094242, 38.0010543 ], [ -2.109351, 38.0010431 ], [ -2.1090298, 38.0010671 ], [ -2.1089993, 38.0010751 ], [ -2.1089932, 38.0011424 ], [ -2.1084403, 38.001176 ], [ -2.1084261, 38.0011664 ], [ -2.1085684, 38.0010863 ], [ -2.1086314, 38.0010383 ], [ -2.1086924, 38.0010142 ], [ -2.1088225, 38.0010303 ], [ -2.108914, 38.0010479 ], [ -2.1089892, 38.000971 ], [ -2.1090237, 38.0009037 ], [ -2.1090725, 38.0008765 ], [ -2.1090949, 38.0010367 ], [ -2.1092981, 38.001019 ], [ -2.1092819, 38.0008637 ], [ -2.1096091, 38.0010271 ], [ -2.1096762, 38.0010351 ], [ -2.1097108, 38.0010367 ], [ -2.1097291, 38.0010847 ] ] ] } },
{ "type": "Feature", "properties": { "stop_id": "osm-way-828175512", "name": null }, "geometry": { "type": "Polygon", "coordinates": [ [ [ -2.1094913, 38.0013522 ], [ -2.1088591, 38.0013939 ], [ -2.1088225, 38.001357 ], [ -2.1088387, 38.0013074 ], [ -2.1088794, 38.0012641 ], [ -2.1089363, 38.0012529 ], [ -2.1090522, 38.0012625 ], [ -2.1090786, 38.0012545 ], [ -2.1089993, 38.0012081 ], [ -2.1091477, 38.0011952 ], [ -2.1092311, 38.0012529 ], [ -2.1092697, 38.0012833 ], [ -2.1093266, 38.0012865 ], [ -2.1093896, 38.0012833 ], [ -2.1094343, 38.0012465 ], [ -2.1094506, 38.0011888 ], [ -2.1095258, 38.0011824 ], [ -2.1095461, 38.0012353 ], [ -2.1096193, 38.0012032 ], [ -2.1096539, 38.0011952 ], [ -2.1097128, 38.0012513 ], [ -2.1097169, 38.0013378 ], [ -2.1096884, 38.0013442 ], [ -2.1096173, 38.0013586 ], [ -2.1096213, 38.0014099 ], [ -2.1096295, 38.0015396 ], [ -2.1096031, 38.0015765 ], [ -2.1095177, 38.0015797 ], [ -2.1095217, 38.0014932 ], [ -2.1095095, 38.0013586 ], [ -2.1094913, 38.0013522 ] ] ] } },
{ "type": "Feature", "properties": { "stop_id": "osm-way-828175584", "name": null }, "geometry": { "type": "Polygon", "coordinates": [ [ [ -2.2059923, 37.9987322 ], [ -2.2061277, 37.9985261 ], [ -2.2045679, 37.9984893 ], [ -2.2045913, 37.9989457 ], [ -2.2046286, 37.9991517 ], [ -2.204666, 37.9991775 ], [ -2.2051377, 37.9992033 ], [ -2.2051423, 37.9990671 ], [ -2.2051517, 37.9989714 ], [ -2.2050443, 37.9989125 ], [ -2.2050583, 37.9987764 ], [ -2.2051517, 37.9987727 ], [ -2.205175, 37.9987249 ], [ -2.2059923, 37.9987322 ] ] ] } },
{ "type": "Feature", "properties": { "stop_id": "osm-way-829960559", "name": "Área de Servicio La Montaña" }, "geometry": { "type": "Polygon", "coordinates": [ [ [ -4.2921341, 42.7180051 ], [ -4.2920868, 42.7183851 ], [ -4.292045, 42.7189367 ], [ -4.2908476, 42.7187305 ], [ -4.290811, 42.717674 ], [ -4.2911707, 42.7176916 ], [ -4.2921827, 42.7177954 ], [ -4.2921341, 42.7180051 ] ] ] } },
{ "type": "Feature", "properties": { "stop_id": "osm-way-831363346", "name": null }, "geometry": { "type": "Polygon", "coordinates": [ [ [ -2.7164793, 42.857625 ], [ -2.7169258, 42.857698 ], [ -2.7170657, 42.8572301 ], [ -2.7168931, 42.8571995 ], [ -2.7168082, 42.8571845 ], [ -2.7164979, 42.8571336 ], [ -2.716172, 42.8570799 ], [ -2.7160679, 42.8570628 ], [ -2.7159971, 42.8570511 ], [ -2.7157617, 42.8570124 ], [ -2.7156535, 42.8569946 ], [ -2.7157564, 42.8570677 ], [ -2.7161182, 42.8573245 ], [ -2.7165147, 42.8573896 ], [ -2.7165467, 42.8573948 ], [ -2.7164793, 42.857625 ] ] ] } },
{ "type": "Feature", "properties": { "stop_id": "osm-way-832636847", "name": "Área de descanso de ciclistas" }, "geometry": { "type": "Polygon", "coordinates": [ [ [ -3.4001162, 38.0158098 ], [ -3.4001442, 38.0158843 ], [ -3.4000519, 38.0159459 ], [ -3.3999235, 38.0158981 ], [ -3.3999744, 38.0158748 ], [ -3.4001162, 38.0158098 ] ] ] } },
{ "type": "Feature", "properties": { "stop_id": "osm-way-832673166", "name": null }, "geometry": { "type": "Polygon", "coordinates": [ [ [ -3.4596098, 43.1086035 ], [ -3.4594231, 43.1088054 ], [ -3.4591858, 43.1089887 ], [ -3.4589001, 43.1091603 ], [ -3.4585937, 43.1092965 ], [ -3.45802, 43.109453 ], [ -3.4579808, 43.1096195 ], [ -3.4584324, 43.1096851 ], [ -3.4588287, 43.1096498 ], [ -3.4591743, 43.1095623 ], [ -3.4593978, 43.1094462 ], [ -3.4595568, 43.1092293 ], [ -3.4596858, 43.1089248 ], [ -3.4597641, 43.1086187 ], [ -3.4596098, 43.1086035 ] ] ] } },
{ "type": "Feature", "properties": { "stop_id": "osm-way-832673185", "name": null }, "geometry": { "type": "Polygon", "coordinates": [ [ [ -3.452547, 43.1385965 ], [ -3.4523054, 43.1392493 ], [ -3.4523911, 43.1392028 ], [ -3.4524769, 43.1391261 ], [ -3.4525175, 43.1390548 ], [ -3.4525479, 43.138968 ], [ -3.4525156, 43.1389 ], [ -3.4525249, 43.138826 ], [ -3.4525581, 43.1387371 ], [ -3.4525968, 43.1386584 ], [ -3.4525903, 43.1386261 ], [ -3.452547, 43.1385965 ] ] ] } },
{ "type": "Feature", "properties": { "stop_id": "osm-way-833274564", "name": null }, "geometry": { "type": "Polygon", "coordinates": [ [ [ -0.9386873, 38.728378 ], [ -0.9388649, 38.7291848 ], [ -0.9388396, 38.7296154 ], [ -0.9390186, 38.7302235 ], [ -0.9390682, 38.7304568 ], [ -0.939034, 38.7305983 ], [ -0.9390244, 38.7306894 ], [ -0.9389867, 38.7307818 ], [ -0.9389283, 38.7308674 ], [ -0.9388831, 38.7309119 ], [ -0.9388217, 38.730949 ], [ -0.9387471, 38.7309861 ], [ -0.9386689, 38.7309202 ], [ -0.9385265, 38.7306631 ], [ -0.938305, 38.730185 ], [ -0.9382196, 38.7299225 ], [ -0.9381781, 38.7297792 ], [ -0.9381409, 38.7296943 ], [ -0.938091, 38.7296099 ], [ -0.9380023, 38.7295111 ], [ -0.9378559, 38.7293149 ], [ -0.9373368, 38.7290957 ], [ -0.937768, 38.7289288 ], [ -0.9377459, 38.7288457 ], [ -0.9380731, 38.7286615 ], [ -0.9383145, 38.7284669 ], [ -0.9384406, 38.7283759 ], [ -0.9386873, 38.728378 ] ] ] } },
{ "type": "Feature", "properties": { "stop_id": "osm-way-833274566", "name": null }, "geometry": { "type": "Polygon", "coordinates": [ [ [ -0.9416941, 38.7288593 ], [ -0.9413964, 38.7288886 ], [ -0.9410369, 38.7292464 ], [ -0.940699, 38.7294389 ], [ -0.9406588, 38.7297234 ], [ -0.9407365, 38.7299536 ], [ -0.9409431, 38.7300185 ], [ -0.9414661, 38.7295665 ], [ -0.941737, 38.7291794 ], [ -0.9418067, 38.7289555 ], [ -0.9416941, 38.7288593 ] ] ] } },
{ "type": "Feature", "properties": { "stop_id": "osm-way-833274567", "name": "El Cruce" }, "geometry": { "type": "Polygon", "coordinates": [ [ [ -0.9402031, 38.7305796 ], [ -0.9401848, 38.7302855 ], [ -0.9400894, 38.730182 ], [ -0.9400769, 38.7300555 ], [ -0.9400528, 38.729909 ], [ -0.9399921, 38.7298082 ], [ -0.9397579, 38.7296329 ], [ -0.939602, 38.7295895 ], [ -0.9394553, 38.7296336 ], [ -0.9395148, 38.7299274 ], [ -0.9395295, 38.7301001 ], [ -0.9396784, 38.73071 ], [ -0.9397389, 38.730755 ], [ -0.9400284, 38.7307278 ], [ -0.9402031, 38.7305796 ] ] ] } },
{ "type": "Feature", "properties": { "stop_id": "osm-way-833279047", "name": null }, "geometry": { "type": "Polygon", "coordinates": [ [ [ -4.0753235, 39.9070303 ], [ -4.0753338, 39.9071089 ], [ -4.0753388, 39.9072375 ], [ -4.0753509, 39.9073126 ], [ -4.0753886, 39.9074136 ], [ -4.0754992, 39.907561 ], [ -4.0756535, 39.9076644 ], [ -4.0757584, 39.9077206 ], [ -4.0760798, 39.9076821 ], [ -4.0761322, 39.9078222 ], [ -4.0765415, 39.9077932 ], [ -4.076483, 39.9075634 ], [ -4.0764746, 39.9075279 ], [ -4.0762498, 39.9075495 ], [ -4.0757943, 39.9072096 ], [ -4.0757744, 39.9069854 ], [ -4.0757204, 39.9069444 ], [ -4.0756042, 39.9068626 ], [ -4.0753465, 39.9069561 ], [ -4.0753235, 39.9070303 ] ] ] } },
{ "type": "Feature", "properties": { "stop_id": "osm-way-833317749", "name": null }, "geometry": { "type": "Polygon", "coordinates": [ [ [ -1.4923264, 43.2184205 ], [ -1.4923882, 43.218587 ], [ -1.4928764, 43.2185204 ], [ -1.4930592, 43.2182944 ], [ -1.4930087, 43.2180648 ], [ -1.4927946, 43.2177248 ], [ -1.4925152, 43.217732 ], [ -1.492542, 43.2178288 ], [ -1.4925528, 43.217906 ], [ -1.4925487, 43.2180027 ], [ -1.4925286, 43.2181396 ], [ -1.4924441, 43.2182803 ], [ -1.4923264, 43.2184205 ] ] ] } },
{ "type": "Feature", "properties": { "stop_id": "osm-way-833537492", "name": "Shell" }, "geometry": { "type": "Polygon", "coordinates": [ [ [ -4.467938, 36.6996636 ], [ -4.4684922, 36.6996482 ], [ -4.4684801, 36.6996127 ], [ -4.4683718, 36.6992947 ], [ -4.4682517, 36.6992996 ], [ -4.4678774, 36.6993098 ], [ -4.4678226, 36.6993113 ], [ -4.4678252, 36.6993961 ], [ -4.4679033, 36.6995814 ], [ -4.467938, 36.6996636 ] ] ] } },
{ "type": "Feature", "properties": { "stop_id": "osm-way-835855905", "name": null }, "geometry": { "type": "Polygon", "coordinates": [ [ [ -6.95227, 37.2327061 ], [ -6.9523716, 37.2332564 ], [ -6.9524548, 37.2337068 ], [ -6.952178, 37.2337406 ], [ -6.9521923, 37.2338259 ], [ -6.9522017, 37.2338749 ], [ -6.9522248, 37.2340011 ], [ -6.9499523, 37.2342706 ], [ -6.9497377, 37.2331516 ], [ -6.9498973, 37.2329872 ], [ -6.95227, 37.2327061 ] ] ] } },
{ "type": "Feature", "properties": { "stop_id": "osm-way-836031345", "name": null }, "geometry": { "type": "Polygon", "coordinates": [ [ [ -4.385728, 43.3833159 ], [ -4.3857472, 43.3833066 ], [ -4.3857721, 43.383285 ], [ -4.3857408, 43.3832541 ], [ -4.3857079, 43.3831969 ], [ -4.385687, 43.3831561 ], [ -4.3856654, 43.3831077 ], [ -4.3856501, 43.3830674 ], [ -4.3856076, 43.3830091 ], [ -4.3855698, 43.38297 ], [ -4.3855161, 43.3829262 ], [ -4.3854719, 43.3828947 ], [ -4.3854253, 43.3828807 ], [ -4.3853627, 43.3828656 ], [ -4.3852897, 43.3828568 ], [ -4.3852391, 43.3828556 ], [ -4.3851829, 43.3828591 ], [ -4.385134, 43.3828691 ], [ -4.3850633, 43.3828854 ], [ -4.3850192, 43.3828988 ], [ -4.3849092, 43.3829315 ], [ -4.3848153, 43.3829618 ], [ -4.3846676, 43.3830219 ], [ -4.3845231, 43.3830808 ], [ -4.3844252, 43.3831281 ], [ -4.3843048, 43.3831841 ], [ -4.3842526, 43.3832232 ], [ -4.3843288, 43.3832103 ], [ -4.3844059, 43.3831899 ], [ -4.3844894, 43.383173 ], [ -4.3845697, 43.3831596 ], [ -4.3846363, 43.3831502 ], [ -4.3847463, 43.3831427 ], [ -4.3848281, 43.3831438 ], [ -4.3849742, 43.3831438 ], [ -4.3850786, 43.3831532 ], [ -4.3851974, 43.3831666 ], [ -4.3852817, 43.3831829 ], [ -4.3853708, 43.3832039 ], [ -4.3854856, 43.383236 ], [ -4.3855649, 43.3832579 ], [ -4.3855955, 43.3832663 ], [ -4.385728, 43.3833159 ] ] ] } },
{ "type": "Feature", "properties": { "stop_id": "osm-way-836219297", "name": null }, "geometry": { "type": "Polygon", "coordinates": [ [ [ -0.9573401, 38.7569133 ], [ -0.9571248, 38.7566121 ], [ -0.9569331, 38.7565101 ], [ -0.9564838, 38.7570033 ], [ -0.9562927, 38.7572125 ], [ -0.9562229, 38.7573672 ], [ -0.9562497, 38.7578305 ], [ -0.9571027, 38.7574561 ], [ -0.9576338, 38.7572197 ], [ -0.9574796, 38.75703 ], [ -0.9573401, 38.7569133 ] ] ] } },
{ "type": "Feature", "properties": { "stop_id": "osm-way-836232362", "name": null }, "geometry": { "type": "Polygon", "coordinates": [ [ [ -1.2714851, 38.5595216 ], [ -1.2710103, 38.5592866 ], [ -1.2698141, 38.5604821 ], [ -1.2699657, 38.5605818 ], [ -1.2702432, 38.5607778 ], [ -1.2704203, 38.5605933 ], [ -1.2708226, 38.5601298 ], [ -1.2714851, 38.5595216 ] ] ] } },
{ "type": "Feature", "properties": { "stop_id": "osm-way-837098354", "name": null }, "geometry": { "type": "Polygon", "coordinates": [ [ [ -5.8302198, 38.2156695 ], [ -5.8302151, 38.2156962 ], [ -5.8301106, 38.2156849 ], [ -5.8301153, 38.2156582 ], [ -5.8302198, 38.2156695 ] ] ] } },
{ "type": "Feature", "properties": { "stop_id": "osm-way-837201009", "name": null }, "geometry": { "type": "Polygon", "coordinates": [ [ [ -5.8757919, 38.1891749 ], [ -5.8757202, 38.1890816 ], [ -5.8758154, 38.1890536 ], [ -5.8759005, 38.1891654 ], [ -5.8757919, 38.1891749 ] ] ] } },
{ "type": "Feature", "properties": { "stop_id": "osm-way-837949855", "name": null }, "geometry": { "type": "Polygon", "coordinates": [ [ [ -4.3878205, 37.3553069 ], [ -4.3878986, 37.3553441 ], [ -4.3881914, 37.3551232 ], [ -4.3883809, 37.3549818 ], [ -4.3883331, 37.3549103 ], [ -4.3881799, 37.35497 ], [ -4.3880534, 37.3550279 ], [ -4.388017, 37.3549931 ], [ -4.3878469, 37.3551258 ], [ -4.3878894, 37.355177 ], [ -4.3878205, 37.3553069 ] ] ] } },
{ "type": "Feature", "properties": { "stop_id": "osm-way-838483222", "name": null }, "geometry": { "type": "Polygon", "coordinates": [ [ [ -5.208603, 37.5232325 ], [ -5.2082758, 37.5234984 ], [ -5.2076937, 37.5234452 ], [ -5.2079834, 37.5231133 ], [ -5.2081631, 37.5230112 ], [ -5.2083965, 37.5229857 ], [ -5.2084769, 37.5230474 ], [ -5.208603, 37.5232325 ] ] ] } },
{ "type": "Feature", "properties": { "stop_id": "osm-way-841679547", "name": null }, "geometry": { "type": "Polygon", "coordinates": [ [ [ -4.2605172, 43.3255943 ], [ -4.2607066, 43.3257726 ], [ -4.2608528, 43.3256764 ], [ -4.2609516, 43.3255852 ], [ -4.2610324, 43.325485 ], [ -4.2610686, 43.3254262 ], [ -4.2610923, 43.3253168 ], [ -4.2610964, 43.3251861 ], [ -4.2610867, 43.3251051 ], [ -4.2610296, 43.3249795 ], [ -4.26096, 43.3248954 ], [ -4.2607929, 43.3247718 ], [ -4.2604253, 43.3245399 ], [ -4.2603696, 43.3245996 ], [ -4.2605033, 43.3249532 ], [ -4.2605492, 43.3251355 ], [ -4.2605478, 43.3253168 ], [ -4.2605172, 43.3255943 ] ] ] } },
{ "type": "Feature", "properties": { "stop_id": "osm-way-844511118", "name": null }, "geometry": { "type": "Polygon", "coordinates": [ [ [ 0.8599368, 41.1514052 ], [ 0.8600506, 41.1515919 ], [ 0.859705, 41.1518582 ], [ 0.8593026, 41.1521399 ], [ 0.8592253, 41.1522684 ], [ 0.8593757, 41.1523358 ], [ 0.8595668, 41.1523756 ], [ 0.859888, 41.1523909 ], [ 0.8601604, 41.1524093 ], [ 0.8607377, 41.1524919 ], [ 0.8610019, 41.1523878 ], [ 0.8612093, 41.1522899 ], [ 0.8612337, 41.1522133 ], [ 0.86175, 41.1521919 ], [ 0.8614735, 41.1523848 ], [ 0.8607173, 41.1526327 ], [ 0.8605222, 41.1526082 ], [ 0.8602376, 41.1525439 ], [ 0.8599327, 41.1525072 ], [ 0.8596075, 41.1525164 ], [ 0.8592904, 41.1524674 ], [ 0.8590993, 41.1524093 ], [ 0.8589895, 41.1523266 ], [ 0.8590586, 41.1521031 ], [ 0.8592822, 41.1519317 ], [ 0.8596929, 41.1516225 ], [ 0.8599368, 41.1514052 ] ] ] } },
{ "type": "Feature", "properties": { "stop_id": "osm-way-844511119", "name": null }, "geometry": { "type": "Polygon", "coordinates": [ [ [ 0.8620874, 41.1521766 ], [ 0.8626037, 41.1524368 ], [ 0.8629412, 41.1525378 ], [ 0.8633071, 41.1524858 ], [ 0.8636323, 41.1523327 ], [ 0.8634859, 41.1522807 ], [ 0.8632786, 41.1523572 ], [ 0.8630997, 41.1524184 ], [ 0.8629696, 41.1524307 ], [ 0.862746, 41.1523786 ], [ 0.8623801, 41.1521735 ], [ 0.8620874, 41.1521766 ] ] ] } },
{ "type": "Feature", "properties": { "stop_id": "osm-way-844511120", "name": null }, "geometry": { "type": "Polygon", "coordinates": [ [ [ 0.8634575, 41.1522011 ], [ 0.8639413, 41.1521368 ], [ 0.8643275, 41.152247 ], [ 0.8644657, 41.1525348 ], [ 0.8640876, 41.1523909 ], [ 0.8634575, 41.1522011 ] ] ] } },
{ "type": "Feature", "properties": { "stop_id": "osm-way-844511127", "name": null }, "geometry": { "type": "Polygon", "coordinates": [ [ [ 0.8733786, 41.1589307 ], [ 0.8733652, 41.1588438 ], [ 0.873406, 41.1588416 ], [ 0.8734403, 41.1588398 ], [ 0.8734349, 41.1587166 ], [ 0.8734537, 41.1585429 ], [ 0.8734376, 41.1583874 ], [ 0.8733733, 41.1582723 ], [ 0.8732794, 41.1581956 ], [ 0.8731292, 41.158137 ], [ 0.8728744, 41.1581007 ], [ 0.8726491, 41.1580886 ], [ 0.8723969, 41.1580381 ], [ 0.872464, 41.1580805 ], [ 0.8726437, 41.1582057 ], [ 0.8728127, 41.1582986 ], [ 0.8730165, 41.158446 ], [ 0.8731721, 41.1586035 ], [ 0.8732472, 41.1587025 ], [ 0.8733786, 41.1589307 ] ] ] } },
{ "type": "Feature", "properties": { "stop_id": "osm-way-844511131", "name": null }, "geometry": { "type": "Polygon", "coordinates": [ [ [ 0.8747036, 41.1597606 ], [ 0.8745239, 41.1598152 ], [ 0.8742812, 41.1598535 ], [ 0.8740811, 41.159832 ], [ 0.8739821, 41.1597768 ], [ 0.8738266, 41.1596476 ], [ 0.8736737, 41.1594577 ], [ 0.8736549, 41.1593971 ], [ 0.8738131, 41.1594941 ], [ 0.8739446, 41.1595708 ], [ 0.8741806, 41.1596597 ], [ 0.8744032, 41.1597223 ], [ 0.8745159, 41.1597384 ], [ 0.8747036, 41.1597606 ] ] ] } },
{ "type": "Feature", "properties": { "stop_id": "osm-way-844511139", "name": null }, "geometry": { "type": "Polygon", "coordinates": [ [ [ 0.8766854, 41.1609401 ], [ 0.8765191, 41.1611187 ], [ 0.8764913, 41.161346 ], [ 0.8767378, 41.1615246 ], [ 0.8770274, 41.1616499 ], [ 0.8772092, 41.1616777 ], [ 0.8776313, 41.1618749 ], [ 0.8782814, 41.1620837 ], [ 0.8785002, 41.1621579 ], [ 0.8787066, 41.1622298 ], [ 0.8784478, 41.162253 ], [ 0.8781304, 41.1621602 ], [ 0.8778408, 41.1621579 ], [ 0.8776775, 41.1620767 ], [ 0.8773325, 41.1619514 ], [ 0.8769596, 41.1618076 ], [ 0.8765221, 41.161687 ], [ 0.8762479, 41.1615548 ], [ 0.8761709, 41.1614342 ], [ 0.8762233, 41.1612463 ], [ 0.8764174, 41.1609981 ], [ 0.8765776, 41.1608218 ], [ 0.8766454, 41.16078 ], [ 0.8766854, 41.1609401 ] ] ] } },
{ "type": "Feature", "properties": { "stop_id": "osm-way-844511144", "name": null }, "geometry": { "type": "Polygon", "coordinates": [ [ [ 0.8796365, 41.1625443 ], [ 0.8798163, 41.1626445 ], [ 0.8799254, 41.1627434 ], [ 0.8801151, 41.1628052 ], [ 0.8802226, 41.1627996 ], [ 0.8803067, 41.1627939 ], [ 0.8804141, 41.1628397 ], [ 0.8803207, 41.1628678 ], [ 0.8800872, 41.1628678 ], [ 0.8798981, 41.1628414 ], [ 0.8797603, 41.1627799 ], [ 0.8796716, 41.1626639 ], [ 0.8796295, 41.1626006 ], [ 0.8796365, 41.1625443 ] ] ] } },
{ "type": "Feature", "properties": { "stop_id": "osm-way-844511148", "name": null }, "geometry": { "type": "Polygon", "coordinates": [ [ [ 0.8698104, 41.1570405 ], [ 0.869913, 41.1569499 ], [ 0.8700051, 41.1568459 ], [ 0.8701218, 41.1567474 ], [ 0.8702882, 41.1566941 ], [ 0.8705926, 41.1566887 ], [ 0.8708297, 41.1567793 ], [ 0.8712721, 41.1573043 ], [ 0.8713146, 41.1573576 ], [ 0.8710243, 41.1572083 ], [ 0.8706952, 41.1570751 ], [ 0.8703837, 41.1570138 ], [ 0.8700971, 41.1570005 ], [ 0.8698104, 41.1570405 ] ] ] } },
{ "type": "Feature", "properties": { "stop_id": "osm-way-844511149", "name": null }, "geometry": { "type": "Polygon", "coordinates": [ [ [ 0.8592366, 41.1493643 ], [ 0.8595622, 41.1494789 ], [ 0.8598885, 41.1495931 ], [ 0.8599841, 41.1499769 ], [ 0.8598949, 41.1498707 ], [ 0.8597392, 41.149876 ], [ 0.8596153, 41.1500119 ], [ 0.8595233, 41.1498413 ], [ 0.859403, 41.1496814 ], [ 0.8592791, 41.1495082 ], [ 0.8591729, 41.1494176 ], [ 0.8589641, 41.1492337 ], [ 0.858865, 41.1491324 ], [ 0.8592366, 41.1493643 ] ] ] } },
{ "type": "Feature", "properties": { "stop_id": "osm-way-844511150", "name": null }, "geometry": { "type": "Polygon", "coordinates": [ [ [ 0.854681, 41.1477168 ], [ 0.8551588, 41.1476448 ], [ 0.8556685, 41.1475995 ], [ 0.8559304, 41.1476235 ], [ 0.8563586, 41.1477141 ], [ 0.8561321, 41.1475942 ], [ 0.8557145, 41.1474077 ], [ 0.8556048, 41.147397 ], [ 0.8550951, 41.1475596 ], [ 0.8549359, 41.1476022 ], [ 0.854681, 41.1477168 ] ] ] } },
{ "type": "Feature", "properties": { "stop_id": "osm-way-844511151", "name": null }, "geometry": { "type": "Polygon", "coordinates": [ [ [ 0.8498042, 41.1458684 ], [ 0.8489199, 41.1463046 ], [ 0.849037, 41.1463093 ], [ 0.8492342, 41.1462536 ], [ 0.8493821, 41.1462814 ], [ 0.8494868, 41.1463418 ], [ 0.8496008, 41.1463557 ], [ 0.8496532, 41.1463278 ], [ 0.8496409, 41.1462327 ], [ 0.8496224, 41.1461538 ], [ 0.8496655, 41.1460819 ], [ 0.8497456, 41.1460193 ], [ 0.8498073, 41.1459682 ], [ 0.8498042, 41.1458684 ] ] ] } },
{ "type": "Feature", "properties": { "stop_id": "osm-way-844516230", "name": "Mirador de Falset i Comarca" }, "geometry": { "type": "Polygon", "coordinates": [ [ [ 0.8382482, 41.1466024 ], [ 0.8382421, 41.1467065 ], [ 0.8382582, 41.1467694 ], [ 0.8382929, 41.1468182 ], [ 0.8384921, 41.146884 ], [ 0.8387523, 41.1469162 ], [ 0.8389495, 41.1469254 ], [ 0.839104, 41.1468595 ], [ 0.8391548, 41.1468289 ], [ 0.8392605, 41.1467876 ], [ 0.8393398, 41.1467769 ], [ 0.8394109, 41.1466498 ], [ 0.8392808, 41.1466498 ], [ 0.839165, 41.146656 ], [ 0.8388987, 41.1466621 ], [ 0.838358, 41.1466054 ], [ 0.8382543, 41.1465917 ], [ 0.8382482, 41.1466024 ] ] ] } },
{ "type": "Feature", "properties": { "stop_id": "osm-way-844599441", "name": null }, "geometry": { "type": "Polygon", "coordinates": [ [ [ 0.9367431, 41.1707448 ], [ 0.9366567, 41.1708467 ], [ 0.9366848, 41.1711438 ], [ 0.9367245, 41.1714478 ], [ 0.9367922, 41.1715744 ], [ 0.9369159, 41.1716412 ], [ 0.93707, 41.1716482 ], [ 0.9372638, 41.1715586 ], [ 0.9374063, 41.1714531 ], [ 0.9376701, 41.1713705 ], [ 0.9377986, 41.1713406 ], [ 0.9380274, 41.1712668 ], [ 0.9384547, 41.1711859 ], [ 0.9385668, 41.1711772 ], [ 0.9386625, 41.1711684 ], [ 0.9387442, 41.1711754 ], [ 0.9387816, 41.1711578 ], [ 0.9386111, 41.1711279 ], [ 0.9384407, 41.171084 ], [ 0.9382749, 41.1710295 ], [ 0.9381698, 41.1710102 ], [ 0.9382375, 41.1710506 ], [ 0.9382492, 41.1711121 ], [ 0.9380461, 41.1711666 ], [ 0.9377542, 41.1712352 ], [ 0.9376398, 41.171258 ], [ 0.9375534, 41.1711859 ], [ 0.9373246, 41.1712879 ], [ 0.9373783, 41.1713775 ], [ 0.9371938, 41.1714848 ], [ 0.9370303, 41.1715269 ], [ 0.9369299, 41.1715111 ], [ 0.9368435, 41.171425 ], [ 0.9368225, 41.1712422 ], [ 0.9368389, 41.1710242 ], [ 0.9368902, 41.1709205 ], [ 0.9368879, 41.1708098 ], [ 0.9369159, 41.1707571 ], [ 0.9368482, 41.1707747 ], [ 0.9367431, 41.1707448 ] ] ] } },
{ "type": "Feature", "properties": { "stop_id": "osm-way-844599444", "name": null }, "geometry": { "type": "Polygon", "coordinates": [ [ [ 0.9545716, 41.1709796 ], [ 0.9547794, 41.1708935 ], [ 0.9552534, 41.1708179 ], [ 0.9554285, 41.1707916 ], [ 0.9556784, 41.1707951 ], [ 0.9558838, 41.1708056 ], [ 0.9559072, 41.1708373 ], [ 0.9553655, 41.1708812 ], [ 0.9545716, 41.1709796 ] ] ] } },
{ "type": "Feature", "properties": { "stop_id": "osm-way-844599446", "name": null }, "geometry": { "type": "Polygon", "coordinates": [ [ [ 0.95867, 41.1708115 ], [ 0.959987, 41.170759 ], [ 0.9599146, 41.1708115 ], [ 0.9597858, 41.1708559 ], [ 0.9595927, 41.1708922 ], [ 0.9593137, 41.1708983 ], [ 0.9590455, 41.1708882 ], [ 0.9587263, 41.1708377 ], [ 0.95867, 41.1708115 ] ] ] } },
{ "type": "Feature", "properties": { "stop_id": "osm-way-844599448", "name": null }, "geometry": { "type": "Polygon", "coordinates": [ [ [ 0.960333, 41.170662 ], [ 0.9606683, 41.1706136 ], [ 0.960915, 41.1705651 ], [ 0.9611537, 41.1705147 ], [ 0.9613925, 41.1704581 ], [ 0.9616473, 41.1703854 ], [ 0.9615427, 41.1703895 ], [ 0.961312, 41.1704359 ], [ 0.9608694, 41.1705126 ], [ 0.9604993, 41.1705894 ], [ 0.960333, 41.170662 ] ] ] } },
{ "type": "Feature", "properties": { "stop_id": "osm-way-844599450", "name": null }, "geometry": { "type": "Polygon", "coordinates": [ [ [ 0.9617749, 41.1703519 ], [ 0.9621001, 41.1702341 ], [ 0.962403, 41.1701071 ], [ 0.9626469, 41.1700061 ], [ 0.9629213, 41.1698914 ], [ 0.9631978, 41.169772 ], [ 0.9634498, 41.1696603 ], [ 0.9633055, 41.1696787 ], [ 0.96309, 41.1697552 ], [ 0.9628136, 41.1698378 ], [ 0.9624945, 41.1699419 ], [ 0.9623257, 41.1699847 ], [ 0.9622139, 41.1700428 ], [ 0.9617749, 41.1703519 ] ] ] } },
{ "type": "Feature", "properties": { "stop_id": "osm-way-844728201", "name": "Àrea del Maresme" }, "geometry": { "type": "Polygon", "coordinates": [ [ [ 2.3324699, 41.4921947 ], [ 2.3325255, 41.4923416 ], [ 2.3347484, 41.4923763 ], [ 2.3347794, 41.4923075 ], [ 2.3347312, 41.4922932 ], [ 2.3346598, 41.4922601 ], [ 2.3346171, 41.4922282 ], [ 2.3345775, 41.492178 ], [ 2.3345611, 41.4921418 ], [ 2.3345528, 41.4920965 ], [ 2.3345593, 41.4920437 ], [ 2.3345781, 41.4919781 ], [ 2.3347684, 41.4917009 ], [ 2.3348004, 41.4916149 ], [ 2.3347971, 41.4915351 ], [ 2.3347837, 41.4914684 ], [ 2.3347605, 41.4914108 ], [ 2.3347155, 41.4913447 ], [ 2.3346391, 41.4912759 ], [ 2.3345645, 41.4912301 ], [ 2.3344388, 41.4911595 ], [ 2.3343245, 41.4911215 ], [ 2.3342002, 41.4910936 ], [ 2.3341142, 41.4910803 ], [ 2.3340037, 41.4910744 ], [ 2.3339003, 41.4910781 ], [ 2.3338013, 41.4910907 ], [ 2.3335896, 41.4911613 ], [ 2.333522, 41.4912004 ], [ 2.3334633, 41.4912398 ], [ 2.3333696, 41.4913289 ], [ 2.3333241, 41.491385 ], [ 2.3332941, 41.491443 ], [ 2.3331116, 41.4917959 ], [ 2.3330411, 41.4918847 ], [ 2.3330087, 41.4919156 ], [ 2.3328922, 41.4920266 ], [ 2.3328419, 41.4920626 ], [ 2.3327715, 41.4920997 ], [ 2.3326227, 41.4921566 ], [ 2.3325844, 41.4921662 ], [ 2.3324699, 41.4921947 ] ] ] } },
{ "type": "Feature", "properties": { "stop_id": "osm-way-844728202", "name": "Àrea del Maresme" }, "geometry": { "type": "Polygon", "coordinates": [ [ [ 2.332662, 41.492747 ], [ 2.3326727, 41.49267 ], [ 2.3358051, 41.4927083 ], [ 2.3358167, 41.4927891 ], [ 2.3356205, 41.492845 ], [ 2.3354638, 41.4929044 ], [ 2.3347738, 41.4932619 ], [ 2.3346241, 41.4933144 ], [ 2.3344414, 41.4933491 ], [ 2.3341297, 41.4933576 ], [ 2.3339135, 41.4933471 ], [ 2.3337566, 41.4933132 ], [ 2.3336093, 41.4932689 ], [ 2.3334099, 41.4931801 ], [ 2.3329818, 41.4928851 ], [ 2.3328358, 41.4928075 ], [ 2.332662, 41.492747 ] ] ] } },
{ "type": "Feature", "properties": { "stop_id": "osm-way-845464709", "name": null }, "geometry": { "type": "Polygon", "coordinates": [ [ [ -1.2898171, 41.515697 ], [ -1.2885771, 41.5159775 ], [ -1.2875078, 41.5163747 ], [ -1.2865135, 41.5167629 ], [ -1.2865253, 41.5168833 ], [ -1.2865574, 41.5170779 ], [ -1.2866495, 41.5172052 ], [ -1.2867705, 41.5172781 ], [ -1.2874774, 41.5170709 ], [ -1.2876806, 41.5170833 ], [ -1.2887958, 41.5168106 ], [ -1.2891274, 41.5167503 ], [ -1.2901221, 41.5165192 ], [ -1.2898171, 41.515697 ] ] ] } },
{ "type": "Feature", "properties": { "stop_id": "osm-way-845498403", "name": null }, "geometry": { "type": "Polygon", "coordinates": [ [ [ -5.783757, 38.2544168 ], [ -5.7837076, 38.2543753 ], [ -5.7836347, 38.254429 ], [ -5.7836808, 38.2544704 ], [ -5.783757, 38.2544168 ] ] ] } },
{ "type": "Feature", "properties": { "stop_id": "osm-way-845973775", "name": "Área de descanso Ruta de Don Quijote" }, "geometry": { "type": "Polygon", "coordinates": [ [ [ -2.6766756, 39.6028508 ], [ -2.6767239, 39.6030141 ], [ -2.6772094, 39.6029603 ], [ -2.677137, 39.6029211 ], [ -2.677094, 39.6027216 ], [ -2.6770538, 39.6027154 ], [ -2.6766756, 39.6028508 ] ] ] } },
{ "type": "Feature", "properties": { "stop_id": "osm-way-848936483", "name": null }, "geometry": { "type": "Polygon", "coordinates": [ [ [ -1.9216046, 42.9772006 ], [ -1.9214255, 42.9773767 ], [ -1.9213372, 42.9774298 ], [ -1.9211485, 42.9775183 ], [ -1.9216046, 42.9772006 ] ] ] } },
{ "type": "Feature", "properties": { "stop_id": "osm-way-849039475", "name": "Àrea de Servei d'Agost" }, "geometry": { "type": "Polygon", "coordinates": [ [ [ -0.6014103, 38.407351 ], [ -0.6011474, 38.4072248 ], [ -0.5997098, 38.4081118 ], [ -0.5978537, 38.4087844 ], [ -0.5981058, 38.4089273 ], [ -0.5999431, 38.4091858 ], [ -0.6009087, 38.4087592 ], [ -0.6014103, 38.407351 ] ] ] } },
{ "type": "Feature", "properties": { "stop_id": "osm-way-849039476", "name": "Àrea de Servei d'Agost" }, "geometry": { "type": "Polygon", "coordinates": [ [ [ -0.6011313, 38.4064346 ], [ -0.5996279, 38.4061897 ], [ -0.5994818, 38.4061802 ], [ -0.5992833, 38.4062748 ], [ -0.5985658, 38.4067088 ], [ -0.5980682, 38.4079605 ], [ -0.5982345, 38.408116 ], [ -0.5993235, 38.4074392 ], [ -0.6006485, 38.4068507 ], [ -0.6012628, 38.4065333 ], [ -0.6011313, 38.4064346 ] ] ] } },
{ "type": "Feature", "properties": { "stop_id": "osm-way-849725768", "name": null }, "geometry": { "type": "Polygon", "coordinates": [ [ [ -0.8274625, 42.9494189 ], [ -0.8273981, 42.9494695 ], [ -0.8273603, 42.9494826 ], [ -0.827295, 42.9494826 ], [ -0.8270347, 42.9494452 ], [ -0.8274625, 42.9494189 ] ] ] } },
{ "type": "Feature", "properties": { "stop_id": "osm-way-849725769", "name": null }, "geometry": { "type": "Polygon", "coordinates": [ [ [ -0.8500599, 42.9420627 ], [ -0.8499304, 42.9420869 ], [ -0.8498312, 42.9421142 ], [ -0.8497292, 42.9421565 ], [ -0.8496452, 42.942209 ], [ -0.8495653, 42.9422826 ], [ -0.8496176, 42.9421636 ], [ -0.8496727, 42.9421232 ], [ -0.8497017, 42.9421243 ], [ -0.8497953, 42.9420658 ], [ -0.8500034, 42.9420305 ], [ -0.8500585, 42.9420496 ], [ -0.8500599, 42.9420627 ] ] ] } },
{ "type": "Feature", "properties": { "stop_id": "osm-way-849725770", "name": null }, "geometry": { "type": "Polygon", "coordinates": [ [ [ -0.850538, 42.9420063 ], [ -0.8502858, 42.9420264 ], [ -0.8501191, 42.9420506 ], [ -0.8501577, 42.9420073 ], [ -0.8502211, 42.941982 ], [ -0.8503299, 42.9419689 ], [ -0.8504443, 42.9419841 ], [ -0.8504966, 42.9419699 ], [ -0.8505559, 42.9419861 ], [ -0.8508025, 42.94198 ], [ -0.8509141, 42.9420022 ], [ -0.8506261, 42.9420022 ], [ -0.850538, 42.9420063 ] ] ] } },
{ "type": "Feature", "properties": { "stop_id": "osm-way-853279176", "name": null }, "geometry": { "type": "Polygon", "coordinates": [ [ [ -1.3283248, 43.0229357 ], [ -1.3282227, 43.0229933 ], [ -1.3281045, 43.023026 ], [ -1.3279895, 43.0230338 ], [ -1.3278682, 43.0230035 ], [ -1.3277234, 43.0229287 ], [ -1.3278757, 43.0229638 ], [ -1.3280172, 43.0229739 ], [ -1.3281226, 43.02297 ], [ -1.3282259, 43.0229521 ], [ -1.3283248, 43.0229357 ] ] ] } },
{ "type": "Feature", "properties": { "stop_id": "osm-way-853279177", "name": null }, "geometry": { "type": "Polygon", "coordinates": [ [ [ -1.3340458, 43.0271821 ], [ -1.3339537, 43.0272099 ], [ -1.3337391, 43.0272531 ], [ -1.3336732, 43.0272402 ], [ -1.3335947, 43.0271932 ], [ -1.3335288, 43.0271438 ], [ -1.3334907, 43.0270827 ], [ -1.3336014, 43.0271451 ], [ -1.333702, 43.0271796 ], [ -1.3338118, 43.0271945 ], [ -1.333914, 43.0271951 ], [ -1.3340593, 43.0271636 ], [ -1.3340458, 43.0271821 ] ] ] } },
{ "type": "Feature", "properties": { "stop_id": "osm-way-853279178", "name": null }, "geometry": { "type": "Polygon", "coordinates": [ [ [ -1.3418261, 43.0300869 ], [ -1.3414855, 43.0301725 ], [ -1.3413865, 43.030181 ], [ -1.34146, 43.0301585 ], [ -1.3415036, 43.0301235 ], [ -1.3415249, 43.0300775 ], [ -1.3415206, 43.0300301 ], [ -1.3415047, 43.0299997 ], [ -1.3414781, 43.0299686 ], [ -1.341609, 43.0300161 ], [ -1.3416686, 43.0300231 ], [ -1.3418166, 43.0300153 ], [ -1.3418261, 43.0300869 ] ] ] } },
{ "type": "Feature", "properties": { "stop_id": "osm-way-853279179", "name": null }, "geometry": { "type": "Polygon", "coordinates": [ [ [ -1.3343065, 43.0290384 ], [ -1.3341294, 43.0291668 ], [ -1.3340811, 43.029159 ], [ -1.333939, 43.0290472 ], [ -1.3340154, 43.0290698 ], [ -1.3340972, 43.0290786 ], [ -1.3341777, 43.0290727 ], [ -1.3342434, 43.029058 ], [ -1.3343065, 43.0290384 ] ] ] } },
{ "type": "Feature", "properties": { "stop_id": "osm-way-853331545", "name": null }, "geometry": { "type": "Polygon", "coordinates": [ [ [ -0.0959017, 39.8956539 ], [ -0.0962844, 39.8958626 ], [ -0.0963696, 39.8957719 ], [ -0.0964134, 39.8957953 ], [ -0.0964988, 39.8957 ], [ -0.0965006, 39.8956981 ], [ -0.0965121, 39.8957044 ], [ -0.0965646, 39.8956476 ], [ -0.0965579, 39.895644 ], [ -0.0967238, 39.8954694 ], [ -0.0962012, 39.8952294 ], [ -0.0960237, 39.8954367 ], [ -0.0960592, 39.895453 ], [ -0.0960647, 39.8954834 ], [ -0.0959017, 39.8956539 ] ] ] } },
{ "type": "Feature", "properties": { "stop_id": "osm-way-854048822", "name": null }, "geometry": { "type": "Polygon", "coordinates": [ [ [ -8.6681858, 43.2514659 ], [ -8.6680809, 43.2511999 ], [ -8.6681026, 43.2506312 ], [ -8.6675243, 43.2507155 ], [ -8.6677918, 43.251529 ], [ -8.6681858, 43.2514659 ] ] ] } },
{ "type": "Feature", "properties": { "stop_id": "osm-way-855333378", "name": null }, "geometry": { "type": "Polygon", "coordinates": [ [ [ -5.6860702, 39.9019887 ], [ -5.6859308, 39.9021941 ], [ -5.6857245, 39.9020914 ], [ -5.685564, 39.9022923 ], [ -5.6847688, 39.9019731 ], [ -5.6850469, 39.9016508 ], [ -5.6849689, 39.9014497 ], [ -5.6843276, 39.9012145 ], [ -5.6846538, 39.901146 ], [ -5.6850246, 39.9012679 ], [ -5.6851557, 39.9015118 ], [ -5.6861092, 39.9019139 ], [ -5.6860702, 39.9019887 ] ] ] } },
{ "type": "Feature", "properties": { "stop_id": "osm-way-860841923", "name": null }, "geometry": { "type": "Polygon", "coordinates": [ [ [ -6.5962213, 40.0241275 ], [ -6.5957497, 40.0239656 ], [ -6.5952822, 40.0233928 ], [ -6.5953188, 40.023343 ], [ -6.5964531, 40.0237788 ], [ -6.5962213, 40.0241275 ] ] ] } },
{ "type": "Feature", "properties": { "stop_id": "osm-way-861322838", "name": null }, "geometry": { "type": "Polygon", "coordinates": [ [ [ -6.6765315, 40.1732399 ], [ -6.6760206, 40.1732387 ], [ -6.6758063, 40.173376 ], [ -6.675721, 40.17338 ], [ -6.67569, 40.1733814 ], [ -6.6757372, 40.1732593 ], [ -6.6760705, 40.172438 ], [ -6.6764232, 40.1725343 ], [ -6.6764972, 40.1724526 ], [ -6.6766094, 40.1724715 ], [ -6.6766419, 40.1725823 ], [ -6.676775, 40.1726548 ], [ -6.6771531, 40.1727962 ], [ -6.6770882, 40.1730489 ], [ -6.6770273, 40.1730722 ], [ -6.6766885, 40.1730039 ], [ -6.6766457, 40.1730773 ], [ -6.6765834, 40.1731943 ], [ -6.6765315, 40.1732399 ] ] ] } },
{ "type": "Feature", "properties": { "stop_id": "osm-way-862837096", "name": null }, "geometry": { "type": "Polygon", "coordinates": [ [ [ -8.364543, 43.1797905 ], [ -8.3644178, 43.179807 ], [ -8.3644143, 43.1800327 ], [ -8.3644978, 43.180157 ], [ -8.3646717, 43.1803446 ], [ -8.3649082, 43.1805361 ], [ -8.3651847, 43.1807669 ], [ -8.3652212, 43.1807986 ], [ -8.365282, 43.1808949 ], [ -8.3654038, 43.181004 ], [ -8.3655881, 43.1811828 ], [ -8.3656941, 43.1811625 ], [ -8.365749, 43.1811912 ], [ -8.3658232, 43.1811799 ], [ -8.3658726, 43.1811442 ], [ -8.3657631, 43.1810612 ], [ -8.3654034, 43.1807866 ], [ -8.3651496, 43.1805799 ], [ -8.3649465, 43.1803963 ], [ -8.3647762, 43.1802235 ], [ -8.3646598, 43.1800392 ], [ -8.3645403, 43.1798201 ], [ -8.364543, 43.1797905 ] ] ] } },
{ "type": "Feature", "properties": { "stop_id": "osm-way-867651059", "name": null }, "geometry": { "type": "Polygon", "coordinates": [ [ [ -0.9287507, 40.2092094 ], [ -0.928524, 40.2092085 ], [ -0.9285602, 40.2088512 ], [ -0.9283161, 40.2088293 ], [ -0.928288, 40.2086901 ], [ -0.928232, 40.2085848 ], [ -0.9282109, 40.2085206 ], [ -0.9283219, 40.2085197 ], [ -0.928326, 40.2083845 ], [ -0.9282436, 40.2083725 ], [ -0.928295, 40.208269 ], [ -0.9283184, 40.2081941 ], [ -0.928281, 40.2080531 ], [ -0.9282787, 40.2080192 ], [ -0.9290801, 40.207996 ], [ -0.9290801, 40.2081726 ], [ -0.9290918, 40.2083868 ], [ -0.9289469, 40.208401 ], [ -0.9289469, 40.208501 ], [ -0.9288675, 40.2085135 ], [ -0.9288465, 40.2086419 ], [ -0.9287623, 40.2086633 ], [ -0.9287507, 40.2092094 ] ] ] } },
{ "type": "Feature", "properties": { "stop_id": "osm-way-871655680", "name": "Estación de Servizo de Antela" }, "geometry": { "type": "Polygon", "coordinates": [ [ [ -7.7161861, 42.0784459 ], [ -7.7141899, 42.0790011 ], [ -7.7132589, 42.0780536 ], [ -7.7154299, 42.0775014 ], [ -7.7161861, 42.0784459 ] ] ] } },
{ "type": "Feature", "properties": { "stop_id": "osm-way-872182891", "name": null }, "geometry": { "type": "Polygon", "coordinates": [ [ [ 0.8039433, 40.9026733 ], [ 0.8039001, 40.902684 ], [ 0.8036715, 40.9027714 ], [ 0.8034442, 40.9028039 ], [ 0.8032406, 40.9027723 ], [ 0.8030371, 40.9026374 ], [ 0.8029089, 40.9025026 ], [ 0.8028475, 40.9023698 ], [ 0.8028698, 40.9022328 ], [ 0.8029758, 40.9020558 ], [ 0.8030148, 40.9019357 ], [ 0.8030388, 40.9018925 ], [ 0.803065, 40.9018999 ], [ 0.8032825, 40.9021085 ], [ 0.8033327, 40.9022244 ], [ 0.8038317, 40.9026311 ], [ 0.8039433, 40.9026733 ] ] ] } },
{ "type": "Feature", "properties": { "stop_id": "osm-way-874158225", "name": null }, "geometry": { "type": "Polygon", "coordinates": [ [ [ -3.2107636, 37.9863923 ], [ -3.2105616, 37.9863315 ], [ -3.2102337, 37.9862627 ], [ -3.2099384, 37.9862043 ], [ -3.2097668, 37.9861771 ], [ -3.2098534, 37.9861109 ], [ -3.2100679, 37.9861083 ], [ -3.210256, 37.9861161 ], [ -3.2104276, 37.9861707 ], [ -3.210619, 37.9862617 ], [ -3.2107623, 37.9863676 ], [ -3.2107636, 37.9863923 ] ] ] } },
{ "type": "Feature", "properties": { "stop_id": "osm-way-875281758", "name": null }, "geometry": { "type": "Polygon", "coordinates": [ [ [ -2.8364765, 40.859579 ], [ -2.8364075, 40.8595202 ], [ -2.8349971, 40.8603205 ], [ -2.8351104, 40.8603995 ], [ -2.8354289, 40.8602241 ], [ -2.8355793, 40.8603861 ], [ -2.8361084, 40.8600809 ], [ -2.8360306, 40.8599993 ], [ -2.8363102, 40.8598333 ], [ -2.8364765, 40.859579 ] ] ] } },
{ "type": "Feature", "properties": { "stop_id": "osm-way-875281759", "name": null }, "geometry": { "type": "Polygon", "coordinates": [ [ [ -2.8361562, 40.8593676 ], [ -2.8360553, 40.8592859 ], [ -2.8357651, 40.8593381 ], [ -2.835505, 40.8594639 ], [ -2.8356236, 40.859575 ], [ -2.8353847, 40.8596995 ], [ -2.8354448, 40.859745 ], [ -2.8361562, 40.8593676 ] ] ] } },
{ "type": "Feature", "properties": { "stop_id": "osm-way-887036218", "name": null }, "geometry": { "type": "Polygon", "coordinates": [ [ [ -8.8296398, 41.9471959 ], [ -8.8294868, 41.9472458 ], [ -8.8293781, 41.9472895 ], [ -8.8293066, 41.9473291 ], [ -8.8292456, 41.9473691 ], [ -8.8292467, 41.9473361 ], [ -8.8292578, 41.947301 ], [ -8.82928, 41.9472825 ], [ -8.8293853, 41.9472297 ], [ -8.8295927, 41.9471592 ], [ -8.8296398, 41.9471959 ] ] ] } },
{ "type": "Feature", "properties": { "stop_id": "osm-way-887508561", "name": "Petroprix" }, "geometry": { "type": "Polygon", "coordinates": [ [ [ -4.4671896, 36.7062169 ], [ -4.4679167, 36.7062426 ], [ -4.4679688, 36.7062146 ], [ -4.4680134, 36.7061906 ], [ -4.4681335, 36.7059755 ], [ -4.4675655, 36.7057664 ], [ -4.4674487, 36.7059873 ], [ -4.4673103, 36.7061425 ], [ -4.4671896, 36.7062169 ] ] ] } },
{ "type": "Feature", "properties": { "stop_id": "osm-way-889195057", "name": "BP" }, "geometry": { "type": "Polygon", "coordinates": [ [ [ -4.4722441, 36.7125043 ], [ -4.4722978, 36.7128571 ], [ -4.4723025, 36.7128875 ], [ -4.4723118, 36.7129484 ], [ -4.4723159, 36.7129757 ], [ -4.4723405, 36.7131371 ], [ -4.4724876, 36.7131503 ], [ -4.4725477, 36.7131557 ], [ -4.4725906, 36.7131596 ], [ -4.4727697, 36.7131757 ], [ -4.4727961, 36.7131681 ], [ -4.4728281, 36.7131424 ], [ -4.4728451, 36.7131062 ], [ -4.4728167, 36.7129832 ], [ -4.4728045, 36.7129306 ], [ -4.4727929, 36.7128802 ], [ -4.4727376, 36.7126406 ], [ -4.4727188, 36.7125907 ], [ -4.4726905, 36.712565 ], [ -4.4726566, 36.7125499 ], [ -4.4724234, 36.7125241 ], [ -4.472376, 36.7125189 ], [ -4.4723258, 36.7125133 ], [ -4.4722441, 36.7125043 ] ] ] } },
{ "type": "Feature", "properties": { "stop_id": "osm-way-891991593", "name": null }, "geometry": { "type": "Polygon", "coordinates": [ [ [ -4.0505214, 39.8584208 ], [ -4.050816, 39.8582763 ], [ -4.0506854, 39.8580828 ], [ -4.0505518, 39.8579499 ], [ -4.0505336, 39.8578543 ], [ -4.0505062, 39.8579336 ], [ -4.0504819, 39.8583882 ], [ -4.0505214, 39.8584208 ] ] ] } },
{ "type": "Feature", "properties": { "stop_id": "osm-way-892616872", "name": "Estación de Servicio Polígono Alameda" }, "geometry": { "type": "Polygon", "coordinates": [ [ [ -4.4715633, 36.7098181 ], [ -4.4718385, 36.7098408 ], [ -4.4719758, 36.7098521 ], [ -4.4720171, 36.7098477 ], [ -4.4720489, 36.7098311 ], [ -4.4720572, 36.7098123 ], [ -4.4720585, 36.7097902 ], [ -4.4720101, 36.709577 ], [ -4.4720003, 36.7095342 ], [ -4.4718789, 36.7095254 ], [ -4.471777, 36.709518 ], [ -4.4716766, 36.7095107 ], [ -4.4716315, 36.7095075 ], [ -4.4716032, 36.7095054 ], [ -4.4715877, 36.7096266 ], [ -4.4715633, 36.7098181 ] ] ] } },
{ "type": "Feature", "properties": { "stop_id": "osm-way-895990003", "name": null }, "geometry": { "type": "Polygon", "coordinates": [ [ [ -0.3668492, 39.5327412 ], [ -0.366796, 39.532694 ], [ -0.3667352, 39.5326402 ], [ -0.3665828, 39.5325051 ], [ -0.3664855, 39.5324127 ], [ -0.3664685, 39.5323965 ], [ -0.3662329, 39.5321522 ], [ -0.3662625, 39.5321328 ], [ -0.3663564, 39.5320348 ], [ -0.3663737, 39.531988 ], [ -0.3663778, 39.531975 ], [ -0.3667623, 39.5320827 ], [ -0.3667773, 39.5320733 ], [ -0.3668403, 39.5319247 ], [ -0.366899, 39.531786 ], [ -0.36696, 39.5318051 ], [ -0.3670126, 39.5318412 ], [ -0.3674204, 39.5321304 ], [ -0.3669544, 39.5326287 ], [ -0.3668492, 39.5327412 ] ] ] } },
{ "type": "Feature", "properties": { "stop_id": "osm-way-898161579", "name": null }, "geometry": { "type": "Polygon", "coordinates": [ [ [ -3.7259158, 40.1824901 ], [ -3.7254734, 40.1825442 ], [ -3.7255017, 40.1826632 ], [ -3.7255194, 40.1826983 ], [ -3.7258804, 40.1826605 ], [ -3.7259335, 40.1828551 ], [ -3.7260574, 40.1828335 ], [ -3.7261105, 40.1831363 ], [ -3.7255159, 40.1832283 ], [ -3.7250027, 40.1833472 ], [ -3.724486, 40.1823495 ], [ -3.7258698, 40.1821819 ], [ -3.7259158, 40.1824901 ] ] ] } },
{ "type": "Feature", "properties": { "stop_id": "osm-way-898340533", "name": null }, "geometry": { "type": "Polygon", "coordinates": [ [ [ -3.3834763, 38.9578174 ], [ -3.3824009, 38.957739 ], [ -3.3825602, 38.9561235 ], [ -3.3838662, 38.9562391 ], [ -3.3838378, 38.9565528 ], [ -3.3839157, 38.9565583 ], [ -3.383844, 38.9570888 ], [ -3.3835387, 38.9571955 ], [ -3.3834944, 38.9577337 ], [ -3.3834763, 38.9578174 ] ] ] } },
{ "type": "Feature", "properties": { "stop_id": "osm-way-899265961", "name": "S 43 km - Corral de Almaguer" }, "geometry": { "type": "Polygon", "coordinates": [ [ [ -3.1330299, 39.7246006 ], [ -3.1329272, 39.7245516 ], [ -3.1325485, 39.7245653 ], [ -3.1322336, 39.7240535 ], [ -3.1319646, 39.7240236 ], [ -3.1317345, 39.7236397 ], [ -3.1317522, 39.7236152 ], [ -3.1319823, 39.723618 ], [ -3.1319717, 39.7235499 ], [ -3.1320354, 39.7234356 ], [ -3.132184, 39.7233158 ], [ -3.1323857, 39.7232831 ], [ -3.1325945, 39.7233839 ], [ -3.1326547, 39.7234437 ], [ -3.1331219, 39.7242386 ], [ -3.1331467, 39.7242903 ], [ -3.1331431, 39.7244237 ], [ -3.1331608, 39.7245653 ], [ -3.1330299, 39.7246006 ] ] ] } },
{ "type": "Feature", "properties": { "stop_id": "osm-way-899265962", "name": "S 43 km - Corral de Almaguer" }, "geometry": { "type": "Polygon", "coordinates": [ [ [ -3.1344314, 39.7240753 ], [ -3.1341447, 39.7238793 ], [ -3.1336209, 39.72303 ], [ -3.1336422, 39.7227659 ], [ -3.1337979, 39.7226843 ], [ -3.1338651, 39.7227197 ], [ -3.1341836, 39.722706 ], [ -3.1345411, 39.7232614 ], [ -3.1347924, 39.723294 ], [ -3.1350508, 39.7237241 ], [ -3.1348278, 39.723716 ], [ -3.1348561, 39.7237731 ], [ -3.1348526, 39.7238248 ], [ -3.1347039, 39.7239337 ], [ -3.1346154, 39.7240807 ], [ -3.1344314, 39.7240753 ] ] ] } },
{ "type": "Feature", "properties": { "stop_id": "osm-way-902729089", "name": null }, "geometry": { "type": "Polygon", "coordinates": [ [ [ -4.4231406, 37.9162302 ], [ -4.4228054, 37.916226 ], [ -4.4225076, 37.9161985 ], [ -4.4221107, 37.9161287 ], [ -4.4217781, 37.916025 ], [ -4.4215018, 37.9159234 ], [ -4.4212148, 37.9157647 ], [ -4.420952, 37.9155912 ], [ -4.4207213, 37.9153923 ], [ -4.4204718, 37.9151235 ], [ -4.420319, 37.9148887 ], [ -4.4202009, 37.9146898 ], [ -4.4202331, 37.9148865 ], [ -4.4203458, 37.9152209 ], [ -4.4204423, 37.9154875 ], [ -4.4205791, 37.9157922 ], [ -4.4206542, 37.9159022 ], [ -4.4207937, 37.9160017 ], [ -4.4210968, 37.9161858 ], [ -4.4213731, 37.9163001 ], [ -4.4216118, 37.9163635 ], [ -4.4219497, 37.9164376 ], [ -4.4222528, 37.9164524 ], [ -4.422513, 37.916427 ], [ -4.4228617, 37.9163339 ], [ -4.4231406, 37.9162302 ] ] ] } },
{ "type": "Feature", "properties": { "stop_id": "osm-way-902830611", "name": null }, "geometry": { "type": "Polygon", "coordinates": [ [ [ -0.3606145, 39.5174888 ], [ -0.3608526, 39.5171938 ], [ -0.3608223, 39.5171803 ], [ -0.3602407, 39.5169348 ], [ -0.360024, 39.5168477 ], [ -0.3598841, 39.5171732 ], [ -0.3606145, 39.5174888 ] ] ] } },
{ "type": "Feature", "properties": { "stop_id": "osm-way-907032423", "name": null }, "geometry": { "type": "Polygon", "coordinates": [ [ [ 0.0735544, 40.2519819 ], [ 0.0734992, 40.252129 ], [ 0.0741559, 40.252563 ], [ 0.074287, 40.2525026 ], [ 0.0743337, 40.2524884 ], [ 0.0742909, 40.2524241 ], [ 0.074186, 40.2522987 ], [ 0.0740904, 40.2522057 ], [ 0.0739198, 40.2521035 ], [ 0.0737088, 40.2520087 ], [ 0.0735412, 40.2519526 ], [ 0.0735544, 40.2519819 ] ] ] } },
{ "type": "Feature", "properties": { "stop_id": "osm-way-908958488", "name": null }, "geometry": { "type": "Polygon", "coordinates": [ [ [ -3.5571562, 43.0860553 ], [ -3.5573827, 43.0863401 ], [ -3.5573183, 43.0864594 ], [ -3.5570661, 43.0866303 ], [ -3.5568145, 43.0870072 ], [ -3.5566301, 43.0871392 ], [ -3.5571562, 43.0860553 ] ] ] } },
{ "type": "Feature", "properties": { "stop_id": "osm-way-909089487", "name": "Área recreativa El Robledo" }, "geometry": { "type": "Polygon", "coordinates": [ [ [ -4.0348977, 40.9058211 ], [ -4.0380243, 40.9068747 ], [ -4.0398055, 40.903776 ], [ -4.0397058, 40.9036313 ], [ -4.0397174, 40.9035951 ], [ -4.0397272, 40.9035647 ], [ -4.0365236, 40.9042157 ], [ -4.035297, 40.9041844 ], [ -4.0348368, 40.9055116 ], [ -4.0348977, 40.9058211 ] ] ] } },
{ "type": "Feature", "properties": { "stop_id": "osm-way-910101427", "name": null }, "geometry": { "type": "Polygon", "coordinates": [ [ [ -2.6621005, 42.8593381 ], [ -2.6620905, 42.8592643 ], [ -2.6620455, 42.8592299 ], [ -2.6620103, 42.859203 ], [ -2.6619416, 42.8591489 ], [ -2.6616857, 42.8589562 ], [ -2.6616159, 42.858905 ], [ -2.6615211, 42.8588328 ], [ -2.6614522, 42.8587843 ], [ -2.6613785, 42.8587278 ], [ -2.6613515, 42.8587104 ], [ -2.6612855, 42.858698 ], [ -2.6612565, 42.8587277 ], [ -2.6613625, 42.8587973 ], [ -2.6613642, 42.8588804 ], [ -2.6612483, 42.8590038 ], [ -2.6611774, 42.8590736 ], [ -2.661151, 42.8590989 ], [ -2.6611982, 42.8591225 ], [ -2.6612886, 42.859132 ], [ -2.6612975, 42.8590852 ], [ -2.6613947, 42.8590955 ], [ -2.661386, 42.85914 ], [ -2.661477, 42.8591496 ], [ -2.6614685, 42.8591941 ], [ -2.6615648, 42.859204 ], [ -2.6615563, 42.8592485 ], [ -2.6616472, 42.8592579 ], [ -2.6616409, 42.8592901 ], [ -2.6621005, 42.8593381 ] ] ] } },
{ "type": "Feature", "properties": { "stop_id": "osm-way-910519220", "name": null }, "geometry": { "type": "Polygon", "coordinates": [ [ [ -2.6572984, 42.8559257 ], [ -2.6572191, 42.855927 ], [ -2.6571401, 42.8559186 ], [ -2.6570727, 42.8559043 ], [ -2.6569862, 42.8558796 ], [ -2.6569477, 42.8558651 ], [ -2.6569022, 42.8558608 ], [ -2.6568719, 42.8558795 ], [ -2.6568184, 42.8559116 ], [ -2.6566915, 42.8559879 ], [ -2.6565893, 42.8560493 ], [ -2.6567515, 42.8561781 ], [ -2.6566766, 42.856287 ], [ -2.6567897, 42.8563719 ], [ -2.656731, 42.8564139 ], [ -2.6569374, 42.8565655 ], [ -2.6572984, 42.8559257 ] ] ] } },
{ "type": "Feature", "properties": { "stop_id": "osm-way-914544522", "name": null }, "geometry": { "type": "Polygon", "coordinates": [ [ [ -3.8022375, 42.6929152 ], [ -3.8021989, 42.6932802 ], [ -3.8021574, 42.6936266 ], [ -3.8021687, 42.6937679 ], [ -3.8022507, 42.6940505 ], [ -3.8023346, 42.6942236 ], [ -3.8026541, 42.6947217 ], [ -3.8027313, 42.6947847 ], [ -3.8028265, 42.6948263 ], [ -3.8028265, 42.6947577 ], [ -3.8027106, 42.6945347 ], [ -3.8025994, 42.694295 ], [ -3.8025061, 42.6940276 ], [ -3.8024316, 42.6937547 ], [ -3.8023628, 42.6934243 ], [ -3.8022667, 42.6929166 ], [ -3.8022375, 42.6929152 ] ] ] } },
{ "type": "Feature", "properties": { "stop_id": "osm-way-918338454", "name": "Área de descanso La Pérgola" }, "geometry": { "type": "Polygon", "coordinates": [ [ [ -2.7516787, 40.4920147 ], [ -2.7517955, 40.4919636 ], [ -2.7518026, 40.491864 ], [ -2.7516822, 40.4917806 ], [ -2.751438, 40.491716 ], [ -2.7511797, 40.4916433 ], [ -2.7509638, 40.4915895 ], [ -2.7507506, 40.4915962 ], [ -2.7507302, 40.4916164 ], [ -2.7508894, 40.4917025 ], [ -2.7509461, 40.4917887 ], [ -2.751031, 40.491864 ], [ -2.7512044, 40.4919528 ], [ -2.7513991, 40.4919959 ], [ -2.7516044, 40.4920228 ], [ -2.7516787, 40.4920147 ] ] ] } },
{ "type": "Feature", "properties": { "stop_id": "osm-way-926605853", "name": null }, "geometry": { "type": "Polygon", "coordinates": [ [ [ -3.4576637, 43.0802463 ], [ -3.4579556, 43.0803923 ], [ -3.4582563, 43.080547 ], [ -3.4583206, 43.0805771 ], [ -3.4581836, 43.0808027 ], [ -3.4583638, 43.0808529 ], [ -3.459156, 43.0790941 ], [ -3.4583764, 43.0796508 ], [ -3.4578476, 43.0800341 ], [ -3.4576637, 43.0802463 ] ] ] } },
{ "type": "Feature", "properties": { "stop_id": "osm-way-929403199", "name": null }, "geometry": { "type": "Polygon", "coordinates": [ [ [ -3.2955898, 40.5565922 ], [ -3.2962335, 40.5558096 ], [ -3.2954181, 40.5554102 ], [ -3.2941546, 40.5569791 ], [ -3.295034, 40.5570239 ], [ -3.295343, 40.5566003 ], [ -3.2955898, 40.5565922 ] ] ] } },
{ "type": "Feature", "properties": { "stop_id": "osm-way-929403200", "name": null }, "geometry": { "type": "Polygon", "coordinates": [ [ [ -3.2939912, 40.5556711 ], [ -3.2931651, 40.5553206 ], [ -3.2943452, 40.5538614 ], [ -3.2954074, 40.5539266 ], [ -3.2939912, 40.5556711 ] ] ] } },
{ "type": "Feature", "properties": { "stop_id": "osm-way-930415203", "name": null }, "geometry": { "type": "Polygon", "coordinates": [ [ [ -2.9077455, 42.7100862 ], [ -2.9080279, 42.7103093 ], [ -2.9080356, 42.7103835 ], [ -2.9079097, 42.7105236 ], [ -2.9076486, 42.7106357 ], [ -2.9068174, 42.7109648 ], [ -2.9066591, 42.710948 ], [ -2.9066534, 42.7110041 ], [ -2.9063293, 42.710801 ], [ -2.9063293, 42.7107435 ], [ -2.9062378, 42.7106427 ], [ -2.9064551, 42.7105096 ], [ -2.9064304, 42.7104507 ], [ -2.9064355, 42.7103857 ], [ -2.9065662, 42.71042 ], [ -2.9067087, 42.7104492 ], [ -2.9067904, 42.7104475 ], [ -2.9068815, 42.7104303 ], [ -2.9069538, 42.7104046 ], [ -2.9070589, 42.7103411 ], [ -2.9071243, 42.7102811 ], [ -2.9072037, 42.7101953 ], [ -2.9073375, 42.7101934 ], [ -2.9073724, 42.7102269 ], [ -2.9074582, 42.7102151 ], [ -2.9077455, 42.7100862 ] ] ] } },
{ "type": "Feature", "properties": { "stop_id": "osm-way-932805353", "name": null }, "geometry": { "type": "Polygon", "coordinates": [ [ [ -4.9423508, 37.8403462 ], [ -4.9423376, 37.8402133 ], [ -4.942232, 37.8401898 ], [ -4.9414433, 37.8406485 ], [ -4.9412255, 37.8408179 ], [ -4.9404731, 37.841631 ], [ -4.9407008, 37.8415476 ], [ -4.9415159, 37.8409534 ], [ -4.9423508, 37.8403462 ] ] ] } },
{ "type": "Feature", "properties": { "stop_id": "osm-way-933998687", "name": "Shell Express" }, "geometry": { "type": "Polygon", "coordinates": [ [ [ -4.4774903, 36.6936729 ], [ -4.4775418, 36.693696 ], [ -4.4776202, 36.6937628 ], [ -4.4777637, 36.6936964 ], [ -4.4780409, 36.6935682 ], [ -4.4780622, 36.6935454 ], [ -4.4780693, 36.6935197 ], [ -4.4780598, 36.6934931 ], [ -4.4780432, 36.693475 ], [ -4.4778746, 36.6933994 ], [ -4.4777258, 36.6933326 ], [ -4.4776703, 36.6934132 ], [ -4.4774903, 36.6936729 ] ] ] } },
{ "type": "Feature", "properties": { "stop_id": "osm-way-948633425", "name": null }, "geometry": { "type": "Polygon", "coordinates": [ [ [ -3.7648041, 40.188314 ], [ -3.7647604, 40.1883093 ], [ -3.764612, 40.188366 ], [ -3.7644758, 40.1882884 ], [ -3.7642136, 40.1883008 ], [ -3.764113, 40.1883031 ], [ -3.7639503, 40.1883575 ], [ -3.7638162, 40.1882736 ], [ -3.7641058, 40.1878233 ], [ -3.7641607, 40.1877348 ], [ -3.7649606, 40.1879374 ], [ -3.7649078, 40.1880911 ], [ -3.7648041, 40.188314 ] ] ] } },
{ "type": "Feature", "properties": { "stop_id": "osm-way-949139923", "name": "Área de Descanso de Baralla" }, "geometry": { "type": "Polygon", "coordinates": [ [ [ -7.3452388, 42.9189093 ], [ -7.345156, 42.9189922 ], [ -7.345129, 42.9190193 ], [ -7.3451114, 42.919037 ], [ -7.344134, 42.9188046 ], [ -7.3434634, 42.9186294 ], [ -7.3433901, 42.9186102 ], [ -7.343398, 42.9185659 ], [ -7.3435168, 42.9183721 ], [ -7.3438574, 42.9183112 ], [ -7.3445615, 42.9184683 ], [ -7.3449142, 42.9185302 ], [ -7.3451597, 42.9187502 ], [ -7.3452388, 42.9189093 ] ] ] } },
{ "type": "Feature", "properties": { "stop_id": "osm-way-951518010", "name": null }, "geometry": { "type": "Polygon", "coordinates": [ [ [ -3.6080355, 40.2246708 ], [ -3.6075258, 40.2246626 ], [ -3.6059863, 40.2239212 ], [ -3.6072898, 40.222373 ], [ -3.6074454, 40.2222624 ], [ -3.6075419, 40.2222624 ], [ -3.6079818, 40.221947 ], [ -3.6080086, 40.2218897 ], [ -3.6086846, 40.222287 ], [ -3.609339, 40.2225819 ], [ -3.6096019, 40.222717 ], [ -3.6100525, 40.2228686 ], [ -3.6096341, 40.2234994 ], [ -3.6093497, 40.2234215 ], [ -3.6091459, 40.223356 ], [ -3.6087436, 40.2234215 ], [ -3.6084861, 40.2238025 ], [ -3.6084861, 40.2238803 ], [ -3.6080355, 40.2246708 ] ] ] } },
{ "type": "Feature", "properties": { "stop_id": "osm-way-951573729", "name": null }, "geometry": { "type": "Polygon", "coordinates": [ [ [ -5.5956375, 42.3994748 ], [ -5.5957228, 42.3993289 ], [ -5.5959145, 42.3992893 ], [ -5.5961091, 42.3993641 ], [ -5.5960447, 42.3991719 ], [ -5.595758, 42.3991156 ], [ -5.5955832, 42.3992562 ], [ -5.5956375, 42.3994748 ] ] ] } },
{ "type": "Feature", "properties": { "stop_id": "osm-way-951573730", "name": null }, "geometry": { "type": "Polygon", "coordinates": [ [ [ -5.5938727, 42.3988771 ], [ -5.5941564, 42.3987948 ], [ -5.5941676, 42.3986078 ], [ -5.5938899, 42.3983663 ], [ -5.5937533, 42.3984077 ], [ -5.5939862, 42.3986773 ], [ -5.5940198, 42.3987534 ], [ -5.5938212, 42.3988122 ], [ -5.5938727, 42.3988771 ] ] ] } },
{ "type": "Feature", "properties": { "stop_id": "osm-way-953695729", "name": "Area de servicio Cerro del Fantasma" }, "geometry": { "type": "Polygon", "coordinates": [ [ [ -5.9380931, 37.0022659 ], [ -5.9377224, 37.0025311 ], [ -5.9375744, 37.0025169 ], [ -5.9376495, 37.0021485 ], [ -5.9377594, 37.0018529 ], [ -5.9379552, 37.001388 ], [ -5.9380169, 37.0011931 ], [ -5.938151, 37.0009082 ], [ -5.9382001, 37.000784 ], [ -5.9384684, 37.0008513 ], [ -5.9386095, 37.0011092 ], [ -5.9387609, 37.0011591 ], [ -5.9388732, 37.0010384 ], [ -5.9390102, 37.001088 ], [ -5.9389717, 37.0013342 ], [ -5.9386572, 37.0022277 ], [ -5.9385721, 37.0022127 ], [ -5.9382923, 37.0021633 ], [ -5.9380931, 37.0022659 ] ] ] } },
{ "type": "Feature", "properties": { "stop_id": "osm-way-958666343", "name": "Zona de Servicio La Morena" }, "geometry": { "type": "Polygon", "coordinates": [ [ [ -1.9128068, 37.4341094 ], [ -1.9128801, 37.4340184 ], [ -1.9128412, 37.433896 ], [ -1.9124895, 37.4336924 ], [ -1.9116779, 37.4340917 ], [ -1.9115958, 37.4340315 ], [ -1.9113934, 37.4341047 ], [ -1.91039, 37.4339189 ], [ -1.9102749, 37.4339609 ], [ -1.9102678, 37.4340449 ], [ -1.9102634, 37.4340977 ], [ -1.9101988, 37.4342187 ], [ -1.9101376, 37.434255 ], [ -1.9100696, 37.4342952 ], [ -1.9099503, 37.4343309 ], [ -1.9097618, 37.4344178 ], [ -1.90959, 37.4345284 ], [ -1.9094656, 37.4346426 ], [ -1.909288, 37.4348503 ], [ -1.9093409, 37.4348812 ], [ -1.9093754, 37.4349014 ], [ -1.9093211, 37.4349749 ], [ -1.909274, 37.4351092 ], [ -1.9092723, 37.4351585 ], [ -1.9092744, 37.4352106 ], [ -1.909282, 37.435263 ], [ -1.9093017, 37.4353143 ], [ -1.9093425, 37.4353583 ], [ -1.9094253, 37.4354379 ], [ -1.9095316, 37.4355073 ], [ -1.909651, 37.4355392 ], [ -1.9098529, 37.4355412 ], [ -1.9102024, 37.4354611 ], [ -1.9114585, 37.4348507 ], [ -1.9118797, 37.4346521 ], [ -1.9119762, 37.4346066 ], [ -1.9125996, 37.4342773 ], [ -1.9128068, 37.4341094 ] ] ] } },
{ "type": "Feature", "properties": { "stop_id": "osm-way-961513059", "name": "Área de Servicio La Florida" }, "geometry": { "type": "Polygon", "coordinates": [ [ [ -5.910598, 37.1970292 ], [ -5.9120088, 37.1970869 ], [ -5.9122448, 37.194664 ], [ -5.9110388, 37.1945849 ], [ -5.9109214, 37.1946675 ], [ -5.9108716, 37.1947025 ], [ -5.910598, 37.1970292 ] ] ] } },
{ "type": "Feature", "properties": { "stop_id": "osm-way-964389277", "name": null }, "geometry": { "type": "Polygon", "coordinates": [ [ [ -4.3612144, 43.0379872 ], [ -4.3609401, 43.0376818 ], [ -4.3609815, 43.0377093 ], [ -4.3610255, 43.0377433 ], [ -4.3610619, 43.0377675 ], [ -4.3611034, 43.0377965 ], [ -4.3611327, 43.0378286 ], [ -4.3611557, 43.037865 ], [ -4.3611787, 43.0379046 ], [ -4.3611908, 43.0379382 ], [ -4.3612023, 43.0379615 ], [ -4.3612144, 43.0379872 ] ] ] } },
{ "type": "Feature", "properties": { "stop_id": "osm-way-964907687", "name": "Valcarce Olazti" }, "geometry": { "type": "Polygon", "coordinates": [ [ [ -2.1816589, 42.8835103 ], [ -2.1811826, 42.8838838 ], [ -2.1799488, 42.88427 ], [ -2.1789356, 42.8844255 ], [ -2.1782236, 42.8843418 ], [ -2.1777034, 42.8842131 ], [ -2.1778411, 42.8840341 ], [ -2.1784917, 42.8836154 ], [ -2.1788196, 42.883427 ], [ -2.1789616, 42.8835599 ], [ -2.1790532, 42.8835243 ], [ -2.1792719, 42.8834391 ], [ -2.1797607, 42.8833492 ], [ -2.1802913, 42.8832516 ], [ -2.180861, 42.8835581 ], [ -2.1812225, 42.8835772 ], [ -2.1816589, 42.8835103 ] ] ] } },
{ "type": "Feature", "properties": { "stop_id": "osm-way-967920124", "name": "Área 103" }, "geometry": { "type": "Polygon", "coordinates": [ [ [ -2.7615948, 40.8985253 ], [ -2.7604113, 40.8989726 ], [ -2.7592115, 40.8978404 ], [ -2.7628824, 40.8957975 ], [ -2.7629727, 40.8957488 ], [ -2.7630692, 40.8957077 ], [ -2.7632875, 40.8956138 ], [ -2.7636592, 40.8958791 ], [ -2.7633114, 40.8962513 ], [ -2.7629096, 40.8960267 ], [ -2.762806, 40.8960858 ], [ -2.7627599, 40.8960459 ], [ -2.7618433, 40.896626 ], [ -2.7620375, 40.8968625 ], [ -2.7619472, 40.8969513 ], [ -2.7617394, 40.8970195 ], [ -2.7616536, 40.8971595 ], [ -2.7617304, 40.8975659 ], [ -2.7613328, 40.8977195 ], [ -2.7614864, 40.898061 ], [ -2.7615948, 40.8985253 ] ] ] } },
{ "type": "Feature", "properties": { "stop_id": "osm-way-967920125", "name": null }, "geometry": { "type": "Polygon", "coordinates": [ [ [ -2.7616768, 40.8960014 ], [ -2.7597784, 40.8970039 ], [ -2.7595609, 40.8963799 ], [ -2.7599632, 40.8962717 ], [ -2.7599691, 40.896078 ], [ -2.7601748, 40.8960803 ], [ -2.7602314, 40.8956117 ], [ -2.7603298, 40.8955711 ], [ -2.7603298, 40.895499 ], [ -2.7608722, 40.8954405 ], [ -2.7609675, 40.8959181 ], [ -2.7614116, 40.8958843 ], [ -2.7616858, 40.8958865 ], [ -2.7617543, 40.8959518 ], [ -2.7616768, 40.8960014 ] ] ] } },
{ "type": "Feature", "properties": { "stop_id": "osm-way-970114126", "name": "Dinergia" }, "geometry": { "type": "Polygon", "coordinates": [ [ [ -4.4706286, 36.6929922 ], [ -4.4705932, 36.6930418 ], [ -4.4705398, 36.6931195 ], [ -4.4705183, 36.6931511 ], [ -4.4704073, 36.6933136 ], [ -4.4703793, 36.6933545 ], [ -4.4703585, 36.6933858 ], [ -4.4704181, 36.6934128 ], [ -4.4706469, 36.6935146 ], [ -4.4707164, 36.6935457 ], [ -4.4707408, 36.6935099 ], [ -4.4707827, 36.6934481 ], [ -4.4708724, 36.6933157 ], [ -4.4708938, 36.693284 ], [ -4.4709469, 36.6932039 ], [ -4.4709823, 36.6931543 ], [ -4.4706286, 36.6929922 ] ] ] } },
{ "type": "Feature", "properties": { "stop_id": "osm-way-970114535", "name": "Galp" }, "geometry": { "type": "Polygon", "coordinates": [ [ [ -4.471399, 36.6880569 ], [ -4.4714527, 36.6880809 ], [ -4.4713667, 36.6881892 ], [ -4.470954, 36.6880056 ], [ -4.4709324, 36.6879339 ], [ -4.4712038, 36.6877438 ], [ -4.4713543, 36.6878317 ], [ -4.4713589, 36.6878337 ], [ -4.4714279, 36.6878646 ], [ -4.4715086, 36.6879006 ], [ -4.471399, 36.6880569 ] ] ] } },
{ "type": "Feature", "properties": { "stop_id": "osm-way-975590976", "name": null }, "geometry": { "type": "Polygon", "coordinates": [ [ [ -4.1180118, 36.7981891 ], [ -4.1178004, 36.7982772 ], [ -4.1175857, 36.7980103 ], [ -4.1178099, 36.7979093 ], [ -4.1180118, 36.7981891 ] ] ] } },
{ "type": "Feature", "properties": { "stop_id": "osm-way-978145607", "name": null }, "geometry": { "type": "Polygon", "coordinates": [ [ [ -3.2154811, 37.2682198 ], [ -3.2154634, 37.2681416 ], [ -3.2156049, 37.2681165 ], [ -3.2156423, 37.2681322 ], [ -3.2156482, 37.2681603 ], [ -3.2154811, 37.2682198 ] ] ] } },
{ "type": "Feature", "properties": { "stop_id": "osm-way-978565684", "name": null }, "geometry": { "type": "Polygon", "coordinates": [ [ [ -0.9391086, 40.2172298 ], [ -0.9395862, 40.2183969 ], [ -0.9396803, 40.218627 ], [ -0.9397364, 40.2191016 ], [ -0.9397025, 40.2192161 ], [ -0.9395497, 40.2194178 ], [ -0.9395282, 40.2195151 ], [ -0.9395966, 40.2196329 ], [ -0.9395998, 40.2199579 ], [ -0.9396313, 40.2200542 ], [ -0.9397742, 40.2202874 ], [ -0.9401547, 40.2207231 ], [ -0.940669, 40.2204533 ], [ -0.9413756, 40.2200584 ], [ -0.9408047, 40.2194743 ], [ -0.9407482, 40.2194283 ], [ -0.9406936, 40.2193851 ], [ -0.9406239, 40.2193391 ], [ -0.9404599, 40.2192643 ], [ -0.9403902, 40.2192197 ], [ -0.9401792, 40.2190542 ], [ -0.9401227, 40.2190053 ], [ -0.9398813, 40.2184783 ], [ -0.9406292, 40.2181152 ], [ -0.9400305, 40.2168135 ], [ -0.9395223, 40.217043 ], [ -0.9391086, 40.2172298 ] ] ] } },
{ "type": "Feature", "properties": { "stop_id": "osm-way-983527686", "name": null }, "geometry": { "type": "Polygon", "coordinates": [ [ [ -3.4513537, 40.3469251 ], [ -3.4503327, 40.3477092 ], [ -3.4494099, 40.3477092 ], [ -3.4483222, 40.3467036 ], [ -3.4484636, 40.3459045 ], [ -3.4484361, 40.3449348 ], [ -3.4494845, 40.3441058 ], [ -3.4504073, 40.3441058 ], [ -3.4503877, 40.3446954 ], [ -3.4513694, 40.3456382 ], [ -3.4513537, 40.3469251 ] ] ] } },
{ "type": "Feature", "properties": { "stop_id": "osm-way-983730731", "name": null }, "geometry": { "type": "Polygon", "coordinates": [ [ [ -0.823984, 40.1488865 ], [ -0.8239974, 40.1485964 ], [ -0.8239304, 40.1485 ], [ -0.8238418, 40.1484334 ], [ -0.8237104, 40.1484139 ], [ -0.8229916, 40.1485349 ], [ -0.8228213, 40.1486343 ], [ -0.8234274, 40.1493088 ], [ -0.8238244, 40.149726 ], [ -0.8241248, 40.1500756 ], [ -0.8241665, 40.1500538 ], [ -0.8243944, 40.1499403 ], [ -0.8247593, 40.1498115 ], [ -0.825159, 40.149712 ], [ -0.8254192, 40.1496628 ], [ -0.8256713, 40.14955 ], [ -0.8253065, 40.1491667 ], [ -0.825159, 40.1489616 ], [ -0.8241276, 40.1489021 ], [ -0.823984, 40.1488865 ] ] ] } },
{ "type": "Feature", "properties": { "stop_id": "osm-way-986061236", "name": null }, "geometry": { "type": "Polygon", "coordinates": [ [ [ -0.429909, 39.8076728 ], [ -0.4300694, 39.8079921 ], [ -0.4303417, 39.8089007 ], [ -0.4305294, 39.8095539 ], [ -0.4306273, 39.809795 ], [ -0.4307373, 39.8100123 ], [ -0.4310511, 39.8104656 ], [ -0.4313394, 39.810241 ], [ -0.4310779, 39.8095879 ], [ -0.4308097, 39.8088018 ], [ -0.4306018, 39.8083218 ], [ -0.4303215, 39.8078767 ], [ -0.4300614, 39.8075965 ], [ -0.429909, 39.8076728 ] ] ] } },
{ "type": "Feature", "properties": { "stop_id": "osm-way-987816908", "name": "Fuente del Rey" }, "geometry": { "type": "Polygon", "coordinates": [ [ [ -6.5470916, 37.9022254 ], [ -6.5469981, 37.9023549 ], [ -6.5468471, 37.9023682 ], [ -6.5466961, 37.902231 ], [ -6.5468363, 37.9022405 ], [ -6.5470065, 37.9022405 ], [ -6.5470916, 37.9022254 ] ] ] } },
{ "type": "Feature", "properties": { "stop_id": "osm-way-988066544", "name": null }, "geometry": { "type": "Polygon", "coordinates": [ [ [ -3.8587359, 43.3836718 ], [ -3.8587922, 43.383662 ], [ -3.8588345, 43.3836395 ], [ -3.8591556, 43.3834388 ], [ -3.8594694, 43.383241 ], [ -3.859503, 43.3831893 ], [ -3.8595191, 43.3831172 ], [ -3.8595285, 43.3829983 ], [ -3.8594976, 43.3828813 ], [ -3.859452, 43.3827965 ], [ -3.8593782, 43.3826747 ], [ -3.8592659, 43.3827147 ], [ -3.8585366, 43.3828025 ], [ -3.8585367, 43.3829282 ], [ -3.8580558, 43.3829729 ], [ -3.858072, 43.3830915 ], [ -3.8580962, 43.3832682 ], [ -3.8581096, 43.3834632 ], [ -3.8580854, 43.3836493 ], [ -3.8582198, 43.3836453 ], [ -3.8582812, 43.3836435 ], [ -3.8584355, 43.3836474 ], [ -3.8585897, 43.3836571 ], [ -3.8586862, 43.3836679 ], [ -3.8587359, 43.3836718 ] ] ] } },
{ "type": "Feature", "properties": { "stop_id": "osm-way-996266205", "name": "Área de Servizo Galuresa Roxos" }, "geometry": { "type": "Polygon", "coordinates": [ [ [ -8.6231132, 42.8735264 ], [ -8.6233105, 42.8734036 ], [ -8.6229387, 42.8729439 ], [ -8.6228614, 42.8729454 ], [ -8.6227828, 42.8729451 ], [ -8.622279, 42.8731918 ], [ -8.6220694, 42.8732926 ], [ -8.6220566, 42.8733043 ], [ -8.622051, 42.8733166 ], [ -8.6220337, 42.8733654 ], [ -8.6220151, 42.8734145 ], [ -8.6221728, 42.8734199 ], [ -8.6223154, 42.8734499 ], [ -8.6224218, 42.8734859 ], [ -8.6225481, 42.8735082 ], [ -8.6227188, 42.8735262 ], [ -8.6228005, 42.8735289 ], [ -8.6228718, 42.8735766 ], [ -8.6229801, 42.8735797 ], [ -8.6231132, 42.8735264 ] ] ] } },
{ "type": "Feature", "properties": { "stop_id": "osm-way-998117390", "name": null }, "geometry": { "type": "Polygon", "coordinates": [ [ [ -2.3840853, 39.6838374 ], [ -2.3845348, 39.6835242 ], [ -2.384213, 39.6830597 ], [ -2.383749, 39.683101 ], [ -2.3837035, 39.6831058 ], [ -2.3836215, 39.6832498 ], [ -2.3840853, 39.6838374 ] ] ] } },
{ "type": "Feature", "properties": { "stop_id": "osm-way-1007433346", "name": "Àrea de Servei de Sagunt" }, "geometry": { "type": "Polygon", "coordinates": [ [ [ -0.300646, 39.6486847 ], [ -0.3004136, 39.6486912 ], [ -0.3003248, 39.6488963 ], [ -0.2996362, 39.649553 ], [ -0.2996213, 39.6496486 ], [ -0.2996858, 39.6497938 ], [ -0.3004514, 39.651406 ], [ -0.3005843, 39.6515955 ], [ -0.3007209, 39.6517311 ], [ -0.300888, 39.6518168 ], [ -0.3010784, 39.6518514 ], [ -0.3012203, 39.6518237 ], [ -0.3013425, 39.6517836 ], [ -0.30151, 39.6517735 ], [ -0.3016365, 39.6517811 ], [ -0.3017408, 39.6517811 ], [ -0.3018822, 39.6516837 ], [ -0.3018922, 39.6516531 ], [ -0.3020039, 39.6514238 ], [ -0.3019666, 39.651248 ], [ -0.3018748, 39.6510875 ], [ -0.3011397, 39.6498928 ], [ -0.300772, 39.6490727 ], [ -0.3006959, 39.6488384 ], [ -0.300646, 39.6486847 ] ] ] } },
{ "type": "Feature", "properties": { "stop_id": "osm-way-1010375160", "name": null }, "geometry": { "type": "Polygon", "coordinates": [ [ [ -0.7047933, 38.3698553 ], [ -0.7043763, 38.369643 ], [ -0.7042636, 38.3695715 ], [ -0.7041845, 38.3695925 ], [ -0.7039699, 38.3694653 ], [ -0.7037379, 38.369357 ], [ -0.7036065, 38.3694957 ], [ -0.7035086, 38.369603 ], [ -0.7034469, 38.3697039 ], [ -0.7034576, 38.3697944 ], [ -0.7035019, 38.369849 ], [ -0.7037339, 38.3699805 ], [ -0.7042395, 38.3702191 ], [ -0.7044017, 38.3701813 ], [ -0.7048389, 38.3700015 ], [ -0.7048711, 38.3698774 ], [ -0.7047933, 38.3698553 ] ] ] } },
{ "type": "Feature", "properties": { "stop_id": "osm-way-1010800357", "name": "Estación de Servicio El Gomero" }, "geometry": { "type": "Polygon", "coordinates": [ [ [ -16.6304358, 28.0462685 ], [ -16.6288698, 28.046596 ], [ -16.6288449, 28.0465518 ], [ -16.6287102, 28.0464374 ], [ -16.6286713, 28.0463747 ], [ -16.6286841, 28.046193 ], [ -16.628724, 28.0459206 ], [ -16.6294317, 28.0457769 ], [ -16.6300626, 28.0456587 ], [ -16.6302984, 28.0456399 ], [ -16.6304358, 28.0462685 ] ] ] } },
{ "type": "Feature", "properties": { "stop_id": "osm-way-1010828042", "name": null }, "geometry": { "type": "Polygon", "coordinates": [ [ [ -8.4937246, 42.9098549 ], [ -8.4929648, 42.9104189 ], [ -8.492926, 42.9104279 ], [ -8.4928524, 42.9104099 ], [ -8.4924173, 42.9100284 ], [ -8.4923009, 42.9098953 ], [ -8.4922764, 42.9098175 ], [ -8.4923029, 42.9096858 ], [ -8.492352, 42.9096245 ], [ -8.4929321, 42.9092145 ], [ -8.4937246, 42.9098549 ] ] ] } },
{ "type": "Feature", "properties": { "stop_id": "osm-way-1015080242", "name": null }, "geometry": { "type": "Polygon", "coordinates": [ [ [ -3.2658695, 43.1116855 ], [ -3.2659393, 43.1116967 ], [ -3.2660324, 43.1117117 ], [ -3.2660591, 43.111716 ], [ -3.2660739, 43.1117372 ], [ -3.2660928, 43.1117642 ], [ -3.2661268, 43.1117529 ], [ -3.2661604, 43.1117863 ], [ -3.2661135, 43.1118178 ], [ -3.2661549, 43.1118742 ], [ -3.2662008, 43.1118365 ], [ -3.2662106, 43.1118486 ], [ -3.2661962, 43.1118611 ], [ -3.266167, 43.1118865 ], [ -3.2662001, 43.1119268 ], [ -3.2662455, 43.1118934 ], [ -3.2662684, 43.1119554 ], [ -3.2664807, 43.111498 ], [ -3.266552, 43.1113277 ], [ -3.2666132, 43.1111815 ], [ -3.2664156, 43.1110905 ], [ -3.2664001, 43.111106 ], [ -3.2661972, 43.1111746 ], [ -3.2661064, 43.1112951 ], [ -3.2659428, 43.1114986 ], [ -3.2658917, 43.1116223 ], [ -3.2658695, 43.1116855 ] ] ] } },
{ "type": "Feature", "properties": { "stop_id": "osm-way-1015320909", "name": null }, "geometry": { "type": "Polygon", "coordinates": [ [ [ -1.142849, 38.8776621 ], [ -1.1429992, 38.8777655 ], [ -1.1430421, 38.8778312 ], [ -1.1430287, 38.8778845 ], [ -1.1425124, 38.877874 ], [ -1.1423402, 38.878284 ], [ -1.1423317, 38.8785383 ], [ -1.1420859, 38.8785404 ], [ -1.1416101, 38.8785563 ], [ -1.1415121, 38.8789764 ], [ -1.1415415, 38.8790632 ], [ -1.1415656, 38.8790882 ], [ -1.1427069, 38.8791477 ], [ -1.1430421, 38.8790058 ], [ -1.1432514, 38.8786581 ], [ -1.1435276, 38.8785036 ], [ -1.1439808, 38.8785521 ], [ -1.1441185, 38.8785084 ], [ -1.1445335, 38.8780233 ], [ -1.1445335, 38.8777811 ], [ -1.142849, 38.8776621 ] ] ] } },
{ "type": "Feature", "properties": { "stop_id": "osm-way-1015327534", "name": null }, "geometry": { "type": "Polygon", "coordinates": [ [ [ -1.1762747, 38.874365 ], [ -1.1753118, 38.8746009 ], [ -1.1745474, 38.8746385 ], [ -1.1741236, 38.8746072 ], [ -1.1740002, 38.8748703 ], [ -1.1740297, 38.8749789 ], [ -1.1744803, 38.8754362 ], [ -1.175167, 38.8754028 ], [ -1.1753628, 38.8754612 ], [ -1.1761326, 38.8751981 ], [ -1.1763203, 38.8749392 ], [ -1.1763498, 38.8746824 ], [ -1.1762747, 38.874365 ] ] ] } },
{ "type": "Feature", "properties": { "stop_id": "osm-way-1015626767", "name": null }, "geometry": { "type": "Polygon", "coordinates": [ [ [ -1.3311047, 38.8764219 ], [ -1.331262, 38.8764063 ], [ -1.3315498, 38.876388 ], [ -1.3318737, 38.8763675 ], [ -1.3320239, 38.8763226 ], [ -1.332154, 38.8761545 ], [ -1.3321593, 38.8760877 ], [ -1.3321607, 38.8760637 ], [ -1.3319023, 38.8761135 ], [ -1.3317116, 38.8761503 ], [ -1.3312368, 38.8762437 ], [ -1.3312329, 38.8763255 ], [ -1.3311024, 38.8763974 ], [ -1.3311047, 38.8764219 ] ] ] } },
{ "type": "Feature", "properties": { "stop_id": "osm-way-1019755382", "name": null }, "geometry": { "type": "Polygon", "coordinates": [ [ [ -2.1071482, 40.2055393 ], [ -2.1071112, 40.205626 ], [ -2.1070034, 40.205855 ], [ -2.1069771, 40.2059124 ], [ -2.1068742, 40.2061353 ], [ -2.106852, 40.2061833 ], [ -2.1066509, 40.2066186 ], [ -2.1066216, 40.2066916 ], [ -2.1063934, 40.2073376 ], [ -2.1068097, 40.2076913 ], [ -2.1069181, 40.2076222 ], [ -2.1069679, 40.2073534 ], [ -2.107024, 40.2071951 ], [ -2.1071065, 40.2067038 ], [ -2.1071313, 40.2066394 ], [ -2.1071193, 40.2066367 ], [ -2.1072221, 40.2063697 ], [ -2.1071541, 40.2063498 ], [ -2.1071647, 40.2063224 ], [ -2.1071709, 40.2063157 ], [ -2.1071864, 40.2062788 ], [ -2.1071433, 40.2062682 ], [ -2.1071189, 40.2062629 ], [ -2.1072106, 40.2060513 ], [ -2.1071396, 40.2060334 ], [ -2.107146, 40.2060188 ], [ -2.1071563, 40.2060111 ], [ -2.1072129, 40.2058836 ], [ -2.1072798, 40.2057516 ], [ -2.1072665, 40.2055634 ], [ -2.107207, 40.2055513 ], [ -2.1071482, 40.2055393 ] ] ] } },
{ "type": "Feature", "properties": { "stop_id": "osm-way-1019761771", "name": null }, "geometry": { "type": "Polygon", "coordinates": [ [ [ -2.1097748, 40.200097 ], [ -2.1098998, 40.2001393 ], [ -2.1100199, 40.2001767 ], [ -2.1101315, 40.2001415 ], [ -2.1101799, 40.200045 ], [ -2.1102255, 40.1999696 ], [ -2.1103995, 40.199934 ], [ -2.1103985, 40.1999049 ], [ -2.1103772, 40.1997301 ], [ -2.1103935, 40.199605 ], [ -2.1101736, 40.1994555 ], [ -2.1101384, 40.1995299 ], [ -2.1101003, 40.1996047 ], [ -2.1100549, 40.1996826 ], [ -2.1099316, 40.1998733 ], [ -2.109854, 40.1999885 ], [ -2.1097748, 40.200097 ] ] ] } },
{ "type": "Feature", "properties": { "stop_id": "osm-way-1021120465", "name": "Área de Servicio Gasolprice" }, "geometry": { "type": "Polygon", "coordinates": [ [ [ -1.3818459, 41.4888379 ], [ -1.3807207, 41.489091 ], [ -1.3805035, 41.4892196 ], [ -1.3803184, 41.4892739 ], [ -1.3801548, 41.4892357 ], [ -1.3795593, 41.4893301 ], [ -1.3791919, 41.4893613 ], [ -1.3792294, 41.4890268 ], [ -1.379271, 41.4889213 ], [ -1.3793233, 41.488854 ], [ -1.3794091, 41.4887987 ], [ -1.3795191, 41.4887726 ], [ -1.3796465, 41.4887706 ], [ -1.3796143, 41.4886822 ], [ -1.3794883, 41.4886551 ], [ -1.3793743, 41.4885908 ], [ -1.3793193, 41.4885285 ], [ -1.3792965, 41.4884511 ], [ -1.3793099, 41.4882622 ], [ -1.379389, 41.4882693 ], [ -1.3793984, 41.4882331 ], [ -1.3794427, 41.4881959 ], [ -1.3796988, 41.4881678 ], [ -1.3805008, 41.487988 ], [ -1.3811217, 41.4879368 ], [ -1.3811794, 41.4880422 ], [ -1.3812371, 41.4880272 ], [ -1.3815241, 41.4884431 ], [ -1.3819304, 41.4886832 ], [ -1.3821396, 41.4887595 ], [ -1.3818459, 41.4888379 ] ] ] } },
{ "type": "Feature", "properties": { "stop_id": "osm-way-1021488835", "name": null }, "geometry": { "type": "Polygon", "coordinates": [ [ [ -2.1867219, 39.2183006 ], [ -2.1868023, 39.2180346 ], [ -2.1870089, 39.2176003 ], [ -2.1873173, 39.2173281 ], [ -2.1874997, 39.2169374 ], [ -2.1874648, 39.2165821 ], [ -2.1873307, 39.2164075 ], [ -2.1858072, 39.2161644 ], [ -2.1855444, 39.2162018 ], [ -2.1852815, 39.2161665 ], [ -2.1839887, 39.2159524 ], [ -2.1838519, 39.2160002 ], [ -2.1835086, 39.2164117 ], [ -2.1834013, 39.216528 ], [ -2.1835837, 39.2166195 ], [ -2.1834147, 39.2169062 ], [ -2.1843186, 39.2172637 ], [ -2.1849613, 39.2176793 ], [ -2.1863517, 39.2182331 ], [ -2.1867219, 39.2183006 ] ] ] } },
{ "type": "Feature", "properties": { "stop_id": "osm-way-1022124319", "name": null }, "geometry": { "type": "Polygon", "coordinates": [ [ [ -1.933288, 39.0592395 ], [ -1.9329178, 39.0592312 ], [ -1.9327301, 39.0593582 ], [ -1.9327408, 39.0594749 ], [ -1.9342522, 39.0607453 ], [ -1.9343235, 39.0606913 ], [ -1.9346668, 39.0604539 ], [ -1.9347205, 39.0603664 ], [ -1.9334276, 39.0593084 ], [ -1.933288, 39.0592395 ] ] ] } },
{ "type": "Feature", "properties": { "stop_id": "osm-way-1022430989", "name": null }, "geometry": { "type": "Polygon", "coordinates": [ [ [ -3.6167759, 41.034985 ], [ -3.6168825, 41.0349619 ], [ -3.6171661, 41.0350218 ], [ -3.6172935, 41.0350934 ], [ -3.6173524, 41.035097 ], [ -3.6174449, 41.035068 ], [ -3.6175754, 41.0350216 ], [ -3.617599, 41.0349852 ], [ -3.6175591, 41.0348169 ], [ -3.6175218, 41.034767 ], [ -3.6179581, 41.0346401 ], [ -3.6178211, 41.034457 ], [ -3.6174245, 41.0340672 ], [ -3.6167347, 41.0343328 ], [ -3.6165881, 41.0346746 ], [ -3.6166881, 41.0347373 ], [ -3.6167425, 41.0347922 ], [ -3.6167822, 41.0348597 ], [ -3.6167903, 41.0349236 ], [ -3.6167759, 41.034985 ] ] ] } },
{ "type": "Feature", "properties": { "stop_id": "osm-way-1024370183", "name": null }, "geometry": { "type": "Polygon", "coordinates": [ [ [ -1.7572452, 38.938257 ], [ -1.7570508, 38.9383613 ], [ -1.7573082, 38.9386983 ], [ -1.7574866, 38.9387974 ], [ -1.7577669, 38.938861 ], [ -1.7581679, 38.9389152 ], [ -1.7582269, 38.9387848 ], [ -1.7581169, 38.938715 ], [ -1.7572452, 38.938257 ] ] ] } },
{ "type": "Feature", "properties": { "stop_id": "osm-way-1025362035", "name": null }, "geometry": { "type": "Polygon", "coordinates": [ [ [ -1.5840912, 38.9215856 ], [ -1.5836567, 38.9213123 ], [ -1.5834103, 38.9214776 ], [ -1.5833268, 38.9217025 ], [ -1.583202, 38.9218517 ], [ -1.5836433, 38.9220635 ], [ -1.5840912, 38.9215856 ] ] ] } },
{ "type": "Feature", "properties": { "stop_id": "osm-way-1025564610", "name": null }, "geometry": { "type": "Polygon", "coordinates": [ [ [ -3.7603433, 40.6546305 ], [ -3.7602712, 40.6547217 ], [ -3.7602374, 40.6548023 ], [ -3.7601062, 40.6550143 ], [ -3.7599618, 40.6545195 ], [ -3.7598943, 40.6542895 ], [ -3.7599166, 40.6542799 ], [ -3.7600171, 40.6542957 ], [ -3.7600856, 40.6543446 ], [ -3.7601794, 40.6543354 ], [ -3.7601741, 40.6543151 ], [ -3.7603135, 40.6543148 ], [ -3.7603752, 40.6543501 ], [ -3.7603864, 40.6543241 ], [ -3.7604364, 40.6543326 ], [ -3.7604477, 40.6543677 ], [ -3.7604935, 40.654372 ], [ -3.7604852, 40.654453 ], [ -3.760528, 40.6544802 ], [ -3.7603433, 40.6546305 ] ] ] } },
{ "type": "Feature", "properties": { "stop_id": "osm-way-1025564636", "name": "Estación de Servicio La Almoraima" }, "geometry": { "type": "Polygon", "coordinates": [ [ [ -5.4285604, 36.2816424 ], [ -5.4281071, 36.2814283 ], [ -5.4280358, 36.28134 ], [ -5.4279622, 36.2812489 ], [ -5.4284544, 36.2809105 ], [ -5.4285456, 36.2809689 ], [ -5.4285751, 36.281038 ], [ -5.4286395, 36.2813526 ], [ -5.428673, 36.2816218 ], [ -5.4285604, 36.2816424 ] ] ] } },
{ "type": "Feature", "properties": { "stop_id": "osm-way-1025681649", "name": null }, "geometry": { "type": "Polygon", "coordinates": [ [ [ -1.5024501, 38.8977068 ], [ -1.5019405, 38.8982287 ], [ -1.5020666, 38.8985167 ], [ -1.5022945, 38.8987109 ], [ -1.5025574, 38.8987735 ], [ -1.5035391, 38.8987192 ], [ -1.5035015, 38.8981013 ], [ -1.5031099, 38.8979782 ], [ -1.5030456, 38.8978404 ], [ -1.502721, 38.8977444 ], [ -1.5024501, 38.8977068 ] ] ] } },
{ "type": "Feature", "properties": { "stop_id": "osm-way-1025806748", "name": null }, "geometry": { "type": "Polygon", "coordinates": [ [ [ -4.0735835, 39.8634599 ], [ -4.0731034, 39.8637831 ], [ -4.0729263, 39.863849 ], [ -4.072756, 39.8638428 ], [ -4.0725616, 39.8638449 ], [ -4.0721297, 39.8636935 ], [ -4.0718159, 39.8635731 ], [ -4.0716764, 39.8635113 ], [ -4.0716416, 39.8633652 ], [ -4.0719071, 39.8633127 ], [ -4.072215, 39.8633029 ], [ -4.072866, 39.8632622 ], [ -4.0735768, 39.8632447 ], [ -4.0736921, 39.8633816 ], [ -4.0735835, 39.8634599 ] ] ] } },
{ "type": "Feature", "properties": { "stop_id": "osm-way-1025930160", "name": null }, "geometry": { "type": "Polygon", "coordinates": [ [ [ -1.3325145, 38.8747032 ], [ -1.3323851, 38.8745848 ], [ -1.3323079, 38.874561 ], [ -1.3322204, 38.8745729 ], [ -1.3321032, 38.8746117 ], [ -1.331979, 38.8746776 ], [ -1.3318697, 38.8748056 ], [ -1.3317609, 38.8749593 ], [ -1.3316655, 38.8751353 ], [ -1.3316429, 38.8753456 ], [ -1.3315853, 38.8756608 ], [ -1.332145, 38.8755437 ], [ -1.3324042, 38.8755126 ], [ -1.3325066, 38.8754887 ], [ -1.3325823, 38.8754617 ], [ -1.3326086, 38.8754414 ], [ -1.3325388, 38.8751592 ], [ -1.3326072, 38.8750951 ], [ -1.3326394, 38.875026 ], [ -1.3326507, 38.8749488 ], [ -1.3326383, 38.8748932 ], [ -1.3326101, 38.8748263 ], [ -1.3325657, 38.8747554 ], [ -1.3325145, 38.8747032 ] ] ] } },
{ "type": "Feature", "properties": { "stop_id": "osm-way-1026072480", "name": null }, "geometry": { "type": "Polygon", "coordinates": [ [ [ -2.7140644, 42.8768857 ], [ -2.7139099, 42.8769805 ], [ -2.7138187, 42.8770364 ], [ -2.7135894, 42.8771771 ], [ -2.7135552, 42.8771703 ], [ -2.7134555, 42.8771957 ], [ -2.7127144, 42.8776582 ], [ -2.7127392, 42.8776985 ], [ -2.7124174, 42.8778959 ], [ -2.7124593, 42.8778446 ], [ -2.7124323, 42.8777978 ], [ -2.7115107, 42.8783254 ], [ -2.7113911, 42.8783474 ], [ -2.7112648, 42.8783131 ], [ -2.7111265, 42.87817 ], [ -2.7113829, 42.8778163 ], [ -2.711536, 42.8776314 ], [ -2.7119683, 42.8772993 ], [ -2.7119986, 42.8772521 ], [ -2.7120209, 42.8772409 ], [ -2.7121012, 42.8772004 ], [ -2.7129203, 42.8768063 ], [ -2.7129528, 42.8768046 ], [ -2.7132898, 42.8769238 ], [ -2.713421, 42.8769498 ], [ -2.713574, 42.8769739 ], [ -2.7136984, 42.8769713 ], [ -2.7138702, 42.8769471 ], [ -2.7140644, 42.8768857 ] ] ] } },
{ "type": "Feature", "properties": { "stop_id": "osm-way-1026072481", "name": null }, "geometry": { "type": "Polygon", "coordinates": [ [ [ -2.7140391, 42.8785128 ], [ -2.7143654, 42.8783348 ], [ -2.7142509, 42.8782154 ], [ -2.7145995, 42.8779992 ], [ -2.7149583, 42.8777754 ], [ -2.715013, 42.8777586 ], [ -2.7151402, 42.8778509 ], [ -2.7151707, 42.8778435 ], [ -2.7157267, 42.8775153 ], [ -2.7158383, 42.877432 ], [ -2.7158781, 42.8773904 ], [ -2.7158972, 42.8773391 ], [ -2.7158908, 42.8772888 ], [ -2.7154036, 42.8768692 ], [ -2.715324, 42.8768468 ], [ -2.7152763, 42.8768487 ], [ -2.7151847, 42.8768729 ], [ -2.7149977, 42.876983 ], [ -2.7147636, 42.877134 ], [ -2.7147407, 42.8771881 ], [ -2.7147216, 42.8773027 ], [ -2.7147051, 42.8773718 ], [ -2.7146733, 42.8773857 ], [ -2.7146428, 42.8773997 ], [ -2.7146046, 42.8773643 ], [ -2.7145932, 42.8773046 ], [ -2.7144083, 42.8774188 ], [ -2.7143455, 42.8774668 ], [ -2.7139519, 42.8777112 ], [ -2.7136849, 42.8778578 ], [ -2.7135876, 42.8778882 ], [ -2.7135557, 42.8778948 ], [ -2.7135147, 42.878065 ], [ -2.71379, 42.8783011 ], [ -2.7138201, 42.8783268 ], [ -2.713847, 42.8783497 ], [ -2.7140391, 42.8785128 ] ] ] } },
{ "type": "Feature", "properties": { "stop_id": "osm-way-1026723735", "name": "Repsol" }, "geometry": { "type": "Polygon", "coordinates": [ [ [ -5.4445936, 36.1172521 ], [ -5.444553, 36.1172854 ], [ -5.4445021, 36.1173066 ], [ -5.4444484, 36.1173077 ], [ -5.4444055, 36.1172882 ], [ -5.4443358, 36.1172177 ], [ -5.4443277, 36.1171592 ], [ -5.4443559, 36.117052 ], [ -5.444364, 36.1169924 ], [ -5.4446697, 36.1166977 ], [ -5.4447515, 36.1166414 ], [ -5.4448695, 36.1165742 ], [ -5.4449835, 36.1165276 ], [ -5.4449876, 36.116546 ], [ -5.4449762, 36.1166311 ], [ -5.4449319, 36.1168851 ], [ -5.4449172, 36.1169144 ], [ -5.4446533, 36.1171919 ], [ -5.4445936, 36.1172521 ] ] ] } },
{ "type": "Feature", "properties": { "stop_id": "osm-way-1026723741", "name": "Estación de Servicio Frii Autoservicio" }, "geometry": { "type": "Polygon", "coordinates": [ [ [ -5.4449621, 36.1170162 ], [ -5.4452142, 36.117325 ], [ -5.4451686, 36.1173477 ], [ -5.445237, 36.1174247 ], [ -5.4451686, 36.1174572 ], [ -5.4451379, 36.1174662 ], [ -5.4445544, 36.1176381 ], [ -5.4444377, 36.1175395 ], [ -5.4445139, 36.1174635 ], [ -5.4445597, 36.1174178 ], [ -5.4449621, 36.1170162 ] ] ] } },
{ "type": "Feature", "properties": { "stop_id": "osm-way-1027014566", "name": "Galp" }, "geometry": { "type": "Polygon", "coordinates": [ [ [ 2.2424992, 42.0039847 ], [ 2.2426003, 42.0037674 ], [ 2.2424823, 42.0034963 ], [ 2.242375, 42.0034585 ], [ 2.2423294, 42.0034734 ], [ 2.2422999, 42.0034983 ], [ 2.2421899, 42.0037913 ], [ 2.2422439, 42.0038276 ], [ 2.2422275, 42.0038723 ], [ 2.2421557, 42.0038549 ], [ 2.2420776, 42.004111 ], [ 2.2421132, 42.0042722 ], [ 2.2422101, 42.0045079 ], [ 2.2426955, 42.0043982 ], [ 2.2426714, 42.0041232 ], [ 2.2425829, 42.0040634 ], [ 2.2425681, 42.0040275 ], [ 2.2425373, 42.0040046 ], [ 2.2424992, 42.0039847 ] ] ] } },
{ "type": "Feature", "properties": { "stop_id": "osm-way-1027311158", "name": null }, "geometry": { "type": "Polygon", "coordinates": [ [ [ -2.0509089, 39.1440338 ], [ -2.0508438, 39.1440282 ], [ -2.0506641, 39.1439325 ], [ -2.0508344, 39.1438306 ], [ -2.0508532, 39.1437807 ], [ -2.050876, 39.1437619 ], [ -2.0508733, 39.1437349 ], [ -2.0509216, 39.1437089 ], [ -2.0509551, 39.143712 ], [ -2.050994, 39.1436985 ], [ -2.0510316, 39.1437027 ], [ -2.0511483, 39.1436371 ], [ -2.0512287, 39.1436236 ], [ -2.0513172, 39.143633 ], [ -2.0519261, 39.1439637 ], [ -2.051973, 39.1440241 ], [ -2.0519945, 39.1440854 ], [ -2.0519811, 39.1441416 ], [ -2.0518094, 39.1444734 ], [ -2.0517048, 39.144515 ], [ -2.0514795, 39.1443985 ], [ -2.051446, 39.1443413 ], [ -2.0509089, 39.1440338 ] ] ] } },
{ "type": "Feature", "properties": { "stop_id": "osm-way-1027311162", "name": null }, "geometry": { "type": "Polygon", "coordinates": [ [ [ -2.1860468, 39.2245194 ], [ -2.1865274, 39.2249791 ], [ -2.186581, 39.225004 ], [ -2.1866401, 39.2250123 ], [ -2.18675, 39.2251349 ], [ -2.1864952, 39.2252159 ], [ -2.1864617, 39.2252658 ], [ -2.1864107, 39.2252835 ], [ -2.1864121, 39.2253053 ], [ -2.1863531, 39.2253271 ], [ -2.1863249, 39.2253115 ], [ -2.1862753, 39.2253312 ], [ -2.1861988, 39.2253177 ], [ -2.1860822, 39.2253593 ], [ -2.1860205, 39.2253666 ], [ -2.1859534, 39.2253541 ], [ -2.1858998, 39.2253292 ], [ -2.1854492, 39.2248918 ], [ -2.185425, 39.2248336 ], [ -2.1854223, 39.2247692 ], [ -2.1854492, 39.2247141 ], [ -2.1858501, 39.2242861 ], [ -2.1860044, 39.2243152 ], [ -2.1859936, 39.224418 ], [ -2.1860057, 39.2244721 ], [ -2.1860468, 39.2245194 ] ] ] } },
{ "type": "Feature", "properties": { "stop_id": "osm-way-1027546192", "name": null }, "geometry": { "type": "Polygon", "coordinates": [ [ [ -0.8887902, 38.6702178 ], [ -0.8885783, 38.6698493 ], [ -0.8867866, 38.6704607 ], [ -0.8872882, 38.6709927 ], [ -0.887327, 38.6712408 ], [ -0.8877401, 38.671624 ], [ -0.8879453, 38.6715696 ], [ -0.8880432, 38.6713937 ], [ -0.8876717, 38.6708691 ], [ -0.8878367, 38.670578 ], [ -0.8887902, 38.6702178 ] ] ] } },
{ "type": "Feature", "properties": { "stop_id": "osm-way-1028749683", "name": null }, "geometry": { "type": "Polygon", "coordinates": [ [ [ -0.7705343, 38.474836 ], [ -0.7709903, 38.4750019 ], [ -0.7712531, 38.4749032 ], [ -0.7713899, 38.4741305 ], [ -0.7713966, 38.4739583 ], [ -0.7712021, 38.4739667 ], [ -0.7705343, 38.474836 ] ] ] } },
{ "type": "Feature", "properties": { "stop_id": "osm-way-1029072268", "name": null }, "geometry": { "type": "Polygon", "coordinates": [ [ [ -2.7559963, 43.2313794 ], [ -2.7558006, 43.2313695 ], [ -2.7557773, 43.2313566 ], [ -2.7557484, 43.2313415 ], [ -2.7557247, 43.2313301 ], [ -2.7557106, 43.2313242 ], [ -2.7556957, 43.2313186 ], [ -2.7556737, 43.2313109 ], [ -2.7556494, 43.2313034 ], [ -2.7555886, 43.2312849 ], [ -2.7555505, 43.2312746 ], [ -2.755525, 43.2312683 ], [ -2.7555053, 43.2312643 ], [ -2.75549, 43.2312619 ], [ -2.7554742, 43.2312598 ], [ -2.7554593, 43.231258 ], [ -2.7554404, 43.2312566 ], [ -2.755413, 43.2312555 ], [ -2.7553867, 43.2312552 ], [ -2.7553574, 43.2312551 ], [ -2.755329, 43.2312567 ], [ -2.7553087, 43.231258 ], [ -2.7552995, 43.2312593 ], [ -2.7552921, 43.2312607 ], [ -2.7552827, 43.2313001 ], [ -2.7552157, 43.231348 ], [ -2.7549946, 43.231429 ], [ -2.7543635, 43.2313604 ], [ -2.7542121, 43.2313131 ], [ -2.7541869, 43.2313052 ], [ -2.7541952, 43.2313226 ], [ -2.7541777, 43.2314475 ], [ -2.7541234, 43.2314434 ], [ -2.7541154, 43.2315004 ], [ -2.7542605, 43.2315698 ], [ -2.7542628, 43.2315549 ], [ -2.7542688, 43.2315161 ], [ -2.7549117, 43.2315695 ], [ -2.7548995, 43.2316475 ], [ -2.7548218, 43.2316912 ], [ -2.754801, 43.2316892 ], [ -2.7547986, 43.231701 ], [ -2.7547954, 43.2317134 ], [ -2.7547916, 43.2317281 ], [ -2.7546945, 43.2317219 ], [ -2.7546648, 43.2317195 ], [ -2.7543366, 43.2317039 ], [ -2.7542813, 43.2316999 ], [ -2.754227, 43.2316951 ], [ -2.7542075, 43.2316925 ], [ -2.7541898, 43.2316898 ], [ -2.7541742, 43.2316868 ], [ -2.7541593, 43.2316833 ], [ -2.7541421, 43.2316785 ], [ -2.7541267, 43.2316737 ], [ -2.7540915, 43.2316623 ], [ -2.7540491, 43.2316456 ], [ -2.75398, 43.2316155 ], [ -2.7536755, 43.2314766 ], [ -2.7535821, 43.2314393 ], [ -2.7535485, 43.2314259 ], [ -2.7535123, 43.2314124 ], [ -2.7534364, 43.2313858 ], [ -2.7531797, 43.2312963 ], [ -2.7531239, 43.2312764 ], [ -2.7530899, 43.2312609 ], [ -2.7530644, 43.2312429 ], [ -2.7530461, 43.2312266 ], [ -2.7530302, 43.2312095 ], [ -2.7530132, 43.2311856 ], [ -2.7529873, 43.2311442 ], [ -2.7529621, 43.231106 ], [ -2.7529909, 43.2310935 ], [ -2.753114, 43.23104 ], [ -2.7534021, 43.2311024 ], [ -2.7534091, 43.2310169 ], [ -2.7534195, 43.2309719 ], [ -2.7536339, 43.2310151 ], [ -2.7537158, 43.230996 ], [ -2.7538658, 43.2309936 ], [ -2.7539006, 43.2309952 ], [ -2.7539083, 43.2309769 ], [ -2.7540712, 43.2310043 ], [ -2.7540916, 43.2310082 ], [ -2.7541045, 43.2310117 ], [ -2.7541181, 43.2310163 ], [ -2.754129, 43.2310208 ], [ -2.7541395, 43.2310263 ], [ -2.7541477, 43.2310309 ], [ -2.7541557, 43.2310365 ], [ -2.7541622, 43.2310418 ], [ -2.7541688, 43.2310483 ], [ -2.7541848, 43.2310673 ], [ -2.7542186, 43.2310701 ], [ -2.7542573, 43.2310735 ], [ -2.7543211, 43.2310229 ], [ -2.7546914, 43.2310622 ], [ -2.7547936, 43.2310309 ], [ -2.7553239, 43.2311151 ], [ -2.7559946, 43.2312217 ], [ -2.7560169, 43.2312233 ], [ -2.7560317, 43.2312234 ], [ -2.7560481, 43.2312233 ], [ -2.7560702, 43.2312223 ], [ -2.75659, 43.2311916 ], [ -2.7566685, 43.2311853 ], [ -2.756747, 43.2311789 ], [ -2.7574526, 43.23111 ], [ -2.757455, 43.2311567 ], [ -2.757457, 43.23118 ], [ -2.7572781, 43.2312919 ], [ -2.7570816, 43.2314322 ], [ -2.756787, 43.2316267 ], [ -2.756774, 43.2316318 ], [ -2.756764, 43.2316347 ], [ -2.7567509, 43.2316376 ], [ -2.7567338, 43.2316389 ], [ -2.756398, 43.2316518 ], [ -2.7563561, 43.2316531 ], [ -2.7563532, 43.2316152 ], [ -2.7561466, 43.2316183 ], [ -2.7561389, 43.2313871 ], [ -2.7561329, 43.2313835 ], [ -2.7561246, 43.23138 ], [ -2.7561142, 43.2313768 ], [ -2.7561032, 43.2313749 ], [ -2.7560904, 43.2313734 ], [ -2.7560799, 43.231373 ], [ -2.7560681, 43.2313732 ], [ -2.7559963, 43.2313794 ] ] ] } },
{ "type": "Feature", "properties": { "stop_id": "osm-way-1029381861", "name": null }, "geometry": { "type": "Polygon", "coordinates": [ [ [ -2.7533458, 43.2305619 ], [ -2.7543474, 43.2306589 ], [ -2.755379, 43.2306957 ], [ -2.7553793, 43.2306814 ], [ -2.7553801, 43.2306494 ], [ -2.7553411, 43.2305584 ], [ -2.7553362, 43.2305488 ], [ -2.7553421, 43.2302746 ], [ -2.7553434, 43.2302084 ], [ -2.7553454, 43.2301017 ], [ -2.7548089, 43.2301386 ], [ -2.754632, 43.2301507 ], [ -2.754592, 43.2301511 ], [ -2.7545729, 43.23015 ], [ -2.7545575, 43.2301482 ], [ -2.7545195, 43.2301417 ], [ -2.7544441, 43.2301178 ], [ -2.7543927, 43.2300985 ], [ -2.7542668, 43.2299776 ], [ -2.7539607, 43.2299877 ], [ -2.7538451, 43.2300141 ], [ -2.753734, 43.2300412 ], [ -2.7537131, 43.2299959 ], [ -2.7534373, 43.2300633 ], [ -2.7533374, 43.2301056 ], [ -2.7533485, 43.2304155 ], [ -2.7533483, 43.2304219 ], [ -2.7533464, 43.2305289 ], [ -2.7533458, 43.2305619 ] ] ] } },
{ "type": "Feature", "properties": { "stop_id": "osm-way-1031496819", "name": null }, "geometry": { "type": "Polygon", "coordinates": [ [ [ -1.9883524, 39.1068969 ], [ -1.9880936, 39.1063017 ], [ -1.9879152, 39.1061039 ], [ -1.9873332, 39.1055409 ], [ -1.9867994, 39.1050633 ], [ -1.9867082, 39.1049987 ], [ -1.986609, 39.1049977 ], [ -1.9863877, 39.1052558 ], [ -1.9862844, 39.1053276 ], [ -1.9860953, 39.1054202 ], [ -1.9860189, 39.1054983 ], [ -1.9859934, 39.1063683 ], [ -1.986043, 39.106566 ], [ -1.9861449, 39.1066524 ], [ -1.9862884, 39.1067055 ], [ -1.9864681, 39.1067388 ], [ -1.9878414, 39.1068303 ], [ -1.9879769, 39.1068782 ], [ -1.9881217, 39.1069615 ], [ -1.988335, 39.1070707 ], [ -1.9883524, 39.1068969 ] ] ] } },
{ "type": "Feature", "properties": { "stop_id": "osm-way-1033090423", "name": null }, "geometry": { "type": "Polygon", "coordinates": [ [ [ -1.845376, 38.9726323 ], [ -1.8455199, 38.9723083 ], [ -1.8455539, 38.9722132 ], [ -1.8455937, 38.9720824 ], [ -1.8456085, 38.9720247 ], [ -1.8455859, 38.9719481 ], [ -1.8455556, 38.9718655 ], [ -1.8455309, 38.9717932 ], [ -1.8455072, 38.9716473 ], [ -1.8454847, 38.9715552 ], [ -1.8454835, 38.9715449 ], [ -1.8452095, 38.9714572 ], [ -1.8451518, 38.971437 ], [ -1.8450348, 38.9714616 ], [ -1.8453103, 38.9726635 ], [ -1.845376, 38.9726323 ] ] ] } },
{ "type": "Feature", "properties": { "stop_id": "osm-way-1033090429", "name": "Los Ángeles De La Mancha" }, "geometry": { "type": "Polygon", "coordinates": [ [ [ -1.8450075, 38.9721119 ], [ -1.8447174, 38.9719364 ], [ -1.8446584, 38.9718905 ], [ -1.844635, 38.9718756 ], [ -1.8445845, 38.9716878 ], [ -1.8443311, 38.9717237 ], [ -1.8442732, 38.9716659 ], [ -1.8442356, 38.9714889 ], [ -1.8442173, 38.9713595 ], [ -1.844201, 38.9712646 ], [ -1.8442136, 38.9712069 ], [ -1.8442566, 38.9711422 ], [ -1.8443259, 38.9710984 ], [ -1.8444853, 38.9711261 ], [ -1.844713, 38.9712406 ], [ -1.8447885, 38.9712786 ], [ -1.8450075, 38.9721119 ] ] ] } },
{ "type": "Feature", "properties": { "stop_id": "osm-way-1033940835", "name": "Área Los Llanos" }, "geometry": { "type": "Polygon", "coordinates": [ [ [ -1.8733495, 38.9704344 ], [ -1.8727927, 38.9701104 ], [ -1.8722817, 38.9705868 ], [ -1.8730763, 38.9710617 ], [ -1.8733495, 38.9704344 ] ] ] } },
{ "type": "Feature", "properties": { "stop_id": "osm-way-1037773656", "name": "Área de servicio Los Arcos" }, "geometry": { "type": "Polygon", "coordinates": [ [ [ -3.6655332, 43.3905595 ], [ -3.6653355, 43.3904998 ], [ -3.6653557, 43.3904442 ], [ -3.664675, 43.3908586 ], [ -3.6647004, 43.3908853 ], [ -3.6645223, 43.3911606 ], [ -3.6643894, 43.3913682 ], [ -3.6648987, 43.3916801 ], [ -3.6650107, 43.3916063 ], [ -3.6651132, 43.3915266 ], [ -3.6652113, 43.3914081 ], [ -3.6652604, 43.3913189 ], [ -3.6654134, 43.3910378 ], [ -3.665474, 43.3909382 ], [ -3.6654942, 43.3908648 ], [ -3.6655173, 43.3907756 ], [ -3.6655274, 43.3906602 ], [ -3.6655332, 43.3905595 ] ] ] } },
{ "type": "Feature", "properties": { "stop_id": "osm-way-1037841426", "name": null }, "geometry": { "type": "Polygon", "coordinates": [ [ [ -0.5453146, 38.3432676 ], [ -0.5454688, 38.3432497 ], [ -0.5457544, 38.3431267 ], [ -0.5459073, 38.3430005 ], [ -0.5454513, 38.3427996 ], [ -0.5454071, 38.3428164 ], [ -0.5452609, 38.3432666 ], [ -0.5453146, 38.3432676 ] ] ] } },
{ "type": "Feature", "properties": { "stop_id": "osm-way-1039205905", "name": null }, "geometry": { "type": "Polygon", "coordinates": [ [ [ -1.9634186, 39.0857632 ], [ -1.9631141, 39.0855228 ], [ -1.9625348, 39.0862441 ], [ -1.9624181, 39.0864034 ], [ -1.9624154, 39.0864836 ], [ -1.962465, 39.0865294 ], [ -1.9625227, 39.0865512 ], [ -1.9639939, 39.0868802 ], [ -1.9641964, 39.0867386 ], [ -1.964348, 39.0865356 ], [ -1.9640073, 39.0862358 ], [ -1.9634186, 39.0857632 ] ] ] } },
{ "type": "Feature", "properties": { "stop_id": "osm-way-1039209072", "name": null }, "geometry": { "type": "Polygon", "coordinates": [ [ [ -2.1455473, 39.2020694 ], [ -2.145153, 39.2012567 ], [ -2.1448499, 39.2007828 ], [ -2.1444127, 39.2004107 ], [ -2.1439701, 39.2000595 ], [ -2.1438696, 39.2000013 ], [ -2.1437542, 39.1999929 ], [ -2.1435303, 39.1999846 ], [ -2.1435919, 39.2001779 ], [ -2.144174, 39.2008431 ], [ -2.1445052, 39.2012941 ], [ -2.1446702, 39.2013856 ], [ -2.14509, 39.2021411 ], [ -2.1451691, 39.2021764 ], [ -2.1452361, 39.2021754 ], [ -2.1455473, 39.2020694 ] ] ] } },
{ "type": "Feature", "properties": { "stop_id": "osm-way-1040034129", "name": null }, "geometry": { "type": "Polygon", "coordinates": [ [ [ -2.2014163, 39.3610617 ], [ -2.2007418, 39.36135 ], [ -2.2006157, 39.3614288 ], [ -2.2004655, 39.3618207 ], [ -2.2003426, 39.362162 ], [ -2.2002952, 39.3622935 ], [ -2.2002442, 39.3626606 ], [ -2.2012179, 39.3627477 ], [ -2.201246, 39.3625084 ], [ -2.2013327, 39.3617721 ], [ -2.2014163, 39.3610617 ] ] ] } },
{ "type": "Feature", "properties": { "stop_id": "osm-way-1040478377", "name": null }, "geometry": { "type": "Polygon", "coordinates": [ [ [ 1.4803015, 41.2847572 ], [ 1.4803147, 41.2848222 ], [ 1.4803259, 41.284877 ], [ 1.4805771, 41.2848629 ], [ 1.4808155, 41.284864 ], [ 1.4810308, 41.2848748 ], [ 1.4813122, 41.284905 ], [ 1.4815735, 41.2849428 ], [ 1.4817702, 41.2849859 ], [ 1.4817957, 41.2849251 ], [ 1.4818248, 41.2848558 ], [ 1.4816066, 41.2848101 ], [ 1.4813323, 41.2847691 ], [ 1.4810466, 41.28474 ], [ 1.4807968, 41.2847324 ], [ 1.4805585, 41.2847346 ], [ 1.4803015, 41.2847572 ] ] ] } },
{ "type": "Feature", "properties": { "stop_id": "osm-way-1040493716", "name": null }, "geometry": { "type": "Polygon", "coordinates": [ [ [ 1.4824893, 41.2856846 ], [ 1.4827602, 41.2857427 ], [ 1.4830262, 41.2857791 ], [ 1.4832885, 41.28579 ], [ 1.4835485, 41.2857927 ], [ 1.4837758, 41.2857863 ], [ 1.4839741, 41.2857682 ], [ 1.4841433, 41.2857382 ], [ 1.4841262, 41.2856721 ], [ 1.4841107, 41.2856119 ], [ 1.4839511, 41.2856319 ], [ 1.4837673, 41.2856492 ], [ 1.4835594, 41.2856546 ], [ 1.483297, 41.2856582 ], [ 1.4830673, 41.2856392 ], [ 1.4828206, 41.2856128 ], [ 1.4825341, 41.2855638 ], [ 1.4824893, 41.2856846 ] ] ] } },
{ "type": "Feature", "properties": { "stop_id": "osm-way-1043838357", "name": null }, "geometry": { "type": "Polygon", "coordinates": [ [ [ -0.0547037, 40.7732944 ], [ -0.0545803, 40.7729613 ], [ -0.0545266, 40.7728678 ], [ -0.0547895, 40.7727317 ], [ -0.0550362, 40.7726606 ], [ -0.0552133, 40.772683 ], [ -0.0547037, 40.7732944 ] ] ] } },
{ "type": "Feature", "properties": { "stop_id": "osm-way-1044454750", "name": null }, "geometry": { "type": "Polygon", "coordinates": [ [ [ -4.0264616, 40.8543534 ], [ -4.0262807, 40.8548239 ], [ -4.0263173, 40.8548439 ], [ -4.0264372, 40.8547593 ], [ -4.0264941, 40.8546117 ], [ -4.0265531, 40.8544549 ], [ -4.0264616, 40.8543534 ] ] ] } },
{ "type": "Feature", "properties": { "stop_id": "osm-way-1046369449", "name": null }, "geometry": { "type": "Polygon", "coordinates": [ [ [ -3.7728288, 40.4020159 ], [ -3.7728282, 40.4020379 ], [ -3.7728201, 40.4020589 ], [ -3.7728053, 40.4020777 ], [ -3.7727845, 40.402093 ], [ -3.7727598, 40.4021035 ], [ -3.7727325, 40.402109 ], [ -3.7727042, 40.402109 ], [ -3.7726768, 40.4021035 ], [ -3.7726522, 40.402093 ], [ -3.7726928, 40.4020549 ], [ -3.7727455, 40.402032 ], [ -3.7728288, 40.4020159 ] ] ] } },
{ "type": "Feature", "properties": { "stop_id": "osm-way-1046369450", "name": null }, "geometry": { "type": "Polygon", "coordinates": [ [ [ -3.7580779, 40.411165 ], [ -3.7581106, 40.4111741 ], [ -3.7581453, 40.4111761 ], [ -3.7581794, 40.4111709 ], [ -3.7582103, 40.4111587 ], [ -3.7582331, 40.4111429 ], [ -3.7582502, 40.4111234 ], [ -3.7582606, 40.4111012 ], [ -3.7582636, 40.4110779 ], [ -3.7581714, 40.4111075 ], [ -3.7581103, 40.4111343 ], [ -3.7580779, 40.411165 ] ] ] } },
{ "type": "Feature", "properties": { "stop_id": "osm-way-1046369451", "name": null }, "geometry": { "type": "Polygon", "coordinates": [ [ [ -3.7651052, 40.4066602 ], [ -3.7651007, 40.4066179 ], [ -3.7650596, 40.4065809 ], [ -3.7650144, 40.4065647 ], [ -3.7649673, 40.4065647 ], [ -3.7649187, 40.4065756 ], [ -3.7648776, 40.4066013 ], [ -3.7650105, 40.4066244 ], [ -3.7651052, 40.4066602 ] ] ] } },
{ "type": "Feature", "properties": { "stop_id": "osm-way-1049737686", "name": null }, "geometry": { "type": "Polygon", "coordinates": [ [ [ -8.5418906, 42.8975267 ], [ -8.5419237, 42.8975058 ], [ -8.5418929, 42.8974766 ], [ -8.541905, 42.897469 ], [ -8.5419446, 42.8974442 ], [ -8.5418772, 42.8973951 ], [ -8.5418406, 42.8974222 ], [ -8.5417997, 42.8973914 ], [ -8.5418479, 42.8973539 ], [ -8.5417397, 42.8972774 ], [ -8.5417187, 42.8972969 ], [ -8.5416678, 42.8973461 ], [ -8.541732, 42.8974373 ], [ -8.5417646, 42.8974836 ], [ -8.5417924, 42.897523 ], [ -8.541841, 42.8975592 ], [ -8.5418906, 42.8975267 ] ] ] } },
{ "type": "Feature", "properties": { "stop_id": "osm-way-1051074860", "name": null }, "geometry": { "type": "Polygon", "coordinates": [ [ [ 2.5165265, 41.7002619 ], [ 2.5164975, 41.7002845 ], [ 2.5164655, 41.7003127 ], [ 2.516564, 41.7004782 ], [ 2.5170675, 41.7010271 ], [ 2.5178971, 41.7017398 ], [ 2.5186991, 41.7022044 ], [ 2.5188895, 41.7023065 ], [ 2.5189235, 41.7022666 ], [ 2.5189431, 41.7022324 ], [ 2.5183557, 41.701864 ], [ 2.5174894, 41.7012392 ], [ 2.5170334, 41.7008126 ], [ 2.5165265, 41.7002619 ] ] ] } },
{ "type": "Feature", "properties": { "stop_id": "osm-way-1051075282", "name": null }, "geometry": { "type": "Polygon", "coordinates": [ [ [ 2.4677678, 41.6653229 ], [ 2.46773, 41.6653473 ], [ 2.4676863, 41.6653716 ], [ 2.467847, 41.6657108 ], [ 2.4680239, 41.6659996 ], [ 2.4682684, 41.6661405 ], [ 2.4685478, 41.6662361 ], [ 2.4690112, 41.6665823 ], [ 2.4693535, 41.6667249 ], [ 2.4693992, 41.6667135 ], [ 2.4693815, 41.666664 ], [ 2.4683383, 41.6658848 ], [ 2.4679913, 41.6655577 ], [ 2.4677678, 41.6653229 ] ] ] } },
{ "type": "Feature", "properties": { "stop_id": "osm-way-1052688710", "name": "Área de Descanso Ordes-Fosado" }, "geometry": { "type": "Polygon", "coordinates": [ [ [ -8.447901, 43.0398814 ], [ -8.4479948, 43.0399249 ], [ -8.4478952, 43.0400492 ], [ -8.4477977, 43.0400066 ], [ -8.447901, 43.0398814 ] ] ] } },
{ "type": "Feature", "properties": { "stop_id": "osm-way-1052828039", "name": null }, "geometry": { "type": "Polygon", "coordinates": [ [ [ -1.5251714, 41.4100544 ], [ -1.5251324, 41.4100531 ], [ -1.5251433, 41.4092312 ], [ -1.5252285, 41.4093054 ], [ -1.5252186, 41.4097286 ], [ -1.5251714, 41.4100544 ] ] ] } },
{ "type": "Feature", "properties": { "stop_id": "osm-way-1064377164", "name": null }, "geometry": { "type": "Polygon", "coordinates": [ [ [ -4.107966, 40.6327957 ], [ -4.1078984, 40.6330693 ], [ -4.1076022, 40.6338086 ], [ -4.1077076, 40.6337943 ], [ -4.1077977, 40.6337937 ], [ -4.1081422, 40.6337535 ], [ -4.1081379, 40.6338081 ], [ -4.1083283, 40.6337639 ], [ -4.108587, 40.6331749 ], [ -4.1085779, 40.6331475 ], [ -4.1086079, 40.6331145 ], [ -4.1086488, 40.6331361 ], [ -4.1086729, 40.6331095 ], [ -4.1085943, 40.633068 ], [ -4.1085401, 40.6331276 ], [ -4.1083494, 40.6330359 ], [ -4.1082534, 40.6330171 ], [ -4.1082701, 40.6329581 ], [ -4.1082113, 40.6329526 ], [ -4.108188, 40.63301 ], [ -4.1080129, 40.632866 ], [ -4.107966, 40.6327957 ] ] ] } },
{ "type": "Feature", "properties": { "stop_id": "osm-way-1064377165", "name": null }, "geometry": { "type": "Polygon", "coordinates": [ [ [ -4.1075079, 40.6325567 ], [ -4.1073762, 40.6325753 ], [ -4.106789, 40.6327121 ], [ -4.1065913, 40.6331843 ], [ -4.1067948, 40.6333453 ], [ -4.1069983, 40.6334667 ], [ -4.1070826, 40.6335505 ], [ -4.1075079, 40.6325567 ] ] ] } },
{ "type": "Feature", "properties": { "stop_id": "osm-way-1065114673", "name": null }, "geometry": { "type": "Polygon", "coordinates": [ [ [ -8.7736517, 42.5923836 ], [ -8.7730893, 42.5925512 ], [ -8.7731178, 42.5925951 ], [ -8.7733885, 42.5926238 ], [ -8.7734465, 42.5926117 ], [ -8.7736748, 42.5926381 ], [ -8.7736517, 42.5923836 ] ] ] } },
{ "type": "Feature", "properties": { "stop_id": "osm-way-1068842050", "name": null }, "geometry": { "type": "Polygon", "coordinates": [ [ [ -3.6862398, 40.7843646 ], [ -3.6863539, 40.7844238 ], [ -3.6863551, 40.7845627 ], [ -3.6865049, 40.7845559 ], [ -3.6867769, 40.7845436 ], [ -3.6868711, 40.7845393 ], [ -3.6868698, 40.7844923 ], [ -3.687036, 40.7843111 ], [ -3.6869169, 40.7843045 ], [ -3.6864159, 40.7843336 ], [ -3.6862398, 40.7843646 ] ] ] } },
{ "type": "Feature", "properties": { "stop_id": "osm-way-1081265297", "name": null }, "geometry": { "type": "Polygon", "coordinates": [ [ [ -2.7294319, 43.2296391 ], [ -2.7292752, 43.2296072 ], [ -2.7292497, 43.2295548 ], [ -2.7292585, 43.2295274 ], [ -2.7292451, 43.2295244 ], [ -2.7292544, 43.2295023 ], [ -2.7292011, 43.2294903 ], [ -2.7292486, 43.229378 ], [ -2.7292991, 43.2293894 ], [ -2.7293057, 43.2293739 ], [ -2.7293335, 43.2293801 ], [ -2.729413, 43.2291988 ], [ -2.7294885, 43.2291343 ], [ -2.7296287, 43.2291832 ], [ -2.7296233, 43.2291934 ], [ -2.7296189, 43.2292059 ], [ -2.7295519, 43.2293612 ], [ -2.7294949, 43.2294932 ], [ -2.7294713, 43.2295477 ], [ -2.7294319, 43.2296391 ] ] ] } },
{ "type": "Feature", "properties": { "stop_id": "osm-way-1081265305", "name": null }, "geometry": { "type": "Polygon", "coordinates": [ [ [ -2.729802, 43.2295129 ], [ -2.729958, 43.2296104 ], [ -2.7301238, 43.2295318 ], [ -2.7302038, 43.2293558 ], [ -2.7301483, 43.2293087 ], [ -2.7300539, 43.2292286 ], [ -2.7299384, 43.2291982 ], [ -2.729802, 43.2295129 ] ] ] } },
{ "type": "Feature", "properties": { "stop_id": "osm-way-1081646226", "name": null }, "geometry": { "type": "Polygon", "coordinates": [ [ [ -0.0687156, 40.6604521 ], [ -0.0688971, 40.6602298 ], [ -0.068569, 40.6599592 ], [ -0.0684321, 40.6598939 ], [ -0.0682792, 40.659848 ], [ -0.0682053, 40.6598049 ], [ -0.0681623, 40.659761 ], [ -0.0681229, 40.6597807 ], [ -0.0681804, 40.6598601 ], [ -0.0683142, 40.6600437 ], [ -0.0685404, 40.6602805 ], [ -0.0687156, 40.6604521 ] ] ] } },
{ "type": "Feature", "properties": { "stop_id": "osm-way-1082204747", "name": null }, "geometry": { "type": "Polygon", "coordinates": [ [ [ -0.2821952, 39.6565221 ], [ -0.2820356, 39.6565707 ], [ -0.2818854, 39.6565376 ], [ -0.2813141, 39.6575329 ], [ -0.2816735, 39.65744 ], [ -0.2817406, 39.6572996 ], [ -0.2818935, 39.6572717 ], [ -0.2819699, 39.6572201 ], [ -0.2821764, 39.6568474 ], [ -0.282214, 39.656739 ], [ -0.2822314, 39.6566336 ], [ -0.2821952, 39.6565221 ] ] ] } },
{ "type": "Feature", "properties": { "stop_id": "osm-way-1082204748", "name": null }, "geometry": { "type": "Polygon", "coordinates": [ [ [ -0.2813463, 39.6561102 ], [ -0.281231, 39.6560596 ], [ -0.2811143, 39.6564488 ], [ -0.2808715, 39.6564912 ], [ -0.2809024, 39.6568649 ], [ -0.2811867, 39.6569527 ], [ -0.2812591, 39.6567173 ], [ -0.2813262, 39.6563962 ], [ -0.2813557, 39.6561907 ], [ -0.2813463, 39.6561102 ] ] ] } },
{ "type": "Feature", "properties": { "stop_id": "osm-way-1085980278", "name": null }, "geometry": { "type": "Polygon", "coordinates": [ [ [ -6.8184073, 42.8684552 ], [ -6.818609, 42.8683852 ], [ -6.818671, 42.8683229 ], [ -6.818671, 42.8682477 ], [ -6.8186653, 42.8682302 ], [ -6.8186391, 42.8681491 ], [ -6.8185683, 42.8680921 ], [ -6.8185153, 42.8681465 ], [ -6.8183702, 42.8681958 ], [ -6.8182799, 42.8682023 ], [ -6.8181472, 42.868179 ], [ -6.818087, 42.8682879 ], [ -6.818018, 42.8683514 ], [ -6.8179101, 42.8685097 ], [ -6.8183192, 42.8684649 ], [ -6.8184073, 42.8684552 ] ] ] } },
{ "type": "Feature", "properties": { "stop_id": "osm-way-1091818983", "name": null }, "geometry": { "type": "Polygon", "coordinates": [ [ [ -4.0082822, 40.7929004 ], [ -4.0081381, 40.7926164 ], [ -4.0082021, 40.7926479 ], [ -4.0082698, 40.7927225 ], [ -4.0083191, 40.792873 ], [ -4.0082822, 40.7929004 ] ] ] } },
{ "type": "Feature", "properties": { "stop_id": "osm-way-1091818985", "name": null }, "geometry": { "type": "Polygon", "coordinates": [ [ [ -4.0192625, 40.8137611 ], [ -4.0192855, 40.8136821 ], [ -4.0192784, 40.8136352 ], [ -4.0192395, 40.8135924 ], [ -4.0191776, 40.8135763 ], [ -4.0190077, 40.8135495 ], [ -4.0190183, 40.8134839 ], [ -4.0192625, 40.8135267 ], [ -4.0193899, 40.8136031 ], [ -4.0193669, 40.8137156 ], [ -4.0192625, 40.8137611 ] ] ] } },
{ "type": "Feature", "properties": { "stop_id": "osm-way-1091818986", "name": null }, "geometry": { "type": "Polygon", "coordinates": [ [ [ -4.014543, 40.8165374 ], [ -4.0144734, 40.8162999 ], [ -4.014789, 40.8163526 ], [ -4.0149482, 40.8164142 ], [ -4.0147518, 40.8164156 ], [ -4.0146509, 40.8164397 ], [ -4.0145837, 40.8164798 ], [ -4.014543, 40.8165374 ] ] ] } },
{ "type": "Feature", "properties": { "stop_id": "osm-way-1091818992", "name": null }, "geometry": { "type": "Polygon", "coordinates": [ [ [ -4.0167482, 40.8207148 ], [ -4.0168233, 40.8208498 ], [ -4.0169172, 40.820794 ], [ -4.0168864, 40.8207392 ], [ -4.0167482, 40.8207148 ] ] ] } },
{ "type": "Feature", "properties": { "stop_id": "osm-way-1093408400", "name": null }, "geometry": { "type": "Polygon", "coordinates": [ [ [ -3.5457367, 40.5877446 ], [ -3.545574, 40.5872538 ], [ -3.5450069, 40.5873742 ], [ -3.544948, 40.5873217 ], [ -3.5446878, 40.587493 ], [ -3.5446309, 40.5875517 ], [ -3.54458, 40.587635 ], [ -3.5446695, 40.5876597 ], [ -3.5445678, 40.5879376 ], [ -3.5457367, 40.5877446 ] ] ] } },
{ "type": "Feature", "properties": { "stop_id": "osm-way-1093896622", "name": null }, "geometry": { "type": "Polygon", "coordinates": [ [ [ -6.4932428, 42.7408012 ], [ -6.4933535, 42.740747 ], [ -6.4933619, 42.740733 ], [ -6.4933154, 42.7406796 ], [ -6.4933047, 42.7407181 ], [ -6.4932904, 42.7407566 ], [ -6.4932594, 42.7407802 ], [ -6.4932428, 42.7408012 ] ] ] } },
{ "type": "Feature", "properties": { "stop_id": "osm-way-1093896630", "name": null }, "geometry": { "type": "Polygon", "coordinates": [ [ [ -6.4752554, 42.7569809 ], [ -6.4755615, 42.7569984 ], [ -6.47549, 42.756834 ], [ -6.4754829, 42.7569048 ], [ -6.4754638, 42.7569372 ], [ -6.4754186, 42.7569599 ], [ -6.4753698, 42.7569696 ], [ -6.4752554, 42.7569809 ] ] ] } },
{ "type": "Feature", "properties": { "stop_id": "osm-way-1093896631", "name": null }, "geometry": { "type": "Polygon", "coordinates": [ [ [ -6.4703974, 42.7570369 ], [ -6.4703212, 42.7570605 ], [ -6.4702938, 42.75712 ], [ -6.4702593, 42.7571576 ], [ -6.4701914, 42.7571663 ], [ -6.4700866, 42.7571488 ], [ -6.4700473, 42.7571768 ], [ -6.4700925, 42.7571978 ], [ -6.4702009, 42.7572127 ], [ -6.47027, 42.7572039 ], [ -6.4703248, 42.7571698 ], [ -6.470376, 42.7570972 ], [ -6.4703974, 42.7570369 ] ] ] } },
{ "type": "Feature", "properties": { "stop_id": "osm-way-1095762849", "name": null }, "geometry": { "type": "Polygon", "coordinates": [ [ [ 0.5508786, 41.239863 ], [ 0.5510908, 41.2398226 ], [ 0.5512456, 41.2397809 ], [ 0.5513412, 41.2396976 ], [ 0.5513698, 41.2395553 ], [ 0.5512991, 41.2393728 ], [ 0.5511806, 41.2391975 ], [ 0.5510967, 41.2391765 ], [ 0.5510338, 41.2391609 ], [ 0.5509913, 41.2391645 ], [ 0.5509813, 41.239176 ], [ 0.5508632, 41.2391933 ], [ 0.5508143, 41.2392115 ], [ 0.550783, 41.2392337 ], [ 0.5506927, 41.239366 ], [ 0.5508786, 41.239863 ] ] ] } },
{ "type": "Feature", "properties": { "stop_id": "osm-way-1097667222", "name": "Área de Servicio El Olivar" }, "geometry": { "type": "Polygon", "coordinates": [ [ [ -3.8535367, 37.1923992 ], [ -3.8535398, 37.1925218 ], [ -3.8536038, 37.1925279 ], [ -3.8537226, 37.192574 ], [ -3.8538704, 37.1925983 ], [ -3.8539298, 37.1926456 ], [ -3.8539709, 37.1927208 ], [ -3.8539998, 37.1927932 ], [ -3.8540182, 37.1929308 ], [ -3.8538612, 37.1929599 ], [ -3.8536723, 37.1930449 ], [ -3.8534529, 37.1930194 ], [ -3.8531848, 37.193216 ], [ -3.8528847, 37.1931954 ], [ -3.8521777, 37.1933677 ], [ -3.8519614, 37.1928046 ], [ -3.8520696, 37.1925412 ], [ -3.8520818, 37.1921674 ], [ -3.8523804, 37.1920776 ], [ -3.8528542, 37.1924441 ], [ -3.8534606, 37.1924126 ], [ -3.8535367, 37.1923992 ] ] ] } },
{ "type": "Feature", "properties": { "stop_id": "osm-way-1097834236", "name": "Área de Descanso Oroso - Rego da Pena" }, "geometry": { "type": "Polygon", "coordinates": [ [ [ -8.4530756, 42.9899888 ], [ -8.4531286, 42.9898693 ], [ -8.4530458, 42.9898492 ], [ -8.4529921, 42.9899689 ], [ -8.4530067, 42.9899723 ], [ -8.4530497, 42.9899825 ], [ -8.4530756, 42.9899888 ] ] ] } },
{ "type": "Feature", "properties": { "stop_id": "osm-way-1097834241", "name": "Área de Descanso Estación de Garga-Trasmonte" }, "geometry": { "type": "Polygon", "coordinates": [ [ [ -8.4575529, 43.0146368 ], [ -8.4576859, 43.0141379 ], [ -8.45754, 43.0141241 ], [ -8.4573761, 43.0141084 ], [ -8.4573337, 43.0141025 ], [ -8.4573292, 43.0141225 ], [ -8.4573265, 43.0141329 ], [ -8.4572826, 43.0143616 ], [ -8.457231, 43.0145901 ], [ -8.4575529, 43.0146368 ] ] ] } },
{ "type": "Feature", "properties": { "stop_id": "osm-way-1098117388", "name": "Área de Descanso Ponte de Liste" }, "geometry": { "type": "Polygon", "coordinates": [ [ [ -8.4599927, 43.0643768 ], [ -8.4596199, 43.064235 ], [ -8.4597955, 43.0639807 ], [ -8.4602145, 43.0641315 ], [ -8.4599927, 43.0643768 ] ] ] } },
{ "type": "Feature", "properties": { "stop_id": "osm-way-1098117389", "name": "Área de Descanso Gorgullos-Tordoia" }, "geometry": { "type": "Polygon", "coordinates": [ [ [ -8.4790981, 43.0876925 ], [ -8.4788948, 43.0876539 ], [ -8.4788277, 43.0879345 ], [ -8.4790391, 43.0879434 ], [ -8.4790981, 43.0876925 ] ] ] } },
{ "type": "Feature", "properties": { "stop_id": "osm-way-1098117390", "name": "Área de Descanso Queixas-Londoño" }, "geometry": { "type": "Polygon", "coordinates": [ [ [ -8.4874386, 43.1362668 ], [ -8.487075, 43.136269 ], [ -8.4870966, 43.1360127 ], [ -8.4874201, 43.1360172 ], [ -8.4874386, 43.1362668 ] ] ] } },
{ "type": "Feature", "properties": { "stop_id": "osm-way-1098117391", "name": "Área de Descanso Tramo de Conexió Vía Verde PR-G 131" }, "geometry": { "type": "Polygon", "coordinates": [ [ [ -8.486168, 43.1384243 ], [ -8.4859415, 43.1383272 ], [ -8.485715, 43.1386577 ], [ -8.4859111, 43.1387514 ], [ -8.486168, 43.1384243 ] ] ] } },
{ "type": "Feature", "properties": { "stop_id": "osm-way-1098117392", "name": "Área de Descanso Estación de Ordes" }, "geometry": { "type": "Polygon", "coordinates": [ [ [ -8.4716952, 43.1630178 ], [ -8.4713686, 43.1630245 ], [ -8.4714487, 43.1635077 ], [ -8.4716829, 43.1635099 ], [ -8.4716952, 43.1630178 ] ] ] } },
{ "type": "Feature", "properties": { "stop_id": "osm-way-1098943743", "name": "Área de Descanso das Táboas" }, "geometry": { "type": "Polygon", "coordinates": [ [ [ -8.2916452, 43.2482279 ], [ -8.291677, 43.2481059 ], [ -8.2915701, 43.2480872 ], [ -8.2913314, 43.2480657 ], [ -8.2909967, 43.2480409 ], [ -8.2908036, 43.2480233 ], [ -8.2907484, 43.2480374 ], [ -8.2906673, 43.2480798 ], [ -8.2905987, 43.2481372 ], [ -8.2916452, 43.2482279 ] ] ] } },
{ "type": "Feature", "properties": { "stop_id": "osm-way-1099667833", "name": "Área de Descanso de Santa Margarita" }, "geometry": { "type": "Polygon", "coordinates": [ [ [ -8.2758252, 43.2830486 ], [ -8.2757374, 43.2830104 ], [ -8.2757956, 43.2829417 ], [ -8.2757443, 43.2829105 ], [ -8.2757175, 43.2830017 ], [ -8.2757912, 43.2830972 ], [ -8.2758252, 43.2830486 ] ] ] } },
{ "type": "Feature", "properties": { "stop_id": "osm-way-1099667834", "name": "Área de Descanso de Baldomir" }, "geometry": { "type": "Polygon", "coordinates": [ [ [ -8.2736011, 43.2956051 ], [ -8.2728682, 43.2954352 ], [ -8.2729171, 43.2955103 ], [ -8.272973, 43.295582 ], [ -8.2730944, 43.2956838 ], [ -8.2732821, 43.2957902 ], [ -8.2734484, 43.2958585 ], [ -8.2736011, 43.2956051 ] ] ] } },
{ "type": "Feature", "properties": { "stop_id": "osm-way-1099937899", "name": null }, "geometry": { "type": "Polygon", "coordinates": [ [ [ -0.1661674, 40.7991279 ], [ -0.1661331, 40.7992497 ], [ -0.1660646, 40.7995613 ], [ -0.1660566, 40.7996511 ], [ -0.1659722, 40.7996192 ], [ -0.1659379, 40.7995693 ], [ -0.1659142, 40.7995054 ], [ -0.1659379, 40.7994275 ], [ -0.1659907, 40.7993336 ], [ -0.1661674, 40.7991279 ] ] ] } },
{ "type": "Feature", "properties": { "stop_id": "osm-way-1102168506", "name": null }, "geometry": { "type": "Polygon", "coordinates": [ [ [ -6.5441198, 39.7088769 ], [ -6.5435022, 39.7086687 ], [ -6.5435641, 39.7086469 ], [ -6.5439127, 39.70841 ], [ -6.5442206, 39.7085175 ], [ -6.5441198, 39.7088769 ] ] ] } },
{ "type": "Feature", "properties": { "stop_id": "osm-way-1102916423", "name": null }, "geometry": { "type": "Polygon", "coordinates": [ [ [ -2.8764762, 43.3192573 ], [ -2.8762481, 43.3191977 ], [ -2.8763544, 43.318574 ], [ -2.8765117, 43.3180921 ], [ -2.8766114, 43.3180244 ], [ -2.8767332, 43.3179744 ], [ -2.8768417, 43.3179777 ], [ -2.8770234, 43.3180276 ], [ -2.8770921, 43.3180615 ], [ -2.8770835, 43.3180852 ], [ -2.8770101, 43.3182871 ], [ -2.8769695, 43.3183674 ], [ -2.8766892, 43.3189223 ], [ -2.876638, 43.3190236 ], [ -2.8765804, 43.3190736 ], [ -2.8764762, 43.3192573 ] ] ] } },
{ "type": "Feature", "properties": { "stop_id": "osm-way-1106881690", "name": null }, "geometry": { "type": "Polygon", "coordinates": [ [ [ -0.3725408, 40.8972905 ], [ -0.3723195, 40.897326 ], [ -0.3722712, 40.8972956 ], [ -0.3718219, 40.8973584 ], [ -0.3714451, 40.8974243 ], [ -0.3714638, 40.897249 ], [ -0.3716501, 40.8972014 ], [ -0.3720016, 40.8971283 ], [ -0.3721746, 40.8970726 ], [ -0.3723718, 40.8970046 ], [ -0.3723771, 40.8970493 ], [ -0.3724321, 40.8970523 ], [ -0.3724683, 40.8970695 ], [ -0.3725408, 40.8972905 ] ] ] } },
{ "type": "Feature", "properties": { "stop_id": "osm-way-1109940399", "name": "Área de descanso Alar del Rey" }, "geometry": { "type": "Polygon", "coordinates": [ [ [ -4.3475854, 42.6565201 ], [ -4.347708, 42.6565591 ], [ -4.3478616, 42.6565484 ], [ -4.347986, 42.6565269 ], [ -4.3480793, 42.6565201 ], [ -4.348158, 42.6564865 ], [ -4.3482111, 42.6564529 ], [ -4.3485056, 42.6559712 ], [ -4.3489904, 42.6552487 ], [ -4.3491057, 42.6550509 ], [ -4.3491294, 42.6549769 ], [ -4.3491294, 42.6549177 ], [ -4.3491221, 42.6548652 ], [ -4.3491038, 42.6548114 ], [ -4.3490508, 42.6547038 ], [ -4.3490069, 42.6546472 ], [ -4.3489776, 42.6546324 ], [ -4.348855, 42.654541 ], [ -4.3486611, 42.6545786 ], [ -4.3474427, 42.6563869 ], [ -4.3475415, 42.656473 ], [ -4.3475854, 42.6565201 ] ] ] } },
{ "type": "Feature", "properties": { "stop_id": "osm-way-1109940400", "name": "Área de descanso Alar del Rey" }, "geometry": { "type": "Polygon", "coordinates": [ [ [ -4.3467257, 42.6562215 ], [ -4.3464714, 42.6561502 ], [ -4.3464476, 42.6560856 ], [ -4.3464111, 42.6560278 ], [ -4.346369, 42.6559672 ], [ -4.346347, 42.6558852 ], [ -4.3463324, 42.6558313 ], [ -4.3463379, 42.6557883 ], [ -4.346369, 42.6557237 ], [ -4.3465025, 42.6554883 ], [ -4.3467641, 42.6550281 ], [ -4.3469928, 42.6546742 ], [ -4.3471355, 42.6545007 ], [ -4.347249, 42.6543836 ], [ -4.3473459, 42.6543137 ], [ -4.3474319, 42.6542558 ], [ -4.34756, 42.6542074 ], [ -4.3476569, 42.6541831 ], [ -4.3479423, 42.6543433 ], [ -4.3479917, 42.6545545 ], [ -4.3473258, 42.655569 ], [ -4.346905, 42.6561421 ], [ -4.3467257, 42.6562215 ] ] ] } },
{ "type": "Feature", "properties": { "stop_id": "osm-way-1111988330", "name": "Repsol" }, "geometry": { "type": "Polygon", "coordinates": [ [ [ 0.6529262, 41.6147437 ], [ 0.6525991, 41.6146315 ], [ 0.6524794, 41.6146208 ], [ 0.65227, 41.6146139 ], [ 0.6519137, 41.6145592 ], [ 0.6518846, 41.614529 ], [ 0.651852, 41.6145113 ], [ 0.6517769, 41.6145159 ], [ 0.6517336, 41.6145368 ], [ 0.6517171, 41.6145652 ], [ 0.6515606, 41.6148264 ], [ 0.6535576, 41.6155417 ], [ 0.6535961, 41.6154752 ], [ 0.6537805, 41.6151749 ], [ 0.6538305, 41.6151106 ], [ 0.653582, 41.6150098 ], [ 0.6529262, 41.6147437 ] ] ] } },
{ "type": "Feature", "properties": { "stop_id": "osm-way-1116340758", "name": null }, "geometry": { "type": "Polygon", "coordinates": [ [ [ -3.5808918, 41.1346934 ], [ -3.5808117, 41.1346925 ], [ -3.5807879, 41.1347567 ], [ -3.5806699, 41.1347551 ], [ -3.5806163, 41.135046 ], [ -3.5805562, 41.135046 ], [ -3.5805497, 41.1350912 ], [ -3.5806935, 41.1351769 ], [ -3.5808234, 41.1351609 ], [ -3.5808866, 41.1351575 ], [ -3.5809381, 41.1347551 ], [ -3.5809789, 41.1346193 ], [ -3.5809309, 41.1346171 ], [ -3.5808918, 41.1346934 ] ] ] } },
{ "type": "Feature", "properties": { "stop_id": "osm-way-1116914229", "name": null }, "geometry": { "type": "Polygon", "coordinates": [ [ [ -3.6715795, 41.1493838 ], [ -3.6715178, 41.1492488 ], [ -3.6712594, 41.1488429 ], [ -3.6715811, 41.1485135 ], [ -3.6717094, 41.14858 ], [ -3.6717834, 41.1486393 ], [ -3.6718483, 41.1486922 ], [ -3.6719079, 41.1487455 ], [ -3.6719385, 41.1487606 ], [ -3.6719606, 41.1487677 ], [ -3.6720252, 41.1487734 ], [ -3.6721232, 41.1487895 ], [ -3.6720254, 41.1489627 ], [ -3.6719236, 41.1490727 ], [ -3.6718126, 41.1491977 ], [ -3.6717112, 41.14931 ], [ -3.6716066, 41.1493775 ], [ -3.6715795, 41.1493838 ] ] ] } },
{ "type": "Feature", "properties": { "stop_id": "osm-way-1118501737", "name": null }, "geometry": { "type": "Polygon", "coordinates": [ [ [ -3.5681286, 40.0432944 ], [ -3.5681609, 40.0432331 ], [ -3.5684536, 40.0425962 ], [ -3.5683081, 40.0426907 ], [ -3.5681286, 40.0427286 ], [ -3.5676279, 40.0428134 ], [ -3.5675671, 40.0428499 ], [ -3.5676984, 40.0429059 ], [ -3.5677003, 40.0430538 ], [ -3.5677958, 40.0431635 ], [ -3.567936, 40.0432932 ], [ -3.5681286, 40.0432944 ] ] ] } },
{ "type": "Feature", "properties": { "stop_id": "osm-way-1119679028", "name": null }, "geometry": { "type": "Polygon", "coordinates": [ [ [ -3.4736155, 38.591124 ], [ -3.4724513, 38.591124 ], [ -3.4724009, 38.5908152 ], [ -3.4723294, 38.5904078 ], [ -3.4723967, 38.589938 ], [ -3.4725102, 38.5895898 ], [ -3.4730607, 38.58889 ], [ -3.4732919, 38.5889097 ], [ -3.4736702, 38.5900267 ], [ -3.4736155, 38.591124 ] ] ] } },
{ "type": "Feature", "properties": { "stop_id": "osm-way-1120396304", "name": "Estación de Servicio Repsol" }, "geometry": { "type": "Polygon", "coordinates": [ [ [ -1.70933, 43.278291 ], [ -1.708876, 43.2780992 ], [ -1.7082409, 43.277843 ], [ -1.7079319, 43.2777555 ], [ -1.7074727, 43.2776649 ], [ -1.7073096, 43.2776555 ], [ -1.7073568, 43.2777118 ], [ -1.7078726, 43.2778862 ], [ -1.708676, 43.2782238 ], [ -1.70933, 43.278291 ] ] ] } },
{ "type": "Feature", "properties": { "stop_id": "osm-way-1120396323", "name": "Estación de Servicio -Noil- Zerbitzu Gunea" }, "geometry": { "type": "Polygon", "coordinates": [ [ [ -1.7006117, 43.2764496 ], [ -1.7006951, 43.2769916 ], [ -1.7006894, 43.2770414 ], [ -1.69998, 43.2771451 ], [ -1.699943, 43.2770186 ], [ -1.6999059, 43.2768111 ], [ -1.6999515, 43.2767074 ], [ -1.7000028, 43.2766099 ], [ -1.7001965, 43.2763797 ], [ -1.7003276, 43.2762905 ], [ -1.7004074, 43.2762366 ], [ -1.7004957, 43.2762117 ], [ -1.7005641, 43.2761971 ], [ -1.7006117, 43.2764496 ] ] ] } },
{ "type": "Feature", "properties": { "stop_id": "osm-way-1125258039", "name": null }, "geometry": { "type": "Polygon", "coordinates": [ [ [ -6.0502553, 36.932613 ], [ -6.0488495, 36.9335614 ], [ -6.0487989, 36.9333738 ], [ -6.0486302, 36.9327489 ], [ -6.0497517, 36.9320524 ], [ -6.0502553, 36.932613 ] ] ] } },
{ "type": "Feature", "properties": { "stop_id": "osm-way-1126466669", "name": "Estación de servicio de Torrecaballeros" }, "geometry": { "type": "Polygon", "coordinates": [ [ [ -4.0375938, 40.9861204 ], [ -4.0373378, 40.9863545 ], [ -4.0373714, 40.9864159 ], [ -4.0370577, 40.9866099 ], [ -4.037038, 40.9867372 ], [ -4.0370388, 40.9867931 ], [ -4.0370946, 40.986911 ], [ -4.0371734, 40.9871791 ], [ -4.0370783, 40.9872545 ], [ -4.0370255, 40.9873046 ], [ -4.0370143, 40.9873751 ], [ -4.0370508, 40.9874446 ], [ -4.0371286, 40.9874887 ], [ -4.0372132, 40.9875176 ], [ -4.0372822, 40.9875304 ], [ -4.0375288, 40.9875088 ], [ -4.0381777, 40.9872088 ], [ -4.0387076, 40.9869376 ], [ -4.0386106, 40.9868826 ], [ -4.0375938, 40.9861204 ] ] ] } },
{ "type": "Feature", "properties": { "stop_id": "osm-way-1126467874", "name": null }, "geometry": { "type": "Polygon", "coordinates": [ [ [ -4.0889927, 40.9524222 ], [ -4.0887981, 40.9524518 ], [ -4.0880745, 40.952382 ], [ -4.0875236, 40.952329 ], [ -4.0875769, 40.9522723 ], [ -4.0881555, 40.9519672 ], [ -4.088295, 40.9518987 ], [ -4.0887809, 40.9516545 ], [ -4.0888579, 40.9516662 ], [ -4.088901, 40.9518674 ], [ -4.0889226, 40.9520548 ], [ -4.0890024, 40.952191 ], [ -4.0890033, 40.9524166 ], [ -4.0889927, 40.9524222 ] ] ] } },
{ "type": "Feature", "properties": { "stop_id": "osm-way-1131621487", "name": null }, "geometry": { "type": "Polygon", "coordinates": [ [ [ -7.298944, 39.3465434 ], [ -7.298817, 39.3465978 ], [ -7.29874, 39.3465762 ], [ -7.2985228, 39.3466032 ], [ -7.2983539, 39.3466436 ], [ -7.2978912, 39.3461855 ], [ -7.2977906, 39.3462488 ], [ -7.2977406, 39.3462439 ], [ -7.2977056, 39.3461843 ], [ -7.2977336, 39.3461121 ], [ -7.29782, 39.3460958 ], [ -7.2979111, 39.3461247 ], [ -7.2980512, 39.346206 ], [ -7.2980955, 39.346159 ], [ -7.2981772, 39.3461952 ], [ -7.2983645, 39.3459928 ], [ -7.298944, 39.3465434 ] ] ] } },
{ "type": "Feature", "properties": { "stop_id": "osm-way-1133759020", "name": "Área de servicio de la Venta Pinillos" }, "geometry": { "type": "Polygon", "coordinates": [ [ [ -4.1300489, 41.0783173 ], [ -4.1304736, 41.0780825 ], [ -4.1304878, 41.0779117 ], [ -4.1303375, 41.0778508 ], [ -4.1307361, 41.0773213 ], [ -4.1308434, 41.0771352 ], [ -4.1308382, 41.0769833 ], [ -4.1308224, 41.0766395 ], [ -4.1303745, 41.0767485 ], [ -4.1300772, 41.0766498 ], [ -4.1300808, 41.0765244 ], [ -4.1296915, 41.0764737 ], [ -4.1295853, 41.0768766 ], [ -4.1298472, 41.076946 ], [ -4.1297552, 41.0773168 ], [ -4.13001, 41.077645 ], [ -4.1300489, 41.0783173 ] ] ] } },
{ "type": "Feature", "properties": { "stop_id": "osm-way-1136370763", "name": null }, "geometry": { "type": "Polygon", "coordinates": [ [ [ -5.4758871, 39.1085772 ], [ -5.4762589, 39.1083898 ], [ -5.4763134, 39.108322 ], [ -5.4746022, 39.107966 ], [ -5.4752462, 39.1084247 ], [ -5.4757949, 39.1087742 ], [ -5.4759188, 39.1087766 ], [ -5.4758871, 39.1085772 ] ] ] } },
{ "type": "Feature", "properties": { "stop_id": "osm-way-1136772506", "name": null }, "geometry": { "type": "Polygon", "coordinates": [ [ [ -5.5962215, 36.8266891 ], [ -5.5940684, 36.8279286 ], [ -5.5940423, 36.8279455 ], [ -5.5940206, 36.8279595 ], [ -5.5921821, 36.8288466 ], [ -5.5927396, 36.8292125 ], [ -5.5937279, 36.8290174 ], [ -5.5939432, 36.8284259 ], [ -5.5947374, 36.8277833 ], [ -5.5950692, 36.8279923 ], [ -5.5952166, 36.8279264 ], [ -5.5953717, 36.8279976 ], [ -5.5964357, 36.8268446 ], [ -5.5963339, 36.8267707 ], [ -5.5962215, 36.8266891 ] ] ] } },
{ "type": "Feature", "properties": { "stop_id": "osm-way-1140131892", "name": "Área de descanso" }, "geometry": { "type": "Polygon", "coordinates": [ [ [ -4.3527783, 41.0862636 ], [ -4.3528061, 41.0861864 ], [ -4.3528378, 41.0860855 ], [ -4.3529298, 41.0860182 ], [ -4.3525312, 41.0854995 ], [ -4.3522326, 41.0855977 ], [ -4.35245, 41.0856943 ], [ -4.352636, 41.0859289 ], [ -4.3526365, 41.0860188 ], [ -4.3526415, 41.0861381 ], [ -4.3526778, 41.0862254 ], [ -4.3526487, 41.0863287 ], [ -4.3527783, 41.0862636 ] ] ] } },
{ "type": "Feature", "properties": { "stop_id": "osm-way-1140290731", "name": "Aparcament del Bruc" }, "geometry": { "type": "Polygon", "coordinates": [ [ [ 1.7810891, 41.5820892 ], [ 1.7815794, 41.5822255 ], [ 1.7817247, 41.5817403 ], [ 1.7815938, 41.5816383 ], [ 1.7813068, 41.5818629 ], [ 1.7810891, 41.5820892 ] ] ] } },
{ "type": "Feature", "properties": { "stop_id": "osm-way-1140777449", "name": "Descansadero del Rialaje" }, "geometry": { "type": "Polygon", "coordinates": [ [ [ -5.8612304, 37.3424155 ], [ -5.8608208, 37.3425355 ], [ -5.860371, 37.3425007 ], [ -5.859883, 37.342561 ], [ -5.8591607, 37.3425597 ], [ -5.8591313, 37.3425868 ], [ -5.8590364, 37.3426741 ], [ -5.8588481, 37.3426095 ], [ -5.8582251, 37.3423386 ], [ -5.8578909, 37.3422668 ], [ -5.8574033, 37.3421369 ], [ -5.857003, 37.3420496 ], [ -5.856666, 37.3420165 ], [ -5.8565643, 37.3420185 ], [ -5.8562909, 37.3421092 ], [ -5.8562823, 37.3419567 ], [ -5.8564428, 37.3419242 ], [ -5.8566891, 37.3418795 ], [ -5.85675, 37.3419432 ], [ -5.8569105, 37.3419703 ], [ -5.8569788, 37.3419432 ], [ -5.8571426, 37.3420083 ], [ -5.857245, 37.3419649 ], [ -5.8575933, 37.3420843 ], [ -5.857921, 37.3421277 ], [ -5.8581497, 37.3421956 ], [ -5.8585867, 37.3422254 ], [ -5.8588701, 37.3422444 ], [ -5.8592353, 37.342296 ], [ -5.8596621, 37.3423313 ], [ -5.8599185, 37.3423693 ], [ -5.860376, 37.3423204 ], [ -5.860731, 37.3423693 ], [ -5.8611168, 37.3423069 ], [ -5.8612431, 37.3422879 ], [ -5.8613081, 37.3423859 ], [ -5.8612304, 37.3424155 ] ] ] } },
{ "type": "Feature", "properties": { "stop_id": "osm-way-1144441922", "name": null }, "geometry": { "type": "Polygon", "coordinates": [ [ [ -3.4627318, 37.2725897 ], [ -3.4627359, 37.2726324 ], [ -3.4624274, 37.2729152 ], [ -3.4621954, 37.2731105 ], [ -3.4618735, 37.2733783 ], [ -3.461781, 37.2733986 ], [ -3.4627318, 37.2725897 ] ] ] } },
{ "type": "Feature", "properties": { "stop_id": "osm-way-1146552440", "name": null }, "geometry": { "type": "Polygon", "coordinates": [ [ [ -2.2351321, 42.9959584 ], [ -2.2353199, 42.9961408 ], [ -2.2353816, 42.9961977 ], [ -2.2354915, 42.9962369 ], [ -2.2357463, 42.9962722 ], [ -2.2357678, 42.9964723 ], [ -2.2353907, 42.9966503 ], [ -2.2352031, 42.9967746 ], [ -2.2351321, 42.9959584 ] ] ] } },
{ "type": "Feature", "properties": { "stop_id": "osm-way-1147646393", "name": null }, "geometry": { "type": "Polygon", "coordinates": [ [ [ -2.660398, 42.8648039 ], [ -2.6603202, 42.8648014 ], [ -2.6603182, 42.8647557 ], [ -2.6603014, 42.8647385 ], [ -2.6602706, 42.8647321 ], [ -2.6602397, 42.8647351 ], [ -2.6601867, 42.8647896 ], [ -2.6601177, 42.8647887 ], [ -2.6603179, 42.8640877 ], [ -2.6608989, 42.8641758 ], [ -2.6608251, 42.8643847 ], [ -2.6607963, 42.8643812 ], [ -2.6607091, 42.8646663 ], [ -2.6606246, 42.8647036 ], [ -2.6604194, 42.8647479 ], [ -2.6603939, 42.8647646 ], [ -2.6603906, 42.8647847 ], [ -2.660398, 42.8648039 ] ] ] } },
{ "type": "Feature", "properties": { "stop_id": "osm-way-1148795466", "name": null }, "geometry": { "type": "Polygon", "coordinates": [ [ [ -4.9466264, 36.5256567 ], [ -4.945347, 36.5252063 ], [ -4.9454221, 36.5254196 ], [ -4.9455589, 36.5254994 ], [ -4.9462885, 36.5257451 ], [ -4.9466264, 36.5256567 ] ] ] } },
{ "type": "Feature", "properties": { "stop_id": "osm-way-1149073155", "name": null }, "geometry": { "type": "Polygon", "coordinates": [ [ [ -5.1154339, 36.4644537 ], [ -5.1139158, 36.4642251 ], [ -5.1133928, 36.4644171 ], [ -5.113256, 36.4648701 ], [ -5.1135054, 36.4651462 ], [ -5.1145944, 36.4655323 ], [ -5.1151469, 36.4656186 ], [ -5.1154339, 36.4644537 ] ] ] } },
{ "type": "Feature", "properties": { "stop_id": "osm-way-1149073156", "name": null }, "geometry": { "type": "Polygon", "coordinates": [ [ [ -5.1168421, 36.4645594 ], [ -5.1159918, 36.4643761 ], [ -5.1162949, 36.4632544 ], [ -5.1177433, 36.4637915 ], [ -5.1173785, 36.4649563 ], [ -5.1169091, 36.4648614 ], [ -5.1168421, 36.4645594 ] ] ] } },
{ "type": "Feature", "properties": { "stop_id": "osm-way-1149534110", "name": null }, "geometry": { "type": "Polygon", "coordinates": [ [ [ -3.3479619, 40.2298109 ], [ -3.3477681, 40.2298234 ], [ -3.3476164, 40.2298457 ], [ -3.3473864, 40.2298849 ], [ -3.3472124, 40.2297851 ], [ -3.3472358, 40.2296844 ], [ -3.3472614, 40.229605 ], [ -3.3472803, 40.2295439 ], [ -3.347279, 40.2294252 ], [ -3.3473179, 40.2293945 ], [ -3.3479619, 40.2298109 ] ] ] } },
{ "type": "Feature", "properties": { "stop_id": "osm-way-1149629664", "name": "Peñas Pedrigueras" }, "geometry": { "type": "Polygon", "coordinates": [ [ [ -4.0273872, 40.8515511 ], [ -4.0271136, 40.8512285 ], [ -4.0269956, 40.8512143 ], [ -4.0268829, 40.8512549 ], [ -4.0268749, 40.8513198 ], [ -4.0269822, 40.8514659 ], [ -4.0271136, 40.851547 ], [ -4.0271887, 40.8515734 ], [ -4.0273872, 40.8515511 ] ] ] } },
{ "type": "Feature", "properties": { "stop_id": "osm-way-1149707646", "name": null }, "geometry": { "type": "Polygon", "coordinates": [ [ [ -4.3002623, 41.2930028 ], [ -4.3001525, 41.2930059 ], [ -4.2996158, 41.2906202 ], [ -4.3006241, 41.2904919 ], [ -4.3005021, 41.2920437 ], [ -4.3002623, 41.2930028 ] ] ] } },
{ "type": "Feature", "properties": { "stop_id": "osm-way-1149981576", "name": "BonÀrea" }, "geometry": { "type": "Polygon", "coordinates": [ [ [ 0.819225, 41.7905738 ], [ 0.8192934, 41.7905615 ], [ 0.8194096, 41.7905405 ], [ 0.8194656, 41.7905144 ], [ 0.8195162, 41.7904702 ], [ 0.8195344, 41.7904181 ], [ 0.8193044, 41.7900558 ], [ 0.8191894, 41.7900226 ], [ 0.8191388, 41.7900418 ], [ 0.8190567, 41.7900727 ], [ 0.8190147, 41.7900881 ], [ 0.8189872, 41.7900991 ], [ 0.8189305, 41.790119 ], [ 0.8190121, 41.790245 ], [ 0.819225, 41.7905738 ] ] ] } },
{ "type": "Feature", "properties": { "stop_id": "osm-way-1150197508", "name": null }, "geometry": { "type": "Polygon", "coordinates": [ [ [ -0.5637201, 41.5407503 ], [ -0.5636702, 41.5405205 ], [ -0.5646369, 41.5402698 ], [ -0.5652502, 41.54014 ], [ -0.56574, 41.5401005 ], [ -0.5661533, 41.540136 ], [ -0.566951, 41.5403714 ], [ -0.5673233, 41.5404531 ], [ -0.5676035, 41.5404896 ], [ -0.5675896, 41.5405875 ], [ -0.5667704, 41.5405615 ], [ -0.5663887, 41.5405668 ], [ -0.565609, 41.5405874 ], [ -0.5648527, 41.5406231 ], [ -0.5637201, 41.5407503 ] ] ] } },
{ "type": "Feature", "properties": { "stop_id": "osm-way-1150197511", "name": null }, "geometry": { "type": "Polygon", "coordinates": [ [ [ -0.5675974, 41.5409704 ], [ -0.5665383, 41.5409797 ], [ -0.5655476, 41.5410245 ], [ -0.5644719, 41.5410768 ], [ -0.5638025, 41.5411301 ], [ -0.5638283, 41.5412492 ], [ -0.5641012, 41.5413553 ], [ -0.5644779, 41.5413784 ], [ -0.5650758, 41.5415243 ], [ -0.5654913, 41.5415414 ], [ -0.5660233, 41.5414998 ], [ -0.5664968, 41.5414166 ], [ -0.5670236, 41.5412502 ], [ -0.5674805, 41.5411749 ], [ -0.567596, 41.5410765 ], [ -0.5675974, 41.5409704 ] ] ] } },
{ "type": "Feature", "properties": { "stop_id": "osm-way-1153499767", "name": null }, "geometry": { "type": "Polygon", "coordinates": [ [ [ -4.3561859, 41.4204255 ], [ -4.354165, 41.4193772 ], [ -4.3541792, 41.4193002 ], [ -4.3544942, 41.4191861 ], [ -4.3557718, 41.4193639 ], [ -4.3568725, 41.419486 ], [ -4.3561859, 41.4204255 ] ] ] } },
{ "type": "Feature", "properties": { "stop_id": "osm-way-1153681251", "name": null }, "geometry": { "type": "Polygon", "coordinates": [ [ [ -5.8153884, 43.3710802 ], [ -5.8156825, 43.3713836 ], [ -5.8157347, 43.3714374 ], [ -5.8158103, 43.3713967 ], [ -5.8161353, 43.3712191 ], [ -5.8163765, 43.3710873 ], [ -5.816408, 43.3710707 ], [ -5.8163458, 43.3710077 ], [ -5.8160571, 43.3707157 ], [ -5.8158448, 43.3708255 ], [ -5.8156092, 43.3709601 ], [ -5.8153884, 43.3710802 ] ] ] } },
{ "type": "Feature", "properties": { "stop_id": "osm-way-1153864138", "name": null }, "geometry": { "type": "Polygon", "coordinates": [ [ [ 1.5862579, 41.2475485 ], [ 1.5869133, 41.2472959 ], [ 1.5869065, 41.2470165 ], [ 1.5869666, 41.2468903 ], [ 1.5871127, 41.2467542 ], [ 1.5867152, 41.24651 ], [ 1.5865084, 41.246443 ], [ 1.585933, 41.245936 ], [ 1.5857599, 41.2458434 ], [ 1.5857392, 41.2457528 ], [ 1.5850082, 41.2451002 ], [ 1.5846922, 41.2452214 ], [ 1.5847266, 41.2453477 ], [ 1.5847792, 41.2455433 ], [ 1.5847679, 41.2456649 ], [ 1.5846609, 41.2458091 ], [ 1.5846161, 41.2459219 ], [ 1.584629, 41.2459807 ], [ 1.5846828, 41.2460448 ], [ 1.5847899, 41.2460982 ], [ 1.5850792, 41.2462107 ], [ 1.5851762, 41.2462942 ], [ 1.5854835, 41.246585 ], [ 1.5858033, 41.2469182 ], [ 1.5860679, 41.2472684 ], [ 1.5862579, 41.2475485 ] ] ] } },
{ "type": "Feature", "properties": { "stop_id": "osm-way-1154139157", "name": null }, "geometry": { "type": "Polygon", "coordinates": [ [ [ -5.8991603, 43.3598624 ], [ -5.8986235, 43.3598402 ], [ -5.8985591, 43.3600105 ], [ -5.8991642, 43.3600385 ], [ -5.8991697, 43.3599884 ], [ -5.8991616, 43.3599387 ], [ -5.8991603, 43.3598624 ] ] ] } },
{ "type": "Feature", "properties": { "stop_id": "osm-way-1155890473", "name": null }, "geometry": { "type": "Polygon", "coordinates": [ [ [ -2.1890745, 43.0421425 ], [ -2.1887325, 43.0422973 ], [ -2.1886152, 43.0421891 ], [ -2.1885514, 43.0422152 ], [ -2.188212, 43.0419485 ], [ -2.1880742, 43.0417975 ], [ -2.1880614, 43.0417093 ], [ -2.1884156, 43.0415378 ], [ -2.1888014, 43.0419224 ], [ -2.1889443, 43.0420287 ], [ -2.1889883, 43.0420672 ], [ -2.1890745, 43.0421425 ] ] ] } },
{ "type": "Feature", "properties": { "stop_id": "osm-way-1155890483", "name": null }, "geometry": { "type": "Polygon", "coordinates": [ [ [ -2.2285094, 43.0477409 ], [ -2.2286617, 43.0477801 ], [ -2.2287883, 43.0478319 ], [ -2.2288677, 43.0479464 ], [ -2.2289256, 43.0480499 ], [ -2.2286167, 43.0480938 ], [ -2.2284257, 43.0481879 ], [ -2.2282841, 43.0483917 ], [ -2.2278075, 43.0484527 ], [ -2.2275593, 43.0484836 ], [ -2.2271399, 43.0485629 ], [ -2.2266582, 43.0487314 ], [ -2.2265652, 43.048631 ], [ -2.2269688, 43.048368 ], [ -2.2269311, 43.0482481 ], [ -2.227691, 43.048087 ], [ -2.2281548, 43.0479428 ], [ -2.2285094, 43.0477409 ] ] ] } },
{ "type": "Feature", "properties": { "stop_id": "osm-way-1155890506", "name": null }, "geometry": { "type": "Polygon", "coordinates": [ [ [ -2.2211293, 43.0502081 ], [ -2.2210196, 43.05032 ], [ -2.2208461, 43.0502361 ], [ -2.2206649, 43.050182 ], [ -2.2205016, 43.0501354 ], [ -2.2202235, 43.0499433 ], [ -2.2201316, 43.0498501 ], [ -2.2200704, 43.0496487 ], [ -2.22005, 43.0494939 ], [ -2.220078, 43.0493671 ], [ -2.2201035, 43.0493503 ], [ -2.220397, 43.0496226 ], [ -2.2207619, 43.0499247 ], [ -2.2209431, 43.0500608 ], [ -2.2211549, 43.0501764 ], [ -2.2211293, 43.0502081 ] ] ] } },
{ "type": "Feature", "properties": { "stop_id": "osm-way-1156458076", "name": "Barazar" }, "geometry": { "type": "Polygon", "coordinates": [ [ [ -2.7129126, 43.0656678 ], [ -2.7131541, 43.0659923 ], [ -2.7132512, 43.0661076 ], [ -2.7126382, 43.0663692 ], [ -2.7119464, 43.0664312 ], [ -2.7116672, 43.0665687 ], [ -2.7114244, 43.0665864 ], [ -2.7109389, 43.0662228 ], [ -2.7106597, 43.0658105 ], [ -2.71069, 43.0654646 ], [ -2.7109666, 43.0651031 ], [ -2.7106658, 43.0647641 ], [ -2.7114847, 43.0644374 ], [ -2.711559, 43.0644505 ], [ -2.7124225, 43.0655648 ], [ -2.7123764, 43.0657355 ], [ -2.7124932, 43.0658305 ], [ -2.7125409, 43.0658388 ], [ -2.7126498, 43.0658204 ], [ -2.7127988, 43.0657622 ], [ -2.7128905, 43.065738 ], [ -2.7129126, 43.0656678 ] ] ] } },
{ "type": "Feature", "properties": { "stop_id": "osm-way-1158222038", "name": null }, "geometry": { "type": "Polygon", "coordinates": [ [ [ -4.1519937, 40.9513977 ], [ -4.1518582, 40.9515448 ], [ -4.152635, 40.9513079 ], [ -4.1528444, 40.9512168 ], [ -4.1527513, 40.9510881 ], [ -4.1519937, 40.9513977 ] ] ] } },
{ "type": "Feature", "properties": { "stop_id": "osm-way-1158222041", "name": "El Zorroclín" }, "geometry": { "type": "Polygon", "coordinates": [ [ [ -4.1629624, 40.9540029 ], [ -4.1628739, 40.9539766 ], [ -4.1627559, 40.9539057 ], [ -4.1626969, 40.953851 ], [ -4.1627049, 40.9537902 ], [ -4.1627827, 40.9537315 ], [ -4.1628766, 40.9536971 ], [ -4.1631126, 40.9538105 ], [ -4.163118, 40.9538773 ], [ -4.1631073, 40.9539239 ], [ -4.1630751, 40.9539624 ], [ -4.1630348, 40.9539888 ], [ -4.1629624, 40.9540029 ] ] ] } },
{ "type": "Feature", "properties": { "stop_id": "osm-way-1158494515", "name": null }, "geometry": { "type": "Polygon", "coordinates": [ [ [ -0.7461178, 38.0584576 ], [ -0.7462636, 38.058532 ], [ -0.7462891, 38.0585273 ], [ -0.7463447, 38.0585315 ], [ -0.7463769, 38.0585404 ], [ -0.7464619, 38.0585827 ], [ -0.7464992, 38.0585894 ], [ -0.7467082, 38.0585934 ], [ -0.7467785, 38.058583 ], [ -0.7468053, 38.058572 ], [ -0.7468278, 38.0585568 ], [ -0.746847, 38.0585373 ], [ -0.7468793, 38.0584841 ], [ -0.7469386, 38.0583418 ], [ -0.7469972, 38.0582338 ], [ -0.7470126, 38.0581989 ], [ -0.7470122, 38.0581696 ], [ -0.747005, 38.0581311 ], [ -0.7469875, 38.0580961 ], [ -0.746963, 38.0580679 ], [ -0.7469349, 38.0580495 ], [ -0.7469141, 38.0580775 ], [ -0.7468852, 38.058105 ], [ -0.7468437, 38.0581372 ], [ -0.7468048, 38.0581588 ], [ -0.7467632, 38.0581747 ], [ -0.7467183, 38.0581847 ], [ -0.7462415, 38.0582523 ], [ -0.7462126, 38.0582598 ], [ -0.7461862, 38.0582718 ], [ -0.7461627, 38.0582878 ], [ -0.7461425, 38.058307 ], [ -0.7461262, 38.058329 ], [ -0.7461142, 38.058353 ], [ -0.7461069, 38.0583784 ], [ -0.7461047, 38.0584048 ], [ -0.7461082, 38.0584314 ], [ -0.7461178, 38.0584576 ] ] ] } },
{ "type": "Feature", "properties": { "stop_id": "osm-way-1162137578", "name": "Estación de Servicio El Polo" }, "geometry": { "type": "Polygon", "coordinates": [ [ [ -5.3730071, 36.1737388 ], [ -5.3728604, 36.1738232 ], [ -5.3728697, 36.1738311 ], [ -5.3727697, 36.1738964 ], [ -5.3727576, 36.1738823 ], [ -5.3726727, 36.1737868 ], [ -5.3726391, 36.173749 ], [ -5.3724966, 36.1735888 ], [ -5.3726515, 36.1734895 ], [ -5.3727569, 36.1734367 ], [ -5.3728461, 36.1735381 ], [ -5.3730071, 36.1737388 ] ] ] } },
{ "type": "Feature", "properties": { "stop_id": "osm-way-1162894410", "name": null }, "geometry": { "type": "Polygon", "coordinates": [ [ [ -2.079207, 40.5740312 ], [ -2.0792699, 40.5742195 ], [ -2.078996, 40.5741043 ], [ -2.0788406, 40.5741464 ], [ -2.0787037, 40.5741127 ], [ -2.0785075, 40.5741436 ], [ -2.0781855, 40.5741633 ], [ -2.0777007, 40.5742729 ], [ -2.0776526, 40.5741745 ], [ -2.0779413, 40.5740649 ], [ -2.0783151, 40.5739412 ], [ -2.0783632, 40.5736404 ], [ -2.0786111, 40.5735027 ], [ -2.0787037, 40.5735758 ], [ -2.0787555, 40.5737416 ], [ -2.0790219, 40.5736461 ], [ -2.0792255, 40.5739525 ], [ -2.079207, 40.5740312 ] ] ] } },
{ "type": "Feature", "properties": { "stop_id": "osm-way-1163733942", "name": null }, "geometry": { "type": "Polygon", "coordinates": [ [ [ -2.6707551, 42.8724495 ], [ -2.6703898, 42.8724822 ], [ -2.6703233, 42.8720347 ], [ -2.6706906, 42.872004 ], [ -2.6707551, 42.8724495 ] ] ] } },
{ "type": "Feature", "properties": { "stop_id": "osm-way-1163931193", "name": null }, "geometry": { "type": "Polygon", "coordinates": [ [ [ -2.6785271, 42.8684889 ], [ -2.6786234, 42.8684483 ], [ -2.6787973, 42.8686613 ], [ -2.6788126, 42.8686987 ], [ -2.6788092, 42.8687256 ], [ -2.6787947, 42.8687656 ], [ -2.6787683, 42.8687906 ], [ -2.6787257, 42.8688124 ], [ -2.6786797, 42.8688249 ], [ -2.67862, 42.8688337 ], [ -2.6782348, 42.8688655 ], [ -2.6782054, 42.8686576 ], [ -2.6785305, 42.8686312 ], [ -2.6785161, 42.8686018 ], [ -2.6785364, 42.8685984 ], [ -2.6785271, 42.8684889 ] ] ] } },
{ "type": "Feature", "properties": { "stop_id": "osm-way-1164234096", "name": null }, "geometry": { "type": "Polygon", "coordinates": [ [ [ -2.701956, 42.8361078 ], [ -2.7017934, 42.8358008 ], [ -2.7016074, 42.835851 ], [ -2.701771, 42.8361624 ], [ -2.7018141, 42.8362443 ], [ -2.7018322, 42.8362716 ], [ -2.7019931, 42.8362236 ], [ -2.7019844, 42.8362128 ], [ -2.7020119, 42.8361659 ], [ -2.7019794, 42.8361547 ], [ -2.701956, 42.8361078 ] ] ] } },
{ "type": "Feature", "properties": { "stop_id": "osm-way-1164234106", "name": null }, "geometry": { "type": "Polygon", "coordinates": [ [ [ -2.698904, 42.8370608 ], [ -2.6989027, 42.8370913 ], [ -2.6991627, 42.8370215 ], [ -2.6992734, 42.8369929 ], [ -2.6993398, 42.8369757 ], [ -2.6993408, 42.8369453 ], [ -2.6993551, 42.8365117 ], [ -2.6989339, 42.8365115 ], [ -2.698904, 42.8370608 ] ] ] } },
{ "type": "Feature", "properties": { "stop_id": "osm-way-1164991196", "name": null }, "geometry": { "type": "Polygon", "coordinates": [ [ [ -3.9300692, 37.1805183 ], [ -3.9273468, 37.1805247 ], [ -3.927379, 37.1796528 ], [ -3.9275157, 37.1795865 ], [ -3.9304957, 37.1798793 ], [ -3.9300692, 37.1805183 ] ] ] } },
{ "type": "Feature", "properties": { "stop_id": "osm-way-1167709718", "name": "Area Recreativa Pinar Baldío" }, "geometry": { "type": "Polygon", "coordinates": [ [ [ -4.0024222, 40.7813193 ], [ -4.0023064, 40.7814095 ], [ -4.0023643, 40.7815483 ], [ -4.0023161, 40.7815849 ], [ -4.002004, 40.7812852 ], [ -4.0019995, 40.7812775 ], [ -4.0019364, 40.7811683 ], [ -4.0019428, 40.7810465 ], [ -4.0019441, 40.7810088 ], [ -4.0019525, 40.7807614 ], [ -4.0019525, 40.7806859 ], [ -4.0020233, 40.7806152 ], [ -4.0021906, 40.7807054 ], [ -4.0022646, 40.7810124 ], [ -4.002345, 40.7810928 ], [ -4.0023418, 40.7811171 ], [ -4.0024029, 40.7812048 ], [ -4.0024222, 40.7813193 ] ] ] } },
{ "type": "Feature", "properties": { "stop_id": "osm-way-1168584533", "name": null }, "geometry": { "type": "Polygon", "coordinates": [ [ [ -7.864987, 42.2478982 ], [ -7.8645292, 42.247851 ], [ -7.8644754, 42.2480676 ], [ -7.8639737, 42.2480249 ], [ -7.863946, 42.2481157 ], [ -7.8639198, 42.2483869 ], [ -7.8639299, 42.2485457 ], [ -7.8639812, 42.248752 ], [ -7.8642465, 42.2487234 ], [ -7.8645284, 42.2487136 ], [ -7.8648417, 42.2487028 ], [ -7.8648795, 42.2483506 ], [ -7.8648377, 42.2483491 ], [ -7.864987, 42.2478982 ] ] ] } },
{ "type": "Feature", "properties": { "stop_id": "osm-way-1169788157", "name": null }, "geometry": { "type": "Polygon", "coordinates": [ [ [ -5.0690066, 36.5918482 ], [ -5.0689448, 36.5916528 ], [ -5.0688829, 36.5915479 ], [ -5.0688141, 36.5914684 ], [ -5.068711, 36.5913801 ], [ -5.0685996, 36.5913293 ], [ -5.0684773, 36.5912951 ], [ -5.0682971, 36.5912697 ], [ -5.0684621, 36.5912266 ], [ -5.0687976, 36.5912896 ], [ -5.0690946, 36.5914187 ], [ -5.0692473, 36.5915026 ], [ -5.069228, 36.5917245 ], [ -5.0691524, 36.5918835 ], [ -5.0690066, 36.5918482 ] ] ] } },
{ "type": "Feature", "properties": { "stop_id": "osm-way-1172495094", "name": null }, "geometry": { "type": "Polygon", "coordinates": [ [ [ -4.5528279, 37.4414538 ], [ -4.5526951, 37.4416919 ], [ -4.5523565, 37.4416873 ], [ -4.5516726, 37.4417703 ], [ -4.551232, 37.4416594 ], [ -4.5498471, 37.4408205 ], [ -4.5497243, 37.4406002 ], [ -4.5497548, 37.4401632 ], [ -4.5497454, 37.4397306 ], [ -4.5500341, 37.4394862 ], [ -4.550237, 37.4396148 ], [ -4.5526946, 37.4413545 ], [ -4.5528279, 37.4414538 ] ] ] } },
{ "type": "Feature", "properties": { "stop_id": "osm-way-1172495097", "name": null }, "geometry": { "type": "Polygon", "coordinates": [ [ [ -4.5533052, 37.4409696 ], [ -4.5519599, 37.4400569 ], [ -4.5503371, 37.4388517 ], [ -4.550951, 37.4387147 ], [ -4.5514545, 37.4386369 ], [ -4.5519759, 37.4387952 ], [ -4.5533212, 37.4398082 ], [ -4.5536166, 37.4407873 ], [ -4.5535925, 37.4410155 ], [ -4.5533052, 37.4409696 ] ] ] } },
{ "type": "Feature", "properties": { "stop_id": "osm-way-1172677284", "name": "Área de Servicio Tudanca" }, "geometry": { "type": "Polygon", "coordinates": [ [ [ -3.6865999, 41.6228894 ], [ -3.6866219, 41.6226578 ], [ -3.6866879, 41.6227221 ], [ -3.6867713, 41.6227695 ], [ -3.6868702, 41.6227994 ], [ -3.6869866, 41.622799 ], [ -3.6880734, 41.6227528 ], [ -3.6880896, 41.6230046 ], [ -3.6881197, 41.6230282 ], [ -3.6881464, 41.6230448 ], [ -3.6881815, 41.6230625 ], [ -3.6882193, 41.6230681 ], [ -3.6882408, 41.6230689 ], [ -3.6882663, 41.6230666 ], [ -3.6883839, 41.6230441 ], [ -3.6885301, 41.6230296 ], [ -3.6890361, 41.623016 ], [ -3.6890724, 41.6232177 ], [ -3.6890322, 41.6233408 ], [ -3.6889217, 41.6235836 ], [ -3.6888108, 41.6237632 ], [ -3.6886631, 41.6238588 ], [ -3.6881002, 41.6241607 ], [ -3.6879407, 41.6239966 ], [ -3.6878121, 41.6237316 ], [ -3.6866002, 41.6239784 ], [ -3.6865831, 41.6238217 ], [ -3.6865427, 41.6236601 ], [ -3.6865385, 41.6235937 ], [ -3.6865442, 41.6234707 ], [ -3.6865999, 41.6228894 ] ] ] } },
{ "type": "Feature", "properties": { "stop_id": "osm-way-1174878246", "name": null }, "geometry": { "type": "Polygon", "coordinates": [ [ [ -8.7862198, 42.5465755 ], [ -8.7855288, 42.5464171 ], [ -8.7850212, 42.5463857 ], [ -8.7849609, 42.5465238 ], [ -8.7854085, 42.5466984 ], [ -8.7856338, 42.5467864 ], [ -8.7859094, 42.5468909 ], [ -8.7860029, 42.5469264 ], [ -8.7862198, 42.5465755 ] ] ] } },
{ "type": "Feature", "properties": { "stop_id": "osm-way-1176554307", "name": null }, "geometry": { "type": "Polygon", "coordinates": [ [ [ -7.1177775, 37.324114 ], [ -7.1177064, 37.3243923 ], [ -7.1160947, 37.324824 ], [ -7.1158925, 37.3248672 ], [ -7.1156828, 37.3248523 ], [ -7.1143032, 37.3245412 ], [ -7.1137192, 37.3244057 ], [ -7.1135357, 37.3243015 ], [ -7.1132456, 37.3238237 ], [ -7.1129349, 37.3233682 ], [ -7.1127514, 37.3231434 ], [ -7.1126709, 37.3230422 ], [ -7.113021, 37.3228829 ], [ -7.115374, 37.3234352 ], [ -7.1176877, 37.3240797 ], [ -7.1177775, 37.324114 ] ] ] } },
{ "type": "Feature", "properties": { "stop_id": "osm-way-1176554308", "name": null }, "geometry": { "type": "Polygon", "coordinates": [ [ [ -7.1176053, 37.323328 ], [ -7.1177307, 37.3234947 ], [ -7.1176259, 37.3237046 ], [ -7.1167161, 37.32345 ], [ -7.1137772, 37.3227177 ], [ -7.1137267, 37.3225107 ], [ -7.1140243, 37.3224497 ], [ -7.114219, 37.3223619 ], [ -7.114599, 37.3221877 ], [ -7.1148536, 37.3220656 ], [ -7.1151156, 37.3219793 ], [ -7.1152691, 37.3219168 ], [ -7.1154301, 37.3219525 ], [ -7.1163418, 37.3221817 ], [ -7.116806, 37.3222592 ], [ -7.11704, 37.3224065 ], [ -7.1174424, 37.3230645 ], [ -7.1176053, 37.323328 ] ] ] } },
{ "type": "Feature", "properties": { "stop_id": "osm-way-1176603093", "name": null }, "geometry": { "type": "Polygon", "coordinates": [ [ [ -4.0591434, 40.9941628 ], [ -4.0585216, 40.9939517 ], [ -4.0582953, 40.993917 ], [ -4.0582397, 40.9938735 ], [ -4.0581165, 40.9939291 ], [ -4.0580257, 40.9940193 ], [ -4.0579863, 40.9940432 ], [ -4.0579518, 40.9939978 ], [ -4.0579659, 40.9939149 ], [ -4.0580035, 40.9938187 ], [ -4.0579112, 40.9938638 ], [ -4.0578635, 40.9938474 ], [ -4.0578455, 40.9938085 ], [ -4.0578494, 40.993745 ], [ -4.0578843, 40.9936614 ], [ -4.0579466, 40.9936609 ], [ -4.0579971, 40.9936877 ], [ -4.0580059, 40.9936619 ], [ -4.0579963, 40.9936354 ], [ -4.0579978, 40.9935692 ], [ -4.0580394, 40.993511 ], [ -4.0582938, 40.9934097 ], [ -4.0583256, 40.9933822 ], [ -4.0583052, 40.9933219 ], [ -4.0585058, 40.9932492 ], [ -4.0585361, 40.9933132 ], [ -4.0586951, 40.9936232 ], [ -4.0587765, 40.9937474 ], [ -4.0588146, 40.9937906 ], [ -4.0591434, 40.9941628 ] ] ] } },
{ "type": "Feature", "properties": { "stop_id": "osm-way-1176994535", "name": null }, "geometry": { "type": "Polygon", "coordinates": [ [ [ -3.3733045, 39.0588661 ], [ -3.3733085, 39.058301 ], [ -3.3731378, 39.0581716 ], [ -3.3727638, 39.0581937 ], [ -3.3724426, 39.0579821 ], [ -3.3721133, 39.0582473 ], [ -3.3721743, 39.0590113 ], [ -3.3724792, 39.0590555 ], [ -3.3733004, 39.0589324 ], [ -3.3733045, 39.0588661 ] ] ] } },
{ "type": "Feature", "properties": { "stop_id": "osm-way-1177007182", "name": null }, "geometry": { "type": "Polygon", "coordinates": [ [ [ -3.3989289, 39.180717 ], [ -3.3988726, 39.1806988 ], [ -3.3988293, 39.1806824 ], [ -3.3988465, 39.1806401 ], [ -3.398687, 39.1802034 ], [ -3.3983987, 39.1800772 ], [ -3.398408, 39.1800413 ], [ -3.3984309, 39.1799717 ], [ -3.3983781, 39.1799386 ], [ -3.3982215, 39.1795983 ], [ -3.3992826, 39.1796534 ], [ -3.3992887, 39.1796696 ], [ -3.3995774, 39.1804366 ], [ -3.3995774, 39.180498 ], [ -3.3995428, 39.1805532 ], [ -3.399494, 39.1805831 ], [ -3.3989289, 39.180717 ] ] ] } },
{ "type": "Feature", "properties": { "stop_id": "osm-way-1177215181", "name": null }, "geometry": { "type": "Polygon", "coordinates": [ [ [ -1.6901823, 41.5557084 ], [ -1.6902064, 41.555443 ], [ -1.6901044, 41.5554351 ], [ -1.6900616, 41.5555044 ], [ -1.6900451, 41.555572 ], [ -1.6899941, 41.5556742 ], [ -1.6901823, 41.5557084 ] ] ] } },
{ "type": "Feature", "properties": { "stop_id": "osm-way-1178047260", "name": null }, "geometry": { "type": "Polygon", "coordinates": [ [ [ -6.762759, 37.9260439 ], [ -6.7624567, 37.9259644 ], [ -6.7621475, 37.9259066 ], [ -6.7617376, 37.9258958 ], [ -6.7614468, 37.9259337 ], [ -6.7611903, 37.9260023 ], [ -6.7609246, 37.9261234 ], [ -6.76073, 37.9262589 ], [ -6.7606109, 37.9262372 ], [ -6.7610689, 37.9257513 ], [ -6.7612498, 37.9256645 ], [ -6.7618475, 37.9255995 ], [ -6.7621224, 37.9256501 ], [ -6.7625025, 37.9258217 ], [ -6.7626834, 37.9259445 ], [ -6.762759, 37.9260439 ] ] ] } },
{ "type": "Feature", "properties": { "stop_id": "osm-way-1181945172", "name": null }, "geometry": { "type": "Polygon", "coordinates": [ [ [ -6.6990717, 38.0729245 ], [ -6.6989927, 38.0729462 ], [ -6.6989435, 38.0729611 ], [ -6.6987456, 38.073021 ], [ -6.6985356, 38.073095 ], [ -6.6984471, 38.0731087 ], [ -6.6983458, 38.0731073 ], [ -6.6982721, 38.0730862 ], [ -6.6980289, 38.0729731 ], [ -6.6978106, 38.072823 ], [ -6.6976835, 38.0727128 ], [ -6.6976623, 38.0726533 ], [ -6.6976567, 38.0726257 ], [ -6.6983688, 38.0728237 ], [ -6.6990717, 38.0729245 ] ] ] } },
{ "type": "Feature", "properties": { "stop_id": "osm-way-1184089190", "name": null }, "geometry": { "type": "Polygon", "coordinates": [ [ [ -0.6874381, 37.9884028 ], [ -0.6869553, 37.9885254 ], [ -0.6868404, 37.9882259 ], [ -0.6871406, 37.9881539 ], [ -0.6872061, 37.9880906 ], [ -0.6873181, 37.98811 ], [ -0.6874381, 37.9884028 ] ] ] } },
{ "type": "Feature", "properties": { "stop_id": "osm-way-1188262491", "name": null }, "geometry": { "type": "Polygon", "coordinates": [ [ [ -2.6984987, 42.8379795 ], [ -2.6984348, 42.8379672 ], [ -2.6982626, 42.8379351 ], [ -2.6981611, 42.8377297 ], [ -2.6980859, 42.8375856 ], [ -2.6981171, 42.8375775 ], [ -2.6981601, 42.8375662 ], [ -2.6984947, 42.8374819 ], [ -2.6985529, 42.8374673 ], [ -2.6985941, 42.8374569 ], [ -2.6986128, 42.8376675 ], [ -2.6984987, 42.8379795 ] ] ] } },
{ "type": "Feature", "properties": { "stop_id": "osm-way-1188437452", "name": null }, "geometry": { "type": "Polygon", "coordinates": [ [ [ -2.7010874, 42.8369796 ], [ -2.7010333, 42.8369944 ], [ -2.7008044, 42.8370572 ], [ -2.7007673, 42.8369844 ], [ -2.7007103, 42.8368727 ], [ -2.7008967, 42.8368216 ], [ -2.7009933, 42.8367951 ], [ -2.7010874, 42.8369796 ] ] ] } },
{ "type": "Feature", "properties": { "stop_id": "osm-way-1191243655", "name": null }, "geometry": { "type": "Polygon", "coordinates": [ [ [ -0.9544299, 38.0826774 ], [ -0.9539284, 38.0828545 ], [ -0.9537969, 38.0826119 ], [ -0.9543092, 38.0824042 ], [ -0.954305, 38.0824622 ], [ -0.9543133, 38.0825037 ], [ -0.9544299, 38.0826774 ] ] ] } },
{ "type": "Feature", "properties": { "stop_id": "osm-way-1192978706", "name": null }, "geometry": { "type": "Polygon", "coordinates": [ [ [ 2.3095051, 41.5930309 ], [ 2.3093542, 41.5927731 ], [ 2.3095432, 41.5928267 ], [ 2.3093282, 41.5924447 ], [ 2.3095249, 41.5924995 ], [ 2.3099, 41.593146 ], [ 2.3095051, 41.5930309 ] ] ] } },
{ "type": "Feature", "properties": { "stop_id": "osm-way-1192978707", "name": null }, "geometry": { "type": "Polygon", "coordinates": [ [ [ 2.3118517, 41.5939386 ], [ 2.3114507, 41.5940423 ], [ 2.3112906, 41.5939785 ], [ 2.3110924, 41.5940344 ], [ 2.3097521, 41.5935337 ], [ 2.3099427, 41.5934836 ], [ 2.3096149, 41.593365 ], [ 2.3098192, 41.5933114 ], [ 2.3096439, 41.5932452 ], [ 2.3098512, 41.5931951 ], [ 2.3118517, 41.5939386 ] ] ] } },
{ "type": "Feature", "properties": { "stop_id": "osm-way-1192978708", "name": null }, "geometry": { "type": "Polygon", "coordinates": [ [ [ 2.3127674, 41.5941906 ], [ 2.3126957, 41.5940486 ], [ 2.3120195, 41.5938017 ], [ 2.3119524, 41.5936615 ], [ 2.3113638, 41.5934402 ], [ 2.3113028, 41.5933091 ], [ 2.3107905, 41.5931141 ], [ 2.3107295, 41.5929807 ], [ 2.3102019, 41.5927754 ], [ 2.3101303, 41.5926249 ], [ 2.3098909, 41.5925428 ], [ 2.309958, 41.592691 ], [ 2.3101287, 41.5927492 ], [ 2.3101943, 41.5928986 ], [ 2.3102782, 41.5929282 ], [ 2.3103514, 41.5930788 ], [ 2.3105953, 41.5931677 ], [ 2.3106704, 41.5933194 ], [ 2.3108431, 41.5933801 ], [ 2.3109079, 41.5935269 ], [ 2.3127674, 41.5941906 ] ] ] } },
{ "type": "Feature", "properties": { "stop_id": "osm-way-1192978709", "name": null }, "geometry": { "type": "Polygon", "coordinates": [ [ [ 2.3093854, 41.5917562 ], [ 2.3094823, 41.5917779 ], [ 2.3095509, 41.5917839 ], [ 2.3103506, 41.5920292 ], [ 2.3106075, 41.5921197 ], [ 2.3114917, 41.5924833 ], [ 2.312178, 41.5930069 ], [ 2.3123948, 41.5932409 ], [ 2.312661, 41.5935183 ], [ 2.3126327, 41.5935492 ], [ 2.3126058, 41.5935822 ], [ 2.3093854, 41.5917562 ] ] ] } },
{ "type": "Feature", "properties": { "stop_id": "osm-way-1199761660", "name": "El Descanso" }, "geometry": { "type": "Polygon", "coordinates": [ [ [ -0.3818686, 41.1882614 ], [ -0.3818842, 41.1881789 ], [ -0.3817305, 41.1881624 ], [ -0.3817149, 41.1882449 ], [ -0.3818686, 41.1882614 ] ] ] } },
{ "type": "Feature", "properties": { "stop_id": "osm-way-1202844666", "name": null }, "geometry": { "type": "Polygon", "coordinates": [ [ [ -3.7392932, 40.4339928 ], [ -3.7394422, 40.4341547 ], [ -3.7394177, 40.4341667 ], [ -3.7393788, 40.4341747 ], [ -3.7393386, 40.4341732 ], [ -3.7392968, 40.4341606 ], [ -3.7392632, 40.4341379 ], [ -3.7392417, 40.4341078 ], [ -3.739235, 40.434074 ], [ -3.7392439, 40.4340404 ], [ -3.7392674, 40.4340112 ], [ -3.7392932, 40.4339928 ] ] ] } },
{ "type": "Feature", "properties": { "stop_id": "osm-way-1202988501", "name": null }, "geometry": { "type": "Polygon", "coordinates": [ [ [ -8.5137438, 42.9046518 ], [ -8.5132435, 42.9047656 ], [ -8.5134911, 42.9048688 ], [ -8.5136194, 42.9049178 ], [ -8.513764, 42.9048728 ], [ -8.5138081, 42.9047909 ], [ -8.5137991, 42.9047715 ], [ -8.5137438, 42.9046518 ] ] ] } },
{ "type": "Feature", "properties": { "stop_id": "osm-way-1203897201", "name": "Área de Descanso da Venda de Cruzul" }, "geometry": { "type": "Polygon", "coordinates": [ [ [ -7.1462418, 42.8519175 ], [ -7.1462572, 42.8519929 ], [ -7.1458867, 42.851959 ], [ -7.1456397, 42.8518307 ], [ -7.1451611, 42.8515667 ], [ -7.1448878, 42.851396 ], [ -7.1449564, 42.8513659 ], [ -7.1454321, 42.8515872 ], [ -7.1457614, 42.8517481 ], [ -7.1462418, 42.8519175 ] ] ] } },
{ "type": "Feature", "properties": { "stop_id": "osm-way-1206367970", "name": null }, "geometry": { "type": "Polygon", "coordinates": [ [ [ -2.1733818, 41.2843333 ], [ -2.1732791, 41.2843067 ], [ -2.1732897, 41.2840407 ], [ -2.173311, 41.2839796 ], [ -2.1732508, 41.2839663 ], [ -2.1734844, 41.2832642 ], [ -2.173626, 41.2828838 ], [ -2.1737357, 41.2825594 ], [ -2.1740047, 41.2826285 ], [ -2.1738631, 41.2829823 ], [ -2.1739763, 41.2831418 ], [ -2.1736861, 41.2840727 ], [ -2.1736366, 41.284078 ], [ -2.1735658, 41.2842801 ], [ -2.173409, 41.2842355 ], [ -2.1733818, 41.2843333 ] ] ] } },
{ "type": "Feature", "properties": { "stop_id": "osm-way-1206367976", "name": null }, "geometry": { "type": "Polygon", "coordinates": [ [ [ -2.1742741, 41.2838259 ], [ -2.1741149, 41.283794 ], [ -2.1743449, 41.2830945 ], [ -2.17449, 41.2831264 ], [ -2.1744688, 41.2832222 ], [ -2.1745644, 41.283395 ], [ -2.1744759, 41.2836424 ], [ -2.174444, 41.283653 ], [ -2.1742741, 41.2838259 ] ] ] } },
{ "type": "Feature", "properties": { "stop_id": "osm-way-1207816559", "name": null }, "geometry": { "type": "Polygon", "coordinates": [ [ [ -1.8461953, 40.8368412 ], [ -1.8461685, 40.8367052 ], [ -1.8442587, 40.8366788 ], [ -1.8444036, 40.8367539 ], [ -1.8451218, 40.8367889 ], [ -1.8461953, 40.8368412 ] ] ] } },
{ "type": "Feature", "properties": { "stop_id": "osm-way-1208276088", "name": null }, "geometry": { "type": "Polygon", "coordinates": [ [ [ -2.7736628, 42.5355914 ], [ -2.7741305, 42.535746 ], [ -2.7751184, 42.5362405 ], [ -2.7746235, 42.5368318 ], [ -2.7734399, 42.5364743 ], [ -2.7731967, 42.536453 ], [ -2.7731255, 42.5364189 ], [ -2.7726856, 42.5365511 ], [ -2.7720083, 42.536258 ], [ -2.7728739, 42.5353307 ], [ -2.7736628, 42.5355914 ] ] ] } },
{ "type": "Feature", "properties": { "stop_id": "osm-way-1208276095", "name": null }, "geometry": { "type": "Polygon", "coordinates": [ [ [ -2.7429348, 42.5139427 ], [ -2.7426808, 42.5141577 ], [ -2.7422811, 42.5145333 ], [ -2.7421604, 42.514563 ], [ -2.7419928, 42.5144612 ], [ -2.7415891, 42.5141854 ], [ -2.7409269, 42.5137735 ], [ -2.7409926, 42.513721 ], [ -2.7410644, 42.5135446 ], [ -2.7412823, 42.5131694 ], [ -2.7419717, 42.5133798 ], [ -2.7422261, 42.513442 ], [ -2.7425225, 42.5134835 ], [ -2.7427183, 42.5134805 ], [ -2.7427633, 42.5135669 ], [ -2.742835, 42.5138868 ], [ -2.7429348, 42.5139427 ] ] ] } },
{ "type": "Feature", "properties": { "stop_id": "osm-way-1208276118", "name": null }, "geometry": { "type": "Polygon", "coordinates": [ [ [ -2.7541485, 42.5111537 ], [ -2.7548866, 42.5115839 ], [ -2.7551784, 42.5129379 ], [ -2.754303, 42.513735 ], [ -2.7530842, 42.513754 ], [ -2.7522259, 42.5132605 ], [ -2.7519769, 42.5120901 ], [ -2.7526035, 42.5111853 ], [ -2.7541485, 42.5111537 ] ] ] } },
{ "type": "Feature", "properties": { "stop_id": "osm-way-1212210194", "name": "Área de mantenimiento Túnel de Guadarrama 1" }, "geometry": { "type": "Polygon", "coordinates": [ [ [ -3.7717194, 40.7742945 ], [ -3.7718448, 40.7737436 ], [ -3.7720548, 40.7735719 ], [ -3.7733146, 40.7728532 ], [ -3.7734069, 40.7726687 ], [ -3.7737681, 40.7725988 ], [ -3.773978, 40.7725606 ], [ -3.7740956, 40.7724652 ], [ -3.7745659, 40.7726687 ], [ -3.7747843, 40.7727005 ], [ -3.7750027, 40.7726942 ], [ -3.7757333, 40.7732729 ], [ -3.7757249, 40.775817 ], [ -3.7758929, 40.7759505 ], [ -3.7761785, 40.7763639 ], [ -3.7760441, 40.7772925 ], [ -3.7750615, 40.778469 ], [ -3.7745827, 40.7785772 ], [ -3.774398, 40.7784627 ], [ -3.7742048, 40.7783164 ], [ -3.7738941, 40.7783546 ], [ -3.7735749, 40.77845 ], [ -3.7728694, 40.7782719 ], [ -3.772987, 40.7776105 ], [ -3.7732558, 40.7771335 ], [ -3.7736757, 40.7770381 ], [ -3.7731046, 40.7763321 ], [ -3.7719708, 40.7769872 ], [ -3.771005, 40.7759187 ], [ -3.7710302, 40.7751746 ], [ -3.7717194, 40.7742945 ] ] ] } },
{ "type": "Feature", "properties": { "stop_id": "osm-way-1217590427", "name": null }, "geometry": { "type": "Polygon", "coordinates": [ [ [ -2.5713396, 42.4625718 ], [ -2.5713781, 42.4625998 ], [ -2.5714533, 42.4626883 ], [ -2.5716536, 42.4629518 ], [ -2.5708103, 42.4633173 ], [ -2.5706963, 42.4631777 ], [ -2.570752, 42.4631515 ], [ -2.5707072, 42.4630989 ], [ -2.5705025, 42.4631844 ], [ -2.5704782, 42.4631825 ], [ -2.5703362, 42.4632297 ], [ -2.5702678, 42.4632395 ], [ -2.5702386, 42.4632437 ], [ -2.5697156, 42.463388 ], [ -2.5696486, 42.4633134 ], [ -2.5698, 42.4632496 ], [ -2.5704246, 42.4629866 ], [ -2.5704259, 42.4629753 ], [ -2.5705262, 42.4629318 ], [ -2.5705902, 42.462904 ], [ -2.5707779, 42.4628208 ], [ -2.5713396, 42.4625718 ] ] ] } },
{ "type": "Feature", "properties": { "stop_id": "osm-way-1218053374", "name": "Fuente del Moro" }, "geometry": { "type": "Polygon", "coordinates": [ [ [ -4.1058974, 41.0030864 ], [ -4.1056866, 41.003086 ], [ -4.1056346, 41.0030189 ], [ -4.1056, 41.0029242 ], [ -4.1055895, 41.0027127 ], [ -4.1057321, 41.0026551 ], [ -4.1059043, 41.0026333 ], [ -4.1060478, 41.0026447 ], [ -4.1061299, 41.0027083 ], [ -4.1061863, 41.0027771 ], [ -4.1062289, 41.002852 ], [ -4.1062562, 41.0029268 ], [ -4.1060953, 41.0030136 ], [ -4.1058974, 41.0030864 ] ] ] } },
{ "type": "Feature", "properties": { "stop_id": "osm-way-1219329322", "name": null }, "geometry": { "type": "Polygon", "coordinates": [ [ [ -1.3158679, 42.4335563 ], [ -1.31584, 42.433675 ], [ -1.3157263, 42.4337321 ], [ -1.3155546, 42.4337764 ], [ -1.3154666, 42.4337732 ], [ -1.315398, 42.4337194 ], [ -1.3153894, 42.4336845 ], [ -1.315398, 42.4336545 ], [ -1.3154859, 42.4336877 ], [ -1.3156426, 42.4334644 ], [ -1.3157393, 42.4334293 ], [ -1.3158679, 42.4335563 ] ] ] } },
{ "type": "Feature", "properties": { "stop_id": "osm-way-1219956270", "name": null }, "geometry": { "type": "Polygon", "coordinates": [ [ [ -0.308329, 42.7163603 ], [ -0.308263, 42.7163368 ], [ -0.3083158, 42.7160469 ], [ -0.3083977, 42.7159291 ], [ -0.3088475, 42.7156427 ], [ -0.3086447, 42.7159469 ], [ -0.3084933, 42.7161556 ], [ -0.3084211, 42.7162522 ], [ -0.308329, 42.7163603 ] ] ] } },
{ "type": "Feature", "properties": { "stop_id": "osm-way-1220995788", "name": "Shell de La Línea" }, "geometry": { "type": "Polygon", "coordinates": [ [ [ -5.3493747, 36.1773216 ], [ -5.3492495, 36.1773296 ], [ -5.3491107, 36.1773439 ], [ -5.3489986, 36.1773552 ], [ -5.3489942, 36.1772166 ], [ -5.3489924, 36.1771302 ], [ -5.3489924, 36.1770945 ], [ -5.3489977, 36.1770745 ], [ -5.3490066, 36.1770588 ], [ -5.3490305, 36.1770352 ], [ -5.3490402, 36.1770221 ], [ -5.3490641, 36.1769981 ], [ -5.3490791, 36.1769879 ], [ -5.3491092, 36.1769738 ], [ -5.3491605, 36.1769638 ], [ -5.3492207, 36.1769559 ], [ -5.3492503, 36.176955 ], [ -5.3493429, 36.1769502 ], [ -5.3493427, 36.1769778 ], [ -5.3493747, 36.1773216 ] ] ] } },
{ "type": "Feature", "properties": { "stop_id": "osm-way-1225412693", "name": null }, "geometry": { "type": "Polygon", "coordinates": [ [ [ -7.3949341, 42.9412224 ], [ -7.3952146, 42.9404501 ], [ -7.3951922, 42.940401 ], [ -7.3951336, 42.940365 ], [ -7.395117, 42.9403549 ], [ -7.3949869, 42.9403117 ], [ -7.3931839, 42.9399591 ], [ -7.3931653, 42.9400121 ], [ -7.3930477, 42.9403489 ], [ -7.3934397, 42.9404245 ], [ -7.3939665, 42.940526 ], [ -7.3940336, 42.9405781 ], [ -7.394207, 42.9407615 ], [ -7.3945641, 42.9411391 ], [ -7.3945867, 42.9411442 ], [ -7.3947165, 42.9411734 ], [ -7.3948733, 42.9412087 ], [ -7.3949341, 42.9412224 ] ] ] } },
{ "type": "Feature", "properties": { "stop_id": "osm-way-1226174104", "name": null }, "geometry": { "type": "Polygon", "coordinates": [ [ [ -4.370621, 37.4613709 ], [ -4.3701036, 37.4612593 ], [ -4.3696108, 37.4611811 ], [ -4.3686441, 37.4611132 ], [ -4.3688108, 37.4609291 ], [ -4.3689268, 37.4608624 ], [ -4.3690572, 37.4608141 ], [ -4.3691587, 37.4608026 ], [ -4.3693239, 37.4608095 ], [ -4.3701457, 37.4609763 ], [ -4.3702978, 37.461035 ], [ -4.3704109, 37.4611132 ], [ -4.3705964, 37.4612846 ], [ -4.370621, 37.4613709 ] ] ] } },
{ "type": "Feature", "properties": { "stop_id": "osm-way-1228111202", "name": "Valcarce-Los Oteros" }, "geometry": { "type": "Polygon", "coordinates": [ [ [ -5.500083, 42.4492866 ], [ -5.499827, 42.4506056 ], [ -5.4998449, 42.4507997 ], [ -5.4998939, 42.4508918 ], [ -5.5000054, 42.4510169 ], [ -5.5021433, 42.4512289 ], [ -5.5024943, 42.4494518 ], [ -5.5010412, 42.4493515 ], [ -5.5010551, 42.449274 ], [ -5.5011187, 42.4489182 ], [ -5.5012034, 42.4484352 ], [ -5.5002085, 42.4485945 ], [ -5.500083, 42.4492866 ] ] ] } },
{ "type": "Feature", "properties": { "stop_id": "osm-way-1228111219", "name": "Área de Servicio Amanecer" }, "geometry": { "type": "Polygon", "coordinates": [ [ [ -5.5176116, 42.4547092 ], [ -5.5175794, 42.4547345 ], [ -5.5175453, 42.4547567 ], [ -5.5177502, 42.4550843 ], [ -5.5178089, 42.4552701 ], [ -5.5178065, 42.4554668 ], [ -5.5179116, 42.455613 ], [ -5.5182362, 42.4557923 ], [ -5.5186624, 42.4559846 ], [ -5.5188189, 42.4560117 ], [ -5.518995, 42.4560099 ], [ -5.519171, 42.4560333 ], [ -5.5193398, 42.4560929 ], [ -5.5194718, 42.4560947 ], [ -5.5197579, 42.4559936 ], [ -5.5199718, 42.4559274 ], [ -5.5200123, 42.4559143 ], [ -5.5180608, 42.4550302 ], [ -5.5176116, 42.4547092 ] ] ] } },
{ "type": "Feature", "properties": { "stop_id": "osm-way-1228111224", "name": "Área de Servicio Amanecer" }, "geometry": { "type": "Polygon", "coordinates": [ [ [ -5.5214469, 42.4557756 ], [ -5.5215011, 42.4557323 ], [ -5.5213507, 42.4554624 ], [ -5.5213385, 42.4552689 ], [ -5.5213466, 42.4550949 ], [ -5.5212978, 42.4549585 ], [ -5.5211657, 42.454819 ], [ -5.5209075, 42.4547065 ], [ -5.5203449, 42.4545023 ], [ -5.5199887, 42.454522 ], [ -5.5197936, 42.454468 ], [ -5.5196391, 42.454441 ], [ -5.5193423, 42.454516 ], [ -5.519137, 42.4545625 ], [ -5.5190252, 42.4545235 ], [ -5.5190018, 42.4545656 ], [ -5.5189866, 42.4545865 ], [ -5.5202957, 42.4551504 ], [ -5.5207149, 42.4551731 ], [ -5.5209751, 42.455233 ], [ -5.521144, 42.4554008 ], [ -5.5212237, 42.455593 ], [ -5.521434, 42.4557923 ], [ -5.5214469, 42.4557756 ] ] ] } },
{ "type": "Feature", "properties": { "stop_id": "osm-way-1228823199", "name": null }, "geometry": { "type": "Polygon", "coordinates": [ [ [ -5.4869693, 43.4540684 ], [ -5.486749, 43.4539792 ], [ -5.4869022, 43.4539896 ], [ -5.4870316, 43.4539798 ], [ -5.4869894, 43.4540266 ], [ -5.4869693, 43.4540684 ] ] ] } },
{ "type": "Feature", "properties": { "stop_id": "osm-way-1229662521", "name": null }, "geometry": { "type": "Polygon", "coordinates": [ [ [ -5.8368932, 37.0360221 ], [ -5.8362629, 37.036157 ], [ -5.8361448, 37.0360392 ], [ -5.8368154, 37.0358979 ], [ -5.8368932, 37.0360221 ] ] ] } },
{ "type": "Feature", "properties": { "stop_id": "osm-way-1230413524", "name": null }, "geometry": { "type": "Polygon", "coordinates": [ [ [ -4.1787539, 36.7753804 ], [ -4.1784502, 36.7757942 ], [ -4.1784423, 36.7759206 ], [ -4.1784877, 36.7760012 ], [ -4.1785942, 36.7760028 ], [ -4.1787263, 36.7759222 ], [ -4.1787914, 36.7758243 ], [ -4.1788072, 36.7757074 ], [ -4.178817, 36.7755873 ], [ -4.1788229, 36.7753725 ], [ -4.1787539, 36.7753804 ] ] ] } },
{ "type": "Feature", "properties": { "stop_id": "osm-way-1230705172", "name": null }, "geometry": { "type": "Polygon", "coordinates": [ [ [ -2.6644578, 42.861722 ], [ -2.6644667, 42.861685 ], [ -2.664154, 42.8614846 ], [ -2.6640324, 42.86142 ], [ -2.6640234, 42.8614261 ], [ -2.6638735, 42.8613554 ], [ -2.6638619, 42.8613658 ], [ -2.6638394, 42.8613667 ], [ -2.6635312, 42.8613082 ], [ -2.6635081, 42.8612965 ], [ -2.6634798, 42.8612691 ], [ -2.6634605, 42.8612521 ], [ -2.663436, 42.8612465 ], [ -2.6631336, 42.8611955 ], [ -2.6628415, 42.8611201 ], [ -2.6628525, 42.8611422 ], [ -2.6628512, 42.8611757 ], [ -2.6628303, 42.8611723 ], [ -2.6627466, 42.8614121 ], [ -2.6644578, 42.861722 ] ] ] } },
{ "type": "Feature", "properties": { "stop_id": "osm-way-1231210745", "name": null }, "geometry": { "type": "Polygon", "coordinates": [ [ [ -2.6761236, 42.8716563 ], [ -2.6761104, 42.8715643 ], [ -2.6761092, 42.8715556 ], [ -2.6757442, 42.8715827 ], [ -2.6757836, 42.8718587 ], [ -2.6757694, 42.8719023 ], [ -2.6757331, 42.8719341 ], [ -2.6756059, 42.8720059 ], [ -2.6755958, 42.8720259 ], [ -2.6756006, 42.8720496 ], [ -2.6761691, 42.8720031 ], [ -2.6761236, 42.8716563 ] ] ] } },
{ "type": "Feature", "properties": { "stop_id": "osm-way-1231224281", "name": null }, "geometry": { "type": "Polygon", "coordinates": [ [ [ -2.6664925, 42.8341724 ], [ -2.6664976, 42.8340096 ], [ -2.6657725, 42.8340268 ], [ -2.6657724, 42.8340457 ], [ -2.6657721, 42.8341228 ], [ -2.6657719, 42.8341785 ], [ -2.6664925, 42.8341724 ] ] ] } },
{ "type": "Feature", "properties": { "stop_id": "osm-way-1232649862", "name": null }, "geometry": { "type": "Polygon", "coordinates": [ [ [ 0.4129864, 41.5325263 ], [ 0.4129046, 41.5329038 ], [ 0.4127316, 41.5332823 ], [ 0.4125693, 41.5338234 ], [ 0.4129428, 41.5339066 ], [ 0.4135347, 41.534026 ], [ 0.4137483, 41.534035 ], [ 0.414192, 41.5321879 ], [ 0.4141358, 41.5322161 ], [ 0.4138729, 41.5325574 ], [ 0.4135886, 41.5324661 ], [ 0.4131125, 41.5324771 ], [ 0.4129864, 41.5325263 ] ] ] } },
{ "type": "Feature", "properties": { "stop_id": "osm-way-1235591116", "name": "Asador Manrique" }, "geometry": { "type": "Polygon", "coordinates": [ [ [ -3.9412302, 41.0302668 ], [ -3.9407665, 41.0298019 ], [ -3.9412433, 41.0295563 ], [ -3.9413881, 41.0297097 ], [ -3.9416346, 41.029633 ], [ -3.9419678, 41.0299914 ], [ -3.9413664, 41.0302244 ], [ -3.9412302, 41.0302668 ] ] ] } },
{ "type": "Feature", "properties": { "stop_id": "osm-way-1236955143", "name": null }, "geometry": { "type": "Polygon", "coordinates": [ [ [ -2.755257, 42.8446525 ], [ -2.7552509, 42.8446255 ], [ -2.755202, 42.8446289 ], [ -2.7551977, 42.8445933 ], [ -2.7551853, 42.8444909 ], [ -2.7551685, 42.8443507 ], [ -2.7551503, 42.8441977 ], [ -2.7551356, 42.844038 ], [ -2.7563441, 42.8439542 ], [ -2.7564233, 42.8445741 ], [ -2.755257, 42.8446525 ] ] ] } },
{ "type": "Feature", "properties": { "stop_id": "osm-way-1236960809", "name": null }, "geometry": { "type": "Polygon", "coordinates": [ [ [ -2.661018, 42.865499 ], [ -2.6609746, 42.86549 ], [ -2.6607829, 42.865517 ], [ -2.6607621, 42.8655131 ], [ -2.6607979, 42.8654103 ], [ -2.6608553, 42.8652457 ], [ -2.6610813, 42.8651273 ], [ -2.6613332, 42.8651439 ], [ -2.661491, 42.8651543 ], [ -2.6613837, 42.8653023 ], [ -2.6613644, 42.8653399 ], [ -2.661294, 42.8655499 ], [ -2.661018, 42.865499 ] ] ] } },
{ "type": "Feature", "properties": { "stop_id": "osm-way-1237644964", "name": null }, "geometry": { "type": "Polygon", "coordinates": [ [ [ -2.7529456, 42.8469352 ], [ -2.7523937, 42.8467533 ], [ -2.7522904, 42.8469406 ], [ -2.7521722, 42.8471479 ], [ -2.752102, 42.847271 ], [ -2.7520926, 42.8473069 ], [ -2.7520973, 42.8473324 ], [ -2.7521275, 42.8473595 ], [ -2.752157, 42.8473792 ], [ -2.7521845, 42.8473846 ], [ -2.7524025, 42.8474021 ], [ -2.7527052, 42.8474264 ], [ -2.7529255, 42.8470099 ], [ -2.7529456, 42.8469352 ] ] ] } },
{ "type": "Feature", "properties": { "stop_id": "osm-way-1246450006", "name": null }, "geometry": { "type": "Polygon", "coordinates": [ [ [ -0.2018699, 40.824872 ], [ -0.2018489, 40.8247633 ], [ -0.2018442, 40.8246802 ], [ -0.201787, 40.8246431 ], [ -0.2014799, 40.8245795 ], [ -0.2014286, 40.8246237 ], [ -0.2013305, 40.8246317 ], [ -0.2012032, 40.8247403 ], [ -0.2018699, 40.824872 ] ] ] } },
{ "type": "Feature", "properties": { "stop_id": "osm-way-1246459973", "name": null }, "geometry": { "type": "Polygon", "coordinates": [ [ [ -0.8067235, 41.0284353 ], [ -0.8067412, 41.028179 ], [ -0.8065872, 41.0279253 ], [ -0.8065182, 41.0279347 ], [ -0.8064439, 41.0284179 ], [ -0.8063891, 41.0286614 ], [ -0.8065572, 41.028734 ], [ -0.8066032, 41.0284333 ], [ -0.8067235, 41.0284353 ] ] ] } },
{ "type": "Feature", "properties": { "stop_id": "osm-way-1247370689", "name": null }, "geometry": { "type": "Polygon", "coordinates": [ [ [ -0.8403029, 38.0882926 ], [ -0.8403055, 38.0882242 ], [ -0.8395562, 38.0868511 ], [ -0.839512, 38.0868601 ], [ -0.8397586, 38.0879005 ], [ -0.8398012, 38.0880336 ], [ -0.8398408, 38.0881139 ], [ -0.8398942, 38.0881667 ], [ -0.839949, 38.0882039 ], [ -0.8400069, 38.088223 ], [ -0.8403029, 38.0882926 ] ] ] } },
{ "type": "Feature", "properties": { "stop_id": "osm-way-1249061882", "name": null }, "geometry": { "type": "Polygon", "coordinates": [ [ [ -1.0475525, 38.6190103 ], [ -1.0461793, 38.6191264 ], [ -1.0461899, 38.6188941 ], [ -1.0463231, 38.6188264 ], [ -1.0465872, 38.6187199 ], [ -1.0473066, 38.6184766 ], [ -1.047449, 38.61889 ], [ -1.0475525, 38.6190103 ] ] ] } },
{ "type": "Feature", "properties": { "stop_id": "osm-way-1249061907", "name": null }, "geometry": { "type": "Polygon", "coordinates": [ [ [ -1.0845145, 38.6160969 ], [ -1.0841836, 38.6161342 ], [ -1.0840102, 38.6161452 ], [ -1.0839995, 38.6160388 ], [ -1.0839748, 38.6160222 ], [ -1.0839465, 38.6158203 ], [ -1.0840137, 38.6158093 ], [ -1.0841181, 38.6158341 ], [ -1.0841588, 38.6158189 ], [ -1.0844101, 38.6158812 ], [ -1.0844826, 38.6159171 ], [ -1.0845145, 38.6160969 ] ] ] } },
{ "type": "Feature", "properties": { "stop_id": "osm-way-1249949844", "name": "Area descanso Fuente de la Santanilla" }, "geometry": { "type": "Polygon", "coordinates": [ [ [ -5.5014898, 38.2430632 ], [ -5.5015997, 38.2430568 ], [ -5.5015956, 38.2429726 ], [ -5.5014789, 38.242979 ], [ -5.5014898, 38.2430632 ] ] ] } },
{ "type": "Feature", "properties": { "stop_id": "osm-way-1249949845", "name": "Area descanso nacimiento Zújar" }, "geometry": { "type": "Polygon", "coordinates": [ [ [ -5.5022657, 38.2483503 ], [ -5.502314, 38.2480933 ], [ -5.5025447, 38.2478237 ], [ -5.5026412, 38.2476805 ], [ -5.5026895, 38.2475246 ], [ -5.5025715, 38.2470949 ], [ -5.5024588, 38.246682 ], [ -5.5023462, 38.2464545 ], [ -5.50152, 38.2455234 ], [ -5.5017293, 38.2455108 ], [ -5.5023837, 38.245911 ], [ -5.5027646, 38.246088 ], [ -5.5028826, 38.2461933 ], [ -5.5030382, 38.2462438 ], [ -5.5030114, 38.2463407 ], [ -5.5031294, 38.2467662 ], [ -5.5032152, 38.2469305 ], [ -5.5032742, 38.2470317 ], [ -5.5032635, 38.2471454 ], [ -5.5032259, 38.2473097 ], [ -5.5031669, 38.2474782 ], [ -5.5031186, 38.2476341 ], [ -5.5031562, 38.2477352 ], [ -5.5033225, 38.2479459 ], [ -5.5022657, 38.2483503 ] ] ] } },
{ "type": "Feature", "properties": { "stop_id": "osm-way-1249992526", "name": null }, "geometry": { "type": "Polygon", "coordinates": [ [ [ -0.8396328, 38.088153 ], [ -0.8396211, 38.0883696 ], [ -0.8395559, 38.0884107 ], [ -0.8393511, 38.088424 ], [ -0.8391111, 38.0884086 ], [ -0.8388684, 38.0883717 ], [ -0.8388684, 38.0882978 ], [ -0.8396328, 38.088153 ] ] ] } },
{ "type": "Feature", "properties": { "stop_id": "osm-way-1250605255", "name": null }, "geometry": { "type": "Polygon", "coordinates": [ [ [ -0.9663964, 37.596365 ], [ -0.9663988, 37.5964002 ], [ -0.9661489, 37.5967165 ], [ -0.9660999, 37.5966888 ], [ -0.9659855, 37.5967924 ], [ -0.9657473, 37.5966592 ], [ -0.9658757, 37.5965001 ], [ -0.9654251, 37.5962466 ], [ -0.9656936, 37.5959543 ], [ -0.9663964, 37.596365 ] ] ] } },
{ "type": "Feature", "properties": { "stop_id": "osm-way-1251529944", "name": null }, "geometry": { "type": "Polygon", "coordinates": [ [ [ -7.2442331, 42.7528648 ], [ -7.2443481, 42.7527284 ], [ -7.2444384, 42.7526608 ], [ -7.2445446, 42.7526023 ], [ -7.2447056, 42.75254 ], [ -7.2447711, 42.7525207 ], [ -7.2448206, 42.7525062 ], [ -7.244948, 42.7524594 ], [ -7.2445976, 42.7523359 ], [ -7.244426, 42.7523204 ], [ -7.244295, 42.7523113 ], [ -7.2441606, 42.7523502 ], [ -7.2440774, 42.7523931 ], [ -7.2440756, 42.7525309 ], [ -7.2441128, 42.7526868 ], [ -7.2441092, 42.7528726 ], [ -7.2441535, 42.7528698 ], [ -7.2442331, 42.7528648 ] ] ] } },
{ "type": "Feature", "properties": { "stop_id": "osm-way-1251799560", "name": null }, "geometry": { "type": "Polygon", "coordinates": [ [ [ -1.0758982, 38.2705611 ], [ -1.0756887, 38.2705563 ], [ -1.0756055, 38.2705478 ], [ -1.0755023, 38.2705502 ], [ -1.0754268, 38.2706833 ], [ -1.0753806, 38.270474 ], [ -1.075339, 38.2702418 ], [ -1.0753405, 38.2700447 ], [ -1.0753266, 38.2698971 ], [ -1.0753652, 38.2698693 ], [ -1.0756101, 38.2700362 ], [ -1.0756887, 38.2700749 ], [ -1.0757081, 38.2701354 ], [ -1.0757121, 38.2701441 ], [ -1.0758434, 38.2701366 ], [ -1.0758396, 38.2702624 ], [ -1.0759136, 38.2705514 ], [ -1.0758982, 38.2705611 ] ] ] } },
{ "type": "Feature", "properties": { "stop_id": "osm-way-1253932391", "name": "Área de Descanso do Paraño" }, "geometry": { "type": "Polygon", "coordinates": [ [ [ -8.1963076, 42.4846043 ], [ -8.196323, 42.4844759 ], [ -8.1960319, 42.4844202 ], [ -8.1955682, 42.4842464 ], [ -8.1951692, 42.4840181 ], [ -8.1950829, 42.4839533 ], [ -8.1950013, 42.4838726 ], [ -8.194952, 42.4839295 ], [ -8.1952216, 42.4843044 ], [ -8.1955158, 42.4844839 ], [ -8.1956791, 42.4845145 ], [ -8.1963076, 42.4846043 ] ] ] } },
{ "type": "Feature", "properties": { "stop_id": "osm-way-1255188861", "name": null }, "geometry": { "type": "Polygon", "coordinates": [ [ [ -2.7815695, 43.1335562 ], [ -2.7815104, 43.1336093 ], [ -2.7813493, 43.1337238 ], [ -2.7812394, 43.1338201 ], [ -2.7811925, 43.1338692 ], [ -2.7811312, 43.1339561 ], [ -2.7811122, 43.1339997 ], [ -2.7811003, 43.1340505 ], [ -2.7810981, 43.1341097 ], [ -2.7811065, 43.1341964 ], [ -2.7811258, 43.1343049 ], [ -2.7811497, 43.1344023 ], [ -2.7812038, 43.1345336 ], [ -2.7813031, 43.1346437 ], [ -2.7812352, 43.1346545 ], [ -2.7809975, 43.1345664 ], [ -2.7807276, 43.1344766 ], [ -2.7806485, 43.1344426 ], [ -2.7805515, 43.1343927 ], [ -2.7803795, 43.1342927 ], [ -2.7801366, 43.1341384 ], [ -2.7799787, 43.1339776 ], [ -2.7797998, 43.1336768 ], [ -2.7798916, 43.1336139 ], [ -2.7799473, 43.1335924 ], [ -2.7799654, 43.1335722 ], [ -2.780091, 43.1332746 ], [ -2.7815695, 43.1335562 ] ] ] } },
{ "type": "Feature", "properties": { "stop_id": "osm-way-1257117443", "name": "Estación de Servicio Las Rosas" }, "geometry": { "type": "Polygon", "coordinates": [ [ [ -5.3856117, 36.1909327 ], [ -5.3857228, 36.1907284 ], [ -5.3858475, 36.1906504 ], [ -5.3858819, 36.1906401 ], [ -5.3859092, 36.190632 ], [ -5.3859582, 36.1906229 ], [ -5.3859736, 36.1906201 ], [ -5.3860541, 36.1906233 ], [ -5.386105, 36.1906439 ], [ -5.3861684, 36.190681 ], [ -5.3862371, 36.1907094 ], [ -5.3863397, 36.1907381 ], [ -5.3865436, 36.1907706 ], [ -5.3863625, 36.1910974 ], [ -5.3862633, 36.1912241 ], [ -5.386164, 36.1913247 ], [ -5.3861104, 36.1913496 ], [ -5.3860416, 36.1913784 ], [ -5.385955, 36.1914 ], [ -5.385879, 36.1914002 ], [ -5.385869, 36.1913994 ], [ -5.3857951, 36.1913964 ], [ -5.3857371, 36.1913909 ], [ -5.3857242, 36.1913897 ], [ -5.3856497, 36.1913856 ], [ -5.3855912, 36.1913728 ], [ -5.3855717, 36.191365 ], [ -5.3855592, 36.1913572 ], [ -5.3855944, 36.1913617 ], [ -5.3856328, 36.1913478 ], [ -5.3856531, 36.1913258 ], [ -5.3856288, 36.1910946 ], [ -5.385616, 36.1909731 ], [ -5.3856117, 36.1909327 ] ] ] } },
{ "type": "Feature", "properties": { "stop_id": "osm-way-1257817131", "name": null }, "geometry": { "type": "Polygon", "coordinates": [ [ [ -2.0169557, 42.6077442 ], [ -2.0170845, 42.6076618 ], [ -2.0172088, 42.6075292 ], [ -2.0172647, 42.6074194 ], [ -2.0172895, 42.6072777 ], [ -2.0170783, 42.6072091 ], [ -2.0169229, 42.6071267 ], [ -2.0167933, 42.606766 ], [ -2.0167764, 42.606821 ], [ -2.0163589, 42.6075505 ], [ -2.0169557, 42.6077442 ] ] ] } },
{ "type": "Feature", "properties": { "stop_id": "osm-way-1258525818", "name": "Área de Servicios Ayamonte" }, "geometry": { "type": "Polygon", "coordinates": [ [ [ -7.3803387, 37.2395859 ], [ -7.3807604, 37.2395282 ], [ -7.3814098, 37.2394582 ], [ -7.3821433, 37.2394149 ], [ -7.3822571, 37.239488 ], [ -7.3823541, 37.239451 ], [ -7.3836529, 37.2393974 ], [ -7.3836918, 37.2394159 ], [ -7.383715, 37.2394489 ], [ -7.3837008, 37.2398609 ], [ -7.3832972, 37.2401698 ], [ -7.3829803, 37.2403428 ], [ -7.3826064, 37.2404252 ], [ -7.3821446, 37.2404674 ], [ -7.3816258, 37.2403768 ], [ -7.3814486, 37.2402934 ], [ -7.3806905, 37.2398845 ], [ -7.3806608, 37.2398166 ], [ -7.3805573, 37.2397507 ], [ -7.3804849, 37.2397146 ], [ -7.3803335, 37.2396837 ], [ -7.3803387, 37.2395859 ] ] ] } },
{ "type": "Feature", "properties": { "stop_id": "osm-way-1258525824", "name": "Área de Servicios Ayamonte" }, "geometry": { "type": "Polygon", "coordinates": [ [ [ -7.3858034, 37.2383432 ], [ -7.3860095, 37.2384759 ], [ -7.3863398, 37.2385821 ], [ -7.3866337, 37.238652 ], [ -7.386311, 37.2386617 ], [ -7.384161, 37.238734 ], [ -7.3839762, 37.2387172 ], [ -7.3830338, 37.2387425 ], [ -7.3828474, 37.2387546 ], [ -7.3826884, 37.2387582 ], [ -7.3826956, 37.2387386 ], [ -7.3827801, 37.2385105 ], [ -7.3827929, 37.2384759 ], [ -7.3829535, 37.2384096 ], [ -7.3830747, 37.2383891 ], [ -7.3831687, 37.2384192 ], [ -7.3832686, 37.2383855 ], [ -7.3833232, 37.238371 ], [ -7.3833096, 37.2381925 ], [ -7.3833323, 37.2380984 ], [ -7.3833944, 37.2380429 ], [ -7.3835702, 37.2379705 ], [ -7.3841247, 37.2378583 ], [ -7.384208, 37.23788 ], [ -7.3842974, 37.2379223 ], [ -7.385108, 37.2378921 ], [ -7.3851822, 37.2379006 ], [ -7.385264, 37.2379343 ], [ -7.3853489, 37.2379886 ], [ -7.3855868, 37.23819 ], [ -7.3858034, 37.2383432 ] ] ] } },
{ "type": "Feature", "properties": { "stop_id": "osm-way-1258601863", "name": "Área de servicio Fuencaliente de Lucio" }, "geometry": { "type": "Polygon", "coordinates": [ [ [ -4.1480604, 42.7455644 ], [ -4.148216, 42.7455723 ], [ -4.1483822, 42.7455467 ], [ -4.148511, 42.7455053 ], [ -4.1487014, 42.7454088 ], [ -4.1488995, 42.7453107 ], [ -4.1489321, 42.7452946 ], [ -4.1491306, 42.7452591 ], [ -4.1493318, 42.7452611 ], [ -4.1495061, 42.7452887 ], [ -4.1499882, 42.7453699 ], [ -4.150063, 42.7454046 ], [ -4.1503711, 42.7459672 ], [ -4.1490394, 42.7460116 ], [ -4.1485137, 42.745982 ], [ -4.1483608, 42.7458855 ], [ -4.1482562, 42.7457949 ], [ -4.1481999, 42.7457397 ], [ -4.1481569, 42.7456905 ], [ -4.1480604, 42.7455644 ] ] ] } },
{ "type": "Feature", "properties": { "stop_id": "osm-way-1259311616", "name": null }, "geometry": { "type": "Polygon", "coordinates": [ [ [ -2.8322497, 37.1610982 ], [ -2.8324219, 37.1608894 ], [ -2.8325285, 37.1603563 ], [ -2.8327007, 37.1603661 ], [ -2.8330953, 37.1604535 ], [ -2.8333741, 37.1604098 ], [ -2.8333619, 37.1606053 ], [ -2.8333695, 37.1606951 ], [ -2.8334503, 37.1607315 ], [ -2.8342578, 37.1607352 ], [ -2.8341328, 37.1611055 ], [ -2.8340749, 37.1611565 ], [ -2.8339317, 37.1612051 ], [ -2.8331227, 37.1610958 ], [ -2.8329993, 37.1611577 ], [ -2.8328988, 37.1611261 ], [ -2.832655, 37.161114 ], [ -2.8325514, 37.1611456 ], [ -2.8324356, 37.1610739 ], [ -2.8322497, 37.1610982 ] ] ] } },
{ "type": "Feature", "properties": { "stop_id": "osm-way-1262870974", "name": null }, "geometry": { "type": "Polygon", "coordinates": [ [ [ -2.8511132, 42.6358975 ], [ -2.8509668, 42.6359915 ], [ -2.8504438, 42.6359208 ], [ -2.8503177, 42.6359152 ], [ -2.8499946, 42.6359318 ], [ -2.8498561, 42.6358505 ], [ -2.8497791, 42.6357842 ], [ -2.8497276, 42.6357677 ], [ -2.8495968, 42.6356888 ], [ -2.8495875, 42.6356832 ], [ -2.8495764, 42.635699 ], [ -2.8493573, 42.6355959 ], [ -2.8491999, 42.6355193 ], [ -2.8491983, 42.6353363 ], [ -2.8493089, 42.6352047 ], [ -2.8493804, 42.6351473 ], [ -2.8492585, 42.6349858 ], [ -2.8493321, 42.6348506 ], [ -2.8494313, 42.6348802 ], [ -2.8495735, 42.6348388 ], [ -2.849662, 42.6348487 ], [ -2.8497264, 42.634898 ], [ -2.8499249, 42.6350519 ], [ -2.8505552, 42.6354781 ], [ -2.8508395, 42.6356814 ], [ -2.8511132, 42.6358975 ] ] ] } },
{ "type": "Feature", "properties": { "stop_id": "osm-way-1263168236", "name": "Estación de Servicio Galp" }, "geometry": { "type": "Polygon", "coordinates": [ [ [ -5.4538653, 36.114976 ], [ -5.4541006, 36.1152473 ], [ -5.45374, 36.1156826 ], [ -5.4536797, 36.1156845 ], [ -5.4534003, 36.1156647 ], [ -5.4534108, 36.1155163 ], [ -5.4534646, 36.1154519 ], [ -5.4535155, 36.1153279 ], [ -5.4536819, 36.1151668 ], [ -5.4536809, 36.1151233 ], [ -5.4537587, 36.1150267 ], [ -5.4538653, 36.114976 ] ] ] } },
{ "type": "Feature", "properties": { "stop_id": "osm-way-1263169407", "name": "Estación de Servicio Nieves" }, "geometry": { "type": "Polygon", "coordinates": [ [ [ -5.4314967, 36.1901029 ], [ -5.4314113, 36.1900515 ], [ -5.4312037, 36.1899299 ], [ -5.4309919, 36.1898016 ], [ -5.4311076, 36.1896806 ], [ -5.4315345, 36.189937 ], [ -5.431514, 36.1899611 ], [ -5.4315434, 36.1900484 ], [ -5.4314967, 36.1901029 ] ] ] } },
{ "type": "Feature", "properties": { "stop_id": "osm-way-1263653097", "name": "Estación de Servicio Secadero" }, "geometry": { "type": "Polygon", "coordinates": [ [ [ -5.3146097, 36.3339492 ], [ -5.3149257, 36.3340222 ], [ -5.3149191, 36.3340419 ], [ -5.3149341, 36.3340533 ], [ -5.3149719, 36.3340624 ], [ -5.3150718, 36.3340442 ], [ -5.3151237, 36.3340503 ], [ -5.3150992, 36.3344848 ], [ -5.3147889, 36.3343466 ], [ -5.3147814, 36.3343018 ], [ -5.314655, 36.3342668 ], [ -5.3146641, 36.3342267 ], [ -5.3146654, 36.3342212 ], [ -5.3146371, 36.3342106 ], [ -5.3146531, 36.334162 ], [ -5.3146097, 36.3341346 ], [ -5.3145909, 36.3340982 ], [ -5.3146097, 36.3339492 ] ] ] } },
{ "type": "Feature", "properties": { "stop_id": "osm-way-1264367095", "name": null }, "geometry": { "type": "Polygon", "coordinates": [ [ [ -6.5656967, 37.5800776 ], [ -6.5657373, 37.5800093 ], [ -6.5654023, 37.5799228 ], [ -6.5653769, 37.5799912 ], [ -6.5656967, 37.5800776 ] ] ] } },
{ "type": "Feature", "properties": { "stop_id": "osm-way-1264424033", "name": null }, "geometry": { "type": "Polygon", "coordinates": [ [ [ -6.0245641, 36.569297 ], [ -6.0246784, 36.5693521 ], [ -6.0248365, 36.5694493 ], [ -6.0250729, 36.5696103 ], [ -6.0251644, 36.5696935 ], [ -6.0252131, 36.5697608 ], [ -6.0252558, 36.5699027 ], [ -6.0252527, 36.5699871 ], [ -6.0252283, 36.5700483 ], [ -6.0251613, 36.570134 ], [ -6.0248207, 36.5703962 ], [ -6.0247576, 36.5704448 ], [ -6.0246098, 36.5705194 ], [ -6.0244498, 36.5705769 ], [ -6.0243127, 36.5706099 ], [ -6.0236637, 36.570654 ], [ -6.0236088, 36.5706332 ], [ -6.0235723, 36.5705842 ], [ -6.023525, 36.5702796 ], [ -6.0235037, 36.569992 ], [ -6.0235039, 36.5699651 ], [ -6.0235052, 36.5697865 ], [ -6.0235342, 36.5695234 ], [ -6.0238678, 36.5693717 ], [ -6.0240644, 36.5693093 ], [ -6.0243295, 36.5693337 ], [ -6.0243858, 36.5692885 ], [ -6.0244803, 36.5692738 ], [ -6.0245641, 36.569297 ] ] ] } },
{ "type": "Feature", "properties": { "stop_id": "osm-way-1264590946", "name": "Estación de Servicio Guadacorte I" }, "geometry": { "type": "Polygon", "coordinates": [ [ [ -5.4518786, 36.1764735 ], [ -5.4518407, 36.1765153 ], [ -5.4510817, 36.1769555 ], [ -5.4509107, 36.177013 ], [ -5.4508338, 36.177035 ], [ -5.450761, 36.1769823 ], [ -5.4507704, 36.1769683 ], [ -5.4507449, 36.1769531 ], [ -5.4506926, 36.1769195 ], [ -5.4506247, 36.1768656 ], [ -5.4508624, 36.1766237 ], [ -5.4511403, 36.1765023 ], [ -5.4513577, 36.176334 ], [ -5.4513631, 36.1763299 ], [ -5.4516708, 36.1762724 ], [ -5.4517689, 36.1762815 ], [ -5.4518856, 36.1763455 ], [ -5.451958, 36.1763775 ], [ -5.4519393, 36.1764095 ], [ -5.4518786, 36.1764735 ] ] ] } },
{ "type": "Feature", "properties": { "stop_id": "osm-way-1265762355", "name": "Estación de Servicio Tierras de España" }, "geometry": { "type": "Polygon", "coordinates": [ [ [ -5.4534198, 36.1183596 ], [ -5.4533456, 36.1183584 ], [ -5.4530975, 36.1183887 ], [ -5.4531283, 36.1180058 ], [ -5.4531508, 36.117967 ], [ -5.4532109, 36.11797 ], [ -5.4534278, 36.1180454 ], [ -5.4534198, 36.1183596 ] ] ] } },
{ "type": "Feature", "properties": { "stop_id": "osm-way-1265762361", "name": "Bfuel Campamento" }, "geometry": { "type": "Polygon", "coordinates": [ [ [ -5.3673937, 36.1773325 ], [ -5.3676048, 36.1774223 ], [ -5.3675784, 36.1774627 ], [ -5.3675537, 36.1775002 ], [ -5.3672963, 36.1778947 ], [ -5.3672471, 36.1779698 ], [ -5.3672274, 36.1779999 ], [ -5.3670163, 36.1779101 ], [ -5.3672399, 36.1775679 ], [ -5.3673414, 36.1774126 ], [ -5.3673937, 36.1773325 ] ] ] } },
{ "type": "Feature", "properties": { "stop_id": "osm-way-1265762381", "name": "Estación de Servicio C. Oliver Lagos" }, "geometry": { "type": "Polygon", "coordinates": [ [ [ -5.8579984, 36.6284801 ], [ -5.8570421, 36.6281043 ], [ -5.8571036, 36.6280245 ], [ -5.8573978, 36.6279043 ], [ -5.8576661, 36.6279703 ], [ -5.8576064, 36.6280585 ], [ -5.8580001, 36.628228 ], [ -5.8580347, 36.6284287 ], [ -5.8579984, 36.6284801 ] ] ] } },
{ "type": "Feature", "properties": { "stop_id": "osm-way-1265860176", "name": "A.S. Valdemingómez" }, "geometry": { "type": "Polygon", "coordinates": [ [ [ -3.5897975, 40.3439438 ], [ -3.5900248, 40.3438464 ], [ -3.5901843, 40.3438085 ], [ -3.5901809, 40.3437232 ], [ -3.5896652, 40.3436861 ], [ -3.5890126, 40.3435982 ], [ -3.5888453, 40.3435964 ], [ -3.588636, 40.3436904 ], [ -3.5886055, 40.3437619 ], [ -3.5885806, 40.3438533 ], [ -3.5885082, 40.3439154 ], [ -3.5876804, 40.3442567 ], [ -3.5868413, 40.3446006 ], [ -3.5866875, 40.3447049 ], [ -3.5865902, 40.3448342 ], [ -3.5865178, 40.3450618 ], [ -3.5864545, 40.3452979 ], [ -3.5863946, 40.3454195 ], [ -3.5865388, 40.345469 ], [ -3.5868362, 40.3452178 ], [ -3.5870267, 40.3450945 ], [ -3.5877822, 40.3447782 ], [ -3.5878082, 40.3448161 ], [ -3.5885082, 40.3445274 ], [ -3.5884834, 40.3444825 ], [ -3.5897975, 40.3439438 ] ] ] } },
{ "type": "Feature", "properties": { "stop_id": "osm-way-1265860177", "name": "A.S. Valdemingómez" }, "geometry": { "type": "Polygon", "coordinates": [ [ [ -3.5873547, 40.346265 ], [ -3.5880457, 40.3464288 ], [ -3.5882696, 40.3463977 ], [ -3.5898077, 40.3457444 ], [ -3.5904432, 40.3454634 ], [ -3.5905337, 40.3452376 ], [ -3.5905767, 40.3450618 ], [ -3.590407, 40.3451204 ], [ -3.5904625, 40.3449307 ], [ -3.5905597, 40.344792 ], [ -3.5904828, 40.3447308 ], [ -3.5902453, 40.3448506 ], [ -3.5890092, 40.3453591 ], [ -3.5880208, 40.3457789 ], [ -3.5871704, 40.3461521 ], [ -3.587193, 40.346234 ], [ -3.5873327, 40.3462608 ], [ -3.5873547, 40.346265 ] ] ] } },
{ "type": "Feature", "properties": { "stop_id": "osm-way-1267578867", "name": "Descanso Mata Merendera" }, "geometry": { "type": "Polygon", "coordinates": [ [ [ -3.6839839, 39.0722311 ], [ -3.68392, 39.0722157 ], [ -3.6838927, 39.0722988 ], [ -3.6839571, 39.0723103 ], [ -3.6839839, 39.0722311 ] ] ] } },
{ "type": "Feature", "properties": { "stop_id": "osm-way-1268160173", "name": null }, "geometry": { "type": "Polygon", "coordinates": [ [ [ -7.8453747, 42.7951316 ], [ -7.8451057, 42.7950874 ], [ -7.8448137, 42.7950615 ], [ -7.844451, 42.7950485 ], [ -7.8440864, 42.7950498 ], [ -7.8439785, 42.7950069 ], [ -7.8444881, 42.7948264 ], [ -7.8448067, 42.7948031 ], [ -7.8451358, 42.794916 ], [ -7.8453853, 42.7950446 ], [ -7.845495, 42.7950848 ], [ -7.8453747, 42.7951316 ] ] ] } },
{ "type": "Feature", "properties": { "stop_id": "osm-way-1268970240", "name": null }, "geometry": { "type": "Polygon", "coordinates": [ [ [ -5.7115686, 37.294756 ], [ -5.7124968, 37.295274 ], [ -5.7126321, 37.2953896 ], [ -5.7121045, 37.2960589 ], [ -5.7113649, 37.2955436 ], [ -5.7112046, 37.2954719 ], [ -5.7112364, 37.2952235 ], [ -5.7115686, 37.294756 ] ] ] } },
{ "type": "Feature", "properties": { "stop_id": "osm-way-1268970241", "name": null }, "geometry": { "type": "Polygon", "coordinates": [ [ [ -5.7136452, 37.2979605 ], [ -5.7110516, 37.2979533 ], [ -5.7110449, 37.2960072 ], [ -5.7110388, 37.295922 ], [ -5.7115477, 37.2963075 ], [ -5.7127813, 37.2972417 ], [ -5.7136487, 37.297918 ], [ -5.7136452, 37.2979605 ] ] ] } },
{ "type": "Feature", "properties": { "stop_id": "osm-way-1270676727", "name": null }, "geometry": { "type": "Polygon", "coordinates": [ [ [ -2.4200702, 42.4264068 ], [ -2.419862, 42.4263971 ], [ -2.4199077, 42.4262719 ], [ -2.4199882, 42.426231 ], [ -2.4200809, 42.4263129 ], [ -2.4200702, 42.4264068 ] ] ] } },
{ "type": "Feature", "properties": { "stop_id": "osm-way-1271895562", "name": null }, "geometry": { "type": "Polygon", "coordinates": [ [ [ -2.0931423, 37.680163 ], [ -2.0931201, 37.6802033 ], [ -2.0930339, 37.6801885 ], [ -2.0929767, 37.6801717 ], [ -2.0929255, 37.6801529 ], [ -2.0928807, 37.6801297 ], [ -2.0927681, 37.680054 ], [ -2.0925816, 37.6799234 ], [ -2.0925992, 37.6799004 ], [ -2.092793, 37.6800199 ], [ -2.0929158, 37.6800807 ], [ -2.0930113, 37.6801178 ], [ -2.0931423, 37.680163 ] ] ] } },
{ "type": "Feature", "properties": { "stop_id": "osm-way-1273304573", "name": null }, "geometry": { "type": "Polygon", "coordinates": [ [ [ 1.0946013, 41.1575734 ], [ 1.0946153, 41.1576148 ], [ 1.0950053, 41.1575207 ], [ 1.0949838, 41.1574462 ], [ 1.0945955, 41.1575418 ], [ 1.0946013, 41.1575734 ] ] ] } },
{ "type": "Feature", "properties": { "stop_id": "osm-way-1274460183", "name": "Zona Recreativa La Melera" }, "geometry": { "type": "Polygon", "coordinates": [ [ [ -6.7005832, 37.5165113 ], [ -6.7016676, 37.5175148 ], [ -6.7018315, 37.5172981 ], [ -6.7013103, 37.5160746 ], [ -6.7009951, 37.5163646 ], [ -6.7005832, 37.5165113 ] ] ] } },
{ "type": "Feature", "properties": { "stop_id": "osm-way-1277877450", "name": "Bascula pública" }, "geometry": { "type": "Polygon", "coordinates": [ [ [ -5.8501988, 42.3913841 ], [ -5.8501298, 42.3915253 ], [ -5.8500767, 42.3915109 ], [ -5.8500997, 42.3914665 ], [ -5.8500679, 42.3914547 ], [ -5.8500909, 42.3914142 ], [ -5.8501227, 42.3914234 ], [ -5.8501457, 42.3913632 ], [ -5.8501988, 42.3913841 ] ] ] } },
{ "type": "Feature", "properties": { "stop_id": "osm-way-1278855050", "name": null }, "geometry": { "type": "Polygon", "coordinates": [ [ [ 0.5587239, 41.6482666 ], [ 0.558887, 41.6484979 ], [ 0.5589547, 41.6484769 ], [ 0.558995, 41.6484645 ], [ 0.5592002, 41.6483911 ], [ 0.5595176, 41.6482776 ], [ 0.559446, 41.6481547 ], [ 0.5596198, 41.6480986 ], [ 0.5595721, 41.6480144 ], [ 0.5595455, 41.6480062 ], [ 0.5593771, 41.6476839 ], [ 0.5592166, 41.64774 ], [ 0.5591983, 41.6477186 ], [ 0.5591805, 41.6476775 ], [ 0.5592053, 41.6476359 ], [ 0.5586429, 41.6478134 ], [ 0.5588324, 41.6481112 ], [ 0.5588423, 41.6481457 ], [ 0.5588462, 41.6481678 ], [ 0.5588401, 41.6481884 ], [ 0.5587823, 41.6482253 ], [ 0.5587239, 41.6482666 ] ] ] } },
{ "type": "Feature", "properties": { "stop_id": "osm-way-1279675771", "name": "Área autocaravanas San Martín de Unx" }, "geometry": { "type": "Polygon", "coordinates": [ [ [ -1.5640752, 42.5259746 ], [ -1.563984, 42.5256593 ], [ -1.5639572, 42.5255032 ], [ -1.5639719, 42.525433 ], [ -1.5639706, 42.5253539 ], [ -1.5639518, 42.5252956 ], [ -1.5638888, 42.5252946 ], [ -1.5638419, 42.5254587 ], [ -1.5638472, 42.5255664 ], [ -1.5638472, 42.5257285 ], [ -1.5639532, 42.5259044 ], [ -1.5640162, 42.5260171 ], [ -1.5640752, 42.5259746 ] ] ] } },
{ "type": "Feature", "properties": { "stop_id": "osm-way-1280040051", "name": null }, "geometry": { "type": "Polygon", "coordinates": [ [ [ -0.4491827, 38.3854665 ], [ -0.4474759, 38.3860322 ], [ -0.4473142, 38.3860539 ], [ -0.4470309, 38.3862147 ], [ -0.4470055, 38.3865476 ], [ -0.4471206, 38.3865781 ], [ -0.4474109, 38.3865479 ], [ -0.4491827, 38.3854665 ] ] ] } },
{ "type": "Feature", "properties": { "stop_id": "osm-way-1282220470", "name": "Estación de Servicio Portichuelos" }, "geometry": { "type": "Polygon", "coordinates": [ [ [ -5.3522301, 36.230925 ], [ -5.351817, 36.231092 ], [ -5.3510447, 36.2314105 ], [ -5.350925, 36.2314523 ], [ -5.3510437, 36.2313467 ], [ -5.3511068, 36.2312448 ], [ -5.3511885, 36.2311119 ], [ -5.3513302, 36.2309354 ], [ -5.3513441, 36.2309056 ], [ -5.3513287, 36.2308869 ], [ -5.3511992, 36.2308186 ], [ -5.3513456, 36.2306421 ], [ -5.3513826, 36.2306409 ], [ -5.3514457, 36.2306769 ], [ -5.3514704, 36.2306583 ], [ -5.3514688, 36.2306111 ], [ -5.351532, 36.2305837 ], [ -5.3517893, 36.2306384 ], [ -5.3517816, 36.2306648 ], [ -5.3517657, 36.2307198 ], [ -5.3517569, 36.2307503 ], [ -5.351894, 36.2308521 ], [ -5.3519803, 36.230913 ], [ -5.3520173, 36.2309193 ], [ -5.352085, 36.2309193 ], [ -5.3521559, 36.2308907 ], [ -5.352199, 36.230872 ], [ -5.3522301, 36.230925 ] ] ] } },
{ "type": "Feature", "properties": { "stop_id": "osm-way-1282566386", "name": null }, "geometry": { "type": "Polygon", "coordinates": [ [ [ -8.553179, 42.4182779 ], [ -8.5527377, 42.4183986 ], [ -8.5526793, 42.4181796 ], [ -8.553144, 42.4178762 ], [ -8.5533355, 42.4179486 ], [ -8.5531487, 42.4181865 ], [ -8.553179, 42.4182779 ] ] ] } },
{ "type": "Feature", "properties": { "stop_id": "osm-way-1282805913", "name": "Àrea de descans" }, "geometry": { "type": "Polygon", "coordinates": [ [ [ 1.9893767, 41.8567995 ], [ 1.9894108, 41.8567329 ], [ 1.9912795, 41.8570471 ], [ 1.9912347, 41.8572606 ], [ 1.9909772, 41.8572786 ], [ 1.990815, 41.8572899 ], [ 1.9907734, 41.8571701 ], [ 1.9905305, 41.8571534 ], [ 1.9903569, 41.8571035 ], [ 1.9901992, 41.8570463 ], [ 1.990115, 41.8570304 ], [ 1.9900266, 41.8570495 ], [ 1.9899376, 41.8570172 ], [ 1.9896505, 41.856913 ], [ 1.9893767, 41.8567995 ] ] ] } },
{ "type": "Feature", "properties": { "stop_id": "osm-way-1283589663", "name": null }, "geometry": { "type": "Polygon", "coordinates": [ [ [ -1.9571458, 42.0501076 ], [ -1.9571393, 42.0499635 ], [ -1.957198, 42.0497572 ], [ -1.9569924, 42.0496951 ], [ -1.956497, 42.0495152 ], [ -1.9563862, 42.0499651 ], [ -1.9563942, 42.0501041 ], [ -1.9564849, 42.0501045 ], [ -1.9570749, 42.0501072 ], [ -1.9571458, 42.0501076 ] ] ] } },
{ "type": "Feature", "properties": { "stop_id": "osm-way-1285887277", "name": null }, "geometry": { "type": "Polygon", "coordinates": [ [ [ -3.9146636, 40.507455 ], [ -3.9145746, 40.5073552 ], [ -3.9147449, 40.5070769 ], [ -3.9147637, 40.5070092 ], [ -3.913819, 40.5067867 ], [ -3.9137208, 40.5068439 ], [ -3.913539, 40.5068105 ], [ -3.9134847, 40.5068995 ], [ -3.9134846, 40.5069537 ], [ -3.9146636, 40.507455 ] ] ] } },
{ "type": "Feature", "properties": { "stop_id": "osm-way-1285891732", "name": null }, "geometry": { "type": "Polygon", "coordinates": [ [ [ -3.9169352, 40.5085344 ], [ -3.9167292, 40.5084753 ], [ -3.9163131, 40.5083743 ], [ -3.9157978, 40.5081643 ], [ -3.9154169, 40.508009 ], [ -3.9152121, 40.5079255 ], [ -3.9146423, 40.5076979 ], [ -3.9143414, 40.5075305 ], [ -3.9133292, 40.5070732 ], [ -3.9124235, 40.5066691 ], [ -3.9122633, 40.5067902 ], [ -3.9121894, 40.50687 ], [ -3.9121775, 40.5070585 ], [ -3.912193, 40.5070722 ], [ -3.912534, 40.5073362 ], [ -3.9126417, 40.5073335 ], [ -3.913426, 40.5078458 ], [ -3.9148406, 40.5091056 ], [ -3.915234, 40.5094582 ], [ -3.9154331, 40.5094233 ], [ -3.9161736, 40.5092936 ], [ -3.9164483, 40.5092455 ], [ -3.9166269, 40.5089657 ], [ -3.9169352, 40.5085344 ] ] ] } },
{ "type": "Feature", "properties": { "stop_id": "osm-way-1285924625", "name": null }, "geometry": { "type": "Polygon", "coordinates": [ [ [ -3.8870427, 40.518391 ], [ -3.8868131, 40.5180669 ], [ -3.8867506, 40.5179817 ], [ -3.8862436, 40.5181795 ], [ -3.8862852, 40.518258 ], [ -3.8862697, 40.5183087 ], [ -3.8862015, 40.5184187 ], [ -3.8863463, 40.5185975 ], [ -3.8865132, 40.5186429 ], [ -3.8867791, 40.5185365 ], [ -3.8870626, 40.5184164 ], [ -3.8870427, 40.518391 ] ] ] } },
{ "type": "Feature", "properties": { "stop_id": "osm-way-1286211732", "name": null }, "geometry": { "type": "Polygon", "coordinates": [ [ [ 0.2600396, 41.6063688 ], [ 0.260106, 41.6063904 ], [ 0.260374, 41.6063674 ], [ 0.2604517, 41.6063552 ], [ 0.2605053, 41.6063632 ], [ 0.2606193, 41.6063441 ], [ 0.2608406, 41.606293 ], [ 0.2609918, 41.6062358 ], [ 0.2610304, 41.6060574 ], [ 0.2606475, 41.6060213 ], [ 0.2604812, 41.6060102 ], [ 0.2604154, 41.6059922 ], [ 0.2600396, 41.6063688 ] ] ] } },
{ "type": "Feature", "properties": { "stop_id": "osm-way-1287220156", "name": "Complexo Ruta Esmeralda" }, "geometry": { "type": "Polygon", "coordinates": [ [ [ -7.7667171, 43.1724908 ], [ -7.7645753, 43.1728488 ], [ -7.764692, 43.1732586 ], [ -7.7654229, 43.1732928 ], [ -7.7657622, 43.1732772 ], [ -7.7657354, 43.1731276 ], [ -7.7660794, 43.1731236 ], [ -7.766188, 43.1731178 ], [ -7.7661619, 43.1729006 ], [ -7.7665052, 43.1728341 ], [ -7.7667171, 43.1724908 ] ] ] } },
{ "type": "Feature", "properties": { "stop_id": "osm-way-1287351614", "name": "Área de servicio de La Caridad" }, "geometry": { "type": "Polygon", "coordinates": [ [ [ -6.846546, 43.5444303 ], [ -6.8464986, 43.5442946 ], [ -6.8464362, 43.5441589 ], [ -6.8464087, 43.544016 ], [ -6.8463938, 43.5438966 ], [ -6.8464112, 43.5437248 ], [ -6.8463963, 43.5436072 ], [ -6.8463688, 43.5435312 ], [ -6.8462415, 43.5434136 ], [ -6.8460119, 43.5433105 ], [ -6.84567, 43.5431767 ], [ -6.845368, 43.5430518 ], [ -6.845131, 43.5429849 ], [ -6.8449388, 43.5429361 ], [ -6.8447092, 43.5428999 ], [ -6.8444047, 43.542918 ], [ -6.844215, 43.5429469 ], [ -6.8440082, 43.5430355 ], [ -6.8438499, 43.543098 ], [ -6.8437208, 43.54314 ], [ -6.8434676, 43.5431946 ], [ -6.8432636, 43.5432526 ], [ -6.8431841, 43.5432708 ], [ -6.8435638, 43.5433432 ], [ -6.8437861, 43.5434161 ], [ -6.8441957, 43.5435511 ], [ -6.8449949, 43.5437935 ], [ -6.8459146, 43.5441517 ], [ -6.8460993, 43.5442096 ], [ -6.846546, 43.5444303 ] ] ] } },
{ "type": "Feature", "properties": { "stop_id": "osm-way-1287351615", "name": "Área de servicio de La Caridad" }, "geometry": { "type": "Polygon", "coordinates": [ [ [ -6.8432966, 43.543761 ], [ -6.843369, 43.5438532 ], [ -6.843399, 43.5439871 ], [ -6.8434289, 43.5441047 ], [ -6.8434264, 43.5442657 ], [ -6.8434114, 43.5444375 ], [ -6.8434314, 43.5445316 ], [ -6.8435063, 43.5446311 ], [ -6.8436186, 43.5447215 ], [ -6.8437384, 43.5447794 ], [ -6.8440753, 43.5448934 ], [ -6.8447242, 43.5451557 ], [ -6.8449163, 43.545219 ], [ -6.8452982, 43.5453565 ], [ -6.8456326, 43.5454505 ], [ -6.8457149, 43.5454758 ], [ -6.8458297, 43.5454487 ], [ -6.8460294, 43.5453763 ], [ -6.8461841, 43.5453185 ], [ -6.8463538, 43.5452515 ], [ -6.8464312, 43.5451918 ], [ -6.846516, 43.5451249 ], [ -6.8466034, 43.5449929 ], [ -6.8457274, 43.5446202 ], [ -6.8442275, 43.5440612 ], [ -6.8432966, 43.543761 ] ] ] } },
{ "type": "Feature", "properties": { "stop_id": "osm-way-1287431864", "name": null }, "geometry": { "type": "Polygon", "coordinates": [ [ [ -8.1709433, 42.9120215 ], [ -8.1705183, 42.911871 ], [ -8.1710694, 42.9117649 ], [ -8.1711068, 42.9117752 ], [ -8.1709433, 42.9120215 ] ] ] } },
{ "type": "Feature", "properties": { "stop_id": "osm-way-1287431865", "name": null }, "geometry": { "type": "Polygon", "coordinates": [ [ [ -8.1517496, 42.9211539 ], [ -8.152117, 42.9208397 ], [ -8.1522538, 42.9209418 ], [ -8.1520768, 42.9213012 ], [ -8.1520393, 42.9213209 ], [ -8.1520071, 42.9213287 ], [ -8.1517496, 42.9211539 ] ] ] } },
{ "type": "Feature", "properties": { "stop_id": "osm-way-1288144437", "name": "Estación de Servicio Repsol" }, "geometry": { "type": "Polygon", "coordinates": [ [ [ -5.3457709, 36.1985238 ], [ -5.3456452, 36.1984516 ], [ -5.3456435, 36.1984431 ], [ -5.3455194, 36.1983807 ], [ -5.3455143, 36.1983781 ], [ -5.3454816, 36.1983617 ], [ -5.3454647, 36.1983474 ], [ -5.3454568, 36.1983253 ], [ -5.3453718, 36.198286 ], [ -5.3453465, 36.1983224 ], [ -5.3450321, 36.1987744 ], [ -5.3455214, 36.1990003 ], [ -5.3455968, 36.1990227 ], [ -5.3456382, 36.1990325 ], [ -5.3456713, 36.1990257 ], [ -5.345706, 36.1990058 ], [ -5.345679, 36.1989809 ], [ -5.3456606, 36.1989455 ], [ -5.3456559, 36.1988895 ], [ -5.3456647, 36.1988672 ], [ -5.3457036, 36.1987458 ], [ -5.3457397, 36.1986269 ], [ -5.3457709, 36.1985238 ] ] ] } },
{ "type": "Feature", "properties": { "stop_id": "osm-way-1289694608", "name": null }, "geometry": { "type": "Polygon", "coordinates": [ [ [ -3.9754472, 40.4850038 ], [ -3.9754915, 40.4849956 ], [ -3.9754542, 40.4848477 ], [ -3.974783, 40.4847839 ], [ -3.9747212, 40.4847786 ], [ -3.9747146, 40.4848308 ], [ -3.9747043, 40.4849129 ], [ -3.9746901, 40.4849119 ], [ -3.9746651, 40.4851119 ], [ -3.9752364, 40.485005 ], [ -3.9753204, 40.4849963 ], [ -3.9754472, 40.4850038 ] ] ] } },
{ "type": "Feature", "properties": { "stop_id": "osm-way-1290213112", "name": null }, "geometry": { "type": "Polygon", "coordinates": [ [ [ 0.7320698, 42.2542466 ], [ 0.7324319, 42.2542148 ], [ 0.7324507, 42.254192 ], [ 0.7317453, 42.2538763 ], [ 0.7317238, 42.2539011 ], [ 0.7316822, 42.2539945 ], [ 0.7315817, 42.2540987 ], [ 0.7317144, 42.2541612 ], [ 0.7319451, 42.2542684 ], [ 0.7320671, 42.2542784 ], [ 0.7320698, 42.2542466 ] ] ] } },
{ "type": "Feature", "properties": { "stop_id": "osm-way-1290518635", "name": null }, "geometry": { "type": "Polygon", "coordinates": [ [ [ 1.3646387, 41.1400172 ], [ 1.3652425, 41.1394248 ], [ 1.3655962, 41.1394952 ], [ 1.3660007, 41.1395916 ], [ 1.3662446, 41.1391905 ], [ 1.3663915, 41.1391393 ], [ 1.367089, 41.1399858 ], [ 1.3646387, 41.1400172 ] ] ] } },
{ "type": "Feature", "properties": { "stop_id": "osm-way-1291262805", "name": null }, "geometry": { "type": "Polygon", "coordinates": [ [ [ 0.3927668, 41.6528738 ], [ 0.3930738, 41.6527271 ], [ 0.3931284, 41.6527018 ], [ 0.393162, 41.6526463 ], [ 0.393167, 41.6525131 ], [ 0.3927619, 41.6525049 ], [ 0.3927594, 41.652666 ], [ 0.3926382, 41.6526648 ], [ 0.3926258, 41.6527838 ], [ 0.3927037, 41.6528684 ], [ 0.3927668, 41.6528738 ] ] ] } },
{ "type": "Feature", "properties": { "stop_id": "osm-way-1291351847", "name": "Área de Descanso do Barreiro" }, "geometry": { "type": "Polygon", "coordinates": [ [ [ -8.0437857, 42.9180099 ], [ -8.0437432, 42.9179231 ], [ -8.0434336, 42.9180346 ], [ -8.0432283, 42.9182043 ], [ -8.0428213, 42.9186488 ], [ -8.0428053, 42.9187201 ], [ -8.0429841, 42.9187136 ], [ -8.0437662, 42.9180449 ], [ -8.0437857, 42.9180099 ] ] ] } },
{ "type": "Feature", "properties": { "stop_id": "osm-way-1292096498", "name": "Àrea de descans" }, "geometry": { "type": "Polygon", "coordinates": [ [ [ 2.5908668, 41.7255795 ], [ 2.5908087, 41.7255795 ], [ 2.5907506, 41.7255795 ], [ 2.5906925, 41.7255795 ], [ 2.5906408, 41.7255771 ], [ 2.5905891, 41.7255747 ], [ 2.5905278, 41.7255747 ], [ 2.5904729, 41.7255723 ], [ 2.5904212, 41.7255602 ], [ 2.5904019, 41.7254903 ], [ 2.590573, 41.7254421 ], [ 2.5906311, 41.7254373 ], [ 2.5906763, 41.7254325 ], [ 2.5907441, 41.7254228 ], [ 2.5907926, 41.7254156 ], [ 2.590841, 41.7254108 ], [ 2.5908894, 41.7254012 ], [ 2.5909508, 41.7253939 ], [ 2.5910057, 41.7253843 ], [ 2.5910606, 41.7253771 ], [ 2.591109, 41.725365 ], [ 2.5911574, 41.7253578 ], [ 2.5912123, 41.7253506 ], [ 2.5912607, 41.7253433 ], [ 2.5913156, 41.7253385 ], [ 2.591377, 41.7253361 ], [ 2.5914351, 41.7253337 ], [ 2.5914835, 41.7253289 ], [ 2.5915384, 41.725324 ], [ 2.5915901, 41.7253216 ], [ 2.5916385, 41.7253144 ], [ 2.5916934, 41.7253144 ], [ 2.5917418, 41.7253144 ], [ 2.5917903, 41.7253192 ], [ 2.5918387, 41.7253265 ], [ 2.5918871, 41.7253385 ], [ 2.5921842, 41.7254036 ], [ 2.5922326, 41.7254228 ], [ 2.5922843, 41.7254373 ], [ 2.5923295, 41.7254518 ], [ 2.5928396, 41.7255072 ], [ 2.5928622, 41.7255409 ], [ 2.5928396, 41.7255771 ], [ 2.5927169, 41.7256301 ], [ 2.5922552, 41.7256108 ], [ 2.5921939, 41.7256084 ], [ 2.5917451, 41.7255795 ], [ 2.5914125, 41.7255747 ], [ 2.5913544, 41.7255723 ], [ 2.5908668, 41.7255795 ] ] ] } },
{ "type": "Feature", "properties": { "stop_id": "osm-way-1292096499", "name": "Àrea de descans" }, "geometry": { "type": "Polygon", "coordinates": [ [ [ 2.5922036, 41.7261265 ], [ 2.5921519, 41.7261193 ], [ 2.592097, 41.7261048 ], [ 2.5920518, 41.7260855 ], [ 2.5920227, 41.7260566 ], [ 2.5920421, 41.7260181 ], [ 2.5920841, 41.7259988 ], [ 2.592139, 41.7259964 ], [ 2.5921874, 41.7259964 ], [ 2.5922326, 41.7259964 ], [ 2.5927783, 41.7260012 ], [ 2.5944799, 41.7260373 ], [ 2.5948899, 41.7260277 ], [ 2.5950675, 41.7260301 ], [ 2.5951192, 41.7260301 ], [ 2.5951547, 41.726059 ], [ 2.5951547, 41.7261024 ], [ 2.5951127, 41.7261313 ], [ 2.5950546, 41.7261458 ], [ 2.59499, 41.7261627 ], [ 2.594919, 41.7261819 ], [ 2.5948544, 41.7261964 ], [ 2.5947995, 41.7262084 ], [ 2.5947414, 41.7262181 ], [ 2.5946768, 41.7262253 ], [ 2.5946219, 41.7262349 ], [ 2.5945606, 41.7262446 ], [ 2.5945122, 41.7262518 ], [ 2.5944476, 41.7262639 ], [ 2.5943927, 41.7262735 ], [ 2.5943313, 41.7262831 ], [ 2.5942829, 41.726288 ], [ 2.594228, 41.7262928 ], [ 2.5941634, 41.7263 ], [ 2.5941053, 41.7263048 ], [ 2.5940472, 41.7263072 ], [ 2.5939794, 41.7263072 ], [ 2.5939277, 41.7263072 ], [ 2.5938599, 41.7263072 ], [ 2.5938083, 41.7263048 ], [ 2.5937469, 41.7263024 ], [ 2.5936856, 41.7263024 ], [ 2.5936275, 41.7263024 ], [ 2.5935726, 41.7263024 ], [ 2.5935177, 41.7263024 ], [ 2.593466, 41.7263 ], [ 2.5934111, 41.7263 ], [ 2.593353, 41.7263 ], [ 2.5933014, 41.7263 ], [ 2.5932368, 41.7262976 ], [ 2.593169, 41.7262952 ], [ 2.5931076, 41.7262928 ], [ 2.5930463, 41.7262928 ], [ 2.5929817, 41.7262904 ], [ 2.5929236, 41.7262904 ], [ 2.5928622, 41.7262856 ], [ 2.5927912, 41.7262807 ], [ 2.5927299, 41.7262735 ], [ 2.5926814, 41.7262687 ], [ 2.5926233, 41.726259 ], [ 2.5925652, 41.7262494 ], [ 2.5922036, 41.7261265 ] ] ] } },
{ "type": "Feature", "properties": { "stop_id": "osm-way-1293988309", "name": "El Parador de los Galanes" }, "geometry": { "type": "Polygon", "coordinates": [ [ [ -3.3786608, 38.9871109 ], [ -3.3791122, 38.9874618 ], [ -3.3793309, 38.987709 ], [ -3.3805111, 38.9873296 ], [ -3.3807471, 38.9871586 ], [ -3.3808303, 38.9868563 ], [ -3.3808678, 38.9864226 ], [ -3.3808866, 38.986112 ], [ -3.3804977, 38.9860265 ], [ -3.3803824, 38.9862079 ], [ -3.3798486, 38.985964 ], [ -3.3796812, 38.9861349 ], [ -3.3786608, 38.9871109 ] ] ] } },
{ "type": "Feature", "properties": { "stop_id": "osm-way-1294745665", "name": "Estación de Servicio Guadacorte II" }, "geometry": { "type": "Polygon", "coordinates": [ [ [ -5.4520737, 36.1767375 ], [ -5.4521195, 36.1768004 ], [ -5.4521289, 36.1768047 ], [ -5.4521382, 36.1768176 ], [ -5.4521449, 36.1768327 ], [ -5.4521455, 36.1768414 ], [ -5.4521509, 36.1768502 ], [ -5.452156, 36.1768584 ], [ -5.4521559, 36.1768745 ], [ -5.4521542, 36.1769471 ], [ -5.452104, 36.1770395 ], [ -5.4521004, 36.1770419 ], [ -5.4520775, 36.1770626 ], [ -5.4519964, 36.1771265 ], [ -5.4519862, 36.1771207 ], [ -5.4519774, 36.1771268 ], [ -5.4518234, 36.1772211 ], [ -5.4518066, 36.1772317 ], [ -5.4516076, 36.1773571 ], [ -5.4514478, 36.1774579 ], [ -5.4512515, 36.1772592 ], [ -5.4514766, 36.1771237 ], [ -5.4519534, 36.1768167 ], [ -5.4520737, 36.1767375 ] ] ] } },
{ "type": "Feature", "properties": { "stop_id": "osm-way-1295989696", "name": null }, "geometry": { "type": "Polygon", "coordinates": [ [ [ -2.6212352, 42.1001129 ], [ -2.6202249, 42.1004342 ], [ -2.6203632, 42.1006272 ], [ -2.6204811, 42.100864 ], [ -2.6205034, 42.1010148 ], [ -2.6205502, 42.1008278 ], [ -2.6206681, 42.1006348 ], [ -2.6208876, 42.1003965 ], [ -2.6212352, 42.1001129 ] ] ] } },
{ "type": "Feature", "properties": { "stop_id": "osm-way-1295989698", "name": null }, "geometry": { "type": "Polygon", "coordinates": [ [ [ -2.6252111, 42.2353638 ], [ -2.6252009, 42.2352479 ], [ -2.6251847, 42.235123 ], [ -2.6250647, 42.2350688 ], [ -2.6249306, 42.2349484 ], [ -2.6250363, 42.2351335 ], [ -2.6251806, 42.2353352 ], [ -2.6252111, 42.2353638 ] ] ] } },
{ "type": "Feature", "properties": { "stop_id": "osm-way-1298110693", "name": "Estación de Servicio BP" }, "geometry": { "type": "Polygon", "coordinates": [ [ [ -5.3390028, 36.1771388 ], [ -5.3390205, 36.177081 ], [ -5.3391098, 36.1767354 ], [ -5.3391134, 36.1767248 ], [ -5.3391003, 36.1767216 ], [ -5.3390874, 36.1767186 ], [ -5.3389823, 36.1767026 ], [ -5.3389711, 36.1767197 ], [ -5.3389558, 36.1767345 ], [ -5.3389346, 36.1767483 ], [ -5.338896, 36.1767636 ], [ -5.3388538, 36.1767751 ], [ -5.3388204, 36.1767763 ], [ -5.3387965, 36.1767785 ], [ -5.3387748, 36.1767834 ], [ -5.3387614, 36.1767892 ], [ -5.3387462, 36.1768021 ], [ -5.338738, 36.1768179 ], [ -5.3387314, 36.1768388 ], [ -5.3387076, 36.1769141 ], [ -5.3386984, 36.1769408 ], [ -5.338689, 36.1769731 ], [ -5.3386603, 36.1770744 ], [ -5.338712, 36.1770842 ], [ -5.3388264, 36.1771058 ], [ -5.3388349, 36.1771074 ], [ -5.3390028, 36.1771388 ] ] ] } },
{ "type": "Feature", "properties": { "stop_id": "osm-way-1298343837", "name": null }, "geometry": { "type": "Polygon", "coordinates": [ [ [ -2.1304549, 40.9760728 ], [ -2.130148, 40.9766209 ], [ -2.1300495, 40.9764065 ], [ -2.1301411, 40.9761835 ], [ -2.1304823, 40.9760157 ], [ -2.1304549, 40.9760728 ] ] ] } },
{ "type": "Feature", "properties": { "stop_id": "osm-way-1298343838", "name": null }, "geometry": { "type": "Polygon", "coordinates": [ [ [ -2.1306237, 40.9759564 ], [ -2.1308381, 40.9758583 ], [ -2.1309661, 40.9757125 ], [ -2.1310342, 40.9754409 ], [ -2.1306237, 40.9759564 ] ] ] } },
{ "type": "Feature", "properties": { "stop_id": "osm-way-1298343839", "name": null }, "geometry": { "type": "Polygon", "coordinates": [ [ [ -2.1296174, 40.9781914 ], [ -2.1294555, 40.9780136 ], [ -2.129404, 40.9778192 ], [ -2.1295622, 40.9776497 ], [ -2.1297278, 40.9774775 ], [ -2.1296174, 40.9781914 ] ] ] } },
{ "type": "Feature", "properties": { "stop_id": "osm-way-1300922274", "name": null }, "geometry": { "type": "Polygon", "coordinates": [ [ [ -17.1926426, 28.1910758 ], [ -17.1925557, 28.1909545 ], [ -17.1923392, 28.1909918 ], [ -17.1923486, 28.1910347 ], [ -17.1924898, 28.1911149 ], [ -17.1926426, 28.1910758 ] ] ] } },
{ "type": "Feature", "properties": { "stop_id": "osm-way-1301051903", "name": null }, "geometry": { "type": "Polygon", "coordinates": [ [ [ -3.5912186, 40.6354335 ], [ -3.5926792, 40.6350457 ], [ -3.5931197, 40.634495 ], [ -3.5931328, 40.6344766 ], [ -3.5927235, 40.6342853 ], [ -3.5923685, 40.6341392 ], [ -3.592027, 40.6339761 ], [ -3.5915248, 40.6337306 ], [ -3.5912289, 40.6335861 ], [ -3.5908644, 40.6333937 ], [ -3.5906291, 40.6332695 ], [ -3.590208, 40.6330049 ], [ -3.5912186, 40.6354335 ] ] ] } },
{ "type": "Feature", "properties": { "stop_id": "osm-way-1302673165", "name": null }, "geometry": { "type": "Polygon", "coordinates": [ [ [ -1.7427024, 42.2846631 ], [ -1.742767, 42.2846458 ], [ -1.7429609, 42.2842359 ], [ -1.7429812, 42.2840408 ], [ -1.7430015, 42.2836279 ], [ -1.7431841, 42.2834028 ], [ -1.7438184, 42.2825011 ], [ -1.7436175, 42.2824199 ], [ -1.7433711, 42.2824811 ], [ -1.7428279, 42.2825431 ], [ -1.742312, 42.2824903 ], [ -1.7422562, 42.2827166 ], [ -1.7421536, 42.2827297 ], [ -1.7419943, 42.2827546 ], [ -1.7419082, 42.2827865 ], [ -1.741805, 42.2828515 ], [ -1.7418404, 42.282896 ], [ -1.7418988, 42.2829444 ], [ -1.7420492, 42.2830046 ], [ -1.7421465, 42.2830282 ], [ -1.7422782, 42.2829925 ], [ -1.7429552, 42.2832979 ], [ -1.7425938, 42.2838402 ], [ -1.741768, 42.2850295 ], [ -1.7419126, 42.2850821 ], [ -1.7422609, 42.2851591 ], [ -1.7427024, 42.2846631 ] ] ] } },
{ "type": "Feature", "properties": { "stop_id": "osm-way-1303738927", "name": null }, "geometry": { "type": "Polygon", "coordinates": [ [ [ -4.1881891, 41.2216709 ], [ -4.1884365, 41.2216479 ], [ -4.188557, 41.2216363 ], [ -4.1884917, 41.2215626 ], [ -4.1884717, 41.2215023 ], [ -4.1884671, 41.2214884 ], [ -4.1884258, 41.2212488 ], [ -4.1881885, 41.2212697 ], [ -4.1881522, 41.2210875 ], [ -4.1879926, 41.2210991 ], [ -4.1880031, 41.221164 ], [ -4.187992, 41.2211746 ], [ -4.1878182, 41.2211816 ], [ -4.1878305, 41.2212465 ], [ -4.187865, 41.2212446 ], [ -4.1878638, 41.2212066 ], [ -4.1879809, 41.2212034 ], [ -4.1879994, 41.2212905 ], [ -4.1878708, 41.2213082 ], [ -4.1878683, 41.2212943 ], [ -4.1875741, 41.221324 ], [ -4.1868772, 41.2214004 ], [ -4.1868951, 41.2214671 ], [ -4.1869228, 41.2214625 ], [ -4.1869274, 41.2214811 ], [ -4.1869479, 41.2215976 ], [ -4.1869672, 41.2217322 ], [ -4.1870676, 41.2217216 ], [ -4.1871077, 41.2217174 ], [ -4.1870923, 41.2217526 ], [ -4.1870966, 41.2217674 ], [ -4.1870436, 41.2218013 ], [ -4.187234, 41.2217813 ], [ -4.1874257, 41.2217577 ], [ -4.1873856, 41.2217406 ], [ -4.1873881, 41.2217109 ], [ -4.1874281, 41.2216933 ], [ -4.1881238, 41.2215973 ], [ -4.1881879, 41.2216015 ], [ -4.1882076, 41.2216256 ], [ -4.1882144, 41.2216372 ], [ -4.1881842, 41.2216613 ], [ -4.1881891, 41.2216709 ] ] ] } },
{ "type": "Feature", "properties": { "stop_id": "osm-way-1304446250", "name": null }, "geometry": { "type": "Polygon", "coordinates": [ [ [ -0.4533912, 40.5192834 ], [ -0.4536132, 40.5192328 ], [ -0.4537834, 40.5191555 ], [ -0.4538963, 40.5190908 ], [ -0.4539444, 40.5192033 ], [ -0.4539518, 40.5192384 ], [ -0.4539499, 40.5193312 ], [ -0.4539296, 40.5193636 ], [ -0.4539, 40.5193903 ], [ -0.4538704, 40.5194015 ], [ -0.4538482, 40.5194086 ], [ -0.4538038, 40.5194086 ], [ -0.4537538, 40.5193987 ], [ -0.4537187, 40.5193734 ], [ -0.4536798, 40.5193172 ], [ -0.453641, 40.5192905 ], [ -0.4533912, 40.5192834 ] ] ] } },
{ "type": "Feature", "properties": { "stop_id": "osm-way-1304446252", "name": null }, "geometry": { "type": "Polygon", "coordinates": [ [ [ -0.458755, 40.5157009 ], [ -0.4588567, 40.5157726 ], [ -0.4589492, 40.5158091 ], [ -0.4590842, 40.5158345 ], [ -0.4591508, 40.5158302 ], [ -0.4592785, 40.5157979 ], [ -0.4593469, 40.515767 ], [ -0.4594191, 40.5157374 ], [ -0.4594746, 40.5157051 ], [ -0.458755, 40.5157009 ] ] ] } },
{ "type": "Feature", "properties": { "stop_id": "osm-way-1304601469", "name": null }, "geometry": { "type": "Polygon", "coordinates": [ [ [ -2.7105207, 39.2065595 ], [ -2.7103013, 39.2064787 ], [ -2.710153, 39.2064843 ], [ -2.7100734, 39.2063992 ], [ -2.7099959, 39.2063162 ], [ -2.7100688, 39.2060665 ], [ -2.7100817, 39.2059362 ], [ -2.7099776, 39.205773 ], [ -2.7095564, 39.2053129 ], [ -2.7090946, 39.2055764 ], [ -2.7090311, 39.2055075 ], [ -2.7085465, 39.2057907 ], [ -2.7081455, 39.2060247 ], [ -2.7093052, 39.2072634 ], [ -2.7105207, 39.2065595 ] ] ] } },
{ "type": "Feature", "properties": { "stop_id": "osm-way-1306498919", "name": "Àrea de descans" }, "geometry": { "type": "Polygon", "coordinates": [ [ [ 2.223172, 42.0593129 ], [ 2.2231823, 42.0592916 ], [ 2.2231966, 42.0592718 ], [ 2.2232069, 42.059252 ], [ 2.2232192, 42.0592352 ], [ 2.2232356, 42.05922 ], [ 2.2232581, 42.0592063 ], [ 2.2232807, 42.0591957 ], [ 2.2233114, 42.059188 ], [ 2.2233422, 42.0591835 ], [ 2.2233709, 42.0591835 ], [ 2.2234016, 42.059185 ], [ 2.2234242, 42.0591987 ], [ 2.2234406, 42.0592185 ], [ 2.2234529, 42.0592383 ], [ 2.2234529, 42.0592596 ], [ 2.2234529, 42.0592839 ], [ 2.2234549, 42.0593098 ], [ 2.2234549, 42.0593326 ], [ 2.223457, 42.0593555 ], [ 2.223457, 42.0593768 ], [ 2.2234611, 42.0594011 ], [ 2.2234611, 42.059427 ], [ 2.2234611, 42.0594499 ], [ 2.2234549, 42.0594757 ], [ 2.2234447, 42.059497 ], [ 2.2234344, 42.0595229 ], [ 2.223416, 42.0595488 ], [ 2.2234016, 42.0595671 ], [ 2.2233873, 42.0595868 ], [ 2.2233668, 42.0596051 ], [ 2.2233422, 42.0596158 ], [ 2.2233135, 42.0596234 ], [ 2.2232766, 42.0596295 ], [ 2.2232438, 42.0596356 ], [ 2.2232151, 42.0596401 ], [ 2.2231802, 42.0596401 ], [ 2.2231474, 42.0596401 ], [ 2.2231167, 42.0596401 ], [ 2.2230859, 42.0596356 ], [ 2.2230593, 42.0596279 ], [ 2.2230326, 42.0596173 ], [ 2.2229998, 42.0596021 ], [ 2.2229711, 42.0595899 ], [ 2.2229445, 42.0595792 ], [ 2.2229137, 42.0595655 ], [ 2.222885, 42.0595564 ], [ 2.2228584, 42.0595442 ], [ 2.2228338, 42.0595336 ], [ 2.2228071, 42.0595214 ], [ 2.2227805, 42.0595107 ], [ 2.2227518, 42.0594986 ], [ 2.222723, 42.0594864 ], [ 2.2226964, 42.0594757 ], [ 2.2226677, 42.0594651 ], [ 2.222639, 42.0594559 ], [ 2.2226205, 42.0594392 ], [ 2.2226123, 42.0594179 ], [ 2.2226041, 42.0593966 ], [ 2.2226062, 42.0593737 ], [ 2.2226328, 42.0593585 ], [ 2.2226615, 42.059354 ], [ 2.2226902, 42.059354 ], [ 2.2227169, 42.059354 ], [ 2.2227456, 42.0593585 ], [ 2.2227743, 42.0593631 ], [ 2.222801, 42.0593692 ], [ 2.2228276, 42.0593707 ], [ 2.2228584, 42.0593707 ], [ 2.2228891, 42.0593707 ], [ 2.2229219, 42.0593707 ], [ 2.2229527, 42.0593692 ], [ 2.2229834, 42.0593661 ], [ 2.2230162, 42.05936 ], [ 2.223047, 42.0593524 ], [ 2.2230777, 42.0593463 ], [ 2.2231044, 42.0593387 ], [ 2.2231269, 42.0593266 ], [ 2.223172, 42.0593129 ] ] ] } },
{ "type": "Feature", "properties": { "stop_id": "osm-way-1307247926", "name": "Mecánica y Lavado San Roque" }, "geometry": { "type": "Polygon", "coordinates": [ [ [ -5.3866545, 36.2149455 ], [ -5.3866023, 36.2149457 ], [ -5.3865889, 36.21495 ], [ -5.3865862, 36.2149771 ], [ -5.3861055, 36.2149194 ], [ -5.386027, 36.21491 ], [ -5.3860577, 36.2147201 ], [ -5.3866691, 36.2148605 ], [ -5.3866545, 36.2149455 ] ] ] } },
{ "type": "Feature", "properties": { "stop_id": "osm-way-1307590514", "name": "Estación de Servicio Repsol" }, "geometry": { "type": "Polygon", "coordinates": [ [ [ -5.5151504, 36.2003864 ], [ -5.5149411, 36.2003918 ], [ -5.5149639, 36.2003334 ], [ -5.5149626, 36.2002901 ], [ -5.5149452, 36.2002371 ], [ -5.514925, 36.2002111 ], [ -5.5146099, 36.2001667 ], [ -5.514571, 36.2001559 ], [ -5.5145308, 36.2001408 ], [ -5.5142062, 36.1998237 ], [ -5.5141083, 36.1997176 ], [ -5.5140332, 36.1996332 ], [ -5.5140721, 36.1996083 ], [ -5.5143873, 36.1993172 ], [ -5.5145536, 36.1992133 ], [ -5.5148647, 36.1991884 ], [ -5.5149559, 36.1995488 ], [ -5.5149733, 36.1996321 ], [ -5.5149854, 36.1997501 ], [ -5.5149908, 36.1999546 ], [ -5.5149975, 36.2000585 ], [ -5.5150149, 36.200118 ], [ -5.5150444, 36.2002468 ], [ -5.5150699, 36.2003096 ], [ -5.5150913, 36.2003507 ], [ -5.5151182, 36.2003713 ], [ -5.5151504, 36.2003864 ] ] ] } },
{ "type": "Feature", "properties": { "stop_id": "osm-way-1309325902", "name": "Área De Servicio Los Ángeles 24h" }, "geometry": { "type": "Polygon", "coordinates": [ [ [ -3.6924398, 40.2969032 ], [ -3.6924311, 40.2964901 ], [ -3.6922191, 40.2964926 ], [ -3.6922226, 40.2966603 ], [ -3.6921764, 40.2966609 ], [ -3.6921791, 40.2967919 ], [ -3.6922246, 40.2967914 ], [ -3.692227, 40.2969057 ], [ -3.6924398, 40.2969032 ] ] ] } },
{ "type": "Feature", "properties": { "stop_id": "osm-way-1311146892", "name": "Estación de Servicio BP" }, "geometry": { "type": "Polygon", "coordinates": [ [ [ -5.4494831, 36.124201 ], [ -5.4488917, 36.124357 ], [ -5.4488782, 36.1243299 ], [ -5.448779, 36.1243407 ], [ -5.4487897, 36.1240363 ], [ -5.4493302, 36.1238836 ], [ -5.4493423, 36.1239226 ], [ -5.4493651, 36.1239171 ], [ -5.4494831, 36.124201 ] ] ] } },
{ "type": "Feature", "properties": { "stop_id": "osm-way-1311180730", "name": null }, "geometry": { "type": "Polygon", "coordinates": [ [ [ -4.1660564, 37.8688745 ], [ -4.1661968, 37.8684954 ], [ -4.1658973, 37.8683113 ], [ -4.1657094, 37.8684211 ], [ -4.1656878, 37.8683979 ], [ -4.1656156, 37.8684401 ], [ -4.1656371, 37.8684633 ], [ -4.1656107, 37.8684791 ], [ -4.1654718, 37.8684826 ], [ -4.1660564, 37.8688745 ] ] ] } },
{ "type": "Feature", "properties": { "stop_id": "osm-way-1311216292", "name": null }, "geometry": { "type": "Polygon", "coordinates": [ [ [ -2.4008882, 41.1896186 ], [ -2.401084, 41.1895137 ], [ -2.4012181, 41.1895137 ], [ -2.4014139, 41.189657 ], [ -2.4018109, 41.1893926 ], [ -2.401894, 41.189326 ], [ -2.4017438, 41.1891382 ], [ -2.4016473, 41.1890837 ], [ -2.4014676, 41.1890514 ], [ -2.4012047, 41.1890777 ], [ -2.401033, 41.1891564 ], [ -2.4008855, 41.1892513 ], [ -2.4007621, 41.1893764 ], [ -2.4008882, 41.1896186 ] ] ] } },
{ "type": "Feature", "properties": { "stop_id": "osm-way-1311468436", "name": "Área de servicio Fombellida" }, "geometry": { "type": "Polygon", "coordinates": [ [ [ -4.1243096, 42.9393056 ], [ -4.1258212, 42.9388707 ], [ -4.1253825, 42.9380003 ], [ -4.1240256, 42.9385045 ], [ -4.1239771, 42.9385252 ], [ -4.1243096, 42.9393056 ] ] ] } },
{ "type": "Feature", "properties": { "stop_id": "osm-way-1312000729", "name": "Basic" }, "geometry": { "type": "Polygon", "coordinates": [ [ [ -4.1757028, 37.8726597 ], [ -4.176843, 37.8727893 ], [ -4.1768323, 37.8728539 ], [ -4.1768058, 37.8730055 ], [ -4.1765202, 37.8729771 ], [ -4.1764093, 37.872966 ], [ -4.1762698, 37.8729521 ], [ -4.1760613, 37.8729313 ], [ -4.1760329, 37.8729285 ], [ -4.1757059, 37.8727334 ], [ -4.1757052, 37.8727158 ], [ -4.1757028, 37.8726597 ] ] ] } },
{ "type": "Feature", "properties": { "stop_id": "osm-way-1312246742", "name": null }, "geometry": { "type": "Polygon", "coordinates": [ [ [ -4.8981659, 37.925646 ], [ -4.8981288, 37.9256765 ], [ -4.8980754, 37.9256361 ], [ -4.8981258, 37.9256156 ], [ -4.8981659, 37.925646 ] ] ] } },
{ "type": "Feature", "properties": { "stop_id": "osm-way-1312405137", "name": "Área de servicio Castañeda" }, "geometry": { "type": "Polygon", "coordinates": [ [ [ -3.9349101, 43.3133596 ], [ -3.9338479, 43.3133607 ], [ -3.9334665, 43.3134546 ], [ -3.9335432, 43.3135085 ], [ -3.9336393, 43.3136082 ], [ -3.9336966, 43.3137287 ], [ -3.9337229, 43.3138155 ], [ -3.9337674, 43.3138861 ], [ -3.9338555, 43.3140167 ], [ -3.9343686, 43.3140195 ], [ -3.93436, 43.3139199 ], [ -3.9349288, 43.3139338 ], [ -3.9349101, 43.3133596 ] ] ] } },
{ "type": "Feature", "properties": { "stop_id": "osm-way-1313666958", "name": null }, "geometry": { "type": "Polygon", "coordinates": [ [ [ -3.8394552, 43.4408699 ], [ -3.8389616, 43.4408833 ], [ -3.838943, 43.4402958 ], [ -3.8389927, 43.4402779 ], [ -3.8390423, 43.4402523 ], [ -3.8390856, 43.4402208 ], [ -3.8394374, 43.4402095 ], [ -3.8394552, 43.4408699 ] ] ] } },
{ "type": "Feature", "properties": { "stop_id": "osm-way-1313834335", "name": "Area de descanso de Peregrinos Camino de Santiago" }, "geometry": { "type": "Polygon", "coordinates": [ [ [ -2.9204104, 42.4241515 ], [ -2.9204612, 42.4242476 ], [ -2.920576, 42.4243886 ], [ -2.9203463, 42.4246782 ], [ -2.9201735, 42.4245994 ], [ -2.9203453, 42.4243541 ], [ -2.9204104, 42.4241515 ] ] ] } },
{ "type": "Feature", "properties": { "stop_id": "osm-way-1313988573", "name": null }, "geometry": { "type": "Polygon", "coordinates": [ [ [ -1.2864014, 40.4470324 ], [ -1.2862797, 40.446499 ], [ -1.2860548, 40.446533 ], [ -1.2861641, 40.4469872 ], [ -1.2861811, 40.4470582 ], [ -1.2863608, 40.4470371 ], [ -1.2864014, 40.4470324 ] ] ] } },
{ "type": "Feature", "properties": { "stop_id": "osm-way-1314340937", "name": null }, "geometry": { "type": "Polygon", "coordinates": [ [ [ -8.7558848, 42.5361845 ], [ -8.7558664, 42.5362492 ], [ -8.7558685, 42.536314 ], [ -8.7559604, 42.5364389 ], [ -8.7561237, 42.5365066 ], [ -8.7563504, 42.5365638 ], [ -8.7568347, 42.5366841 ], [ -8.7568873, 42.53663 ], [ -8.7564901, 42.5363861 ], [ -8.7563308, 42.5362973 ], [ -8.7562973, 42.5362854 ], [ -8.7562588, 42.5362772 ], [ -8.7561131, 42.5362445 ], [ -8.7558848, 42.5361845 ] ] ] } },
{ "type": "Feature", "properties": { "stop_id": "osm-way-1315302028", "name": null }, "geometry": { "type": "Polygon", "coordinates": [ [ [ -2.9086779, 37.4294877 ], [ -2.9085337, 37.4296663 ], [ -2.9083088, 37.4299984 ], [ -2.9081219, 37.4303027 ], [ -2.9080253, 37.4304034 ], [ -2.9079634, 37.4303487 ], [ -2.9078253, 37.4302556 ], [ -2.9078313, 37.4302405 ], [ -2.907769, 37.4301402 ], [ -2.9077734, 37.4299507 ], [ -2.9077768, 37.4299171 ], [ -2.9077767, 37.4296261 ], [ -2.907943, 37.4296361 ], [ -2.9082914, 37.429611 ], [ -2.9082962, 37.4295707 ], [ -2.9085226, 37.4295406 ], [ -2.9086779, 37.4294877 ] ] ] } },
{ "type": "Feature", "properties": { "stop_id": "osm-way-1315543022", "name": "SBC" }, "geometry": { "type": "Polygon", "coordinates": [ [ [ -8.6643955, 42.037185 ], [ -8.664392, 42.0360982 ], [ -8.6636345, 42.0360956 ], [ -8.663631, 42.0364527 ], [ -8.6635964, 42.0368227 ], [ -8.6634269, 42.0368715 ], [ -8.6633958, 42.0371516 ], [ -8.6635497, 42.037169 ], [ -8.663804, 42.0371978 ], [ -8.6642687, 42.0371877 ], [ -8.6643955, 42.037185 ] ] ] } },
{ "type": "Feature", "properties": { "stop_id": "osm-way-1320058203", "name": "E. S. San Roque I" }, "geometry": { "type": "Polygon", "coordinates": [ [ [ -5.3980415, 36.21064 ], [ -5.3980878, 36.2105579 ], [ -5.3980986, 36.21048 ], [ -5.3980905, 36.2104346 ], [ -5.3980691, 36.2104021 ], [ -5.3980342, 36.2103826 ], [ -5.3979886, 36.2103848 ], [ -5.397935, 36.2104021 ], [ -5.3978103, 36.210452 ], [ -5.3978323, 36.2105194 ], [ -5.3978435, 36.210577 ], [ -5.3978612, 36.2106506 ], [ -5.3979462, 36.2106497 ], [ -5.3980415, 36.21064 ] ] ] } },
{ "type": "Feature", "properties": { "stop_id": "osm-way-1321765772", "name": "Valcarce" }, "geometry": { "type": "Polygon", "coordinates": [ [ [ -0.4885276, 39.2332609 ], [ -0.4888901, 39.2330581 ], [ -0.4890207, 39.2329851 ], [ -0.4893152, 39.2328203 ], [ -0.4893345, 39.232841 ], [ -0.4894462, 39.2329609 ], [ -0.489455, 39.2329726 ], [ -0.4895435, 39.2330652 ], [ -0.4895972, 39.2331229 ], [ -0.4896538, 39.2331832 ], [ -0.4897934, 39.2333308 ], [ -0.4900761, 39.2336293 ], [ -0.4900948, 39.2336679 ], [ -0.4900986, 39.2337076 ], [ -0.4900911, 39.2337481 ], [ -0.4900699, 39.233781 ], [ -0.4900362, 39.2338129 ], [ -0.4899963, 39.2338429 ], [ -0.4894227, 39.2341567 ], [ -0.4893798, 39.2341802 ], [ -0.4893215, 39.234117 ], [ -0.4890557, 39.2338285 ], [ -0.4885276, 39.2332609 ] ] ] } },
{ "type": "Feature", "properties": { "stop_id": "osm-way-1321769574", "name": null }, "geometry": { "type": "Polygon", "coordinates": [ [ [ -4.1348468, 40.1849487 ], [ -4.1347905, 40.1849753 ], [ -4.1346483, 40.1849897 ], [ -4.1345383, 40.1849712 ], [ -4.1344391, 40.1849302 ], [ -4.1340636, 40.184504 ], [ -4.1344498, 40.184338 ], [ -4.1344498, 40.1842581 ], [ -4.1347905, 40.1842602 ], [ -4.1350667, 40.1842212 ], [ -4.1353591, 40.1841475 ], [ -4.1355093, 40.1838749 ], [ -4.1357507, 40.1837602 ], [ -4.135748, 40.1836967 ], [ -4.1359492, 40.1835983 ], [ -4.1359948, 40.1836331 ], [ -4.1361611, 40.1835512 ], [ -4.1361932, 40.1832643 ], [ -4.1364159, 40.1832233 ], [ -4.1364051, 40.1833401 ], [ -4.1365178, 40.183295 ], [ -4.136491, 40.183504 ], [ -4.1364212, 40.1835327 ], [ -4.136263, 40.1842233 ], [ -4.1362093, 40.1843421 ], [ -4.1360779, 40.1844221 ], [ -4.1361986, 40.184545 ], [ -4.1358687, 40.1847253 ], [ -4.135689, 40.1847704 ], [ -4.135579, 40.1846085 ], [ -4.1353108, 40.1847438 ], [ -4.1353054, 40.1848278 ], [ -4.1350211, 40.184836 ], [ -4.1348468, 40.1849487 ] ] ] } },
{ "type": "Feature", "properties": { "stop_id": "osm-way-1323291042", "name": "Aparcamiento de emergencia Vialidad Invernal Saelices" }, "geometry": { "type": "Polygon", "coordinates": [ [ [ -2.8402904, 39.9290546 ], [ -2.840218, 39.9292397 ], [ -2.840859, 39.9302558 ], [ -2.841095, 39.9303874 ], [ -2.8411406, 39.9305664 ], [ -2.8412533, 39.9306651 ], [ -2.8414679, 39.930735 ], [ -2.8422108, 39.9309366 ], [ -2.8424093, 39.9309181 ], [ -2.8425515, 39.9308193 ], [ -2.8426078, 39.9307761 ], [ -2.8427231, 39.930807 ], [ -2.8429699, 39.9308111 ], [ -2.8433695, 39.9306157 ], [ -2.8431603, 39.9304717 ], [ -2.8429994, 39.9303154 ], [ -2.8425542, 39.9296326 ], [ -2.8402904, 39.9290546 ] ] ] } },
{ "type": "Feature", "properties": { "stop_id": "osm-way-1323291043", "name": "Aparcamiento de emergencia Vialidad Invernal Saelices" }, "geometry": { "type": "Polygon", "coordinates": [ [ [ -2.8434527, 39.9293138 ], [ -2.8435439, 39.9291698 ], [ -2.8433481, 39.9288654 ], [ -2.8433481, 39.9286288 ], [ -2.8433052, 39.9284684 ], [ -2.8431872, 39.9284005 ], [ -2.8423181, 39.9281928 ], [ -2.8421545, 39.928238 ], [ -2.842074, 39.928308 ], [ -2.8419077, 39.9284931 ], [ -2.8420043, 39.9286124 ], [ -2.8421921, 39.9287235 ], [ -2.8423369, 39.929032 ], [ -2.8434527, 39.9293138 ] ] ] } },
{ "type": "Feature", "properties": { "stop_id": "osm-way-1323581205", "name": null }, "geometry": { "type": "Polygon", "coordinates": [ [ [ -4.7743585, 37.7248827 ], [ -4.772743, 37.724099 ], [ -4.7728344, 37.7240926 ], [ -4.7730637, 37.7241257 ], [ -4.7733953, 37.7241735 ], [ -4.7736258, 37.7242144 ], [ -4.7737454, 37.7242632 ], [ -4.7738649, 37.7243724 ], [ -4.7740301, 37.7245206 ], [ -4.7741916, 37.7246434 ], [ -4.7743358, 37.7247838 ], [ -4.7743585, 37.7248827 ] ] ] } },
{ "type": "Feature", "properties": { "stop_id": "osm-way-1324326889", "name": null }, "geometry": { "type": "Polygon", "coordinates": [ [ [ -5.2940686, 37.8603525 ], [ -5.2939103, 37.8603664 ], [ -5.2939033, 37.8602665 ], [ -5.2940668, 37.8602623 ], [ -5.2940686, 37.8603525 ] ] ] } },
{ "type": "Feature", "properties": { "stop_id": "osm-way-1324439107", "name": null }, "geometry": { "type": "Polygon", "coordinates": [ [ [ -4.2676425, 41.2096677 ], [ -4.2677399, 41.2095509 ], [ -4.2678323, 41.2095787 ], [ -4.2680209, 41.2096167 ], [ -4.2684091, 41.2094999 ], [ -4.2687467, 41.2101526 ], [ -4.2681355, 41.2103603 ], [ -4.2680603, 41.2102555 ], [ -4.2680061, 41.2101739 ], [ -4.267873, 41.2099468 ], [ -4.2678422, 41.2097391 ], [ -4.2678052, 41.2097298 ], [ -4.2676425, 41.2096677 ] ] ] } },
{ "type": "Feature", "properties": { "stop_id": "osm-way-1324832926", "name": "Estación de Servicio Repsol" }, "geometry": { "type": "Polygon", "coordinates": [ [ [ -5.4183505, 36.4645958 ], [ -5.4180241, 36.4644055 ], [ -5.4179693, 36.464387 ], [ -5.4180065, 36.4642689 ], [ -5.4179693, 36.4642589 ], [ -5.4180967, 36.4638533 ], [ -5.4185003, 36.4639329 ], [ -5.4185444, 36.4639416 ], [ -5.4183505, 36.4645958 ] ] ] } },
{ "type": "Feature", "properties": { "stop_id": "osm-way-1327059081", "name": null }, "geometry": { "type": "Polygon", "coordinates": [ [ [ -4.0942559, 40.967781 ], [ -4.0945039, 40.9679308 ], [ -4.0945803, 40.967975 ], [ -4.0946315, 40.9679818 ], [ -4.0946901, 40.9679719 ], [ -4.0947234, 40.9679566 ], [ -4.0948112, 40.9679142 ], [ -4.0948454, 40.9678897 ], [ -4.0949242, 40.9678148 ], [ -4.094503, 40.9675538 ], [ -4.0942559, 40.967781 ] ] ] } },
{ "type": "Feature", "properties": { "stop_id": "osm-way-1328634830", "name": null }, "geometry": { "type": "Polygon", "coordinates": [ [ [ -3.507508, 40.2904021 ], [ -3.507045, 40.2904639 ], [ -3.5070649, 40.2906534 ], [ -3.5071397, 40.2913631 ], [ -3.5076211, 40.2914366 ], [ -3.5078826, 40.2914515 ], [ -3.5079068, 40.2913868 ], [ -3.5080098, 40.2913337 ], [ -3.5085973, 40.2912413 ], [ -3.5085156, 40.2905367 ], [ -3.5078462, 40.2906083 ], [ -3.5078038, 40.290576 ], [ -3.5077735, 40.2904974 ], [ -3.5077705, 40.2903981 ], [ -3.507508, 40.2904021 ] ] ] } },
{ "type": "Feature", "properties": { "stop_id": "osm-way-1332844159", "name": "Gasolinera AVIA Puente la Reina" }, "geometry": { "type": "Polygon", "coordinates": [ [ [ -1.8154117, 42.670603 ], [ -1.8154434, 42.6707384 ], [ -1.8154819, 42.6707915 ], [ -1.8159205, 42.6706976 ], [ -1.8158985, 42.6706182 ], [ -1.8158233, 42.6706264 ], [ -1.8157824, 42.6704895 ], [ -1.815572, 42.670528 ], [ -1.8155826, 42.6705764 ], [ -1.8154807, 42.6705922 ], [ -1.8154117, 42.670603 ] ] ] } },
{ "type": "Feature", "properties": { "stop_id": "osm-way-1333332796", "name": null }, "geometry": { "type": "Polygon", "coordinates": [ [ [ -0.1723336, 40.2126938 ], [ -0.172565, 40.2127548 ], [ -0.1725827, 40.2126537 ], [ -0.1724866, 40.2126245 ], [ -0.1724609, 40.2126725 ], [ -0.1723625, 40.2126417 ], [ -0.1723336, 40.2126938 ] ] ] } },
{ "type": "Feature", "properties": { "stop_id": "osm-way-1334604000", "name": null }, "geometry": { "type": "Polygon", "coordinates": [ [ [ 4.2874593, 39.8867527 ], [ 4.2875006, 39.8868954 ], [ 4.2876185, 39.8870862 ], [ 4.2877244, 39.8871945 ], [ 4.2879703, 39.8871122 ], [ 4.2877785, 39.8866889 ], [ 4.2874593, 39.8867527 ] ] ] } },
{ "type": "Feature", "properties": { "stop_id": "osm-way-1336662110", "name": null }, "geometry": { "type": "Polygon", "coordinates": [ [ [ -3.0829981, 40.0638678 ], [ -3.0828884, 40.0638862 ], [ -3.0826749, 40.064143 ], [ -3.0826883, 40.0641787 ], [ -3.0825233, 40.0642937 ], [ -3.082349, 40.064305 ], [ -3.0822712, 40.0642916 ], [ -3.0822726, 40.0644189 ], [ -3.0824107, 40.0645739 ], [ -3.0826285, 40.0648056 ], [ -3.0826732, 40.0648556 ], [ -3.0828821, 40.0649664 ], [ -3.083193, 40.0651237 ], [ -3.0836282, 40.0653156 ], [ -3.0838189, 40.0652852 ], [ -3.0840146, 40.065129 ], [ -3.0837824, 40.0647526 ], [ -3.0835453, 40.0644731 ], [ -3.08356, 40.0642547 ], [ -3.083442, 40.0641069 ], [ -3.0833374, 40.0641531 ], [ -3.0831456, 40.0639509 ], [ -3.0829981, 40.0638678 ] ] ] } },
{ "type": "Feature", "properties": { "stop_id": "osm-way-1338138550", "name": "Área de Servicio Canal de Castilla" }, "geometry": { "type": "Polygon", "coordinates": [ [ [ -4.5673726, 41.8383074 ], [ -4.5669433, 41.8388594 ], [ -4.5669171, 41.8388931 ], [ -4.5674044, 41.8391095 ], [ -4.5671225, 41.8394869 ], [ -4.5685858, 41.8401836 ], [ -4.5694375, 41.8391977 ], [ -4.5691529, 41.8390766 ], [ -4.569094, 41.839022 ], [ -4.5690798, 41.8389357 ], [ -4.5691692, 41.8388236 ], [ -4.5692769, 41.8387191 ], [ -4.5689436, 41.8384783 ], [ -4.5689517, 41.8385783 ], [ -4.5687423, 41.8388327 ], [ -4.5686102, 41.838857 ], [ -4.567894, 41.8385389 ], [ -4.5673726, 41.8383074 ] ] ] } },
{ "type": "Feature", "properties": { "stop_id": "osm-way-1341489662", "name": null }, "geometry": { "type": "Polygon", "coordinates": [ [ [ 0.0657617, 42.1741801 ], [ 0.0657144, 42.1742535 ], [ 0.0658512, 42.1743036 ], [ 0.0658917, 42.1742253 ], [ 0.0658639, 42.1742156 ], [ 0.0657617, 42.1741801 ] ] ] } },
{ "type": "Feature", "properties": { "stop_id": "osm-way-1342109850", "name": null }, "geometry": { "type": "Polygon", "coordinates": [ [ [ -1.6508265, 42.6896723 ], [ -1.6507796, 42.6897614 ], [ -1.6507737, 42.689802 ], [ -1.65076, 42.6898968 ], [ -1.6505563, 42.6902003 ], [ -1.6505061, 42.6901901 ], [ -1.6504503, 42.6902536 ], [ -1.6502438, 42.6901634 ], [ -1.6502968, 42.690106 ], [ -1.650149, 42.6900567 ], [ -1.650601, 42.6895604 ], [ -1.6506353, 42.6895727 ], [ -1.6508265, 42.6896723 ] ] ] } },
{ "type": "Feature", "properties": { "stop_id": "osm-way-1342188732", "name": null }, "geometry": { "type": "Polygon", "coordinates": [ [ [ -1.6742954, 42.1218798 ], [ -1.6735143, 42.1210422 ], [ -1.6753389, 42.1200655 ], [ -1.6761387, 42.120891 ], [ -1.6757261, 42.1211454 ], [ -1.6757663, 42.1211879 ], [ -1.6750892, 42.1215481 ], [ -1.6745024, 42.1218602 ], [ -1.6743563, 42.121938 ], [ -1.6742954, 42.1218798 ] ] ] } },
{ "type": "Feature", "properties": { "stop_id": "osm-way-1342285320", "name": null }, "geometry": { "type": "Polygon", "coordinates": [ [ [ -3.5905501, 42.3769236 ], [ -3.5907684, 42.377057 ], [ -3.5910809, 42.3768024 ], [ -3.5913719, 42.3764794 ], [ -3.5916388, 42.3763437 ], [ -3.5919406, 42.3761436 ], [ -3.5919855, 42.3760587 ], [ -3.5919358, 42.3760249 ], [ -3.5908501, 42.3752901 ], [ -3.5912049, 42.3748375 ], [ -3.5906712, 42.3747099 ], [ -3.5906561, 42.3742304 ], [ -3.5901072, 42.3742416 ], [ -3.5900013, 42.3746446 ], [ -3.5890827, 42.3747784 ], [ -3.588911, 42.3748735 ], [ -3.5895654, 42.3753212 ], [ -3.5895989, 42.3753011 ], [ -3.589992, 42.3755522 ], [ -3.5897932, 42.3756929 ], [ -3.5899468, 42.3758244 ], [ -3.5899853, 42.3757915 ], [ -3.590118, 42.3758798 ], [ -3.5905003, 42.3761331 ], [ -3.5904479, 42.3761743 ], [ -3.5904417, 42.3761789 ], [ -3.5899986, 42.3765247 ], [ -3.5905501, 42.3769236 ] ] ] } },
{ "type": "Feature", "properties": { "stop_id": "osm-way-1345209624", "name": null }, "geometry": { "type": "Polygon", "coordinates": [ [ [ -2.1107213, 38.3565913 ], [ -2.1109933, 38.3565938 ], [ -2.1111436, 38.3567002 ], [ -2.1113515, 38.356548 ], [ -2.1112159, 38.3564308 ], [ -2.1112078, 38.3562665 ], [ -2.1111424, 38.3563102 ], [ -2.1108054, 38.3565351 ], [ -2.1107213, 38.3565913 ] ] ] } },
{ "type": "Feature", "properties": { "stop_id": "osm-way-1347343632", "name": null }, "geometry": { "type": "Polygon", "coordinates": [ [ [ -1.6312131, 42.9913468 ], [ -1.6312325, 42.9917132 ], [ -1.63128, 42.9919525 ], [ -1.6313995, 42.9922937 ], [ -1.6312437, 42.9922155 ], [ -1.6310257, 42.992056 ], [ -1.6309531, 42.9919345 ], [ -1.6308991, 42.9917417 ], [ -1.630951, 42.9916247 ], [ -1.6311295, 42.9914228 ], [ -1.6312131, 42.9913468 ] ] ] } },
{ "type": "Feature", "properties": { "stop_id": "osm-way-1352299420", "name": null }, "geometry": { "type": "Polygon", "coordinates": [ [ [ -3.6908495, 40.5076329 ], [ -3.6908935, 40.507506 ], [ -3.6908716, 40.5073754 ], [ -3.6907864, 40.5072947 ], [ -3.6907828, 40.5071848 ], [ -3.6907911, 40.5069607 ], [ -3.6907979, 40.5067777 ], [ -3.6914519, 40.5066862 ], [ -3.691441, 40.5067945 ], [ -3.6914041, 40.5068339 ], [ -3.6913646, 40.5068489 ], [ -3.6912808, 40.5069744 ], [ -3.6913104, 40.5070662 ], [ -3.6908938, 40.5076397 ], [ -3.6908495, 40.5076329 ] ] ] } },
{ "type": "Feature", "properties": { "stop_id": "osm-way-1352572260", "name": "Estación de Servicio El Portazgo" }, "geometry": { "type": "Polygon", "coordinates": [ [ [ -0.9255414, 41.6608276 ], [ -0.9258046, 41.6605979 ], [ -0.9257828, 41.6605783 ], [ -0.9257606, 41.6605579 ], [ -0.9257392, 41.6605388 ], [ -0.9257021, 41.6605093 ], [ -0.9256596, 41.6604779 ], [ -0.9256103, 41.6604458 ], [ -0.9255376, 41.6603991 ], [ -0.9254394, 41.6603363 ], [ -0.9252891, 41.6602397 ], [ -0.9251319, 41.6601392 ], [ -0.9248256, 41.659943 ], [ -0.9248538, 41.6601153 ], [ -0.9248886, 41.6604384 ], [ -0.9249166, 41.6606612 ], [ -0.924999, 41.661305 ], [ -0.9252348, 41.6612867 ], [ -0.9252321, 41.6612401 ], [ -0.9252321, 41.6612238 ], [ -0.9252364, 41.6610553 ], [ -0.9252506, 41.6607441 ], [ -0.9252521, 41.6607347 ], [ -0.9255414, 41.6608276 ] ] ] } },
{ "type": "Feature", "properties": { "stop_id": "osm-way-1352799117", "name": null }, "geometry": { "type": "Polygon", "coordinates": [ [ [ -3.6858977, 40.5029211 ], [ -3.6856639, 40.5029178 ], [ -3.6856124, 40.5036076 ], [ -3.6857733, 40.5036125 ], [ -3.6858055, 40.503588 ], [ -3.6858334, 40.5035505 ], [ -3.6859342, 40.5035521 ], [ -3.6859385, 40.5035371 ], [ -3.6859648, 40.5034577 ], [ -3.6860514, 40.5034707 ], [ -3.6860649, 40.5034658 ], [ -3.6859814, 40.5030166 ], [ -3.6859321, 40.5029302 ], [ -3.6858977, 40.5029211 ] ] ] } },
{ "type": "Feature", "properties": { "stop_id": "osm-way-1353508421", "name": null }, "geometry": { "type": "Polygon", "coordinates": [ [ [ -3.6856705, 40.5168588 ], [ -3.6849802, 40.5169513 ], [ -3.6848333, 40.5161993 ], [ -3.6848108, 40.5160843 ], [ -3.6851043, 40.5160647 ], [ -3.6852188, 40.5160571 ], [ -3.685603, 40.5167355 ], [ -3.6856705, 40.5168588 ] ] ] } },
{ "type": "Feature", "properties": { "stop_id": "osm-way-1353719325", "name": null }, "geometry": { "type": "Polygon", "coordinates": [ [ [ -2.3279118, 39.6377808 ], [ -2.3277391, 39.6379032 ], [ -2.3276171, 39.6380291 ], [ -2.327518, 39.6381443 ], [ -2.327419, 39.6384352 ], [ -2.3273822, 39.6385505 ], [ -2.3287566, 39.6396092 ], [ -2.3295261, 39.6390204 ], [ -2.3279118, 39.6377808 ] ] ] } },
{ "type": "Feature", "properties": { "stop_id": "osm-way-1353719326", "name": null }, "geometry": { "type": "Polygon", "coordinates": [ [ [ -2.3306716, 39.6390956 ], [ -2.3312406, 39.6386772 ], [ -2.3313139, 39.6385643 ], [ -2.3312763, 39.6384772 ], [ -2.3310275, 39.6382699 ], [ -2.3306323, 39.6379645 ], [ -2.3298507, 39.6373611 ], [ -2.3297774, 39.6373672 ], [ -2.3296445, 39.6374497 ], [ -2.329133, 39.637897 ], [ -2.3306716, 39.6390956 ] ] ] } },
{ "type": "Feature", "properties": { "stop_id": "osm-way-1353719327", "name": null }, "geometry": { "type": "Polygon", "coordinates": [ [ [ -2.3534911, 39.6514425 ], [ -2.3534101, 39.6513291 ], [ -2.352958, 39.6511479 ], [ -2.3519871, 39.6508905 ], [ -2.3521146, 39.6511531 ], [ -2.3513389, 39.6510733 ], [ -2.3512766, 39.6517588 ], [ -2.3512569, 39.6519264 ], [ -2.3517356, 39.6519593 ], [ -2.3517035, 39.6521158 ], [ -2.352185, 39.6522023 ], [ -2.3521395, 39.6524145 ], [ -2.3532656, 39.6526122 ], [ -2.3534911, 39.6514425 ] ] ] } },
{ "type": "Feature", "properties": { "stop_id": "osm-way-1353719328", "name": null }, "geometry": { "type": "Polygon", "coordinates": [ [ [ -2.4266217, 39.7878906 ], [ -2.4263619, 39.7880126 ], [ -2.4262753, 39.7885588 ], [ -2.4264052, 39.7892465 ], [ -2.4265965, 39.7895487 ], [ -2.4267889, 39.7897907 ], [ -2.427168, 39.7898908 ], [ -2.4272914, 39.789963 ], [ -2.4276299, 39.7904039 ], [ -2.427662, 39.7904266 ], [ -2.4277881, 39.7904678 ], [ -2.4278841, 39.7904535 ], [ -2.4283621, 39.7901133 ], [ -2.4285552, 39.7900309 ], [ -2.4277849, 39.7893076 ], [ -2.4266217, 39.7878906 ] ] ] } },
{ "type": "Feature", "properties": { "stop_id": "osm-way-1353720239", "name": null }, "geometry": { "type": "Polygon", "coordinates": [ [ [ -2.6089601, 39.8725404 ], [ -2.6090616, 39.8732896 ], [ -2.6092481, 39.8735738 ], [ -2.6096375, 39.8737 ], [ -2.6107207, 39.8735906 ], [ -2.6108715, 39.8733801 ], [ -2.6109428, 39.8726898 ], [ -2.6110004, 39.8725867 ], [ -2.6108167, 39.8725635 ], [ -2.6091576, 39.8725004 ], [ -2.6089601, 39.8725404 ] ] ] } },
{ "type": "Feature", "properties": { "stop_id": "osm-way-1353720240", "name": null }, "geometry": { "type": "Polygon", "coordinates": [ [ [ -2.7447885, 39.9127173 ], [ -2.7449413, 39.9118646 ], [ -2.7449127, 39.911762 ], [ -2.7448235, 39.9117229 ], [ -2.743199, 39.9115616 ], [ -2.7430811, 39.9115885 ], [ -2.7430015, 39.9116569 ], [ -2.7428422, 39.9125218 ], [ -2.7447885, 39.9127173 ] ] ] } },
{ "type": "Feature", "properties": { "stop_id": "osm-way-1353720241", "name": null }, "geometry": { "type": "Polygon", "coordinates": [ [ [ -2.7435016, 39.9130569 ], [ -2.7438584, 39.9142418 ], [ -2.7456134, 39.9143688 ], [ -2.7456931, 39.9143224 ], [ -2.7453968, 39.9132279 ], [ -2.7435016, 39.9130569 ] ] ] } },
{ "type": "Feature", "properties": { "stop_id": "osm-way-1354416676", "name": "Mirador Bajo del Jádraga" }, "geometry": { "type": "Polygon", "coordinates": [ [ [ -5.9374916, 37.9628499 ], [ -5.9375173, 37.96282 ], [ -5.9374616, 37.9627581 ], [ -5.9374594, 37.9627135 ], [ -5.9373896, 37.9626818 ], [ -5.9373082, 37.9626966 ], [ -5.9372639, 37.9626861 ], [ -5.9372519, 37.9627075 ], [ -5.9373853, 37.9627623 ], [ -5.9374916, 37.9628499 ] ] ] } },
{ "type": "Feature", "properties": { "stop_id": "osm-way-1354626602", "name": "Mirador del Río Almanzora" }, "geometry": { "type": "Polygon", "coordinates": [ [ [ -2.1472182, 37.3495749 ], [ -2.1471702, 37.3495977 ], [ -2.1470642, 37.3494652 ], [ -2.1471307, 37.3494371 ], [ -2.1472182, 37.3495749 ] ] ] } },
{ "type": "Feature", "properties": { "stop_id": "osm-way-1354626603", "name": null }, "geometry": { "type": "Polygon", "coordinates": [ [ [ -2.1651097, 37.3500872 ], [ -2.1652841, 37.3500745 ], [ -2.1652717, 37.3500278 ], [ -2.1651008, 37.3500533 ], [ -2.1651097, 37.3500872 ] ] ] } },
{ "type": "Feature", "properties": { "stop_id": "osm-way-1355394402", "name": null }, "geometry": { "type": "Polygon", "coordinates": [ [ [ -8.6189041, 42.1274672 ], [ -8.6188518, 42.1274083 ], [ -8.6188351, 42.1273262 ], [ -8.618856, 42.1272301 ], [ -8.6188769, 42.1271727 ], [ -8.6189417, 42.1271278 ], [ -8.618971, 42.1271092 ], [ -8.6185655, 42.1267744 ], [ -8.6175749, 42.1274192 ], [ -8.6183252, 42.1277028 ], [ -8.6189041, 42.1274672 ] ] ] } },
{ "type": "Feature", "properties": { "stop_id": "osm-way-1355425648", "name": null }, "geometry": { "type": "Polygon", "coordinates": [ [ [ -5.8303549, 43.386041 ], [ -5.8304248, 43.3859807 ], [ -5.8304817, 43.3859299 ], [ -5.8307972, 43.3857999 ], [ -5.830963, 43.3857361 ], [ -5.8310899, 43.3856581 ], [ -5.8311127, 43.3856155 ], [ -5.8311143, 43.3855671 ], [ -5.8311127, 43.3855056 ], [ -5.8309988, 43.385443 ], [ -5.8308086, 43.3854122 ], [ -5.8305955, 43.3854099 ], [ -5.8304345, 43.3854241 ], [ -5.8303858, 43.3854229 ], [ -5.8302654, 43.3856332 ], [ -5.8302508, 43.3857101 ], [ -5.8302394, 43.385794 ], [ -5.830228, 43.3858767 ], [ -5.8303549, 43.386041 ] ] ] } },
{ "type": "Feature", "properties": { "stop_id": "osm-way-1355667969", "name": "Área recreativa de la Presa de Francisco Abellán" }, "geometry": { "type": "Polygon", "coordinates": [ [ [ -3.2516293, 37.3135244 ], [ -3.2516525, 37.313601 ], [ -3.251705, 37.3136677 ], [ -3.2517812, 37.3137179 ], [ -3.2518735, 37.3137464 ], [ -3.2519724, 37.3137503 ], [ -3.2520589, 37.3137315 ], [ -3.2521498, 37.3136851 ], [ -3.2522102, 37.3136227 ], [ -3.2522439, 37.3135429 ], [ -3.2522418, 37.3134587 ], [ -3.2522041, 37.31338 ], [ -3.2521353, 37.313316 ], [ -3.2520434, 37.3132742 ], [ -3.2519391, 37.3132594 ], [ -3.2518347, 37.3132735 ], [ -3.2517424, 37.3133148 ], [ -3.2516766, 37.3133736 ], [ -3.2516376, 37.313446 ], [ -3.2516293, 37.3135244 ] ] ] } },
{ "type": "Feature", "properties": { "stop_id": "osm-way-1356180813", "name": null }, "geometry": { "type": "Polygon", "coordinates": [ [ [ -5.8815329, 43.3512854 ], [ -5.8814242, 43.3512821 ], [ -5.8813196, 43.3512689 ], [ -5.8812915, 43.3512667 ], [ -5.8811436, 43.3512223 ], [ -5.8810199, 43.3512068 ], [ -5.8808793, 43.3512243 ], [ -5.8807366, 43.3513457 ], [ -5.8806906, 43.3515131 ], [ -5.8808172, 43.3517641 ], [ -5.8809526, 43.3519764 ], [ -5.88108, 43.3517664 ], [ -5.8811607, 43.3516645 ], [ -5.8812626, 43.3515708 ], [ -5.8813914, 43.3514741 ], [ -5.8815358, 43.3513866 ], [ -5.8817227, 43.3512816 ], [ -5.8815329, 43.3512854 ] ] ] } },
{ "type": "Feature", "properties": { "stop_id": "osm-way-1356883097", "name": null }, "geometry": { "type": "Polygon", "coordinates": [ [ [ -2.7542873, 42.8454893 ], [ -2.7540855, 42.8455301 ], [ -2.753879, 42.8455803 ], [ -2.7537301, 42.8456265 ], [ -2.7534928, 42.8457156 ], [ -2.7538155, 42.8462661 ], [ -2.7541164, 42.8461456 ], [ -2.7543424, 42.8460364 ], [ -2.7548717, 42.8458404 ], [ -2.7549986, 42.8458023 ], [ -2.7549874, 42.8457037 ], [ -2.7549539, 42.8457032 ], [ -2.7548774, 42.8456914 ], [ -2.7547963, 42.8456653 ], [ -2.7547199, 42.8456324 ], [ -2.7546749, 42.8456024 ], [ -2.7546146, 42.8455513 ], [ -2.7545663, 42.845509 ], [ -2.7545227, 42.8454888 ], [ -2.7544724, 42.8454775 ], [ -2.7544034, 42.845475 ], [ -2.7542873, 42.8454893 ] ] ] } },
{ "type": "Feature", "properties": { "stop_id": "osm-way-1356909868", "name": null }, "geometry": { "type": "Polygon", "coordinates": [ [ [ -0.8288364, 42.7620757 ], [ -0.8291239, 42.7621195 ], [ -0.8291116, 42.7623276 ], [ -0.8291732, 42.7626804 ], [ -0.8288836, 42.762697 ], [ -0.828366, 42.7626096 ], [ -0.8282736, 42.7625688 ], [ -0.8282489, 42.7625266 ], [ -0.8282263, 42.7624663 ], [ -0.8282222, 42.762403 ], [ -0.8282304, 42.762317 ], [ -0.8282982, 42.7622446 ], [ -0.8285467, 42.7621511 ], [ -0.8288364, 42.7620757 ] ] ] } },
{ "type": "Feature", "properties": { "stop_id": "osm-way-1359158109", "name": null }, "geometry": { "type": "Polygon", "coordinates": [ [ [ -15.4013135, 28.1620524 ], [ -15.401313, 28.1619024 ], [ -15.4013156, 28.1618818 ], [ -15.4013259, 28.1618645 ], [ -15.4013421, 28.1618487 ], [ -15.4013719, 28.1618196 ], [ -15.4013951, 28.1618087 ], [ -15.401425, 28.1617973 ], [ -15.401465, 28.1617928 ], [ -15.401509, 28.1617931 ], [ -15.4015571, 28.1618024 ], [ -15.401591, 28.1618147 ], [ -15.4016258, 28.1618394 ], [ -15.4016662, 28.16188 ], [ -15.4016906, 28.1619159 ], [ -15.4016436, 28.1619423 ], [ -15.4016201, 28.1619079 ], [ -15.4015989, 28.1618842 ], [ -15.4015791, 28.1618657 ], [ -15.4015554, 28.1618532 ], [ -15.401535, 28.1618463 ], [ -15.4015138, 28.1618417 ], [ -15.4014972, 28.1618425 ], [ -15.4014671, 28.1618411 ], [ -15.401446, 28.1618422 ], [ -15.4014296, 28.161848 ], [ -15.4014128, 28.1618589 ], [ -15.4013917, 28.1618749 ], [ -15.4013752, 28.1618955 ], [ -15.401366, 28.1619161 ], [ -15.4013624, 28.1619373 ], [ -15.4013615, 28.161962 ], [ -15.4013626, 28.1620521 ], [ -15.4013135, 28.1620524 ] ] ] } },
{ "type": "Feature", "properties": { "stop_id": "osm-way-1359428530", "name": "Área de Servicio El Villa" }, "geometry": { "type": "Polygon", "coordinates": [ [ [ -1.7007027, 42.13643 ], [ -1.7007141, 42.1367492 ], [ -1.7004592, 42.1369927 ], [ -1.7000006, 42.1371397 ], [ -1.6997797, 42.1370809 ], [ -1.6996042, 42.136892 ], [ -1.6995362, 42.1365266 ], [ -1.6994626, 42.1363881 ], [ -1.6983527, 42.1358254 ], [ -1.6978484, 42.1355899 ], [ -1.6975193, 42.1353939 ], [ -1.6968005, 42.134987 ], [ -1.6967612, 42.1349205 ], [ -1.696971, 42.1347923 ], [ -1.6967955, 42.1345908 ], [ -1.6969201, 42.1345488 ], [ -1.696894, 42.1344936 ], [ -1.6968891, 42.1344586 ], [ -1.6968965, 42.1344016 ], [ -1.6969176, 42.1343482 ], [ -1.6969622, 42.1342866 ], [ -1.6970354, 42.1341955 ], [ -1.6971446, 42.1340603 ], [ -1.6973195, 42.1336795 ], [ -1.6973344, 42.1336648 ], [ -1.6973108, 42.1333394 ], [ -1.6973731, 42.1332512 ], [ -1.6975939, 42.1331714 ], [ -1.6978487, 42.133184 ], [ -1.6983527, 42.1334444 ], [ -1.6985509, 42.1336081 ], [ -1.6986698, 42.1337887 ], [ -1.6987718, 42.1338139 ], [ -1.6989247, 42.1337677 ], [ -1.6990549, 42.1337635 ], [ -1.6992644, 42.1339105 ], [ -1.699321, 42.1340449 ], [ -1.6995136, 42.134217 ], [ -1.6997401, 42.1344228 ], [ -1.6998024, 42.1343808 ], [ -1.6999779, 42.1344228 ], [ -1.7001308, 42.1345572 ], [ -1.7001988, 42.1347545 ], [ -1.700748, 42.1350569 ], [ -1.700799, 42.1351493 ], [ -1.700782, 42.1352459 ], [ -1.700312, 42.1353634 ], [ -1.7010085, 42.1359303 ], [ -1.7008509, 42.136089 ], [ -1.7006914, 42.1362495 ], [ -1.699423, 42.1355902 ], [ -1.6991512, 42.1356574 ], [ -1.6985849, 42.1356784 ], [ -1.6994173, 42.1361193 ], [ -1.6998137, 42.1363083 ], [ -1.7000798, 42.1362831 ], [ -1.700278, 42.1361865 ], [ -1.7004026, 42.1361571 ], [ -1.7007197, 42.1363167 ], [ -1.7007027, 42.13643 ] ] ] } },
{ "type": "Feature", "properties": { "stop_id": "osm-way-1359428538", "name": null }, "geometry": { "type": "Polygon", "coordinates": [ [ [ -1.6909832, 42.135155 ], [ -1.6914545, 42.1348916 ], [ -1.6920953, 42.1345367 ], [ -1.6916197, 42.1347466 ], [ -1.6912969, 42.134839 ], [ -1.6910534, 42.134839 ], [ -1.6907703, 42.1347382 ], [ -1.6905494, 42.1345912 ], [ -1.6907306, 42.1342049 ], [ -1.690661, 42.1341707 ], [ -1.6905708, 42.1341264 ], [ -1.6897044, 42.1353022 ], [ -1.6892513, 42.1358817 ], [ -1.6893097, 42.1358895 ], [ -1.6893919, 42.1358953 ], [ -1.6894887, 42.1358983 ], [ -1.6896218, 42.135828 ], [ -1.6900333, 42.1353405 ], [ -1.6902854, 42.1354332 ], [ -1.6904548, 42.1352178 ], [ -1.6905717, 42.1351251 ], [ -1.6909428, 42.1350264 ], [ -1.6909751, 42.1350503 ], [ -1.6909791, 42.1350832 ], [ -1.6909832, 42.135155 ] ] ] } },
{ "type": "Feature", "properties": { "stop_id": "osm-way-1363650132", "name": "Zona Recreativa Embalse de los Ángeles" }, "geometry": { "type": "Polygon", "coordinates": [ [ [ -4.2503679, 40.7889249 ], [ -4.2502501, 40.788975 ], [ -4.2501936, 40.7890062 ], [ -4.2502166, 40.7891265 ], [ -4.2502159, 40.7891924 ], [ -4.2501515, 40.7893468 ], [ -4.2501027, 40.7894576 ], [ -4.2501151, 40.7895214 ], [ -4.2501429, 40.7895265 ], [ -4.2501692, 40.789683 ], [ -4.2501808, 40.7897241 ], [ -4.2501962, 40.789758 ], [ -4.2502197, 40.789792 ], [ -4.2502454, 40.7898207 ], [ -4.2502833, 40.7898704 ], [ -4.2505997, 40.7897389 ], [ -4.2506707, 40.7896569 ], [ -4.2506415, 40.7894976 ], [ -4.2505878, 40.7891971 ], [ -4.2504591, 40.7890183 ], [ -4.2503679, 40.7889249 ] ] ] } },
{ "type": "Feature", "properties": { "stop_id": "osm-way-1365714135", "name": null }, "geometry": { "type": "Polygon", "coordinates": [ [ [ -0.7900086, 42.7338324 ], [ -0.7897354, 42.7338363 ], [ -0.7896162, 42.7338017 ], [ -0.7895666, 42.7337397 ], [ -0.7895914, 42.7336303 ], [ -0.7896979, 42.7335279 ], [ -0.7897914, 42.7336755 ], [ -0.7898322, 42.7337279 ], [ -0.7898978, 42.7337839 ], [ -0.7900086, 42.7338324 ] ] ] } },
{ "type": "Feature", "properties": { "stop_id": "osm-way-1369736672", "name": null }, "geometry": { "type": "Polygon", "coordinates": [ [ [ -5.0191708, 40.7064868 ], [ -5.0189862, 40.7058427 ], [ -5.0209646, 40.705641 ], [ -5.0208144, 40.7062949 ], [ -5.0191708, 40.7064868 ] ] ] } },
{ "type": "Feature", "properties": { "stop_id": "osm-way-1370124591", "name": null }, "geometry": { "type": "Polygon", "coordinates": [ [ [ -1.7184734, 42.8185809 ], [ -1.7184058, 42.8185984 ], [ -1.7183116, 42.8185736 ], [ -1.7181388, 42.8185873 ], [ -1.7180733, 42.8185684 ], [ -1.7180227, 42.8185738 ], [ -1.7179948, 42.818424 ], [ -1.7184665, 42.81839 ], [ -1.7184692, 42.8184049 ], [ -1.7184796, 42.8184893 ], [ -1.7184325, 42.8185057 ], [ -1.7184526, 42.8185377 ], [ -1.7184734, 42.8185809 ] ] ] } },
{ "type": "Feature", "properties": { "stop_id": "osm-way-1371238203", "name": "Abades Áreas (Alcalá de los Gazules)" }, "geometry": { "type": "Polygon", "coordinates": [ [ [ -5.7496811, 36.4473864 ], [ -5.7499173, 36.4472757 ], [ -5.7504739, 36.4467635 ], [ -5.7497776, 36.4462364 ], [ -5.7495537, 36.4461951 ], [ -5.7493011, 36.446162 ], [ -5.7491963, 36.4461389 ], [ -5.7491347, 36.446162 ], [ -5.7491265, 36.4462116 ], [ -5.7490628, 36.4462678 ], [ -5.7488746, 36.4464422 ], [ -5.7488492, 36.4464743 ], [ -5.7490382, 36.4466049 ], [ -5.7489355, 36.4467023 ], [ -5.7496092, 36.4472311 ], [ -5.7496112, 36.4472939 ], [ -5.7495989, 36.4473302 ], [ -5.7496547, 36.4473684 ], [ -5.7496811, 36.4473864 ] ] ] } },
{ "type": "Feature", "properties": { "stop_id": "osm-way-1371655883", "name": null }, "geometry": { "type": "Polygon", "coordinates": [ [ [ 1.5758028, 41.9628425 ], [ 1.5764345, 41.9626318 ], [ 1.5763759, 41.9627646 ], [ 1.5765115, 41.9629525 ], [ 1.5763543, 41.9629937 ], [ 1.5764067, 41.9630693 ], [ 1.5762588, 41.9631312 ], [ 1.5761479, 41.9630418 ], [ 1.5758028, 41.9628425 ] ] ] } },
{ "type": "Feature", "properties": { "stop_id": "osm-way-1371655884", "name": null }, "geometry": { "type": "Polygon", "coordinates": [ [ [ 1.5760216, 41.962476 ], [ 1.5761325, 41.962492 ], [ 1.5766101, 41.9623225 ], [ 1.5764191, 41.962114 ], [ 1.5762619, 41.9620017 ], [ 1.5759045, 41.96213 ], [ 1.5760709, 41.9623477 ], [ 1.5760216, 41.962476 ] ] ] } },
{ "type": "Feature", "properties": { "stop_id": "osm-way-1376736705", "name": null }, "geometry": { "type": "Polygon", "coordinates": [ [ [ -2.9759777, 43.2962628 ], [ -2.9759782, 43.2962912 ], [ -2.975991, 43.2963179 ], [ -2.9760146, 43.2963404 ], [ -2.9760468, 43.2963564 ], [ -2.9760842, 43.2963642 ], [ -2.9761256, 43.2963626 ], [ -2.976164, 43.2963511 ], [ -2.9761948, 43.2963309 ], [ -2.9762146, 43.2963044 ], [ -2.976221, 43.2962745 ], [ -2.9762134, 43.2962449 ], [ -2.9761926, 43.2962187 ], [ -2.976161, 43.2961992 ], [ -2.9761223, 43.2961884 ], [ -2.9760808, 43.2961877 ], [ -2.9760437, 43.2961962 ], [ -2.9760122, 43.2962129 ], [ -2.9759894, 43.2962358 ], [ -2.9759777, 43.2962628 ] ] ] } },
{ "type": "Feature", "properties": { "stop_id": "osm-way-1377191204", "name": null }, "geometry": { "type": "Polygon", "coordinates": [ [ [ 3.0254157, 39.7736114 ], [ 3.0253354, 39.7737519 ], [ 3.0253427, 39.7737524 ], [ 3.0254503, 39.7737961 ], [ 3.0255416, 39.7736766 ], [ 3.0254245, 39.7736191 ], [ 3.0254193, 39.7736158 ], [ 3.0254157, 39.7736114 ] ] ] } },
{ "type": "Feature", "properties": { "stop_id": "osm-way-1377191205", "name": null }, "geometry": { "type": "Polygon", "coordinates": [ [ [ 3.0244733, 39.7738053 ], [ 3.0245444, 39.7737074 ], [ 3.0243538, 39.773639 ], [ 3.0243109, 39.7736986 ], [ 3.0244733, 39.7738053 ] ] ] } },
{ "type": "Feature", "properties": { "stop_id": "osm-way-1377191206", "name": null }, "geometry": { "type": "Polygon", "coordinates": [ [ [ 3.0245084, 39.7739376 ], [ 3.0245806, 39.7738391 ], [ 3.0250122, 39.774116 ], [ 3.0249451, 39.7742125 ], [ 3.0245084, 39.7739376 ] ] ] } },
{ "type": "Feature", "properties": { "stop_id": "osm-way-1377191207", "name": null }, "geometry": { "type": "Polygon", "coordinates": [ [ [ 3.0243305, 39.7741811 ], [ 3.0243994, 39.77409 ], [ 3.0249122, 39.7742598 ], [ 3.0248412, 39.7743619 ], [ 3.0243305, 39.7741811 ] ] ] } },
{ "type": "Feature", "properties": { "stop_id": "osm-way-1377191208", "name": null }, "geometry": { "type": "Polygon", "coordinates": [ [ [ 3.0248507, 39.7747915 ], [ 3.0249058, 39.7747061 ], [ 3.0249236, 39.7746805 ], [ 3.0249454, 39.7746462 ], [ 3.0247515, 39.7745586 ], [ 3.0247311, 39.7745841 ], [ 3.0246923, 39.7746328 ], [ 3.0246737, 39.7746561 ], [ 3.0246054, 39.7747412 ], [ 3.0248507, 39.7747915 ] ] ] } },
{ "type": "Feature", "properties": { "stop_id": "osm-way-1377191278", "name": null }, "geometry": { "type": "Polygon", "coordinates": [ [ [ 3.025748, 39.7739418 ], [ 3.0257776, 39.7738945 ], [ 3.0257832, 39.7738891 ], [ 3.0257919, 39.773885 ], [ 3.0258026, 39.7738816 ], [ 3.025815, 39.7738812 ], [ 3.0258242, 39.7738825 ], [ 3.02585, 39.773893 ], [ 3.0264627, 39.7742289 ], [ 3.0263746, 39.7743403 ], [ 3.0262457, 39.7743571 ], [ 3.0261622, 39.7743653 ], [ 3.0260685, 39.7743674 ], [ 3.0260008, 39.7743566 ], [ 3.0259191, 39.7743064 ], [ 3.0258864, 39.7742418 ], [ 3.025884, 39.774143 ], [ 3.0258724, 39.7740479 ], [ 3.025842, 39.7739797 ], [ 3.025748, 39.7739418 ] ] ] } },
{ "type": "Feature", "properties": { "stop_id": "osm-way-1378030198", "name": null }, "geometry": { "type": "Polygon", "coordinates": [ [ [ -4.0934982, 40.3786993 ], [ -4.0933565, 40.3784774 ], [ -4.0928967, 40.3786696 ], [ -4.0929892, 40.3788382 ], [ -4.092994, 40.3789087 ], [ -4.0934982, 40.3786993 ] ] ] } },
{ "type": "Feature", "properties": { "stop_id": "osm-way-1378030199", "name": null }, "geometry": { "type": "Polygon", "coordinates": [ [ [ -4.0922332, 40.3794711 ], [ -4.0924344, 40.3797892 ], [ -4.092439, 40.3799916 ], [ -4.0935073, 40.3799769 ], [ -4.0932368, 40.3798548 ], [ -4.0930357, 40.3796609 ], [ -4.0928566, 40.3793123 ], [ -4.0928566, 40.3792834 ], [ -4.0928812, 40.3792585 ], [ -4.0921798, 40.379452 ], [ -4.092214, 40.3794589 ], [ -4.0922332, 40.3794711 ] ] ] } },
{ "type": "Feature", "properties": { "stop_id": "osm-way-1379308534", "name": null }, "geometry": { "type": "Polygon", "coordinates": [ [ [ -3.5275834, 39.5003881 ], [ -3.5277627, 39.5003608 ], [ -3.5279177, 39.5003045 ], [ -3.5281699, 39.500159 ], [ -3.528353, 39.5000062 ], [ -3.5284576, 39.4998591 ], [ -3.528452, 39.499702 ], [ -3.5284109, 39.4996631 ], [ -3.5282951, 39.4996444 ], [ -3.5282367, 39.4996435 ], [ -3.5278687, 39.4996107 ], [ -3.527772, 39.4995939 ], [ -3.5277141, 39.499568 ], [ -3.5275223, 39.5003486 ], [ -3.5275834, 39.5003881 ] ] ] } },
{ "type": "Feature", "properties": { "stop_id": "osm-way-1379877899", "name": null }, "geometry": { "type": "Polygon", "coordinates": [ [ [ -3.3902311, 38.88505 ], [ -3.3903051, 38.8850918 ], [ -3.3903394, 38.8850575 ], [ -3.3905701, 38.8851845 ], [ -3.3905959, 38.8851995 ], [ -3.3907278, 38.8851987 ], [ -3.3908265, 38.8851394 ], [ -3.3909832, 38.8850625 ], [ -3.3911623, 38.8850016 ], [ -3.3913844, 38.8849473 ], [ -3.3914831, 38.8848922 ], [ -3.3915711, 38.884812 ], [ -3.3917953, 38.8844211 ], [ -3.3918232, 38.8843293 ], [ -3.3918737, 38.8838407 ], [ -3.3908233, 38.8838123 ], [ -3.3906012, 38.8841238 ], [ -3.3903877, 38.8844988 ], [ -3.3902579, 38.8847042 ], [ -3.3901656, 38.884878 ], [ -3.390156, 38.8849573 ], [ -3.3902311, 38.88505 ] ] ] } },
{ "type": "Feature", "properties": { "stop_id": "osm-way-1380860118", "name": null }, "geometry": { "type": "Polygon", "coordinates": [ [ [ -2.9239147, 43.069444 ], [ -2.923743, 43.06996 ], [ -2.9234998, 43.0698646 ], [ -2.9234444, 43.0698359 ], [ -2.9234176, 43.0697862 ], [ -2.9234301, 43.0697274 ], [ -2.9235088, 43.0696425 ], [ -2.9237841, 43.0694975 ], [ -2.9239147, 43.069444 ] ] ] } },
{ "type": "Feature", "properties": { "stop_id": "osm-way-1381250167", "name": null }, "geometry": { "type": "Polygon", "coordinates": [ [ [ -6.7936859, 40.592239 ], [ -6.7932829, 40.592231 ], [ -6.7928271, 40.592203 ], [ -6.7919552, 40.592193 ], [ -6.7912018, 40.592085 ], [ -6.7911596, 40.592189 ], [ -6.789579, 40.591999 ], [ -6.789766, 40.5914148 ], [ -6.7897924, 40.5912008 ], [ -6.7898635, 40.5910588 ], [ -6.7902718, 40.5911508 ], [ -6.7937281, 40.5918709 ], [ -6.7937992, 40.591983 ], [ -6.7936859, 40.592239 ] ] ] } },
{ "type": "Feature", "properties": { "stop_id": "osm-way-1381336759", "name": null }, "geometry": { "type": "Polygon", "coordinates": [ [ [ -6.0498109, 40.850753 ], [ -6.0496688, 40.849982 ], [ -6.04987, 40.8499881 ], [ -6.0499343, 40.8498907 ], [ -6.0499638, 40.8494302 ], [ -6.0500765, 40.8492618 ], [ -6.0503715, 40.849209 ], [ -6.0508516, 40.8493328 ], [ -6.0510555, 40.8496209 ], [ -6.0512379, 40.8502397 ], [ -6.0501435, 40.8506495 ], [ -6.0498109, 40.850753 ] ] ] } },
{ "type": "Feature", "properties": { "stop_id": "osm-way-1381351410", "name": null }, "geometry": { "type": "Polygon", "coordinates": [ [ [ -5.5450997, 41.0581749 ], [ -5.5445901, 41.0576814 ], [ -5.5444184, 41.0576187 ], [ -5.544236, 41.0576491 ], [ -5.5438755, 41.0576437 ], [ -5.5434812, 41.0579552 ], [ -5.5440859, 41.0584695 ], [ -5.544354, 41.0586927 ], [ -5.5449548, 41.0583226 ], [ -5.5450997, 41.0581749 ] ] ] } },
{ "type": "Feature", "properties": { "stop_id": "osm-way-1384388513", "name": null }, "geometry": { "type": "Polygon", "coordinates": [ [ [ -5.7074952, 41.5469994 ], [ -5.7074425, 41.5469658 ], [ -5.707251, 41.5468434 ], [ -5.7071722, 41.5467931 ], [ -5.7074135, 41.5465202 ], [ -5.707812, 41.5460696 ], [ -5.7080555, 41.5457943 ], [ -5.7080708, 41.545777 ], [ -5.7080959, 41.5457532 ], [ -5.7081123, 41.5457416 ], [ -5.7081316, 41.5457358 ], [ -5.7081489, 41.5457387 ], [ -5.708578, 41.5459451 ], [ -5.7085934, 41.5459603 ], [ -5.7086012, 41.545979 ], [ -5.708604, 41.5459993 ], [ -5.7085963, 41.5460216 ], [ -5.7085772, 41.5460489 ], [ -5.7085502, 41.5460824 ], [ -5.7084174, 41.5462147 ], [ -5.7082496, 41.546385 ], [ -5.7082332, 41.5464007 ], [ -5.7081166, 41.546512 ], [ -5.7079912, 41.5466246 ], [ -5.7078562, 41.5467415 ], [ -5.707729, 41.5468425 ], [ -5.7076047, 41.5469277 ], [ -5.7074952, 41.5469994 ] ] ] } },
{ "type": "Feature", "properties": { "stop_id": "osm-way-1385806712", "name": "Estación de Servicio Almaraz KM 200" }, "geometry": { "type": "Polygon", "coordinates": [ [ [ -5.6932648, 39.7917542 ], [ -5.6951461, 39.7918275 ], [ -5.6955606, 39.7917517 ], [ -5.6955606, 39.7918983 ], [ -5.6968498, 39.7920499 ], [ -5.6968696, 39.7919918 ], [ -5.6975241, 39.7920701 ], [ -5.6975833, 39.7917517 ], [ -5.6972873, 39.7914636 ], [ -5.6973003, 39.7914185 ], [ -5.6973374, 39.7912892 ], [ -5.6973279, 39.790996 ], [ -5.6972694, 39.790893 ], [ -5.6972221, 39.7908407 ], [ -5.6970767, 39.7907841 ], [ -5.6968084, 39.7907362 ], [ -5.6959433, 39.7907914 ], [ -5.6931815, 39.7912994 ], [ -5.6932648, 39.7917542 ] ] ] } },
{ "type": "Feature", "properties": { "stop_id": "osm-way-1386541792", "name": null }, "geometry": { "type": "Polygon", "coordinates": [ [ [ -0.1026966, 39.8972631 ], [ -0.1026896, 39.8972733 ], [ -0.10264, 39.8972535 ], [ -0.1026185, 39.8972853 ], [ -0.1025643, 39.8973004 ], [ -0.1025669, 39.8972555 ], [ -0.1023956, 39.8972958 ], [ -0.1023545, 39.8972852 ], [ -0.1023994, 39.8972165 ], [ -0.1022342, 39.8971529 ], [ -0.1022025, 39.8972034 ], [ -0.1021421, 39.8971831 ], [ -0.1021302, 39.8971848 ], [ -0.1020815, 39.897097 ], [ -0.1020269, 39.8970161 ], [ -0.1019901, 39.8969814 ], [ -0.102429, 39.8971454 ], [ -0.1027036, 39.8972529 ], [ -0.1026966, 39.8972631 ] ] ] } },
{ "type": "Feature", "properties": { "stop_id": "osm-way-1387994960", "name": null }, "geometry": { "type": "Polygon", "coordinates": [ [ [ -4.6586754, 37.05222 ], [ -4.6582457, 37.0521882 ], [ -4.6573158, 37.0519244 ], [ -4.6565479, 37.0516634 ], [ -4.6568716, 37.0511184 ], [ -4.6566978, 37.0508872 ], [ -4.657298, 37.0506173 ], [ -4.6574067, 37.0507978 ], [ -4.6575026, 37.0510799 ], [ -4.6582119, 37.0512024 ], [ -4.6583254, 37.051413 ], [ -4.6585502, 37.0519908 ], [ -4.6586754, 37.05222 ] ] ] } },
{ "type": "Feature", "properties": { "stop_id": "osm-way-1388534976", "name": "Área de Servicio AP-7 (Manilva)" }, "geometry": { "type": "Polygon", "coordinates": [ [ [ -5.2677062, 36.3343521 ], [ -5.2677195, 36.3343992 ], [ -5.2677195, 36.3344224 ], [ -5.2677082, 36.3344439 ], [ -5.2676534, 36.3344602 ], [ -5.2675932, 36.3344762 ], [ -5.2675162, 36.3344117 ], [ -5.2673816, 36.3343297 ], [ -5.2662831, 36.3338925 ], [ -5.266149, 36.3338147 ], [ -5.2656692, 36.3332248 ], [ -5.2652621, 36.3327243 ], [ -5.2652424, 36.332609 ], [ -5.2652389, 36.3325212 ], [ -5.2652205, 36.3324101 ], [ -5.2652103, 36.3323483 ], [ -5.2651852, 36.3322748 ], [ -5.2651873, 36.3321991 ], [ -5.265196, 36.3318542 ], [ -5.265212, 36.3317058 ], [ -5.2652202, 36.331585 ], [ -5.2652335, 36.331386 ], [ -5.2651942, 36.3312477 ], [ -5.2651995, 36.3312218 ], [ -5.265238, 36.3312194 ], [ -5.2652778, 36.3312079 ], [ -5.2653497, 36.3311872 ], [ -5.265457, 36.3314134 ], [ -5.2656466, 36.331726 ], [ -5.2660793, 36.332308 ], [ -5.2665889, 36.3329346 ], [ -5.2671039, 36.3335165 ], [ -5.2673578, 36.3338536 ], [ -5.2676546, 36.3342699 ], [ -5.2677062, 36.3343521 ] ] ] } },
{ "type": "Feature", "properties": { "stop_id": "osm-way-1388534998", "name": "Área de Servicio AP-7 (Manilva)" }, "geometry": { "type": "Polygon", "coordinates": [ [ [ -5.2676833, 36.332352 ], [ -5.2677728, 36.3324885 ], [ -5.267785, 36.3325747 ], [ -5.267808, 36.3326828 ], [ -5.267904, 36.332788 ], [ -5.2679839, 36.3328623 ], [ -5.2681059, 36.333014 ], [ -5.2681371, 36.3331789 ], [ -5.2681615, 36.3335206 ], [ -5.2681581, 36.3336666 ], [ -5.2681506, 36.3339878 ], [ -5.2681549, 36.3341849 ], [ -5.2681644, 36.3342384 ], [ -5.268131, 36.3342544 ], [ -5.2680899, 36.3342657 ], [ -5.2680397, 36.3342668 ], [ -5.2680189, 36.3342168 ], [ -5.2679788, 36.3341702 ], [ -5.2676838, 36.3337387 ], [ -5.2674243, 36.3333957 ], [ -5.2670786, 36.3329547 ], [ -5.266707, 36.3325356 ], [ -5.2664251, 36.3321792 ], [ -5.2660841, 36.3317059 ], [ -5.2660511, 36.3316374 ], [ -5.2657278, 36.3311238 ], [ -5.2657719, 36.3311212 ], [ -5.2658295, 36.3311107 ], [ -5.2662482, 36.3313225 ], [ -5.2665463, 36.3314699 ], [ -5.2670139, 36.3316948 ], [ -5.2671385, 36.3317439 ], [ -5.2672131, 36.3318083 ], [ -5.2676833, 36.332352 ] ] ] } },
{ "type": "Feature", "properties": { "stop_id": "osm-way-1388959441", "name": null }, "geometry": { "type": "Polygon", "coordinates": [ [ [ -4.3175772, 37.2566117 ], [ -4.3175822, 37.2566703 ], [ -4.3175535, 37.2567289 ], [ -4.3174836, 37.2567865 ], [ -4.3173177, 37.2568719 ], [ -4.3171941, 37.2569136 ], [ -4.3170594, 37.2569215 ], [ -4.3168971, 37.2569116 ], [ -4.3168547, 37.2568868 ], [ -4.3170257, 37.2568371 ], [ -4.3172241, 37.2567656 ], [ -4.3174063, 37.2566872 ], [ -4.3175772, 37.2566117 ] ] ] } },
{ "type": "Feature", "properties": { "stop_id": "osm-way-1390887716", "name": null }, "geometry": { "type": "Polygon", "coordinates": [ [ [ -1.0475376, 42.6111267 ], [ -1.0468306, 42.6109953 ], [ -1.0468232, 42.6109297 ], [ -1.0470614, 42.6107619 ], [ -1.0471908, 42.610647 ], [ -1.047423, 42.610585 ], [ -1.0475934, 42.6105775 ], [ -1.0477783, 42.6106017 ], [ -1.0479036, 42.6106818 ], [ -1.0478625, 42.6108178 ], [ -1.0477988, 42.6109206 ], [ -1.0477167, 42.6109599 ], [ -1.0476263, 42.6109871 ], [ -1.0475749, 42.6110446 ], [ -1.0475376, 42.6111267 ] ] ] } },
{ "type": "Feature", "properties": { "stop_id": "osm-way-1391911566", "name": null }, "geometry": { "type": "Polygon", "coordinates": [ [ [ -3.6380139, 40.9976472 ], [ -3.6380802, 40.9976827 ], [ -3.6376428, 40.9980828 ], [ -3.6374964, 40.9982227 ], [ -3.6374127, 40.9981633 ], [ -3.6374133, 40.9981306 ], [ -3.6374149, 40.9980386 ], [ -3.6373749, 40.9979433 ], [ -3.6373782, 40.9978698 ], [ -3.6373628, 40.9978 ], [ -3.637396, 40.9977814 ], [ -3.6376749, 40.9977146 ], [ -3.6377856, 40.9977143 ], [ -3.6379599, 40.9976154 ], [ -3.6380139, 40.9976472 ] ] ] } },
{ "type": "Feature", "properties": { "stop_id": "osm-way-1411481590", "name": "Repsol" }, "geometry": { "type": "Polygon", "coordinates": [ [ [ -0.5241904, 38.9941471 ], [ -0.5243513, 38.9941154 ], [ -0.5249144, 38.9940102 ], [ -0.5249439, 38.994307 ], [ -0.5246648, 38.9943547 ], [ -0.5247036, 38.9944769 ], [ -0.5243411, 38.9945493 ], [ -0.5243126, 38.9944957 ], [ -0.5242649, 38.994388 ], [ -0.5242247, 38.9942629 ], [ -0.5241904, 38.9941471 ] ] ] } },
{ "type": "Feature", "properties": { "stop_id": "osm-way-1413009222", "name": null }, "geometry": { "type": "Polygon", "coordinates": [ [ [ -3.7022113, 42.3196491 ], [ -3.7024393, 42.3196893 ], [ -3.7024591, 42.3194545 ], [ -3.7025583, 42.3191983 ], [ -3.7025389, 42.3190961 ], [ -3.7024883, 42.3190142 ], [ -3.7024112, 42.318965 ], [ -3.7022113, 42.3196491 ] ] ] } },
{ "type": "Feature", "properties": { "stop_id": "osm-way-1413304850", "name": "Estación de Servicio El Higuerón" }, "geometry": { "type": "Polygon", "coordinates": [ [ [ -5.349962, 36.1868163 ], [ -5.3499525, 36.1863246 ], [ -5.3497073, 36.1862782 ], [ -5.3496707, 36.186276 ], [ -5.3496395, 36.1862842 ], [ -5.3496131, 36.1863044 ], [ -5.3495724, 36.186428 ], [ -5.3494898, 36.186655 ], [ -5.3496991, 36.1866943 ], [ -5.3496903, 36.1867359 ], [ -5.3498238, 36.1867611 ], [ -5.3498218, 36.1867884 ], [ -5.349962, 36.1868163 ] ] ] } },
{ "type": "Feature", "properties": { "stop_id": "osm-way-1414463081", "name": "Baratoil" }, "geometry": { "type": "Polygon", "coordinates": [ [ [ -8.6651571, 42.0368453 ], [ -8.6652295, 42.0368488 ], [ -8.6651898, 42.0360285 ], [ -8.6646037, 42.0360424 ], [ -8.6647485, 42.0369303 ], [ -8.6647555, 42.0372165 ], [ -8.6648431, 42.0372136 ], [ -8.6650846, 42.0372306 ], [ -8.6651641, 42.0372269 ], [ -8.6651571, 42.0368453 ] ] ] } },
{ "type": "Feature", "properties": { "stop_id": "osm-way-1414509678", "name": "Àrea de Servei Campàs" }, "geometry": { "type": "Polygon", "coordinates": [ [ [ 0.0092214, 40.103569 ], [ 0.0098866, 40.1041024 ], [ 0.0081003, 40.1059365 ], [ 0.0077087, 40.1054031 ], [ 0.0087333, 40.1043322 ], [ 0.0092214, 40.103569 ] ] ] } },
{ "type": "Feature", "properties": { "stop_id": "osm-way-1414667257", "name": null }, "geometry": { "type": "Polygon", "coordinates": [ [ [ -1.6774028, 42.8403106 ], [ -1.6774524, 42.8402422 ], [ -1.6774279, 42.8401067 ], [ -1.6773328, 42.8401302 ], [ -1.677317, 42.8401197 ], [ -1.6772495, 42.8399281 ], [ -1.6772251, 42.8399134 ], [ -1.6769509, 42.8399755 ], [ -1.676648, 42.8399786 ], [ -1.6767861, 42.8403065 ], [ -1.676833, 42.8404244 ], [ -1.6771905, 42.8403548 ], [ -1.6774028, 42.8403106 ] ] ] } },
{ "type": "Feature", "properties": { "stop_id": "osm-way-1415152729", "name": null }, "geometry": { "type": "Polygon", "coordinates": [ [ [ -1.68874, 42.8263078 ], [ -1.6887084, 42.826385 ], [ -1.6884782, 42.8263292 ], [ -1.688242, 42.8262742 ], [ -1.6882036, 42.8262653 ], [ -1.6879627, 42.8262128 ], [ -1.6880196, 42.8260924 ], [ -1.6881025, 42.8260304 ], [ -1.6882782, 42.8259695 ], [ -1.6888506, 42.8260161 ], [ -1.6887909, 42.8261777 ], [ -1.68874, 42.8263078 ] ] ] } },
{ "type": "Feature", "properties": { "stop_id": "osm-way-1415255179", "name": null }, "geometry": { "type": "Polygon", "coordinates": [ [ [ -1.688903, 42.8213959 ], [ -1.6886509, 42.8214612 ], [ -1.6885463, 42.8214133 ], [ -1.6885239, 42.8213557 ], [ -1.6885355, 42.8212142 ], [ -1.6885699, 42.8210549 ], [ -1.6885911, 42.820994 ], [ -1.6889834, 42.8210406 ], [ -1.6889212, 42.8213009 ], [ -1.688903, 42.8213959 ] ] ] } },
{ "type": "Feature", "properties": { "stop_id": "osm-way-1418845184", "name": "Área de Servicio Mirasierra" }, "geometry": { "type": "Polygon", "coordinates": [ [ [ -3.5829999, 41.1877184 ], [ -3.5836442, 41.1874906 ], [ -3.5839166, 41.1873561 ], [ -3.5840103, 41.1875687 ], [ -3.5837292, 41.1876935 ], [ -3.5839058, 41.1881428 ], [ -3.5839369, 41.1881369 ], [ -3.5838001, 41.1886688 ], [ -3.5836856, 41.1891139 ], [ -3.5836576, 41.189223 ], [ -3.5834521, 41.1891293 ], [ -3.5824066, 41.1886525 ], [ -3.5823936, 41.1886174 ], [ -3.5823265, 41.1884332 ], [ -3.5826352, 41.1883769 ], [ -3.5829162, 41.1883221 ], [ -3.5828874, 41.1882261 ], [ -3.5831512, 41.1881772 ], [ -3.5829999, 41.1877184 ] ] ] } },
{ "type": "Feature", "properties": { "stop_id": "osm-way-1420341963", "name": null }, "geometry": { "type": "Polygon", "coordinates": [ [ [ -2.9841737, 37.194722 ], [ -2.9850199, 37.1949489 ], [ -2.9851897, 37.1950296 ], [ -2.985339, 37.1952554 ], [ -2.9854335, 37.1954779 ], [ -2.9854485, 37.1956066 ], [ -2.9853623, 37.1957921 ], [ -2.9853382, 37.1959804 ], [ -2.985243, 37.1959789 ], [ -2.9850388, 37.1959388 ], [ -2.984594, 37.1958483 ], [ -2.9838067, 37.1956917 ], [ -2.9837382, 37.1956503 ], [ -2.9836999, 37.1956045 ], [ -2.9836875, 37.1955368 ], [ -2.9841737, 37.194722 ] ] ] } },
{ "type": "Feature", "properties": { "stop_id": "osm-way-1420358231", "name": null }, "geometry": { "type": "Polygon", "coordinates": [ [ [ -2.9584499, 37.1869681 ], [ -2.9588562, 37.1870922 ], [ -2.9589687, 37.1869249 ], [ -2.9593341, 37.1871663 ], [ -2.959597, 37.1872593 ], [ -2.9595357, 37.1876049 ], [ -2.9594756, 37.1877937 ], [ -2.9595239, 37.1879289 ], [ -2.9589933, 37.1876783 ], [ -2.9589435, 37.1876498 ], [ -2.9586333, 37.1875154 ], [ -2.9586044, 37.1875098 ], [ -2.9583792, 37.1873879 ], [ -2.9583473, 37.1872527 ], [ -2.9583155, 37.1871898 ], [ -2.9584499, 37.1869681 ] ] ] } },
{ "type": "Feature", "properties": { "stop_id": "osm-way-1420706307", "name": null }, "geometry": { "type": "Polygon", "coordinates": [ [ [ -5.7582821, 42.5245843 ], [ -5.7568587, 42.5256225 ], [ -5.7566755, 42.5254784 ], [ -5.756502, 42.525342 ], [ -5.7565404, 42.5253083 ], [ -5.7565203, 42.5252436 ], [ -5.756491, 42.5252247 ], [ -5.7568952, 42.5249293 ], [ -5.7569722, 42.5249928 ], [ -5.7579436, 42.5243322 ], [ -5.7582821, 42.5245843 ] ] ] } },
{ "type": "Feature", "properties": { "stop_id": "osm-way-1422987792", "name": "Área de Servicio Nueva Cartuja" }, "geometry": { "type": "Polygon", "coordinates": [ [ [ -0.8472987, 41.6246239 ], [ -0.8470243, 41.6246635 ], [ -0.8466804, 41.6247716 ], [ -0.846523, 41.6245295 ], [ -0.8464389, 41.6245364 ], [ -0.8456797, 41.624122 ], [ -0.845537, 41.6239825 ], [ -0.8453943, 41.624003 ], [ -0.8449168, 41.6237172 ], [ -0.8457638, 41.6232509 ], [ -0.8458169, 41.623255 ], [ -0.8458736, 41.6232796 ], [ -0.8472987, 41.6246239 ] ] ] } },
{ "type": "Feature", "properties": { "stop_id": "osm-way-1423875049", "name": null }, "geometry": { "type": "Polygon", "coordinates": [ [ [ -2.7570049, 42.6502618 ], [ -2.7570628, 42.6501552 ], [ -2.7570628, 42.6500831 ], [ -2.7570247, 42.6500283 ], [ -2.7568976, 42.6499789 ], [ -2.7567378, 42.6499389 ], [ -2.7565545, 42.6499322 ], [ -2.7563675, 42.6499335 ], [ -2.7562785, 42.6499549 ], [ -2.7562113, 42.650027 ], [ -2.7561986, 42.6500884 ], [ -2.7562432, 42.6501881 ], [ -2.7565797, 42.6501122 ], [ -2.7566867, 42.6501016 ], [ -2.7567901, 42.6501204 ], [ -2.7568798, 42.6501581 ], [ -2.756948, 42.6501978 ], [ -2.7570049, 42.6502618 ] ] ] } },
{ "type": "Feature", "properties": { "stop_id": "osm-way-1424672041", "name": null }, "geometry": { "type": "Polygon", "coordinates": [ [ [ -5.8336271, 39.5268428 ], [ -5.8334182, 39.526717 ], [ -5.8332408, 39.5268935 ], [ -5.8328391, 39.5266918 ], [ -5.8329778, 39.5264669 ], [ -5.8329403, 39.5258523 ], [ -5.8328679, 39.5258484 ], [ -5.8326909, 39.5259746 ], [ -5.8324977, 39.5258877 ], [ -5.8324977, 39.5255587 ], [ -5.8324709, 39.5255504 ], [ -5.8324816, 39.5254118 ], [ -5.8323878, 39.5254077 ], [ -5.8324092, 39.5250394 ], [ -5.8324763, 39.5250394 ], [ -5.8325031, 39.5248594 ], [ -5.832578, 39.5248417 ], [ -5.832538, 39.5247063 ], [ -5.8327686, 39.5246649 ], [ -5.8328464, 39.5248154 ], [ -5.8329129, 39.5248112 ], [ -5.8329108, 39.5246546 ], [ -5.8334231, 39.5246753 ], [ -5.8334204, 39.5248511 ], [ -5.8336448, 39.5248723 ], [ -5.8336055, 39.5253104 ], [ -5.8333936, 39.5253166 ], [ -5.8334472, 39.5253642 ], [ -5.8335357, 39.5253746 ], [ -5.8337315, 39.5253684 ], [ -5.8337128, 39.5256394 ], [ -5.8336189, 39.5256311 ], [ -5.8335653, 39.5256601 ], [ -5.8335616, 39.5265665 ], [ -5.8336271, 39.5268428 ] ] ] } },
{ "type": "Feature", "properties": { "stop_id": "osm-way-1424672181", "name": null }, "geometry": { "type": "Polygon", "coordinates": [ [ [ -5.8334652, 39.5660002 ], [ -5.8322855, 39.5660601 ], [ -5.8322668, 39.5659593 ], [ -5.8322294, 39.5659701 ], [ -5.8319165, 39.5662545 ], [ -5.8317484, 39.5662221 ], [ -5.8317811, 39.5657865 ], [ -5.8319119, 39.5651529 ], [ -5.8323088, 39.5645877 ], [ -5.8324769, 39.5643825 ], [ -5.8326731, 39.5643321 ], [ -5.8328645, 39.5643213 ], [ -5.8331261, 39.5644077 ], [ -5.8332288, 39.5645265 ], [ -5.8334016, 39.5647569 ], [ -5.8334652, 39.5660002 ] ] ] } },
{ "type": "Feature", "properties": { "stop_id": "osm-way-1424673540", "name": null }, "geometry": { "type": "Polygon", "coordinates": [ [ [ -5.8351595, 39.5191448 ], [ -5.8356798, 39.5189048 ], [ -5.8358515, 39.5189214 ], [ -5.8359159, 39.5182468 ], [ -5.8352561, 39.5179447 ], [ -5.8352346, 39.5181061 ], [ -5.8352668, 39.5182592 ], [ -5.8351756, 39.5189752 ], [ -5.8351112, 39.5190165 ], [ -5.8351595, 39.5191448 ] ] ] } },
{ "type": "Feature", "properties": { "stop_id": "osm-way-1425559963", "name": null }, "geometry": { "type": "Polygon", "coordinates": [ [ [ -4.4879286, 41.4501733 ], [ -4.4880295, 41.4501607 ], [ -4.4871776, 41.4500038 ], [ -4.4864715, 41.4498554 ], [ -4.4864398, 41.4498932 ], [ -4.4871608, 41.450043 ], [ -4.4879286, 41.4501733 ] ] ] } },
{ "type": "Feature", "properties": { "stop_id": "osm-way-1426917034", "name": null }, "geometry": { "type": "Polygon", "coordinates": [ [ [ -2.2656664, 43.2847638 ], [ -2.2658379, 43.2846245 ], [ -2.2659226, 43.2844995 ], [ -2.2660409, 43.284293 ], [ -2.2661529, 43.2840973 ], [ -2.2663641, 43.2835528 ], [ -2.2663261, 43.2836266 ], [ -2.2661949, 43.2838043 ], [ -2.2661677, 43.2838351 ], [ -2.2661409, 43.2838655 ], [ -2.2661194, 43.2838839 ], [ -2.2661009, 43.283897 ], [ -2.2660447, 43.2839365 ], [ -2.2657228, 43.2842839 ], [ -2.2656954, 43.284315 ], [ -2.2656667, 43.2843415 ], [ -2.2656356, 43.2843621 ], [ -2.2656017, 43.2843799 ], [ -2.2655688, 43.2843956 ], [ -2.2655101, 43.2844194 ], [ -2.2655012, 43.2844318 ], [ -2.2655248, 43.2844398 ], [ -2.2654339, 43.28459 ], [ -2.2653273, 43.2847559 ], [ -2.2654956, 43.2848237 ], [ -2.2655105, 43.2848185 ], [ -2.2656664, 43.2847638 ] ] ] } },
{ "type": "Feature", "properties": { "stop_id": "osm-way-1427749846", "name": null }, "geometry": { "type": "Polygon", "coordinates": [ [ [ -3.4002196, 42.8003194 ], [ -3.4001458, 42.800373 ], [ -3.3999977, 42.8002766 ], [ -3.4000721, 42.8002234 ], [ -3.4002196, 42.8003194 ] ] ] } },
{ "type": "Feature", "properties": { "stop_id": "osm-way-1428123142", "name": null }, "geometry": { "type": "Polygon", "coordinates": [ [ [ -2.2645002, 43.2852401 ], [ -2.2645321, 43.2851605 ], [ -2.2645419, 43.2849021 ], [ -2.2646153, 43.2848053 ], [ -2.2646242, 43.2847936 ], [ -2.264444, 43.2847511 ], [ -2.2640394, 43.2846722 ], [ -2.2637452, 43.2846498 ], [ -2.2634074, 43.2847426 ], [ -2.2633248, 43.2847963 ], [ -2.2632745, 43.2848333 ], [ -2.2632399, 43.2848611 ], [ -2.2632077, 43.2848905 ], [ -2.2630682, 43.2850181 ], [ -2.263334, 43.2848831 ], [ -2.263401, 43.2848414 ], [ -2.2634435, 43.284815 ], [ -2.2634684, 43.2848037 ], [ -2.2634925, 43.2847951 ], [ -2.2635195, 43.2847899 ], [ -2.2635571, 43.2847853 ], [ -2.263603, 43.2847839 ], [ -2.2636479, 43.2847854 ], [ -2.2636967, 43.2847895 ], [ -2.2638371, 43.2848118 ], [ -2.2638638, 43.2848866 ], [ -2.2638736, 43.2849177 ], [ -2.263885, 43.284946 ], [ -2.2638965, 43.2849629 ], [ -2.2639146, 43.2849795 ], [ -2.2639364, 43.2849918 ], [ -2.2639601, 43.2850003 ], [ -2.2639856, 43.2850068 ], [ -2.2640256, 43.2850121 ], [ -2.2640922, 43.2850225 ], [ -2.2641637, 43.2850724 ], [ -2.2642003, 43.2850954 ], [ -2.2642403, 43.2851187 ], [ -2.2642982, 43.2851485 ], [ -2.2643512, 43.2851736 ], [ -2.2643982, 43.2851946 ], [ -2.2645002, 43.2852401 ] ] ] } },
{ "type": "Feature", "properties": { "stop_id": "osm-way-1429958477", "name": null }, "geometry": { "type": "Polygon", "coordinates": [ [ [ -1.5098049, 42.5147191 ], [ -1.509756, 42.5146624 ], [ -1.5095667, 42.5146417 ], [ -1.5093758, 42.5146472 ], [ -1.509327, 42.5146712 ], [ -1.509438, 42.5147333 ], [ -1.5096451, 42.514741 ], [ -1.5097486, 42.5147399 ], [ -1.5098049, 42.5147191 ] ] ] } },
{ "type": "Feature", "properties": { "stop_id": "osm-way-1431539893", "name": null }, "geometry": { "type": "Polygon", "coordinates": [ [ [ -8.7064614, 42.5515887 ], [ -8.7064788, 42.5516207 ], [ -8.7064836, 42.5516514 ], [ -8.7064827, 42.5516872 ], [ -8.7064622, 42.5517084 ], [ -8.7063519, 42.5517597 ], [ -8.7063257, 42.5517761 ], [ -8.7061731, 42.5519275 ], [ -8.706122, 42.5520233 ], [ -8.7058664, 42.5520176 ], [ -8.7058152, 42.5519948 ], [ -8.7057765, 42.5519457 ], [ -8.7057126, 42.551821 ], [ -8.7055757, 42.5514179 ], [ -8.705758, 42.5513586 ], [ -8.7057835, 42.5513138 ], [ -8.7060401, 42.5514215 ], [ -8.7062922, 42.5515273 ], [ -8.7062842, 42.5515396 ], [ -8.7063127, 42.5515493 ], [ -8.7063795, 42.5515521 ], [ -8.7064614, 42.5515887 ] ] ] } },
{ "type": "Feature", "properties": { "stop_id": "osm-way-1431804008", "name": "Family Energy" }, "geometry": { "type": "Polygon", "coordinates": [ [ [ -0.5388182, 38.9860137 ], [ -0.5379385, 38.9863233 ], [ -0.5377413, 38.9860002 ], [ -0.5379948, 38.9858897 ], [ -0.5380015, 38.985849 ], [ -0.5379613, 38.9856937 ], [ -0.5379304, 38.9856322 ], [ -0.5378379, 38.9856676 ], [ -0.5377467, 38.9856478 ], [ -0.5377977, 38.9854498 ], [ -0.5378218, 38.9854331 ], [ -0.5380082, 38.9853924 ], [ -0.5380471, 38.9853956 ], [ -0.5381209, 38.9854498 ], [ -0.5381396, 38.9854435 ], [ -0.5381289, 38.9854227 ], [ -0.5381115, 38.9853987 ], [ -0.5380471, 38.9853705 ], [ -0.5380216, 38.9853612 ], [ -0.5380377, 38.9853507 ], [ -0.5381416, 38.9853291 ], [ -0.5382964, 38.9853053 ], [ -0.5383851, 38.9852976 ], [ -0.5384052, 38.9853205 ], [ -0.5384481, 38.9853101 ], [ -0.5385366, 38.9853028 ], [ -0.5386278, 38.9852913 ], [ -0.5386546, 38.9853143 ], [ -0.5386752, 38.9853975 ], [ -0.5387016, 38.985504 ], [ -0.5388012, 38.9859394 ], [ -0.5388182, 38.9860137 ] ] ] } },
{ "type": "Feature", "properties": { "stop_id": "osm-way-1431981976", "name": null }, "geometry": { "type": "Polygon", "coordinates": [ [ [ -0.9092503, 41.63385 ], [ -0.9082093, 41.6333509 ], [ -0.9081745, 41.6333193 ], [ -0.90817, 41.6332741 ], [ -0.9082376, 41.6329999 ], [ -0.9082969, 41.6327591 ], [ -0.9083271, 41.6327445 ], [ -0.9090478, 41.6330177 ], [ -0.9091294, 41.6330528 ], [ -0.9093364, 41.6331623 ], [ -0.909421, 41.633308 ], [ -0.909489, 41.633352 ], [ -0.9095087, 41.6333814 ], [ -0.9095208, 41.6334322 ], [ -0.9095162, 41.6335191 ], [ -0.9094784, 41.6336129 ], [ -0.9094331, 41.6336806 ], [ -0.9093183, 41.6338455 ], [ -0.9092503, 41.63385 ] ] ] } },
{ "type": "Feature", "properties": { "stop_id": "osm-way-1433109793", "name": null }, "geometry": { "type": "Polygon", "coordinates": [ [ [ -1.099997, 41.5859109 ], [ -1.0998287, 41.5860012 ], [ -1.0994116, 41.5861818 ], [ -1.0991737, 41.5862612 ], [ -1.0988078, 41.5857823 ], [ -1.0995616, 41.5854265 ], [ -1.0997226, 41.5854621 ], [ -1.099997, 41.5859109 ] ] ] } },
{ "type": "Feature", "properties": { "stop_id": "osm-way-1433561361", "name": null }, "geometry": { "type": "Polygon", "coordinates": [ [ [ 0.3113962, 41.8275723 ], [ 0.3118637, 41.8276697 ], [ 0.3116392, 41.8279116 ], [ 0.3114038, 41.8281756 ], [ 0.3112417, 41.8283687 ], [ 0.3111421, 41.8284918 ], [ 0.311076, 41.828465 ], [ 0.3110917, 41.8284115 ], [ 0.3110683, 41.8283355 ], [ 0.3110381, 41.8282877 ], [ 0.3109672, 41.828177 ], [ 0.310937, 41.8281377 ], [ 0.3107948, 41.8279516 ], [ 0.3107667, 41.8278614 ], [ 0.3108175, 41.8278015 ], [ 0.3108985, 41.827764 ], [ 0.3109804, 41.827783 ], [ 0.3111227, 41.8277737 ], [ 0.3111637, 41.8277291 ], [ 0.3111827, 41.8277084 ], [ 0.3112704, 41.8276465 ], [ 0.3113962, 41.8275723 ] ] ] } },
{ "type": "Feature", "properties": { "stop_id": "osm-way-1436289570", "name": null }, "geometry": { "type": "Polygon", "coordinates": [ [ [ 0.490788, 40.9214773 ], [ 0.4907175, 40.9214533 ], [ 0.4907444, 40.9213793 ], [ 0.490742, 40.9212315 ], [ 0.49083, 40.9210855 ], [ 0.4909254, 40.9210079 ], [ 0.4910819, 40.9209174 ], [ 0.4912286, 40.920886 ], [ 0.4913729, 40.9208564 ], [ 0.4913778, 40.9209118 ], [ 0.490788, 40.9214773 ] ] ] } },
{ "type": "Feature", "properties": { "stop_id": "osm-way-1436289571", "name": null }, "geometry": { "type": "Polygon", "coordinates": [ [ [ 0.492801, 40.9196849 ], [ 0.492982, 40.919829 ], [ 0.4929428, 40.9201505 ], [ 0.4925883, 40.9204776 ], [ 0.4920405, 40.9207622 ], [ 0.4917372, 40.9209303 ], [ 0.4915867, 40.9208225 ], [ 0.4921301, 40.9203021 ], [ 0.492801, 40.9196849 ] ] ] } },
{ "type": "Feature", "properties": { "stop_id": "osm-way-1436678991", "name": null }, "geometry": { "type": "Polygon", "coordinates": [ [ [ -7.8761875, 42.110754 ], [ -7.8762172, 42.1106951 ], [ -7.8759772, 42.1105575 ], [ -7.8757199, 42.1106306 ], [ -7.8755679, 42.1105823 ], [ -7.8755057, 42.1106121 ], [ -7.8754933, 42.1106568 ], [ -7.8755067, 42.1107199 ], [ -7.8756807, 42.1108079 ], [ -7.8757984, 42.110893 ], [ -7.8761617, 42.1108079 ], [ -7.8761875, 42.110754 ] ] ] } },
{ "type": "Feature", "properties": { "stop_id": "osm-way-1437103310", "name": null }, "geometry": { "type": "Polygon", "coordinates": [ [ [ -1.624629, 42.7571373 ], [ -1.6245609, 42.7572195 ], [ -1.6232502, 42.7567061 ], [ -1.6231169, 42.7566631 ], [ -1.6233763, 42.7562966 ], [ -1.6236446, 42.7563899 ], [ -1.6236835, 42.756323 ], [ -1.6242817, 42.7565465 ], [ -1.6243229, 42.7564491 ], [ -1.6243522, 42.7563773 ], [ -1.6243632, 42.7563164 ], [ -1.6243792, 42.7562775 ], [ -1.6244067, 42.7562422 ], [ -1.6244412, 42.756214 ], [ -1.6244829, 42.7561917 ], [ -1.6245522, 42.7561717 ], [ -1.6246265, 42.7561676 ], [ -1.624699, 42.7561798 ], [ -1.6247508, 42.7562003 ], [ -1.6247946, 42.7562291 ], [ -1.6248279, 42.7562647 ], [ -1.6248534, 42.7563211 ], [ -1.6248529, 42.7563805 ], [ -1.6248171, 42.7564589 ], [ -1.6247963, 42.756527 ], [ -1.6246275, 42.7569805 ], [ -1.6245763, 42.7571016 ], [ -1.624629, 42.7571373 ] ] ] } },
{ "type": "Feature", "properties": { "stop_id": "osm-way-1437103344", "name": "Área de Descanso de Camiones Torres" }, "geometry": { "type": "Polygon", "coordinates": [ [ [ -1.6006797, 42.7452866 ], [ -1.6004971, 42.7459277 ], [ -1.6000761, 42.7458981 ], [ -1.5999925, 42.7462823 ], [ -1.5996056, 42.7462141 ], [ -1.5996644, 42.7459936 ], [ -1.5993146, 42.745939 ], [ -1.5993548, 42.7456526 ], [ -1.5996644, 42.7456822 ], [ -1.5996458, 42.7458413 ], [ -1.6000482, 42.7458618 ], [ -1.6001968, 42.7452412 ], [ -1.6006797, 42.7452866 ] ] ] } },
{ "type": "Feature", "properties": { "stop_id": "osm-way-1441831763", "name": null }, "geometry": { "type": "Polygon", "coordinates": [ [ [ -5.8970908, 39.1736555 ], [ -5.8967886, 39.1736987 ], [ -5.8965628, 39.1736654 ], [ -5.8964148, 39.1736161 ], [ -5.8962765, 39.1736 ], [ -5.8965453, 39.1734891 ], [ -5.8967266, 39.1733645 ], [ -5.8968411, 39.173203 ], [ -5.8968729, 39.1731167 ], [ -5.8967466, 39.1730112 ], [ -5.8967282, 39.1729959 ], [ -5.896611, 39.1727752 ], [ -5.8965468, 39.1726498 ], [ -5.8964657, 39.1724929 ], [ -5.8964069, 39.1723769 ], [ -5.8964594, 39.1723497 ], [ -5.8963767, 39.1722388 ], [ -5.8962415, 39.1720193 ], [ -5.8961254, 39.1718627 ], [ -5.8960363, 39.171711 ], [ -5.8960665, 39.1716814 ], [ -5.8964323, 39.1717554 ], [ -5.8973039, 39.1720661 ], [ -5.8973389, 39.1722252 ], [ -5.8972371, 39.1731204 ], [ -5.8971926, 39.1733559 ], [ -5.8971481, 39.1735063 ], [ -5.8970908, 39.1736555 ] ] ] } },
{ "type": "Feature", "properties": { "stop_id": "osm-way-1442784761", "name": "Área recreativa Los Pinos" }, "geometry": { "type": "Polygon", "coordinates": [ [ [ -0.4022124, 39.87424 ], [ -0.4021365, 39.8741653 ], [ -0.4019964, 39.8742445 ], [ -0.4017123, 39.8743669 ], [ -0.4015605, 39.8744461 ], [ -0.4014477, 39.8745028 ], [ -0.4016131, 39.8745881 ], [ -0.4018719, 39.8744565 ], [ -0.4022124, 39.87424 ] ] ] } },
{ "type": "Feature", "properties": { "stop_id": "osm-way-1443506570", "name": null }, "geometry": { "type": "Polygon", "coordinates": [ [ [ -0.1665171, 40.7984808 ], [ -0.1664916, 40.7983472 ], [ -0.1664684, 40.7981011 ], [ -0.1663546, 40.7979358 ], [ -0.1661247, 40.7978075 ], [ -0.1660225, 40.7976932 ], [ -0.1662454, 40.7977179 ], [ -0.1664985, 40.7978638 ], [ -0.1665798, 40.7979622 ], [ -0.1666611, 40.7981134 ], [ -0.1666495, 40.7982944 ], [ -0.1665171, 40.7984808 ] ] ] } },
{ "type": "Feature", "properties": { "stop_id": "osm-way-1445405393", "name": "Área de Servicio Andamur-Pamplona" }, "geometry": { "type": "Polygon", "coordinates": [ [ [ -1.6139723, 42.7322606 ], [ -1.613943, 42.732337 ], [ -1.6141024, 42.7325807 ], [ -1.6140081, 42.7326189 ], [ -1.6140016, 42.73265 ], [ -1.6140731, 42.7326548 ], [ -1.6140634, 42.7327145 ], [ -1.6139788, 42.7327073 ], [ -1.6139691, 42.7327766 ], [ -1.6140146, 42.7327814 ], [ -1.6139658, 42.7329988 ], [ -1.6137544, 42.7330585 ], [ -1.6132828, 42.7330633 ], [ -1.6131462, 42.7329128 ], [ -1.6129185, 42.7325879 ], [ -1.6128828, 42.7323347 ], [ -1.6139723, 42.7322606 ] ] ] } },
{ "type": "Feature", "properties": { "stop_id": "osm-way-1448192112", "name": null }, "geometry": { "type": "Polygon", "coordinates": [ [ [ -1.6353047, 42.7766417 ], [ -1.6353493, 42.7766815 ], [ -1.6353958, 42.7766943 ], [ -1.6354539, 42.7766858 ], [ -1.6355741, 42.7763885 ], [ -1.6356399, 42.7762705 ], [ -1.6356477, 42.776151 ], [ -1.635669, 42.7759092 ], [ -1.6356709, 42.7758381 ], [ -1.6355062, 42.7758352 ], [ -1.6353008, 42.7756702 ], [ -1.6352253, 42.7757129 ], [ -1.6351536, 42.7764696 ], [ -1.6352195, 42.7765222 ], [ -1.6353047, 42.7766417 ] ] ] } },
{ "type": "Feature", "properties": { "stop_id": "osm-way-1448192116", "name": null }, "geometry": { "type": "Polygon", "coordinates": [ [ [ -1.6349723, 42.7759911 ], [ -1.6348828, 42.7767343 ], [ -1.6347856, 42.7766743 ], [ -1.6346041, 42.7766555 ], [ -1.6346322, 42.7764472 ], [ -1.6345172, 42.7764228 ], [ -1.6345223, 42.7760606 ], [ -1.6347064, 42.7760662 ], [ -1.6348265, 42.7760174 ], [ -1.6349058, 42.7759968 ], [ -1.6349723, 42.7759911 ] ] ] } },
{ "type": "Feature", "properties": { "stop_id": "osm-way-1449982394", "name": "Area de descanso Bulbuente" }, "geometry": { "type": "Polygon", "coordinates": [ [ [ -1.5850063, 41.8260199 ], [ -1.585175, 41.8259465 ], [ -1.5850878, 41.8258307 ], [ -1.5843411, 41.8261216 ], [ -1.584144, 41.8261978 ], [ -1.5840474, 41.8261879 ], [ -1.5833232, 41.8264845 ], [ -1.5831299, 41.8266398 ], [ -1.5828873, 41.8268488 ], [ -1.5830541, 41.8269209 ], [ -1.583403, 41.8267255 ], [ -1.5835711, 41.8266559 ], [ -1.5850063, 41.8260199 ] ] ] } },
{ "type": "Feature", "properties": { "stop_id": "osm-way-1450891937", "name": null }, "geometry": { "type": "Polygon", "coordinates": [ [ [ -0.9842317, 41.6326374 ], [ -0.9841351, 41.6323026 ], [ -0.984111, 41.6322505 ], [ -0.9838588, 41.6323307 ], [ -0.9832822, 41.6325191 ], [ -0.9831159, 41.6325813 ], [ -0.9825043, 41.6328379 ], [ -0.9826116, 41.6330524 ], [ -0.9837452, 41.6328679 ], [ -0.9839023, 41.6328244 ], [ -0.9839573, 41.6328078 ], [ -0.9841354, 41.6327492 ], [ -0.9841635, 41.6327374 ], [ -0.984183, 41.6327227 ], [ -0.984197, 41.6327037 ], [ -0.9842067, 41.632676 ], [ -0.9842089, 41.6326464 ], [ -0.9842317, 41.6326374 ] ] ] } },
{ "type": "Feature", "properties": { "stop_id": "osm-way-1454111349", "name": null }, "geometry": { "type": "Polygon", "coordinates": [ [ [ -1.642017, 42.7484429 ], [ -1.6420105, 42.748528 ], [ -1.6419676, 42.7486194 ], [ -1.6417445, 42.748788 ], [ -1.6412445, 42.748569 ], [ -1.6412745, 42.7485265 ], [ -1.6411286, 42.7484603 ], [ -1.6413754, 42.7481562 ], [ -1.642017, 42.7484429 ] ] ] } },
{ "type": "Feature", "properties": { "stop_id": "osm-way-1454124319", "name": null }, "geometry": { "type": "Polygon", "coordinates": [ [ [ -1.6333714, 42.7363473 ], [ -1.6333699, 42.7361908 ], [ -1.6333406, 42.7359137 ], [ -1.6333171, 42.7357293 ], [ -1.6332314, 42.7357361 ], [ -1.6330911, 42.7359264 ], [ -1.6330318, 42.7360027 ], [ -1.633005, 42.7360598 ], [ -1.6330034, 42.7361096 ], [ -1.6329106, 42.7361116 ], [ -1.632791, 42.7363479 ], [ -1.6328631, 42.7363582 ], [ -1.6329352, 42.7363376 ], [ -1.633169, 42.7363389 ], [ -1.6333714, 42.7363473 ] ] ] } },
{ "type": "Feature", "properties": { "stop_id": "osm-way-1454132916", "name": null }, "geometry": { "type": "Polygon", "coordinates": [ [ [ -1.937602, 42.3502418 ], [ -1.9382379, 42.3502327 ], [ -1.938371, 42.3508575 ], [ -1.9376242, 42.3509176 ], [ -1.937602, 42.3502418 ] ] ] } },
{ "type": "Feature", "properties": { "stop_id": "osm-way-1454136391", "name": "Del Villar" }, "geometry": { "type": "Polygon", "coordinates": [ [ [ -2.0280279, 42.654712 ], [ -2.0277078, 42.6548299 ], [ -2.0276687, 42.6548376 ], [ -2.0277574, 42.6549355 ], [ -2.027925, 42.6550153 ], [ -2.0281099, 42.6551023 ], [ -2.028206, 42.655202 ], [ -2.0283194, 42.6553905 ], [ -2.0283934, 42.6554322 ], [ -2.0286275, 42.6554757 ], [ -2.0287913, 42.6551371 ], [ -2.0281863, 42.6549446 ], [ -2.0280279, 42.654712 ] ] ] } },
{ "type": "Feature", "properties": { "stop_id": "osm-way-1454137336", "name": "Tangerina" }, "geometry": { "type": "Polygon", "coordinates": [ [ [ -2.198555, 42.9158653 ], [ -2.1984056, 42.9159063 ], [ -2.1982711, 42.9158269 ], [ -2.1975799, 42.915567 ], [ -2.1975201, 42.9154959 ], [ -2.1973371, 42.915069 ], [ -2.1973692, 42.9150044 ], [ -2.197499, 42.9148193 ], [ -2.1976658, 42.9146285 ], [ -2.1977929, 42.9145848 ], [ -2.198017, 42.9145738 ], [ -2.1983794, 42.9147216 ], [ -2.1985326, 42.914987 ], [ -2.1985961, 42.9151785 ], [ -2.1985849, 42.9152879 ], [ -2.1984691, 42.9155369 ], [ -2.1984579, 42.9156546 ], [ -2.198555, 42.9158653 ] ] ] } },
{ "type": "Feature", "properties": { "stop_id": "osm-way-1455597978", "name": null }, "geometry": { "type": "Polygon", "coordinates": [ [ [ -1.646726, 42.0363423 ], [ -1.6468737, 42.0362366 ], [ -1.6466916, 42.0361252 ], [ -1.6465764, 42.0362226 ], [ -1.646726, 42.0363423 ] ] ] } },
{ "type": "Feature", "properties": { "stop_id": "osm-way-1458262914", "name": "Peaje" }, "geometry": { "type": "Polygon", "coordinates": [ [ [ -1.7702745, 42.1379441 ], [ -1.7701759, 42.1377833 ], [ -1.7700524, 42.137667 ], [ -1.7701645, 42.137616 ], [ -1.7704369, 42.1374918 ], [ -1.7707287, 42.1374632 ], [ -1.7709047, 42.137651 ], [ -1.7708554, 42.137756 ], [ -1.7708046, 42.1378645 ], [ -1.7704355, 42.1380745 ], [ -1.7702745, 42.1379441 ] ] ] } },
{ "type": "Feature", "properties": { "stop_id": "osm-way-1459387656", "name": null }, "geometry": { "type": "Polygon", "coordinates": [ [ [ -0.3388381, 39.4253848 ], [ -0.3387668, 39.4253644 ], [ -0.3386453, 39.4254812 ], [ -0.3386634, 39.4255121 ], [ -0.3388911, 39.4254861 ], [ -0.3388381, 39.4253848 ] ] ] } },
{ "type": "Feature", "properties": { "stop_id": "osm-way-1459756465", "name": null }, "geometry": { "type": "Polygon", "coordinates": [ [ [ -0.3267509, 39.5022588 ], [ -0.3267508, 39.5023511 ], [ -0.3265007, 39.5023552 ], [ -0.3264466, 39.5022587 ], [ -0.3267509, 39.5022588 ] ] ] } },
{ "type": "Feature", "properties": { "stop_id": "osm-way-1460045306", "name": "Area de descanso Cortes de Navarra" }, "geometry": { "type": "Polygon", "coordinates": [ [ [ -1.4706024, 41.9412552 ], [ -1.4707957, 41.9413172 ], [ -1.4709624, 41.9413792 ], [ -1.4713718, 41.9411001 ], [ -1.4713689, 41.9410826 ], [ -1.4713453, 41.9409394 ], [ -1.4713718, 41.9408379 ], [ -1.4715234, 41.9406913 ], [ -1.4716371, 41.9405926 ], [ -1.4716674, 41.9405334 ], [ -1.4716598, 41.9404827 ], [ -1.4716371, 41.9404376 ], [ -1.4715575, 41.940353 ], [ -1.4713766, 41.9401945 ], [ -1.4712087, 41.9400836 ], [ -1.4711194, 41.9400127 ], [ -1.4710629, 41.9399827 ], [ -1.47097, 41.9399572 ], [ -1.470861, 41.9399542 ], [ -1.4706855, 41.9399722 ], [ -1.4705906, 41.9399707 ], [ -1.4704271, 41.9399647 ], [ -1.4703383, 41.9399392 ], [ -1.470199, 41.9398596 ], [ -1.4699931, 41.939732 ], [ -1.4697086, 41.9395879 ], [ -1.4694462, 41.9394768 ], [ -1.4691394, 41.9393612 ], [ -1.4690142, 41.9393356 ], [ -1.468334, 41.9394152 ], [ -1.4683522, 41.9397185 ], [ -1.468328, 41.9398581 ], [ -1.4683401, 41.9399632 ], [ -1.4684693, 41.9400983 ], [ -1.4689658, 41.9404496 ], [ -1.46943, 41.9408205 ], [ -1.4697106, 41.9410171 ], [ -1.4699467, 41.9411237 ], [ -1.4702152, 41.9412003 ], [ -1.4704089, 41.9412273 ], [ -1.4706024, 41.9412552 ] ] ] } },
{ "type": "Feature", "properties": { "stop_id": "osm-way-1460632102", "name": null }, "geometry": { "type": "Polygon", "coordinates": [ [ [ -1.6562863, 42.0251368 ], [ -1.6562136, 42.0251425 ], [ -1.6564341, 42.0272272 ], [ -1.6564648, 42.0272621 ], [ -1.6565123, 42.027263 ], [ -1.6564842, 42.0270055 ], [ -1.6564591, 42.0266612 ], [ -1.6564291, 42.0263893 ], [ -1.656359, 42.0258497 ], [ -1.6563321, 42.0255732 ], [ -1.6563083, 42.0253184 ], [ -1.6562863, 42.0251368 ] ] ] } },
{ "type": "Feature", "properties": { "stop_id": "osm-way-1461811629", "name": "Parrilla García" }, "geometry": { "type": "Polygon", "coordinates": [ [ [ -3.7575219, 38.6789832 ], [ -3.7576152, 38.6792046 ], [ -3.757489, 38.6794602 ], [ -3.7575603, 38.6796873 ], [ -3.7574195, 38.679733 ], [ -3.7572493, 38.6798444 ], [ -3.7571066, 38.6800272 ], [ -3.7569566, 38.6800715 ], [ -3.7568765, 38.6799875 ], [ -3.7566033, 38.6796851 ], [ -3.756437, 38.6795973 ], [ -3.7563218, 38.6794759 ], [ -3.7564041, 38.6794316 ], [ -3.7575219, 38.6789832 ] ] ] } },
{ "type": "Feature", "properties": { "stop_id": "osm-way-1466231400", "name": null }, "geometry": { "type": "Polygon", "coordinates": [ [ [ -1.2098467, 41.5523696 ], [ -1.2097261, 41.5524794 ], [ -1.2096388, 41.5525653 ], [ -1.2083982, 41.55301 ], [ -1.2090511, 41.5538932 ], [ -1.2091296, 41.5539479 ], [ -1.209183, 41.5539261 ], [ -1.2092402, 41.5539027 ], [ -1.2092416, 41.5538569 ], [ -1.2095031, 41.5537507 ], [ -1.2096837, 41.5536553 ], [ -1.2100938, 41.5533894 ], [ -1.2103813, 41.553205 ], [ -1.2108243, 41.5529734 ], [ -1.2107095, 41.5529003 ], [ -1.2098467, 41.5523696 ] ] ] } },
{ "type": "Feature", "properties": { "stop_id": "osm-way-1467808749", "name": null }, "geometry": { "type": "Polygon", "coordinates": [ [ [ -1.7386208, 42.1177109 ], [ -1.7383411, 42.1176048 ], [ -1.7378597, 42.1173635 ], [ -1.7374759, 42.1170161 ], [ -1.7372027, 42.1167363 ], [ -1.7369168, 42.1163359 ], [ -1.7368653, 42.1161512 ], [ -1.7367709, 42.1159475 ], [ -1.736728, 42.1154955 ], [ -1.7365147, 42.1148755 ], [ -1.7368525, 42.1147237 ], [ -1.7371312, 42.1145984 ], [ -1.7374955, 42.1150085 ], [ -1.7378402, 42.1152594 ], [ -1.738211, 42.1154717 ], [ -1.7386858, 42.1159494 ], [ -1.7390501, 42.1164561 ], [ -1.7393558, 42.1170785 ], [ -1.7395314, 42.1175658 ], [ -1.739668, 42.1177588 ], [ -1.7398176, 42.1181111 ], [ -1.7399673, 42.1183571 ], [ -1.7397804, 42.1184685 ], [ -1.7395705, 42.1185936 ], [ -1.738933, 42.117947 ], [ -1.7386208, 42.1177109 ] ] ] } },
{ "type": "Feature", "properties": { "stop_id": "osm-way-1472901996", "name": null }, "geometry": { "type": "Polygon", "coordinates": [ [ [ -7.1494553, 37.2890377 ], [ -7.1493878, 37.2886959 ], [ -7.1486237, 37.288657 ], [ -7.1485357, 37.2886876 ], [ -7.1483068, 37.2886414 ], [ -7.1480269, 37.2886464 ], [ -7.1481336, 37.2892269 ], [ -7.1480904, 37.2894263 ], [ -7.1487321, 37.2894076 ], [ -7.1493457, 37.289289 ], [ -7.1494553, 37.2890377 ] ] ] } },
{ "type": "Feature", "properties": { "stop_id": "osm-way-1473619637", "name": null }, "geometry": { "type": "Polygon", "coordinates": [ [ [ -8.8794382, 41.9164637 ], [ -8.8789985, 41.9168806 ], [ -8.8792514, 41.9177394 ], [ -8.8796546, 41.9178055 ], [ -8.8794382, 41.9164637 ] ] ] } },
{ "type": "Feature", "properties": { "stop_id": "osm-way-1479895475", "name": null }, "geometry": { "type": "Polygon", "coordinates": [ [ [ -6.2364216, 36.5235534 ], [ -6.2361694, 36.5235646 ], [ -6.2358682, 36.523422 ], [ -6.2358168, 36.5231518 ], [ -6.2363025, 36.5230786 ], [ -6.2364216, 36.5235534 ] ] ] } },
{ "type": "Feature", "properties": { "stop_id": "osm-way-1486155936", "name": "Àrea de Servei de Jorba" }, "geometry": { "type": "Polygon", "coordinates": [ [ [ 1.5077672, 41.6208442 ], [ 1.5080117, 41.6211075 ], [ 1.5092679, 41.6207101 ], [ 1.5094288, 41.620563 ], [ 1.509564, 41.6204485 ], [ 1.5096828, 41.6201517 ], [ 1.5096537, 41.619984 ], [ 1.509712, 41.6199421 ], [ 1.5096514, 41.6198314 ], [ 1.5095169, 41.6199152 ], [ 1.5095191, 41.6198046 ], [ 1.5094742, 41.6197895 ], [ 1.5085635, 41.6203261 ], [ 1.5087026, 41.6203563 ], [ 1.5085591, 41.62043 ], [ 1.5084985, 41.6204217 ], [ 1.5083549, 41.6204871 ], [ 1.5077672, 41.6208442 ] ] ] } },
{ "type": "Feature", "properties": { "stop_id": "osm-way-1488012801", "name": null }, "geometry": { "type": "Polygon", "coordinates": [ [ [ -1.6180896, 42.8363145 ], [ -1.6178941, 42.8356241 ], [ -1.617848, 42.8356396 ], [ -1.617716, 42.835723 ], [ -1.6176133, 42.8357848 ], [ -1.6177417, 42.8362017 ], [ -1.6179801, 42.8362878 ], [ -1.6180896, 42.8363145 ] ] ] } },
{ "type": "Feature", "properties": { "stop_id": "osm-way-1498774675", "name": "Área de descanso La Umbría" }, "geometry": { "type": "Polygon", "coordinates": [ [ [ -6.6967728, 37.7262578 ], [ -6.6966298, 37.7263604 ], [ -6.6964168, 37.7264016 ], [ -6.6962184, 37.7262042 ], [ -6.696234, 37.7260779 ], [ -6.6958003, 37.7261072 ], [ -6.6954806, 37.7261787 ], [ -6.6952577, 37.7261081 ], [ -6.695131, 37.7260545 ], [ -6.6950147, 37.7259701 ], [ -6.6949998, 37.7258676 ], [ -6.695103, 37.7256648 ], [ -6.6950048, 37.7255025 ], [ -6.6950353, 37.7253821 ], [ -6.6951835, 37.7253007 ], [ -6.6954856, 37.7251978 ], [ -6.6957708, 37.7251559 ], [ -6.6960098, 37.7248886 ], [ -6.6958916, 37.7248423 ], [ -6.695898, 37.724716 ], [ -6.6960338, 37.7247106 ], [ -6.6961967, 37.7246968 ], [ -6.6962872, 37.7247708 ], [ -6.6958434, 37.725333 ], [ -6.6957553, 37.725542 ], [ -6.695944, 37.7257643 ], [ -6.6963142, 37.726024 ], [ -6.6964941, 37.7260911 ], [ -6.6967728, 37.7262578 ] ] ] } },
{ "type": "Feature", "properties": { "stop_id": "osm-way-1499292651", "name": null }, "geometry": { "type": "Polygon", "coordinates": [ [ [ -3.9024453, 42.2750459 ], [ -3.9024534, 42.2749943 ], [ -3.9032875, 42.2745101 ], [ -3.9044489, 42.2737658 ], [ -3.9046313, 42.2736567 ], [ -3.9056213, 42.2731855 ], [ -3.9060907, 42.2730177 ], [ -3.9064136, 42.2734719 ], [ -3.9063326, 42.2735111 ], [ -3.9052251, 42.2740463 ], [ -3.9049411, 42.274292 ], [ -3.9044919, 42.2745376 ], [ -3.9043497, 42.2745974 ], [ -3.9036308, 42.2748455 ], [ -3.903773, 42.2750439 ], [ -3.9034136, 42.2752424 ], [ -3.9030488, 42.2748673 ], [ -3.9030166, 42.2748554 ], [ -3.9029522, 42.2748574 ], [ -3.9024453, 42.2750459 ] ] ] } },
{ "type": "Feature", "properties": { "stop_id": "osm-way-1502858604", "name": null }, "geometry": { "type": "Polygon", "coordinates": [ [ [ -4.422362, 40.779272 ], [ -4.4218783, 40.7791506 ], [ -4.4217544, 40.7791379 ], [ -4.4216727, 40.7788198 ], [ -4.4215856, 40.7785627 ], [ -4.4215763, 40.778467 ], [ -4.4217674, 40.7784041 ], [ -4.4218875, 40.7783271 ], [ -4.4219307, 40.7782267 ], [ -4.4218444, 40.7780448 ], [ -4.4219923, 40.7779864 ], [ -4.4217119, 40.7775525 ], [ -4.421564, 40.7775828 ], [ -4.421336, 40.7772305 ], [ -4.4217828, 40.7771138 ], [ -4.4220662, 40.7770858 ], [ -4.4225931, 40.7778138 ], [ -4.4226855, 40.7779631 ], [ -4.4226886, 40.7780938 ], [ -4.4225623, 40.7784624 ], [ -4.4226485, 40.7784997 ], [ -4.422362, 40.779272 ] ] ] } },
{ "type": "Feature", "properties": { "stop_id": "osm-way-1504242031", "name": null }, "geometry": { "type": "Polygon", "coordinates": [ [ [ 1.2980669, 42.3412973 ], [ 1.2982473, 42.3413346 ], [ 1.2982725, 42.3413454 ], [ 1.298304, 42.3413516 ], [ 1.2983355, 42.3413578 ], [ 1.2983648, 42.3413625 ], [ 1.2983942, 42.3413656 ], [ 1.2984215, 42.3413687 ], [ 1.2984551, 42.3413733 ], [ 1.2984844, 42.341378 ], [ 1.2985159, 42.3413826 ], [ 1.2985474, 42.3413857 ], [ 1.298581, 42.3413904 ], [ 1.2986124, 42.3413919 ], [ 1.2986418, 42.3413919 ], [ 1.2986712, 42.3413919 ], [ 1.2987006, 42.3413919 ], [ 1.2987341, 42.3413904 ], [ 1.2987635, 42.3413904 ], [ 1.2987908, 42.3413966 ], [ 1.2988181, 42.3414059 ], [ 1.2988411, 42.341423 ], [ 1.2988558, 42.3414431 ], [ 1.2988684, 42.3414664 ], [ 1.2988789, 42.3414881 ], [ 1.2988957, 42.3415098 ], [ 1.2989104, 42.34153 ], [ 1.2989293, 42.3415455 ], [ 1.2989544, 42.3415563 ], [ 1.2989838, 42.3415563 ], [ 1.2990111, 42.3415486 ], [ 1.2990363, 42.3415393 ], [ 1.2990615, 42.34153 ], [ 1.2990887, 42.3415207 ], [ 1.2991181, 42.3415176 ], [ 1.2991475, 42.3415207 ], [ 1.2991685, 42.3415362 ], [ 1.299179, 42.3415594 ], [ 1.2991727, 42.3415827 ], [ 1.2991517, 42.3416029 ], [ 1.2991223, 42.3416168 ], [ 1.2990929, 42.3416292 ], [ 1.2990594, 42.3416416 ], [ 1.29903, 42.3416556 ], [ 1.2990069, 42.3416711 ], [ 1.2989922, 42.3416897 ], [ 1.2989817, 42.3417114 ], [ 1.2989712, 42.3417316 ], [ 1.2989607, 42.3417548 ], [ 1.2989523, 42.3417797 ], [ 1.2989398, 42.3418014 ], [ 1.2989272, 42.3418215 ], [ 1.2989167, 42.3418463 ], [ 1.298902, 42.3418665 ], [ 1.2988852, 42.3418851 ], [ 1.2988684, 42.3419068 ], [ 1.2988495, 42.3419239 ], [ 1.2988286, 42.3419472 ], [ 1.2988139, 42.3419658 ], [ 1.2987971, 42.3419875 ], [ 1.2987803, 42.3420061 ], [ 1.2987677, 42.3420278 ], [ 1.298753, 42.342048 ], [ 1.2987383, 42.3420697 ], [ 1.2987236, 42.3420883 ], [ 1.2987006, 42.3421038 ], [ 1.2986754, 42.3421177 ], [ 1.298646, 42.3421302 ], [ 1.2986229, 42.3421441 ], [ 1.2985977, 42.3421488 ], [ 1.2986208, 42.3419441 ], [ 1.2986208, 42.341913 ], [ 1.2985789, 42.3417099 ], [ 1.2984551, 42.3415346 ], [ 1.2982662, 42.3414059 ], [ 1.2980669, 42.3412973 ] ] ] } },
{ "type": "Feature", "properties": { "stop_id": "osm-way-1509421413", "name": null }, "geometry": { "type": "Polygon", "coordinates": [ [ [ -5.7988484, 43.4453872 ], [ -5.7992097, 43.4456443 ], [ -5.7992852, 43.4454643 ], [ -5.7995379, 43.4456837 ], [ -5.7995912, 43.4455601 ], [ -5.799611, 43.445514 ], [ -5.7994245, 43.4454489 ], [ -5.7994505, 43.4453649 ], [ -5.7995095, 43.4453752 ], [ -5.7997503, 43.4447049 ], [ -5.7996819, 43.4446998 ], [ -5.799696, 43.4445112 ], [ -5.7991837, 43.4444786 ], [ -5.799094, 43.4446089 ], [ -5.7988484, 43.4453872 ] ] ] } },
{ "type": "Feature", "properties": { "stop_id": "osm-way-1510391592", "name": "Àrea de descans" }, "geometry": { "type": "Polygon", "coordinates": [ [ [ 1.5243161, 41.6679582 ], [ 1.5246333, 41.6679279 ], [ 1.5249302, 41.6679809 ], [ 1.5253654, 41.6681346 ], [ 1.5256421, 41.6682682 ], [ 1.5258108, 41.6684459 ], [ 1.5259053, 41.668679 ], [ 1.5259356, 41.6689235 ], [ 1.5258715, 41.6691402 ], [ 1.5257939, 41.6692839 ], [ 1.5256185, 41.6694805 ], [ 1.5256117, 41.6691654 ], [ 1.5255679, 41.6688101 ], [ 1.5254059, 41.6685354 ], [ 1.5252068, 41.6683488 ], [ 1.5249302, 41.6682077 ], [ 1.5246299, 41.6680918 ], [ 1.5243161, 41.6679582 ] ] ] } },
{ "type": "Feature", "properties": { "stop_id": "osm-way-1511469169", "name": "Àrea de Servei de Jorba" }, "geometry": { "type": "Polygon", "coordinates": [ [ [ 1.5092366, 41.6192358 ], [ 1.5091263, 41.6191694 ], [ 1.5092717, 41.6188262 ], [ 1.5093104, 41.6186335 ], [ 1.5095353, 41.6181992 ], [ 1.5097695, 41.6182522 ], [ 1.5098268, 41.6181858 ], [ 1.5099306, 41.6182148 ], [ 1.5106676, 41.6182945 ], [ 1.5106662, 41.6183861 ], [ 1.5092366, 41.6192358 ] ] ] } },
{ "type": "Feature", "properties": { "stop_id": "osm-way-1513161021", "name": null }, "geometry": { "type": "Polygon", "coordinates": [ [ [ -5.7041831, 38.0400278 ], [ -5.7044796, 38.0399585 ], [ -5.7045248, 38.0399836 ], [ -5.7047991, 38.039981 ], [ -5.7048002, 38.0400236 ], [ -5.7041831, 38.0400278 ] ] ] } },
{ "type": "Feature", "properties": { "stop_id": "osm-way-1513674363", "name": "Ventas de Pueyo - Puiuko Benta" }, "geometry": { "type": "Polygon", "coordinates": [ [ [ -1.643073, 42.5639989 ], [ -1.6428225, 42.5639977 ], [ -1.6426875, 42.5637386 ], [ -1.6426449, 42.563264 ], [ -1.6425001, 42.5631807 ], [ -1.6426763, 42.5628408 ], [ -1.6428658, 42.5625404 ], [ -1.6430176, 42.5625483 ], [ -1.6435949, 42.5626825 ], [ -1.6434666, 42.5629118 ], [ -1.6435724, 42.563354 ], [ -1.6438005, 42.5635019 ], [ -1.6438116, 42.5637795 ], [ -1.6430781, 42.5637403 ], [ -1.643073, 42.5639989 ] ] ] } },
{ "type": "Feature", "properties": { "stop_id": "osm-way-1515432920", "name": "Área de Servicio de Chucena" }, "geometry": { "type": "Polygon", "coordinates": [ [ [ -6.4187729, 37.3492483 ], [ -6.4188091, 37.3493293 ], [ -6.4192598, 37.3492952 ], [ -6.419654, 37.3493858 ], [ -6.4201489, 37.3494434 ], [ -6.4203742, 37.3494785 ], [ -6.4206277, 37.3494892 ], [ -6.4210421, 37.3494679 ], [ -6.4213948, 37.3494626 ], [ -6.4217649, 37.3494018 ], [ -6.4222732, 37.3492909 ], [ -6.4227775, 37.3491267 ], [ -6.4231275, 37.3489764 ], [ -6.4232187, 37.3489668 ], [ -6.4235365, 37.3491065 ], [ -6.4236371, 37.3490681 ], [ -6.4239094, 37.3488783 ], [ -6.424069, 37.3487717 ], [ -6.4239375, 37.348664 ], [ -6.4240113, 37.3485606 ], [ -6.4240515, 37.3485532 ], [ -6.4241642, 37.3485777 ], [ -6.4242379, 37.3485564 ], [ -6.4244351, 37.3483261 ], [ -6.4243868, 37.3483037 ], [ -6.4246014, 37.348083 ], [ -6.4247087, 37.3479092 ], [ -6.4247811, 37.347906 ], [ -6.4248522, 37.3478484 ], [ -6.4249125, 37.3476384 ], [ -6.4249407, 37.347502 ], [ -6.4248991, 37.347487 ], [ -6.4245048, 37.3475563 ], [ -6.4244257, 37.3474732 ], [ -6.4234816, 37.3477397 ], [ -6.4222451, 37.3481033 ], [ -6.4211293, 37.3484679 ], [ -6.4198767, 37.3488837 ], [ -6.4194502, 37.3490297 ], [ -6.419355, 37.3490724 ], [ -6.4187729, 37.3492483 ] ] ] } },
{ "type": "Feature", "properties": { "stop_id": "osm-way-1515432921", "name": "Área de Servicio de Chucena" }, "geometry": { "type": "Polygon", "coordinates": [ [ [ -6.4259519, 37.3467098 ], [ -6.4258654, 37.3463587 ], [ -6.4257227, 37.346323 ], [ -6.4255691, 37.3463042 ], [ -6.4253453, 37.3462853 ], [ -6.4252505, 37.3462642 ], [ -6.42504, 37.3461609 ], [ -6.424948, 37.3460833 ], [ -6.4248731, 37.3460049 ], [ -6.4247697, 37.3459491 ], [ -6.424636, 37.34594 ], [ -6.4243989, 37.3459536 ], [ -6.4242472, 37.3459317 ], [ -6.424104, 37.3459287 ], [ -6.4239267, 37.3459529 ], [ -6.4236706, 37.3460328 ], [ -6.4235075, 37.3460705 ], [ -6.4232097, 37.346127 ], [ -6.4230571, 37.3461881 ], [ -6.4231016, 37.3462966 ], [ -6.4229101, 37.3463645 ], [ -6.4228579, 37.3462612 ], [ -6.4227982, 37.34628 ], [ -6.4222115, 37.3464294 ], [ -6.4221391, 37.3465008 ], [ -6.422115, 37.3466373 ], [ -6.4222303, 37.3469444 ], [ -6.4223094, 37.3471693 ], [ -6.4222558, 37.3473602 ], [ -6.4221431, 37.3475425 ], [ -6.4219956, 37.3476896 ], [ -6.4218333, 37.3477728 ], [ -6.421431, 37.3478943 ], [ -6.42149, 37.3479796 ], [ -6.4225146, 37.3476629 ], [ -6.424643, 37.3470499 ], [ -6.4259519, 37.3467098 ] ] ] } },
{ "type": "Feature", "properties": { "stop_id": "osm-way-1515576186", "name": null }, "geometry": { "type": "Polygon", "coordinates": [ [ [ -3.5900926, 40.2307169 ], [ -3.5901171, 40.2305953 ], [ -3.5900609, 40.2305898 ], [ -3.5900605, 40.2305916 ], [ -3.5900512, 40.2305907 ], [ -3.5900515, 40.2305889 ], [ -3.5899466, 40.2305786 ], [ -3.5899463, 40.2305804 ], [ -3.589937, 40.2305795 ], [ -3.5899373, 40.2305777 ], [ -3.5898706, 40.2305717 ], [ -3.5898336, 40.2305757 ], [ -3.5898062, 40.2305851 ], [ -3.5897881, 40.2305954 ], [ -3.5897685, 40.2306128 ], [ -3.5897529, 40.2306389 ], [ -3.5897485, 40.2306674 ], [ -3.5897512, 40.2306834 ], [ -3.5897992, 40.2306881 ], [ -3.5900926, 40.2307169 ] ] ] } },
{ "type": "Feature", "properties": { "stop_id": "osm-way-1521411452", "name": null }, "geometry": { "type": "Polygon", "coordinates": [ [ [ 1.9352006, 41.2992768 ], [ 1.9352352, 41.2991038 ], [ 1.935294, 41.2990297 ], [ 1.9354463, 41.2990921 ], [ 1.9353736, 41.2991662 ], [ 1.9352473, 41.2993093 ], [ 1.9352006, 41.2992768 ] ] ] } },
{ "type": "Feature", "properties": { "stop_id": "osm-way-1521411453", "name": null }, "geometry": { "type": "Polygon", "coordinates": [ [ [ 1.9292398, 41.3007913 ], [ 1.9294098, 41.300778 ], [ 1.929694, 41.3008009 ], [ 1.9297625, 41.3007532 ], [ 1.9296737, 41.3006865 ], [ 1.9296077, 41.3006141 ], [ 1.9295341, 41.3006217 ], [ 1.929491, 41.3005207 ], [ 1.9293844, 41.3004749 ], [ 1.9292296, 41.3006484 ], [ 1.9293514, 41.3007113 ], [ 1.9292398, 41.3007913 ] ] ] } },
{ "type": "Feature", "properties": { "stop_id": "osm-way-1529672566", "name": "Area Recreativa La Teyerona" }, "geometry": { "type": "Polygon", "coordinates": [ [ [ -5.756782, 43.2719288 ], [ -5.7570878, 43.2721847 ], [ -5.7570556, 43.2722764 ], [ -5.7570851, 43.2723956 ], [ -5.7571629, 43.2724971 ], [ -5.7571414, 43.272546 ], [ -5.756259, 43.272876 ], [ -5.7559076, 43.2726397 ], [ -5.7561517, 43.2723253 ], [ -5.7563985, 43.2722081 ], [ -5.7565138, 43.2720948 ], [ -5.756715, 43.2719562 ], [ -5.756782, 43.2719288 ] ] ] } },
{ "type": "Feature", "properties": { "stop_id": "osm-way-1529672567", "name": null }, "geometry": { "type": "Polygon", "coordinates": [ [ [ -5.7557038, 43.2731777 ], [ -5.7555375, 43.2734775 ], [ -5.7550976, 43.2735009 ], [ -5.755001, 43.2733584 ], [ -5.7550895, 43.273292 ], [ -5.7551781, 43.2733252 ], [ -5.7553819, 43.2731201 ], [ -5.7556421, 43.2730771 ], [ -5.7557038, 43.2731777 ] ] ] } },
{ "type": "Feature", "properties": { "stop_id": "osm-way-1529925736", "name": null }, "geometry": { "type": "Polygon", "coordinates": [ [ [ -2.1648567, 40.1652447 ], [ -2.164712, 40.1652497 ], [ -2.1647022, 40.1651888 ], [ -2.1648502, 40.1651789 ], [ -2.1648567, 40.1652447 ] ] ] } },
{ "type": "Feature", "properties": { "stop_id": "osm-way-1531096838", "name": null }, "geometry": { "type": "Polygon", "coordinates": [ [ [ -8.0986691, 42.3958552 ], [ -8.0986183, 42.3957878 ], [ -8.0984779, 42.395758 ], [ -8.0983129, 42.3957826 ], [ -8.097983, 42.3959835 ], [ -8.0978812, 42.3960807 ], [ -8.0978724, 42.3961338 ], [ -8.0986691, 42.3958552 ] ] ] } },
{ "type": "Feature", "properties": { "stop_id": "osm-way-1531168978", "name": null }, "geometry": { "type": "Polygon", "coordinates": [ [ [ 0.5155213, 41.8778937 ], [ 0.5151049, 41.8781285 ], [ 0.514027, 41.8787301 ], [ 0.5135167, 41.8789799 ], [ 0.5134231, 41.8790707 ], [ 0.5134004, 41.8791744 ], [ 0.5135127, 41.8792812 ], [ 0.5137503, 41.8793761 ], [ 0.5145567, 41.8789522 ], [ 0.5155275, 41.8783372 ], [ 0.5154553, 41.8782245 ], [ 0.515443, 41.8781044 ], [ 0.5155213, 41.8778937 ] ] ] } },
{ "type": "Feature", "properties": { "stop_id": "osm-way-1532187075", "name": null }, "geometry": { "type": "Polygon", "coordinates": [ [ [ -4.9184521, 37.6821608 ], [ -4.918564, 37.682273 ], [ -4.9193722, 37.681944 ], [ -4.9206575, 37.6814208 ], [ -4.9214885, 37.6811221 ], [ -4.9217531, 37.6809195 ], [ -4.9220903, 37.6805884 ], [ -4.9223379, 37.6801527 ], [ -4.9227177, 37.6797304 ], [ -4.9226793, 37.6796966 ], [ -4.9184521, 37.6821608 ] ] ] } }
]
}
