{
"type": "FeatureCollection",
"name": "uk-discovered",
"crs": { "type": "name", "properties": { "name": "urn:ogc:def:crs:OGC:1.3:CRS84" } },
"features": [
{ "type": "Feature", "properties": { "stop_id": "osm-way-4324848", "name": null }, "geometry": { "type": "Polygon", "coordinates": [ [ [ -1.0188282, 52.0873699 ], [ -1.0188669, 52.0873885 ], [ -1.0178105, 52.0883718 ], [ -1.0177843, 52.0883624 ], [ -1.0178763, 52.0881931 ], [ -1.0186306, 52.0874823 ], [ -1.0188282, 52.0873699 ] ] ] } },
{ "type": "Feature", "properties": { "stop_id": "osm-way-16536764", "name": "RoadChef Clacket Lane Services" }, "geometry": { "type": "Polygon", "coordinates": [ [ [ 0.0353471, 51.2724143 ], [ 0.0358261, 51.2724978 ], [ 0.0360706, 51.2725365 ], [ 0.0363151, 51.272572 ], [ 0.0365786, 51.2726476 ], [ 0.0366699, 51.2727206 ], [ 0.0367282, 51.2727952 ], [ 0.0365246, 51.2732588 ], [ 0.0363053, 51.2732224 ], [ 0.036244, 51.273213 ], [ 0.0359513, 51.2739927 ], [ 0.0365323, 51.2740845 ], [ 0.0367563, 51.274091 ], [ 0.0369541, 51.2740793 ], [ 0.0370893, 51.2736678 ], [ 0.0375389, 51.2738309 ], [ 0.037972, 51.2739073 ], [ 0.0380445, 51.2738158 ], [ 0.0383489, 51.2738595 ], [ 0.038318, 51.2739551 ], [ 0.0384843, 51.2739736 ], [ 0.0385876, 51.274054 ], [ 0.0402062, 51.2742793 ], [ 0.0403129, 51.2742794 ], [ 0.0403894, 51.274237 ], [ 0.040408, 51.2741936 ], [ 0.040536, 51.2742057 ], [ 0.0405771, 51.274263 ], [ 0.0408804, 51.2742662 ], [ 0.0410692, 51.2742468 ], [ 0.041028, 51.2741298 ], [ 0.0407819, 51.2741434 ], [ 0.040441, 51.2741167 ], [ 0.0405377, 51.2738861 ], [ 0.0405469, 51.2737738 ], [ 0.040443, 51.2736434 ], [ 0.040163, 51.2733677 ], [ 0.0400808, 51.2731997 ], [ 0.0400801, 51.2731482 ], [ 0.0400873, 51.2730702 ], [ 0.0401652, 51.2730179 ], [ 0.0406019, 51.2730339 ], [ 0.0411458, 51.2730704 ], [ 0.0412939, 51.2731111 ], [ 0.0413677, 51.2731849 ], [ 0.0413853, 51.2734426 ], [ 0.0413992, 51.2734814 ], [ 0.0414256, 51.2735119 ], [ 0.0414638, 51.2735465 ], [ 0.0415068, 51.2735738 ], [ 0.0415177, 51.2736318 ], [ 0.0415003, 51.2738468 ], [ 0.0421195, 51.2738695 ], [ 0.0421366, 51.2737286 ], [ 0.0423139, 51.2737354 ], [ 0.0423192, 51.2736897 ], [ 0.0426115, 51.2737031 ], [ 0.0427105, 51.2736806 ], [ 0.0427842, 51.2736416 ], [ 0.0428395, 51.2735941 ], [ 0.0428658, 51.2735403 ], [ 0.042873, 51.2732518 ], [ 0.0428886, 51.2732156 ], [ 0.0429204, 51.2731922 ], [ 0.0429612, 51.2731752 ], [ 0.0430142, 51.2731664 ], [ 0.0429636, 51.2730666 ], [ 0.0407213, 51.2729324 ], [ 0.0387606, 51.2727562 ], [ 0.0354244, 51.2723093 ], [ 0.0353471, 51.2724143 ] ] ] } },
{ "type": "Feature", "properties": { "stop_id": "osm-way-23403758", "name": null }, "geometry": { "type": "Polygon", "coordinates": [ [ [ -1.9858567, 51.8836223 ], [ -1.986277, 51.883555 ], [ -1.9865907, 51.8834884 ], [ -1.9870029, 51.8833774 ], [ -1.9873862, 51.8832464 ], [ -1.9873226, 51.8833403 ], [ -1.9871702, 51.8834942 ], [ -1.986711, 51.8836504 ], [ -1.9861786, 51.8837027 ], [ -1.9858967, 51.8837 ], [ -1.9858567, 51.8836223 ] ] ] } },
{ "type": "Feature", "properties": { "stop_id": "osm-way-23765864", "name": "Bourne End Services" }, "geometry": { "type": "Polygon", "coordinates": [ [ [ -0.5289066, 51.7413068 ], [ -0.5289278, 51.7412632 ], [ -0.5290558, 51.7412809 ], [ -0.5291556, 51.7412947 ], [ -0.5291756, 51.7412328 ], [ -0.5292252, 51.7412404 ], [ -0.5294456, 51.7412744 ], [ -0.5294689, 51.7412231 ], [ -0.5295977, 51.7412451 ], [ -0.5297333, 51.7409014 ], [ -0.530355, 51.7409928 ], [ -0.5307711, 51.741106 ], [ -0.5312706, 51.7412561 ], [ -0.5314372, 51.7413306 ], [ -0.5314697, 51.7413968 ], [ -0.5315365, 51.7414354 ], [ -0.5316598, 51.741519 ], [ -0.5316964, 51.7415988 ], [ -0.5316778, 51.7416661 ], [ -0.5316416, 51.7417107 ], [ -0.5315786, 51.7417537 ], [ -0.5315079, 51.7417859 ], [ -0.5313803, 51.7418218 ], [ -0.5312146, 51.7418531 ], [ -0.5310667, 51.7419004 ], [ -0.530999, 51.7419075 ], [ -0.5309245, 51.7419153 ], [ -0.5307174, 51.7418862 ], [ -0.5302222, 51.7418602 ], [ -0.5300898, 51.7418321 ], [ -0.5299055, 51.7417785 ], [ -0.5298074, 51.7417577 ], [ -0.5296972, 51.7417383 ], [ -0.5294547, 51.7417111 ], [ -0.5292451, 51.7417041 ], [ -0.5292005, 51.7417012 ], [ -0.5289912, 51.741718 ], [ -0.5287915, 51.7417448 ], [ -0.5286885, 51.741761 ], [ -0.5289066, 51.7413068 ] ] ] } },
{ "type": "Feature", "properties": { "stop_id": "osm-way-28904663", "name": "Moto Reading Eastbound" }, "geometry": { "type": "Polygon", "coordinates": [ [ [ -1.0371814, 51.4259051 ], [ -1.0373577, 51.4259914 ], [ -1.0375047, 51.4260824 ], [ -1.0376247, 51.4262002 ], [ -1.0377098, 51.426328 ], [ -1.037754, 51.4264443 ], [ -1.0377616, 51.4265628 ], [ -1.0377254, 51.4267208 ], [ -1.0376243, 51.4268947 ], [ -1.0367338, 51.4277656 ], [ -1.0327524, 51.4263533 ], [ -1.0326113, 51.4263238 ], [ -1.0324921, 51.4263095 ], [ -1.0323169, 51.426311 ], [ -1.0321451, 51.4263308 ], [ -1.0319823, 51.4263573 ], [ -1.0318206, 51.426389 ], [ -1.0316925, 51.426404 ], [ -1.0315409, 51.4264096 ], [ -1.031378, 51.4263993 ], [ -1.0312854, 51.4263827 ], [ -1.0297672, 51.4258319 ], [ -1.0311673, 51.4239615 ], [ -1.0311832, 51.4239357 ], [ -1.0312118, 51.4239193 ], [ -1.0312436, 51.423914 ], [ -1.031282, 51.4239155 ], [ -1.0313186, 51.4239258 ], [ -1.0314107, 51.4239471 ], [ -1.0314229, 51.4239296 ], [ -1.031598, 51.4238345 ], [ -1.0316541, 51.4238641 ], [ -1.0317316, 51.4238881 ], [ -1.0320012, 51.4239572 ], [ -1.0322177, 51.4240085 ], [ -1.032229, 51.4240788 ], [ -1.0322648, 51.4241859 ], [ -1.0325105, 51.4243573 ], [ -1.0348849, 51.4250591 ], [ -1.0371814, 51.4259051 ] ] ] } },
{ "type": "Feature", "properties": { "stop_id": "osm-way-29234072", "name": "Farlington Services" }, "geometry": { "type": "Polygon", "coordinates": [ [ [ -1.04255, 50.8359244 ], [ -1.0423011, 50.8353173 ], [ -1.0399236, 50.8356371 ], [ -1.0404471, 50.8368568 ], [ -1.041932, 50.8366183 ], [ -1.0423365, 50.836773 ], [ -1.0423624, 50.8367829 ], [ -1.0423857, 50.8367918 ], [ -1.0424905, 50.8368319 ], [ -1.0425178, 50.8368423 ], [ -1.0425207, 50.8368235 ], [ -1.0426018, 50.8363025 ], [ -1.0426223, 50.8361713 ], [ -1.0426465, 50.8360157 ], [ -1.04255, 50.8359244 ] ] ] } },
{ "type": "Feature", "properties": { "stop_id": "osm-way-30069216", "name": null }, "geometry": { "type": "Polygon", "coordinates": [ [ [ -1.2516691, 51.8339592 ], [ -1.2516866, 51.8338715 ], [ -1.2524276, 51.8333365 ], [ -1.252546, 51.8333365 ], [ -1.2516691, 51.8339592 ] ] ] } },
{ "type": "Feature", "properties": { "stop_id": "osm-way-30069217", "name": null }, "geometry": { "type": "Polygon", "coordinates": [ [ [ -1.2517743, 51.834117 ], [ -1.2526644, 51.8334725 ], [ -1.2526337, 51.8335952 ], [ -1.2519146, 51.8340907 ], [ -1.2517743, 51.834117 ] ] ] } },
{ "type": "Feature", "properties": { "stop_id": "osm-way-31066900", "name": "Moto Medway Services" }, "geometry": { "type": "Polygon", "coordinates": [ [ [ 0.6101409, 51.3413927 ], [ 0.6101581, 51.3413953 ], [ 0.610275, 51.3414133 ], [ 0.6106397, 51.3414678 ], [ 0.6106683, 51.3414359 ], [ 0.6107205, 51.3413775 ], [ 0.6107484, 51.3413463 ], [ 0.6105687, 51.3412742 ], [ 0.6104694, 51.3412148 ], [ 0.6104189, 51.3411578 ], [ 0.6103943, 51.3411301 ], [ 0.6103672, 51.3410815 ], [ 0.6103313, 51.341017 ], [ 0.6102798, 51.3408245 ], [ 0.6102227, 51.3406107 ], [ 0.6101207, 51.3404691 ], [ 0.6095843, 51.3403393 ], [ 0.609127, 51.3403074 ], [ 0.6088802, 51.3402622 ], [ 0.6075646, 51.3400486 ], [ 0.6069128, 51.3395476 ], [ 0.6066889, 51.3395283 ], [ 0.6065588, 51.339561 ], [ 0.6059928, 51.339535 ], [ 0.6059164, 51.3395451 ], [ 0.6058413, 51.3395911 ], [ 0.6055717, 51.3398542 ], [ 0.6046852, 51.3396833 ], [ 0.6046308, 51.3398259 ], [ 0.6047, 51.3398719 ], [ 0.6055462, 51.3399589 ], [ 0.6056401, 51.3399924 ], [ 0.6057023, 51.340001 ], [ 0.6062946, 51.3400829 ], [ 0.6062704, 51.3401583 ], [ 0.6063616, 51.3403678 ], [ 0.6061846, 51.3404934 ], [ 0.6060384, 51.3405232 ], [ 0.6060237, 51.3405403 ], [ 0.6060137, 51.3406016 ], [ 0.6060084, 51.3406344 ], [ 0.6060022, 51.3406727 ], [ 0.6061958, 51.3406866 ], [ 0.6063375, 51.3406962 ], [ 0.6063911, 51.340718 ], [ 0.6064461, 51.3407582 ], [ 0.6065534, 51.34079 ], [ 0.6078364, 51.3410155 ], [ 0.6078018, 51.3410943 ], [ 0.6081028, 51.3411464 ], [ 0.608062, 51.3412316 ], [ 0.6080129, 51.3413391 ], [ 0.6079847, 51.3413997 ], [ 0.6077993, 51.3413681 ], [ 0.6076893, 51.3414435 ], [ 0.6061202, 51.3411469 ], [ 0.6060768, 51.3411323 ], [ 0.6058452, 51.3410543 ], [ 0.6057601, 51.3410256 ], [ 0.6055677, 51.3409609 ], [ 0.6055282, 51.3410028 ], [ 0.6054965, 51.3410364 ], [ 0.6054792, 51.3410547 ], [ 0.6055677, 51.341141 ], [ 0.6055683, 51.3412013 ], [ 0.6054738, 51.3412608 ], [ 0.6048529, 51.3413873 ], [ 0.6048974, 51.3414963 ], [ 0.6049173, 51.3415448 ], [ 0.6049836, 51.3416135 ], [ 0.6056267, 51.3415122 ], [ 0.6059244, 51.3419981 ], [ 0.6059834, 51.3420667 ], [ 0.6061229, 51.3421053 ], [ 0.6073111, 51.3423566 ], [ 0.6089017, 51.3425778 ], [ 0.609127, 51.3426029 ], [ 0.6092155, 51.3425845 ], [ 0.6093685, 51.3425119 ], [ 0.6103796, 51.3419578 ], [ 0.6104116, 51.3418646 ], [ 0.6104279, 51.3418171 ], [ 0.6100219, 51.3418005 ], [ 0.6097305, 51.3417886 ], [ 0.6084638, 51.3415656 ], [ 0.6084987, 51.3414874 ], [ 0.6081699, 51.3414313 ], [ 0.6081979, 51.341369 ], [ 0.6082513, 51.3412641 ], [ 0.6082841, 51.3411778 ], [ 0.6085149, 51.3412134 ], [ 0.6086093, 51.3411522 ], [ 0.6088185, 51.3411851 ], [ 0.6093226, 51.3412642 ], [ 0.6101409, 51.3413927 ] ] ] } },
{ "type": "Feature", "properties": { "stop_id": "osm-way-32806558", "name": "Welcome Break Fleet Services" }, "geometry": { "type": "Polygon", "coordinates": [ [ [ -0.8613566, 51.2948094 ], [ -0.8617001, 51.2947639 ], [ -0.8620361, 51.2947256 ], [ -0.8650339, 51.2943557 ], [ -0.865691, 51.2942215 ], [ -0.8661104, 51.2940259 ], [ -0.8670294, 51.2935749 ], [ -0.8678944, 51.2931355 ], [ -0.8677858, 51.2930541 ], [ -0.866953, 51.2934701 ], [ -0.8665453, 51.293668 ], [ -0.8664045, 51.2937376 ], [ -0.8662516, 51.2938098 ], [ -0.8659753, 51.2939439 ], [ -0.8658519, 51.2939901 ], [ -0.8658224, 51.2939498 ], [ -0.8654375, 51.2940228 ], [ -0.8653329, 51.2940379 ], [ -0.8652139, 51.2940618 ], [ -0.8650912, 51.2940834 ], [ -0.8649474, 51.2941156 ], [ -0.8648144, 51.294147 ], [ -0.8647506, 51.2941645 ], [ -0.8646872, 51.2941909 ], [ -0.8646081, 51.2942148 ], [ -0.8645393, 51.2942356 ], [ -0.8644847, 51.2942513 ], [ -0.8644259, 51.2942631 ], [ -0.8643197, 51.2942865 ], [ -0.8642118, 51.2943037 ], [ -0.8641668, 51.2943092 ], [ -0.8640495, 51.2943238 ], [ -0.8637571, 51.2943591 ], [ -0.8629686, 51.2944563 ], [ -0.8626199, 51.2944924 ], [ -0.8623275, 51.2945163 ], [ -0.8620217, 51.2945368 ], [ -0.861719, 51.2945532 ], [ -0.8615041, 51.294557 ], [ -0.8612781, 51.2944467 ], [ -0.8612359, 51.2944236 ], [ -0.8611654, 51.2943997 ], [ -0.8610997, 51.294383 ], [ -0.8610122, 51.2943695 ], [ -0.8605814, 51.2942987 ], [ -0.8604781, 51.2942676 ], [ -0.8604124, 51.2942412 ], [ -0.8603548, 51.2942106 ], [ -0.8601978, 51.2941108 ], [ -0.859874, 51.293902 ], [ -0.8597734, 51.2938529 ], [ -0.8596724, 51.2938119 ], [ -0.8595749, 51.2937745 ], [ -0.8594763, 51.2937439 ], [ -0.8594032, 51.2937255 ], [ -0.8593312, 51.2937125 ], [ -0.8592718, 51.2937079 ], [ -0.8591618, 51.2936999 ], [ -0.8590928, 51.2936974 ], [ -0.8589328, 51.2937044 ], [ -0.8571039, 51.2939771 ], [ -0.8560672, 51.2941305 ], [ -0.8554234, 51.2942286 ], [ -0.8550495, 51.2942855 ], [ -0.8546446, 51.2943632 ], [ -0.854425, 51.2944789 ], [ -0.854297, 51.2945637 ], [ -0.8541941, 51.2946629 ], [ -0.8541174, 51.2947916 ], [ -0.8537051, 51.2955758 ], [ -0.8535619, 51.2956665 ], [ -0.8531548, 51.2959405 ], [ -0.853195, 51.2960329 ], [ -0.8531651, 51.2960467 ], [ -0.8532026, 51.296126 ], [ -0.8532315, 51.2961176 ], [ -0.8532449, 51.2961453 ], [ -0.8539724, 51.2960405 ], [ -0.8540542, 51.2960296 ], [ -0.8552666, 51.2957922 ], [ -0.8555187, 51.2957469 ], [ -0.855567, 51.2957428 ], [ -0.8559559, 51.2956899 ], [ -0.8574794, 51.2955306 ], [ -0.8582385, 51.2953973 ], [ -0.8584464, 51.2953595 ], [ -0.8585832, 51.295326 ], [ -0.8593033, 51.295227 ], [ -0.8601294, 51.2950962 ], [ -0.8604822, 51.2950635 ], [ -0.8606458, 51.2950442 ], [ -0.8607879, 51.2950283 ], [ -0.8609596, 51.295014 ], [ -0.861036, 51.2948295 ], [ -0.861083, 51.2947658 ], [ -0.8613566, 51.2948094 ] ] ] } },
{ "type": "Feature", "properties": { "stop_id": "osm-way-39487861", "name": "RoadChef Maidstone Services" }, "geometry": { "type": "Polygon", "coordinates": [ [ [ 0.6122951, 51.2678923 ], [ 0.6118919, 51.2672329 ], [ 0.6118152, 51.2671074 ], [ 0.6116215, 51.2667609 ], [ 0.6122518, 51.2664168 ], [ 0.6123486, 51.2662765 ], [ 0.6150304, 51.2649518 ], [ 0.6154036, 51.2647314 ], [ 0.6162289, 51.2643175 ], [ 0.6166097, 51.2649653 ], [ 0.6171362, 51.2658442 ], [ 0.6175028, 51.2664564 ], [ 0.6179614, 51.2671521 ], [ 0.6169316, 51.2672635 ], [ 0.6151275, 51.2675459 ], [ 0.6150899, 51.2675505 ], [ 0.6122951, 51.2678923 ] ] ] } },
{ "type": "Feature", "properties": { "stop_id": "osm-way-44952017", "name": "South Mimms Services" }, "geometry": { "type": "Polygon", "coordinates": [ [ [ -0.2267345, 51.6875295 ], [ -0.2268767, 51.6877274 ], [ -0.2270162, 51.687907 ], [ -0.2270945, 51.6881637 ], [ -0.2270398, 51.6883486 ], [ -0.2266265, 51.6888828 ], [ -0.2263028, 51.6891928 ], [ -0.2256695, 51.690225 ], [ -0.2256097, 51.6902262 ], [ -0.2255924, 51.6902265 ], [ -0.2255518, 51.6902272 ], [ -0.2253145, 51.6902288 ], [ -0.2252757, 51.6902292 ], [ -0.2252854, 51.6903036 ], [ -0.2252508, 51.6904107 ], [ -0.2251672, 51.6905504 ], [ -0.2250344, 51.6907321 ], [ -0.2249913, 51.6907917 ], [ -0.224738, 51.6912853 ], [ -0.2242058, 51.6913095 ], [ -0.2242025, 51.6912465 ], [ -0.2241995, 51.6911378 ], [ -0.2241952, 51.6910387 ], [ -0.2240243, 51.6909633 ], [ -0.2237186, 51.6909182 ], [ -0.2233999, 51.6909084 ], [ -0.223286, 51.6909197 ], [ -0.2230685, 51.6908439 ], [ -0.2228643, 51.6905106 ], [ -0.2223194, 51.6906937 ], [ -0.2216088, 51.6897826 ], [ -0.2213299, 51.688612 ], [ -0.220799, 51.6872912 ], [ -0.2207563, 51.6871807 ], [ -0.2207454, 51.6871491 ], [ -0.2206649, 51.6869164 ], [ -0.221533, 51.6867062 ], [ -0.2218459, 51.6866455 ], [ -0.2230718, 51.6864076 ], [ -0.2232121, 51.6863896 ], [ -0.2232436, 51.6863483 ], [ -0.2232751, 51.686307 ], [ -0.2233485, 51.6862445 ], [ -0.2242912, 51.6861017 ], [ -0.225091, 51.6859966 ], [ -0.2255517, 51.6858938 ], [ -0.2263987, 51.6861469 ], [ -0.2265623, 51.6862319 ], [ -0.2266668, 51.6863349 ], [ -0.2267111, 51.6864705 ], [ -0.2266836, 51.68663 ], [ -0.2265441, 51.6868761 ], [ -0.226567, 51.6870961 ], [ -0.226587, 51.6872219 ], [ -0.226593, 51.6873593 ], [ -0.2266007, 51.6874209 ], [ -0.2266007, 51.6874706 ], [ -0.2267345, 51.6875295 ] ] ] } },
{ "type": "Feature", "properties": { "stop_id": "osm-way-49011095", "name": "Runcorn Expressway Service Station" }, "geometry": { "type": "Polygon", "coordinates": [ [ [ -2.7321049, 53.3393705 ], [ -2.7320089, 53.3394342 ], [ -2.7310897, 53.3392073 ], [ -2.7307915, 53.3391344 ], [ -2.7304113, 53.3390413 ], [ -2.7304843, 53.3389204 ], [ -2.7309692, 53.338895 ], [ -2.7312948, 53.3389548 ], [ -2.7315837, 53.339072 ], [ -2.7319104, 53.3392813 ], [ -2.7321049, 53.3393705 ] ] ] } },
{ "type": "Feature", "properties": { "stop_id": "osm-way-52511656", "name": "Shrewsbury Service Station" }, "geometry": { "type": "Polygon", "coordinates": [ [ [ -2.7628119, 52.6819715 ], [ -2.7623512, 52.6805854 ], [ -2.761379, 52.6807026 ], [ -2.7593984, 52.6809716 ], [ -2.7590323, 52.6811541 ], [ -2.7590187, 52.6816555 ], [ -2.7591046, 52.6818367 ], [ -2.7591454, 52.6819227 ], [ -2.7595343, 52.6822333 ], [ -2.7599393, 52.6822658 ], [ -2.7628119, 52.6819715 ] ] ] } },
{ "type": "Feature", "properties": { "stop_id": "osm-way-58904302", "name": "Lea Gate Service Station" }, "geometry": { "type": "Polygon", "coordinates": [ [ [ -2.7924772, 53.7612614 ], [ -2.7924685, 53.761236 ], [ -2.7916239, 53.760613 ], [ -2.7904066, 53.7611501 ], [ -2.7908084, 53.7614898 ], [ -2.791124, 53.7614541 ], [ -2.7920579, 53.7613164 ], [ -2.7924772, 53.7612614 ] ] ] } },
{ "type": "Feature", "properties": { "stop_id": "osm-way-61092092", "name": "Northampton Services" }, "geometry": { "type": "Polygon", "coordinates": [ [ [ -0.9418048, 52.2092013 ], [ -0.9417739, 52.2092945 ], [ -0.941967, 52.2095509 ], [ -0.9417524, 52.2099585 ], [ -0.9418382, 52.2101886 ], [ -0.9421815, 52.2104647 ], [ -0.943587, 52.2107145 ], [ -0.9447243, 52.2108 ], [ -0.9455937, 52.2108044 ], [ -0.9458158, 52.2105204 ], [ -0.9459767, 52.2102305 ], [ -0.945497, 52.2101085 ], [ -0.9444066, 52.2098436 ], [ -0.9428647, 52.2094598 ], [ -0.9418048, 52.2092013 ] ] ] } },
{ "type": "Feature", "properties": { "stop_id": "osm-way-61094096", "name": "Markfield Services - Travellodge ONLY" }, "geometry": { "type": "Polygon", "coordinates": [ [ [ -1.2976919, 52.6957013 ], [ -1.294999, 52.6947324 ], [ -1.2949024, 52.6949535 ], [ -1.2942988, 52.6953992 ], [ -1.2942802, 52.6957273 ], [ -1.294484, 52.6960069 ], [ -1.294881, 52.6961824 ], [ -1.2953101, 52.696332 ], [ -1.2955569, 52.6964035 ], [ -1.296501, 52.6968196 ], [ -1.2976919, 52.6957013 ] ] ] } },
{ "type": "Feature", "properties": { "stop_id": "osm-way-61094302", "name": "Moto Donington Park Services" }, "geometry": { "type": "Polygon", "coordinates": [ [ [ -1.309942, 52.8203865 ], [ -1.3098504, 52.8190075 ], [ -1.3098371, 52.8186355 ], [ -1.3072178, 52.8185256 ], [ -1.3069302, 52.8191752 ], [ -1.3064914, 52.8199641 ], [ -1.3059981, 52.8206674 ], [ -1.305699, 52.8210185 ], [ -1.3054863, 52.8213457 ], [ -1.3053902, 52.8215333 ], [ -1.3053809, 52.8215513 ], [ -1.3052143, 52.8220804 ], [ -1.3051098, 52.8224976 ], [ -1.3051031, 52.8228503 ], [ -1.305189, 52.8230764 ], [ -1.3053671, 52.8233005 ], [ -1.3063791, 52.8233784 ], [ -1.3066044, 52.8236961 ], [ -1.3068243, 52.8237188 ], [ -1.3081816, 52.8237058 ], [ -1.3094449, 52.8233638 ], [ -1.3109155, 52.8229875 ], [ -1.3114379, 52.8228487 ], [ -1.3117289, 52.8227668 ], [ -1.3116758, 52.8227211 ], [ -1.3110424, 52.8222377 ], [ -1.3107179, 52.8220854 ], [ -1.3106305, 52.8220484 ], [ -1.3105207, 52.8220101 ], [ -1.3100377, 52.8218931 ], [ -1.3100323, 52.8217985 ], [ -1.3100223, 52.821625 ], [ -1.309942, 52.8203865 ] ] ] } },
{ "type": "Feature", "properties": { "stop_id": "osm-way-61094336", "name": "Trowell Services" }, "geometry": { "type": "Polygon", "coordinates": [ [ [ -1.2698756, 52.9605975 ], [ -1.2699356, 52.9607563 ], [ -1.2702394, 52.9610974 ], [ -1.2703514, 52.961476 ], [ -1.2711954, 52.9624581 ], [ -1.2692181, 52.9627556 ], [ -1.2675838, 52.9630841 ], [ -1.2664631, 52.9639051 ], [ -1.266199, 52.9642364 ], [ -1.2657129, 52.9641647 ], [ -1.2644361, 52.9634539 ], [ -1.2642859, 52.9633311 ], [ -1.2645286, 52.9629565 ], [ -1.264763, 52.9625931 ], [ -1.2648368, 52.9624359 ], [ -1.2648618, 52.9622133 ], [ -1.2648446, 52.9617759 ], [ -1.2649314, 52.9615227 ], [ -1.2684044, 52.9606375 ], [ -1.2689111, 52.9602619 ], [ -1.2698756, 52.9605975 ] ] ] } },
{ "type": "Feature", "properties": { "stop_id": "osm-way-61094444", "name": "Tibshelf Services Northbound" }, "geometry": { "type": "Polygon", "coordinates": [ [ [ -1.330974, 53.1361363 ], [ -1.3315211, 53.1355506 ], [ -1.331607, 53.1353704 ], [ -1.3314568, 53.1352352 ], [ -1.3320468, 53.1347525 ], [ -1.3323902, 53.1347718 ], [ -1.332853, 53.1350713 ], [ -1.333058, 53.135204 ], [ -1.3330422, 53.1353589 ], [ -1.3332702, 53.1353759 ], [ -1.3335522, 53.135442 ], [ -1.334021, 53.1357115 ], [ -1.33474, 53.1359652 ], [ -1.3348229, 53.1359945 ], [ -1.334897, 53.1360305 ], [ -1.3350402, 53.1361 ], [ -1.3348873, 53.1362154 ], [ -1.3348471, 53.1362457 ], [ -1.3340853, 53.137179 ], [ -1.3340197, 53.1375146 ], [ -1.3337622, 53.137875 ], [ -1.3337087, 53.1379541 ], [ -1.3336727, 53.1380926 ], [ -1.3336142, 53.1382069 ], [ -1.3334063, 53.1383543 ], [ -1.3331536, 53.1384537 ], [ -1.3329266, 53.1385049 ], [ -1.332476, 53.1384791 ], [ -1.3322507, 53.138389 ], [ -1.3316928, 53.1385628 ], [ -1.3314889, 53.1387752 ], [ -1.3313615, 53.1390703 ], [ -1.330974, 53.1361363 ] ] ] } },
{ "type": "Feature", "properties": { "stop_id": "osm-way-61094746", "name": "Moto Blyth Services" }, "geometry": { "type": "Polygon", "coordinates": [ [ [ -1.0597854, 53.3863491 ], [ -1.0594528, 53.3864259 ], [ -1.0591202, 53.3865858 ], [ -1.0589271, 53.386829 ], [ -1.0589378, 53.3883775 ], [ -1.0600965, 53.3883839 ], [ -1.0604935, 53.3886078 ], [ -1.0611801, 53.3889917 ], [ -1.0618453, 53.3891197 ], [ -1.0626285, 53.3891901 ], [ -1.0627573, 53.3888318 ], [ -1.0626162, 53.3886988 ], [ -1.0625744, 53.3886557 ], [ -1.0625212, 53.388595 ], [ -1.06265, 53.3883711 ], [ -1.0625534, 53.3879808 ], [ -1.0619097, 53.3874945 ], [ -1.0602145, 53.3864579 ], [ -1.0597854, 53.3863491 ] ] ] } },
{ "type": "Feature", "properties": { "stop_id": "osm-way-61094766", "name": "Barnsdale Bar Services" }, "geometry": { "type": "Polygon", "coordinates": [ [ [ -1.2395301, 53.626575 ], [ -1.2391608, 53.6268776 ], [ -1.2388147, 53.6270171 ], [ -1.2384838, 53.627224 ], [ -1.2386367, 53.6274208 ], [ -1.2383816, 53.6274789 ], [ -1.2355567, 53.6281227 ], [ -1.234985, 53.6272305 ], [ -1.2347525, 53.6268676 ], [ -1.2374766, 53.6262077 ], [ -1.2378736, 53.6259197 ], [ -1.2379585, 53.6258835 ], [ -1.2385725, 53.6256214 ], [ -1.2390578, 53.6261046 ], [ -1.2395301, 53.626575 ] ] ] } },
{ "type": "Feature", "properties": { "stop_id": "osm-way-61094857", "name": "Moto Ferrybridge Services" }, "geometry": { "type": "Polygon", "coordinates": [ [ [ -1.2654704, 53.6990961 ], [ -1.2636036, 53.6972922 ], [ -1.2650627, 53.696784 ], [ -1.2653772, 53.6967805 ], [ -1.2656314, 53.6967777 ], [ -1.2657816, 53.6966951 ], [ -1.2666613, 53.6970635 ], [ -1.2670798, 53.6971143 ], [ -1.2674767, 53.6974827 ], [ -1.2677879, 53.6982577 ], [ -1.2675178, 53.6983554 ], [ -1.2662966, 53.6987972 ], [ -1.2654704, 53.6990961 ] ] ] } },
{ "type": "Feature", "properties": { "stop_id": "osm-way-61095235", "name": "Moto Grantham North Services" }, "geometry": { "type": "Polygon", "coordinates": [ [ [ -0.6764899, 52.9475711 ], [ -0.6805883, 52.9479202 ], [ -0.6802235, 52.9484632 ], [ -0.6799071, 52.9489771 ], [ -0.6797593, 52.9492822 ], [ -0.679593, 52.9494721 ], [ -0.6793953, 52.9495916 ], [ -0.6791665, 52.9496906 ], [ -0.6789037, 52.9497768 ], [ -0.6787213, 52.9498042 ], [ -0.678529, 52.9497517 ], [ -0.6783222, 52.9496922 ], [ -0.6780255, 52.9495075 ], [ -0.6778571, 52.9493605 ], [ -0.6762109, 52.9476487 ], [ -0.6764899, 52.9475711 ] ] ] } },
{ "type": "Feature", "properties": { "stop_id": "osm-way-61095263", "name": "Markham Moor Services (North)" }, "geometry": { "type": "Polygon", "coordinates": [ [ [ -0.9272726, 53.2562298 ], [ -0.9274274, 53.2561208 ], [ -0.9284769, 53.2562357 ], [ -0.9289002, 53.2550831 ], [ -0.928439, 53.2550214 ], [ -0.9262644, 53.2547302 ], [ -0.9258531, 53.2546751 ], [ -0.9250296, 53.2545762 ], [ -0.9250312, 53.2546345 ], [ -0.9247877, 53.2546308 ], [ -0.9245522, 53.2547397 ], [ -0.9243926, 53.25491 ], [ -0.9243819, 53.2551643 ], [ -0.9244829, 53.2552812 ], [ -0.9245873, 53.2554021 ], [ -0.9246942, 53.2554374 ], [ -0.9272726, 53.2562298 ] ] ] } },
{ "type": "Feature", "properties": { "stop_id": "osm-way-61095754", "name": "ExtraMSA Leicester Services" }, "geometry": { "type": "Polygon", "coordinates": [ [ [ -1.1279637, 52.6914266 ], [ -1.1271859, 52.6914656 ], [ -1.1268364, 52.6915206 ], [ -1.1267419, 52.6914975 ], [ -1.126323, 52.6913949 ], [ -1.1263541, 52.6896781 ], [ -1.1264336, 52.689569 ], [ -1.1265633, 52.6895031 ], [ -1.1273284, 52.6894677 ], [ -1.127577, 52.6894627 ], [ -1.1278035, 52.6896024 ], [ -1.1278149, 52.6896224 ], [ -1.1278225, 52.6896357 ], [ -1.1278171, 52.6896525 ], [ -1.1278023, 52.689698 ], [ -1.1279057, 52.6896973 ], [ -1.1279092, 52.6898073 ], [ -1.1279292, 52.6902616 ], [ -1.1279389, 52.6906608 ], [ -1.127941, 52.6907498 ], [ -1.127952, 52.6912013 ], [ -1.1279542, 52.6912922 ], [ -1.1279637, 52.6914266 ] ] ] } },
{ "type": "Feature", "properties": { "stop_id": "osm-way-61095781", "name": "Brampton Hut Services" }, "geometry": { "type": "Polygon", "coordinates": [ [ [ -0.2534774, 52.3306473 ], [ -0.2506667, 52.3308609 ], [ -0.2505468, 52.3308734 ], [ -0.2505558, 52.3309279 ], [ -0.2506238, 52.3309891 ], [ -0.250333, 52.3313602 ], [ -0.2502219, 52.3316635 ], [ -0.2501179, 52.3317094 ], [ -0.2500729, 52.3318045 ], [ -0.249985, 52.3320106 ], [ -0.2499186, 52.3324479 ], [ -0.2501238, 52.3326012 ], [ -0.2507032, 52.3327192 ], [ -0.2514547, 52.3327154 ], [ -0.2527577, 52.3327154 ], [ -0.2529677, 52.3327154 ], [ -0.2536368, 52.3326843 ], [ -0.2540654, 52.3326303 ], [ -0.2534774, 52.3306473 ] ] ] } },
{ "type": "Feature", "properties": { "stop_id": "osm-way-61095812", "name": "Thrapston Services" }, "geometry": { "type": "Polygon", "coordinates": [ [ [ -0.5271388, 52.3924319 ], [ -0.5259915, 52.3912406 ], [ -0.5247295, 52.3916613 ], [ -0.5245579, 52.3918119 ], [ -0.5243916, 52.3919763 ], [ -0.5242132, 52.3920934 ], [ -0.5238874, 52.3922456 ], [ -0.5236285, 52.3925959 ], [ -0.5235708, 52.3937106 ], [ -0.5256191, 52.3929723 ], [ -0.5267441, 52.392566 ], [ -0.5271388, 52.3924319 ] ] ] } },
{ "type": "Feature", "properties": { "stop_id": "osm-way-61095903", "name": "Moto Scotch Corner Services" }, "geometry": { "type": "Polygon", "coordinates": [ [ [ -1.6655191, 54.4448138 ], [ -1.6655093, 54.4446788 ], [ -1.6654615, 54.444023 ], [ -1.6657458, 54.4439576 ], [ -1.6654396, 54.4435505 ], [ -1.6653672, 54.4434096 ], [ -1.6658515, 54.4432215 ], [ -1.6664279, 54.4430497 ], [ -1.6670257, 54.4427968 ], [ -1.6672778, 54.4428077 ], [ -1.6673761, 54.4429753 ], [ -1.6676187, 54.4433582 ], [ -1.6678734, 54.4439204 ], [ -1.6675836, 54.4441104 ], [ -1.6673201, 54.4446069 ], [ -1.6673828, 54.4446707 ], [ -1.6673653, 54.4447233 ], [ -1.6673041, 54.4449066 ], [ -1.6672058, 54.4452011 ], [ -1.667185, 54.4452589 ], [ -1.6655866, 54.4452665 ], [ -1.6655191, 54.4448138 ] ] ] } },
{ "type": "Feature", "properties": { "stop_id": "osm-way-61095943", "name": "Moto Barton Truckstop" }, "geometry": { "type": "Polygon", "coordinates": [ [ [ -1.6657087, 54.4671123 ], [ -1.6658858, 54.4668566 ], [ -1.6637045, 54.4662092 ], [ -1.6645715, 54.4649953 ], [ -1.6630051, 54.4648738 ], [ -1.6620953, 54.4660471 ], [ -1.6618087, 54.4668722 ], [ -1.6632357, 54.4672308 ], [ -1.6641745, 54.4674271 ], [ -1.6649973, 54.4674314 ], [ -1.6655156, 54.4673399 ], [ -1.6657087, 54.4671123 ] ] ] } },
{ "type": "Feature", "properties": { "stop_id": "osm-way-61096004", "name": "Durham Services" }, "geometry": { "type": "Polygon", "coordinates": [ [ [ -1.5247193, 54.7277622 ], [ -1.5243493, 54.7282824 ], [ -1.5241897, 54.7283654 ], [ -1.523768, 54.7293719 ], [ -1.5234515, 54.729804 ], [ -1.5232372, 54.7299313 ], [ -1.5229848, 54.7300177 ], [ -1.5227274, 54.730044 ], [ -1.522505, 54.7300568 ], [ -1.5222177, 54.7300224 ], [ -1.5219442, 54.7299326 ], [ -1.5217486, 54.7297842 ], [ -1.5216652, 54.7296042 ], [ -1.5221641, 54.7270502 ], [ -1.5233078, 54.7272887 ], [ -1.523822, 54.7274491 ], [ -1.5239345, 54.7274916 ], [ -1.5247193, 54.7277622 ] ] ] } },
{ "type": "Feature", "properties": { "stop_id": "osm-way-61096080", "name": "Moto Washington Services Northbound" }, "geometry": { "type": "Polygon", "coordinates": [ [ [ -1.5595878, 54.8906783 ], [ -1.5598274, 54.8907328 ], [ -1.5600746, 54.8905494 ], [ -1.560156, 54.8904856 ], [ -1.5605832, 54.890187 ], [ -1.560685, 54.88998 ], [ -1.5608437, 54.8890453 ], [ -1.5609381, 54.8880061 ], [ -1.5607772, 54.8879444 ], [ -1.5604357, 54.8878944 ], [ -1.559674, 54.8879222 ], [ -1.5596455, 54.8880508 ], [ -1.5596697, 54.8883825 ], [ -1.5595878, 54.8906783 ] ] ] } },
{ "type": "Feature", "properties": { "stop_id": "osm-way-61374194", "name": "J38 Truckstop" }, "geometry": { "type": "Polygon", "coordinates": [ [ [ -2.5951896, 54.4392793 ], [ -2.5946519, 54.4391883 ], [ -2.593752, 54.439036 ], [ -2.5933172, 54.4386231 ], [ -2.5935329, 54.4385822 ], [ -2.5944364, 54.4378358 ], [ -2.5935642, 54.4375411 ], [ -2.5925859, 54.4372538 ], [ -2.5934449, 54.436918 ], [ -2.5937174, 54.4368285 ], [ -2.5939848, 54.4367743 ], [ -2.5942414, 54.4367499 ], [ -2.5945214, 54.4367619 ], [ -2.5948063, 54.4368044 ], [ -2.595057, 54.4368708 ], [ -2.5952705, 54.4369578 ], [ -2.5954681, 54.4370883 ], [ -2.5956075, 54.4372419 ], [ -2.5957028, 54.4374242 ], [ -2.5957293, 54.4375533 ], [ -2.5957028, 54.4377821 ], [ -2.5956495, 54.4379453 ], [ -2.5953543, 54.4386556 ], [ -2.5951896, 54.4392793 ] ] ] } },
{ "type": "Feature", "properties": { "stop_id": "osm-way-61374769", "name": "ExtraMSA Baldock Services" }, "geometry": { "type": "Polygon", "coordinates": [ [ [ -0.2045133, 52.0142553 ], [ -0.2040842, 52.0136808 ], [ -0.2028751, 52.0135298 ], [ -0.2027357, 52.0134638 ], [ -0.2024031, 52.0132459 ], [ -0.20157, 52.0132401 ], [ -0.2013906, 52.0133973 ], [ -0.2012374, 52.0133852 ], [ -0.20092, 52.0133881 ], [ -0.2008338, 52.0134139 ], [ -0.2005148, 52.0135199 ], [ -0.2005139, 52.0135758 ], [ -0.2004576, 52.0136179 ], [ -0.2000418, 52.0138755 ], [ -0.1997709, 52.0142601 ], [ -0.1997267, 52.0144293 ], [ -0.1999131, 52.0146835 ], [ -0.2001518, 52.0147686 ], [ -0.2005582, 52.0148148 ], [ -0.2007151, 52.0148173 ], [ -0.2010021, 52.0151119 ], [ -0.2015103, 52.0153958 ], [ -0.2019884, 52.0154071 ], [ -0.2032692, 52.014821 ], [ -0.204249, 52.0143725 ], [ -0.2045133, 52.0142553 ] ] ] } },
{ "type": "Feature", "properties": { "stop_id": "osm-way-61374892", "name": "Moto Thurrock Services" }, "geometry": { "type": "Polygon", "coordinates": [ [ [ 0.2717788, 51.494171 ], [ 0.2697604, 51.4935682 ], [ 0.2692241, 51.4915673 ], [ 0.2693423, 51.4913268 ], [ 0.2695642, 51.4911457 ], [ 0.2702679, 51.4908564 ], [ 0.2704974, 51.4906885 ], [ 0.2705882, 51.4904655 ], [ 0.2707838, 51.4898938 ], [ 0.2708208, 51.4898895 ], [ 0.2709413, 51.4898809 ], [ 0.2712254, 51.4898712 ], [ 0.2713357, 51.4898942 ], [ 0.2714897, 51.4899204 ], [ 0.27165, 51.4899461 ], [ 0.2714864, 51.4902376 ], [ 0.2714382, 51.4903555 ], [ 0.2714651, 51.4904867 ], [ 0.2715157, 51.4905159 ], [ 0.2717281, 51.4906384 ], [ 0.2721198, 51.4907768 ], [ 0.2728309, 51.4907722 ], [ 0.2727437, 51.4920261 ], [ 0.2731203, 51.4922904 ], [ 0.2727111, 51.4925164 ], [ 0.2726692, 51.4937035 ], [ 0.2719911, 51.4940595 ], [ 0.2717788, 51.494171 ] ] ] } },
{ "type": "Feature", "properties": { "stop_id": "osm-way-61375075", "name": "Stop24 Folkestone Services" }, "geometry": { "type": "Polygon", "coordinates": [ [ [ 1.0408911, 51.095933 ], [ 1.0405468, 51.0950398 ], [ 1.041455, 51.0948154 ], [ 1.0461832, 51.0940653 ], [ 1.0462292, 51.0939979 ], [ 1.0485752, 51.093634 ], [ 1.0493154, 51.0935248 ], [ 1.0495055, 51.0941613 ], [ 1.04953, 51.094243 ], [ 1.0490687, 51.0943477 ], [ 1.0484641, 51.094485 ], [ 1.0476356, 51.0949136 ], [ 1.0473674, 51.0950266 ], [ 1.0463204, 51.0952723 ], [ 1.0460443, 51.095337 ], [ 1.0450365, 51.0956123 ], [ 1.0450054, 51.0956208 ], [ 1.0419129, 51.0961574 ], [ 1.0418567, 51.0960408 ], [ 1.0408911, 51.095933 ] ] ] } },
{ "type": "Feature", "properties": { "stop_id": "osm-way-61375289", "name": "Moto Pease Pottage Services" }, "geometry": { "type": "Polygon", "coordinates": [ [ [ -0.1975718, 51.0852329 ], [ -0.1976132, 51.0852267 ], [ -0.1976573, 51.0852148 ], [ -0.1976992, 51.0851974 ], [ -0.1977765, 51.0851556 ], [ -0.1979991, 51.0850292 ], [ -0.1984594, 51.0847716 ], [ -0.1987261, 51.084603 ], [ -0.1994614, 51.0841026 ], [ -0.1997967, 51.0838403 ], [ -0.1998633, 51.0837824 ], [ -0.1999625, 51.0837015 ], [ -0.200169, 51.0835314 ], [ -0.2002576, 51.0834589 ], [ -0.2003434, 51.0833696 ], [ -0.2004778, 51.0832022 ], [ -0.2002615, 51.0831265 ], [ -0.1999633, 51.0830425 ], [ -0.1999146, 51.0830306 ], [ -0.1998694, 51.0830226 ], [ -0.1998411, 51.0830199 ], [ -0.199803, 51.083018 ], [ -0.1997583, 51.0830198 ], [ -0.19965, 51.0830283 ], [ -0.1995632, 51.0830349 ], [ -0.1995358, 51.0831409 ], [ -0.1994659, 51.0831268 ], [ -0.1993704, 51.0831157 ], [ -0.1993067, 51.0831135 ], [ -0.1992359, 51.0831146 ], [ -0.1991793, 51.083119 ], [ -0.199135, 51.0831257 ], [ -0.1991138, 51.0831324 ], [ -0.1990943, 51.0831457 ], [ -0.1989121, 51.0835559 ], [ -0.1988307, 51.0837293 ], [ -0.19882, 51.0837416 ], [ -0.1987988, 51.083746 ], [ -0.1985404, 51.0835648 ], [ -0.1983597, 51.0836714 ], [ -0.1982779, 51.0837193 ], [ -0.1982721, 51.0837222 ], [ -0.1982398, 51.0837408 ], [ -0.1981883, 51.0837715 ], [ -0.198459, 51.0839683 ], [ -0.1983847, 51.0840139 ], [ -0.1983334, 51.0840428 ], [ -0.1982591, 51.0840784 ], [ -0.1982113, 51.0840917 ], [ -0.1981688, 51.0840995 ], [ -0.1981157, 51.0841028 ], [ -0.1980715, 51.0841028 ], [ -0.198042, 51.0841009 ], [ -0.1980044, 51.084094 ], [ -0.1979561, 51.0840754 ], [ -0.1979298, 51.0840648 ], [ -0.197888, 51.0840892 ], [ -0.1978122, 51.0841419 ], [ -0.1977521, 51.0841916 ], [ -0.1977686, 51.0842087 ], [ -0.1977847, 51.0842315 ], [ -0.1977943, 51.0842548 ], [ -0.1977988, 51.0843035 ], [ -0.1977926, 51.0843434 ], [ -0.1977837, 51.0843765 ], [ -0.1977732, 51.0844029 ], [ -0.19776, 51.0844283 ], [ -0.1977362, 51.0844592 ], [ -0.1977116, 51.0844845 ], [ -0.19768, 51.084512 ], [ -0.19764, 51.0845407 ], [ -0.1975876, 51.0845727 ], [ -0.1973205, 51.0847158 ], [ -0.1972267, 51.0847782 ], [ -0.1970684, 51.0849096 ], [ -0.1970541, 51.0849262 ], [ -0.197047, 51.0849434 ], [ -0.1970508, 51.0849651 ], [ -0.197063, 51.0849831 ], [ -0.1970863, 51.0850045 ], [ -0.197106, 51.0850191 ], [ -0.1973646, 51.0851857 ], [ -0.1974037, 51.0852078 ], [ -0.1974468, 51.0852231 ], [ -0.1974914, 51.085232 ], [ -0.1975316, 51.0852347 ], [ -0.1975718, 51.0852329 ] ] ] } },
{ "type": "Feature", "properties": { "stop_id": "osm-way-61376557", "name": "Moto Winchester Services" }, "geometry": { "type": "Polygon", "coordinates": [ [ [ -1.2545905, 51.1181472 ], [ -1.2548029, 51.1188163 ], [ -1.2549316, 51.1190116 ], [ -1.2551569, 51.1193484 ], [ -1.2554235, 51.1196034 ], [ -1.2556075, 51.1197794 ], [ -1.2562834, 51.1200892 ], [ -1.257046, 51.1201655 ], [ -1.2570722, 51.1204866 ], [ -1.2562049, 51.121363 ], [ -1.2560652, 51.1213936 ], [ -1.2557577, 51.121537 ], [ -1.2550174, 51.1217256 ], [ -1.2544629, 51.1218259 ], [ -1.2543844, 51.1218401 ], [ -1.2539016, 51.1206548 ], [ -1.2536334, 51.1198804 ], [ -1.2537836, 51.1197053 ], [ -1.2545905, 51.1181472 ] ] ] } },
{ "type": "Feature", "properties": { "stop_id": "osm-way-61376664", "name": "RoadChef Sutton Scotney Services Southbound" }, "geometry": { "type": "Polygon", "coordinates": [ [ [ -1.3464929, 51.1529774 ], [ -1.3459389, 51.1529872 ], [ -1.3453897, 51.1532569 ], [ -1.3451732, 51.1534255 ], [ -1.3446179, 51.1538983 ], [ -1.3440439, 51.1542919 ], [ -1.3436189, 51.1545065 ], [ -1.3432046, 51.1546942 ], [ -1.3423546, 51.1549249 ], [ -1.342212, 51.1549421 ], [ -1.3420169, 51.1549656 ], [ -1.3419558, 51.1549729 ], [ -1.3415396, 51.155025 ], [ -1.3415537, 51.1551396 ], [ -1.3416803, 51.1561686 ], [ -1.3417606, 51.1568208 ], [ -1.3417824, 51.1568854 ], [ -1.3418596, 51.1571138 ], [ -1.3420654, 51.1577231 ], [ -1.3419517, 51.1583833 ], [ -1.3419411, 51.1591032 ], [ -1.3434806, 51.1592772 ], [ -1.3435182, 51.1592815 ], [ -1.343674, 51.1592901 ], [ -1.3453907, 51.1558978 ], [ -1.3464929, 51.1529774 ] ] ] } },
{ "type": "Feature", "properties": { "stop_id": "osm-way-61376755", "name": "Rownhams Services" }, "geometry": { "type": "Polygon", "coordinates": [ [ [ -1.445128, 50.9579317 ], [ -1.4451035, 50.9578604 ], [ -1.4459291, 50.9575752 ], [ -1.4462617, 50.9573184 ], [ -1.4462832, 50.9570143 ], [ -1.4465658, 50.9570347 ], [ -1.4466056, 50.9570224 ], [ -1.4472564, 50.956822 ], [ -1.4472953, 50.9568707 ], [ -1.4474962, 50.9567007 ], [ -1.4475809, 50.9564259 ], [ -1.4476145, 50.9562492 ], [ -1.4477862, 50.9561708 ], [ -1.4484226, 50.955877 ], [ -1.4495819, 50.9556728 ], [ -1.4498388, 50.9556878 ], [ -1.4504452, 50.9557471 ], [ -1.4505441, 50.9557524 ], [ -1.4510553, 50.9556249 ], [ -1.4511657, 50.955703 ], [ -1.4511856, 50.9557171 ], [ -1.4513057, 50.95583 ], [ -1.4514338, 50.9559505 ], [ -1.4514314, 50.9560053 ], [ -1.451425, 50.9561477 ], [ -1.4517443, 50.9563399 ], [ -1.4516383, 50.9564838 ], [ -1.4475319, 50.9574789 ], [ -1.4454666, 50.9579739 ], [ -1.445128, 50.9579317 ] ] ] } },
{ "type": "Feature", "properties": { "stop_id": "osm-way-61381780", "name": "Moto Tiverton Services" }, "geometry": { "type": "Polygon", "coordinates": [ [ [ -3.3565428, 50.9165897 ], [ -3.3561222, 50.9163824 ], [ -3.3554063, 50.9160296 ], [ -3.3546765, 50.9156609 ], [ -3.3544416, 50.9161087 ], [ -3.3539417, 50.9159856 ], [ -3.3538626, 50.9161337 ], [ -3.3537497, 50.9163527 ], [ -3.3537175, 50.9165262 ], [ -3.3536705, 50.9166062 ], [ -3.3536684, 50.9171219 ], [ -3.3537361, 50.9171572 ], [ -3.3542569, 50.9171435 ], [ -3.3543062, 50.917142 ], [ -3.3548816, 50.9170989 ], [ -3.3550613, 50.9170659 ], [ -3.355363, 50.9169805 ], [ -3.3554222, 50.9169601 ], [ -3.3556952, 50.9169052 ], [ -3.3561694, 50.9167595 ], [ -3.3565428, 50.9165897 ] ] ] } },
{ "type": "Feature", "properties": { "stop_id": "osm-way-61381846", "name": "ExtraMSA Cullompton Services" }, "geometry": { "type": "Polygon", "coordinates": [ [ [ -3.3842156, 50.8646792 ], [ -3.3838247, 50.8639546 ], [ -3.3838579, 50.8637634 ], [ -3.3840463, 50.8627727 ], [ -3.3842169, 50.8621749 ], [ -3.3842872, 50.8616773 ], [ -3.3843785, 50.8612335 ], [ -3.384518, 50.8612536 ], [ -3.3848062, 50.8611098 ], [ -3.3850453, 50.8610146 ], [ -3.3850268, 50.8611122 ], [ -3.3849691, 50.8615531 ], [ -3.3849501, 50.8616746 ], [ -3.3849046, 50.8620002 ], [ -3.3847846, 50.8626242 ], [ -3.3847345, 50.8628754 ], [ -3.3846209, 50.8634419 ], [ -3.3845521, 50.8637736 ], [ -3.3844511, 50.8642728 ], [ -3.3843441, 50.8646814 ], [ -3.3842156, 50.8646792 ] ] ] } },
{ "type": "Feature", "properties": { "stop_id": "osm-way-61381956", "name": "Roadchef Magor Services" }, "geometry": { "type": "Polygon", "coordinates": [ [ [ -2.836229, 51.5893898 ], [ -2.838365, 51.5886163 ], [ -2.8382782, 51.5884566 ], [ -2.838718, 51.5883033 ], [ -2.838879, 51.5880566 ], [ -2.8384376, 51.5878757 ], [ -2.8383103, 51.5875634 ], [ -2.8381923, 51.5873234 ], [ -2.8378061, 51.5871434 ], [ -2.8345874, 51.5864035 ], [ -2.834079, 51.5868044 ], [ -2.8341519, 51.5869258 ], [ -2.8342457, 51.587082 ], [ -2.8343301, 51.5871851 ], [ -2.8343555, 51.5872236 ], [ -2.8345629, 51.5875383 ], [ -2.8345976, 51.5875288 ], [ -2.8347086, 51.5876624 ], [ -2.8345899, 51.5876906 ], [ -2.8347864, 51.5879129 ], [ -2.8354107, 51.5882876 ], [ -2.8353686, 51.5883543 ], [ -2.836229, 51.5893898 ] ] ] } },
{ "type": "Feature", "properties": { "stop_id": "osm-way-61382045", "name": "EuroGarages Ross Spur Services" }, "geometry": { "type": "Polygon", "coordinates": [ [ [ -2.5696014, 51.9270319 ], [ -2.5698143, 51.9269638 ], [ -2.570186, 51.9274378 ], [ -2.570204, 51.9274637 ], [ -2.5702436, 51.9275096 ], [ -2.5700692, 51.9275572 ], [ -2.5679121, 51.9282182 ], [ -2.5677672, 51.9282567 ], [ -2.5675174, 51.9277062 ], [ -2.5696014, 51.9270319 ] ] ] } },
{ "type": "Feature", "properties": { "stop_id": "osm-way-61382442", "name": "First Symonds Yat Services" }, "geometry": { "type": "Polygon", "coordinates": [ [ [ -2.6629743, 51.8511895 ], [ -2.6631854, 51.8512082 ], [ -2.663779, 51.8512614 ], [ -2.6657481, 51.8514378 ], [ -2.666699, 51.851523 ], [ -2.6668829, 51.8517867 ], [ -2.6665918, 51.8520863 ], [ -2.6654545, 51.8522785 ], [ -2.6649825, 51.8525436 ], [ -2.664328, 51.8523182 ], [ -2.6639525, 51.852126 ], [ -2.6629743, 51.8511895 ] ] ] } },
{ "type": "Feature", "properties": { "stop_id": "osm-way-61383210", "name": "Todhills Rest Area" }, "geometry": { "type": "Polygon", "coordinates": [ [ [ -2.9797836, 54.9497101 ], [ -2.9789563, 54.9499421 ], [ -2.9783211, 54.9503445 ], [ -2.9793932, 54.9511378 ], [ -2.9787643, 54.9514365 ], [ -2.9770262, 54.951614 ], [ -2.9771764, 54.9520268 ], [ -2.9773977, 54.9520673 ], [ -2.9783937, 54.951951 ], [ -2.9784746, 54.9520755 ], [ -2.9786544, 54.9521947 ], [ -2.9790111, 54.9524519 ], [ -2.9793759, 54.9526367 ], [ -2.980041, 54.9524087 ], [ -2.9808672, 54.9520391 ], [ -2.9804273, 54.9516571 ], [ -2.9799767, 54.9512874 ], [ -2.9798881, 54.9511147 ], [ -2.9801414, 54.9509505 ], [ -2.9802684, 54.9509082 ], [ -2.9804477, 54.9507694 ], [ -2.9804477, 54.9507016 ], [ -2.9801912, 54.9505296 ], [ -2.9799659, 54.9503817 ], [ -2.98032, 54.9500551 ], [ -2.9797836, 54.9497101 ] ] ] } },
{ "type": "Feature", "properties": { "stop_id": "osm-way-61383364", "name": "Cairn Lodge" }, "geometry": { "type": "Polygon", "coordinates": [ [ [ -3.8262486, 55.5859335 ], [ -3.8261519, 55.585967 ], [ -3.8261151, 55.5860243 ], [ -3.8261494, 55.5860965 ], [ -3.8259979, 55.5862325 ], [ -3.8259053, 55.5863928 ], [ -3.8257997, 55.5862838 ], [ -3.8253984, 55.5858698 ], [ -3.8241002, 55.5847905 ], [ -3.8225982, 55.5836202 ], [ -3.8221104, 55.5832805 ], [ -3.821536, 55.5828804 ], [ -3.8211089, 55.5826297 ], [ -3.8214062, 55.5825154 ], [ -3.8213698, 55.5823982 ], [ -3.8209996, 55.5819829 ], [ -3.8208137, 55.5818553 ], [ -3.8203988, 55.5815705 ], [ -3.8204398, 55.5814097 ], [ -3.8206666, 55.5812232 ], [ -3.8219652, 55.5821527 ], [ -3.8231024, 55.5829774 ], [ -3.8242075, 55.5838203 ], [ -3.8262716, 55.585775 ], [ -3.8262486, 55.5859335 ] ] ] } },
{ "type": "Feature", "properties": { "stop_id": "osm-way-61383496", "name": "Welcome Break Gretna Green Services" }, "geometry": { "type": "Polygon", "coordinates": [ [ [ -3.0815137, 55.0064012 ], [ -3.0813112, 55.007198 ], [ -3.0808284, 55.0083362 ], [ -3.0846157, 55.0090561 ], [ -3.0879202, 55.009739 ], [ -3.0885103, 55.0098497 ], [ -3.0902698, 55.0102558 ], [ -3.0905369, 55.0101409 ], [ -3.090656, 55.0100897 ], [ -3.0900123, 55.0096775 ], [ -3.089551, 55.009173 ], [ -3.0892291, 55.0086131 ], [ -3.0887785, 55.0083547 ], [ -3.0861016, 55.0078871 ], [ -3.0860748, 55.0075241 ], [ -3.0852916, 55.0070565 ], [ -3.0835504, 55.006818 ], [ -3.0815137, 55.0064012 ] ] ] } },
{ "type": "Feature", "properties": { "stop_id": "osm-way-61384308", "name": "Moto Southwaite Northbound Services" }, "geometry": { "type": "Polygon", "coordinates": [ [ [ -2.871496, 54.8014923 ], [ -2.8718486, 54.8014503 ], [ -2.8720252, 54.8014292 ], [ -2.8719195, 54.8008019 ], [ -2.8723272, 54.7997446 ], [ -2.8728406, 54.7994378 ], [ -2.873656, 54.7989678 ], [ -2.8739564, 54.7985101 ], [ -2.8735916, 54.7973845 ], [ -2.8730123, 54.7966547 ], [ -2.8729249, 54.7966095 ], [ -2.8717677, 54.7960114 ], [ -2.8708021, 54.7956898 ], [ -2.8705524, 54.7957492 ], [ -2.8699041, 54.7959034 ], [ -2.870881, 54.7984121 ], [ -2.871496, 54.8014923 ] ] ] } },
{ "type": "Feature", "properties": { "stop_id": "osm-way-61385266", "name": "Killington Lake Services" }, "geometry": { "type": "Polygon", "coordinates": [ [ [ -2.6359919, 54.3152747 ], [ -2.6362601, 54.3147427 ], [ -2.6369575, 54.3139729 ], [ -2.6377729, 54.3134284 ], [ -2.6376227, 54.3131718 ], [ -2.6366464, 54.3133345 ], [ -2.6364533, 54.3133158 ], [ -2.6361232, 54.313086 ], [ -2.6356544, 54.3132847 ], [ -2.63491, 54.313671 ], [ -2.6345797, 54.3138094 ], [ -2.6343064, 54.3140092 ], [ -2.6338263, 54.3145539 ], [ -2.6335881, 54.3149885 ], [ -2.6336814, 54.3151562 ], [ -2.6345463, 54.3149522 ], [ -2.6349325, 54.3149835 ], [ -2.6353831, 54.3150399 ], [ -2.6355655, 54.3151713 ], [ -2.6356179, 54.3153246 ], [ -2.6359919, 54.3152747 ] ] ] } },
{ "type": "Feature", "properties": { "stop_id": "osm-way-61386539", "name": "Burton-in-Kendal Services" }, "geometry": { "type": "Polygon", "coordinates": [ [ [ -2.7351981, 54.1797194 ], [ -2.7356244, 54.1796429 ], [ -2.7359225, 54.1795425 ], [ -2.7361786, 54.1793181 ], [ -2.7362864, 54.1792349 ], [ -2.7362529, 54.1788176 ], [ -2.736394, 54.1784155 ], [ -2.7363036, 54.1782715 ], [ -2.7362725, 54.1782221 ], [ -2.7362366, 54.1781649 ], [ -2.7360426, 54.1778219 ], [ -2.7348676, 54.1781023 ], [ -2.7348162, 54.1780209 ], [ -2.7348328, 54.177963 ], [ -2.7353192, 54.177281 ], [ -2.7366942, 54.1768429 ], [ -2.7368795, 54.1767241 ], [ -2.7369042, 54.1766097 ], [ -2.7367581, 54.1766037 ], [ -2.7366725, 54.1765993 ], [ -2.7366206, 54.1766001 ], [ -2.7353594, 54.1770253 ], [ -2.735207, 54.1770069 ], [ -2.7351231, 54.1769968 ], [ -2.7350409, 54.1771717 ], [ -2.734772, 54.1775892 ], [ -2.7345819, 54.1778444 ], [ -2.7342876, 54.178144 ], [ -2.7341665, 54.1782673 ], [ -2.7339662, 54.1784918 ], [ -2.7337062, 54.1786857 ], [ -2.7332558, 54.1789959 ], [ -2.7330013, 54.179169 ], [ -2.7324804, 54.179499 ], [ -2.7323389, 54.1796102 ], [ -2.732135, 54.1797534 ], [ -2.7321749, 54.1797898 ], [ -2.7322438, 54.1798526 ], [ -2.7327293, 54.1800251 ], [ -2.7341798, 54.1797906 ], [ -2.7343085, 54.1797351 ], [ -2.734424, 54.1797312 ], [ -2.7351981, 54.1797194 ] ] ] } },
{ "type": "Feature", "properties": { "stop_id": "osm-way-61387335", "name": "Truckhaven Carnforth" }, "geometry": { "type": "Polygon", "coordinates": [ [ [ -2.7541789, 54.1409138 ], [ -2.7546528, 54.1408717 ], [ -2.7548329, 54.1408307 ], [ -2.7550371, 54.1406917 ], [ -2.7553875, 54.139845 ], [ -2.7562528, 54.1390322 ], [ -2.7558452, 54.1388041 ], [ -2.7556342, 54.1387095 ], [ -2.7562443, 54.1383584 ], [ -2.7564907, 54.1382122 ], [ -2.7566879, 54.1381175 ], [ -2.7567647, 54.1380922 ], [ -2.7569399, 54.1380607 ], [ -2.7570216, 54.1380662 ], [ -2.7571676, 54.1381089 ], [ -2.7575222, 54.1377572 ], [ -2.7575484, 54.1373034 ], [ -2.7575893, 54.1371187 ], [ -2.7575762, 54.137048 ], [ -2.7573938, 54.1369286 ], [ -2.757147, 54.1368406 ], [ -2.7567394, 54.1366269 ], [ -2.7564068, 54.1366583 ], [ -2.7561493, 54.13674 ], [ -2.7559776, 54.1369663 ], [ -2.755763, 54.1370732 ], [ -2.7550871, 54.137224 ], [ -2.7547974, 54.1373874 ], [ -2.7547223, 54.1376577 ], [ -2.754379, 54.1381982 ], [ -2.7540142, 54.1384559 ], [ -2.7536816, 54.1386634 ], [ -2.7529523, 54.1395411 ], [ -2.7525097, 54.1396607 ], [ -2.7527056, 54.1399162 ], [ -2.7532939, 54.1406057 ], [ -2.7534724, 54.1407331 ], [ -2.753709, 54.1408175 ], [ -2.7541789, 54.1409138 ] ] ] } },
{ "type": "Feature", "properties": { "stop_id": "osm-way-61389765", "name": "Rivington Services" }, "geometry": { "type": "Polygon", "coordinates": [ [ [ -2.577256, 53.6011693 ], [ -2.5753355, 53.5984825 ], [ -2.5742697, 53.5980831 ], [ -2.5736039, 53.5978335 ], [ -2.5735009, 53.5977949 ], [ -2.5732434, 53.597763 ], [ -2.572106, 53.5981183 ], [ -2.571881, 53.5981861 ], [ -2.571786, 53.5980593 ], [ -2.5715201, 53.5981894 ], [ -2.5714196, 53.5982667 ], [ -2.5713973, 53.5983285 ], [ -2.5713938, 53.5985657 ], [ -2.5714088, 53.5989664 ], [ -2.571366, 53.5990096 ], [ -2.5709796, 53.5993993 ], [ -2.5707865, 53.5998896 ], [ -2.5708723, 53.6003862 ], [ -2.5712907, 53.6011374 ], [ -2.5718915, 53.6015513 ], [ -2.572825, 53.6017932 ], [ -2.5738227, 53.6019014 ], [ -2.5741124, 53.6020033 ], [ -2.5742841, 53.6022452 ], [ -2.5751549, 53.6020457 ], [ -2.5753677, 53.6019969 ], [ -2.577256, 53.6011693 ] ] ] } },
{ "type": "Feature", "properties": { "stop_id": "osm-way-61389851", "name": "Lancaster Services" }, "geometry": { "type": "Polygon", "coordinates": [ [ [ -2.7590266, 53.9635536 ], [ -2.7579751, 53.9628088 ], [ -2.7576318, 53.9624806 ], [ -2.7567735, 53.961193 ], [ -2.7547779, 53.9592867 ], [ -2.7561083, 53.9586428 ], [ -2.7575245, 53.9597412 ], [ -2.7579751, 53.9599432 ], [ -2.7606788, 53.9604355 ], [ -2.7628675, 53.9610289 ], [ -2.7624238, 53.9615863 ], [ -2.7616015, 53.9626195 ], [ -2.7622667, 53.9633643 ], [ -2.7611938, 53.9638187 ], [ -2.7590266, 53.9635536 ] ] ] } },
{ "type": "Feature", "properties": { "stop_id": "osm-way-61389897", "name": "ExtraMSA Blackburn with Darwen Services" }, "geometry": { "type": "Polygon", "coordinates": [ [ [ -2.4765866, 53.7125481 ], [ -2.4768591, 53.7123806 ], [ -2.4768775, 53.7123825 ], [ -2.4771005, 53.712406 ], [ -2.4783728, 53.7122177 ], [ -2.4786643, 53.7127981 ], [ -2.4785912, 53.7130336 ], [ -2.4786414, 53.713095 ], [ -2.4787062, 53.7131743 ], [ -2.4788144, 53.7133219 ], [ -2.4780107, 53.7141771 ], [ -2.4779204, 53.7142079 ], [ -2.4776047, 53.7144215 ], [ -2.4769127, 53.7144775 ], [ -2.4762877, 53.7144787 ], [ -2.4760866, 53.7144299 ], [ -2.4759901, 53.7143517 ], [ -2.475872, 53.7132489 ], [ -2.4764326, 53.7132314 ], [ -2.4765399, 53.7130679 ], [ -2.4765976, 53.7129417 ], [ -2.4765493, 53.7126107 ], [ -2.4765866, 53.7125481 ] ] ] } },
{ "type": "Feature", "properties": { "stop_id": "osm-way-61390494", "name": "Moto Woolley Edge Services" }, "geometry": { "type": "Polygon", "coordinates": [ [ [ -1.5441871, 53.6220216 ], [ -1.5455447, 53.6206551 ], [ -1.5463607, 53.6197121 ], [ -1.5465397, 53.6195282 ], [ -1.5466338, 53.6195433 ], [ -1.5467412, 53.6195605 ], [ -1.5486688, 53.6198692 ], [ -1.5503327, 53.620186 ], [ -1.5510888, 53.62033 ], [ -1.5511402, 53.6203439 ], [ -1.5519468, 53.6205629 ], [ -1.5523548, 53.6206736 ], [ -1.5513674, 53.621853 ], [ -1.5505785, 53.6227218 ], [ -1.5483919, 53.6227904 ], [ -1.5480781, 53.6228617 ], [ -1.5476126, 53.6233208 ], [ -1.545137, 53.6231877 ], [ -1.5445871, 53.6226081 ], [ -1.5441871, 53.6220216 ] ] ] } },
{ "type": "Feature", "properties": { "stop_id": "osm-way-61390551", "name": "Moto Doncaster (North) Services" }, "geometry": { "type": "Polygon", "coordinates": [ [ [ -0.9896526, 53.5929099 ], [ -0.9900265, 53.5929562 ], [ -0.9902158, 53.5931609 ], [ -0.9927214, 53.5924312 ], [ -0.9935844, 53.5921798 ], [ -0.9939343, 53.5902295 ], [ -0.9932797, 53.5902132 ], [ -0.9929244, 53.5902415 ], [ -0.9899352, 53.5912028 ], [ -0.9897865, 53.5914961 ], [ -0.9892501, 53.5922348 ], [ -0.9896526, 53.5929099 ] ] ] } },
{ "type": "Feature", "properties": { "stop_id": "osm-way-61390756", "name": "Moto Severn View Services" }, "geometry": { "type": "Polygon", "coordinates": [ [ [ -2.621925, 51.6041101 ], [ -2.6222, 51.6041126 ], [ -2.6222811, 51.604108 ], [ -2.6223669, 51.6040989 ], [ -2.6223833, 51.604048 ], [ -2.622389, 51.6040301 ], [ -2.6223928, 51.6039989 ], [ -2.6223925, 51.60399 ], [ -2.6223897, 51.603956 ], [ -2.6223723, 51.6039164 ], [ -2.6223441, 51.6038815 ], [ -2.622314, 51.6038556 ], [ -2.6222757, 51.6038227 ], [ -2.6221892, 51.6037665 ], [ -2.6220667, 51.6036906 ], [ -2.6219518, 51.6036195 ], [ -2.6218037, 51.6034979 ], [ -2.6217138, 51.6034412 ], [ -2.6215395, 51.6033542 ], [ -2.6213644, 51.6032805 ], [ -2.6212049, 51.6032243 ], [ -2.6208526, 51.6031146 ], [ -2.620545, 51.6030189 ], [ -2.620463, 51.602996 ], [ -2.6202413, 51.602934 ], [ -2.6201085, 51.6029052 ], [ -2.6199234, 51.6028748 ], [ -2.619672, 51.602844 ], [ -2.6193729, 51.6028253 ], [ -2.6191315, 51.6028215 ], [ -2.6188003, 51.6028307 ], [ -2.6179875, 51.6028832 ], [ -2.6180059, 51.6029926 ], [ -2.6181151, 51.602996 ], [ -2.6182363, 51.6029998 ], [ -2.6183094, 51.6030085 ], [ -2.618412, 51.6030285 ], [ -2.6184741, 51.6030482 ], [ -2.6184972, 51.6030556 ], [ -2.6185776, 51.6030947 ], [ -2.6186648, 51.6031547 ], [ -2.6187205, 51.6032088 ], [ -2.6187929, 51.603293 ], [ -2.6188351, 51.60335 ], [ -2.6188479, 51.6033808 ], [ -2.6188526, 51.6034375 ], [ -2.6188547, 51.6034659 ], [ -2.6188921, 51.6039698 ], [ -2.6189028, 51.604016 ], [ -2.618927, 51.6040618 ], [ -2.6189712, 51.6041176 ], [ -2.6190396, 51.6041688 ], [ -2.61911, 51.6042063 ], [ -2.619216, 51.6042613 ], [ -2.619273, 51.6042834 ], [ -2.6193481, 51.6043075 ], [ -2.6194782, 51.6043387 ], [ -2.6195687, 51.6043558 ], [ -2.6196445, 51.6043633 ], [ -2.6197028, 51.6043646 ], [ -2.6198396, 51.6043666 ], [ -2.6199335, 51.6043629 ], [ -2.6200186, 51.6043504 ], [ -2.6201038, 51.6043217 ], [ -2.6201662, 51.6042979 ], [ -2.6202299, 51.6042846 ], [ -2.6203157, 51.6042759 ], [ -2.6203948, 51.6042788 ], [ -2.6204666, 51.6042763 ], [ -2.6208275, 51.6042243 ], [ -2.6217158, 51.6040964 ], [ -2.621809, 51.604093 ], [ -2.6218734, 51.6040976 ], [ -2.621925, 51.6041101 ] ] ] } },
{ "type": "Feature", "properties": { "stop_id": "osm-way-61394820", "name": "Welcome Break Cardiff Gate Services" }, "geometry": { "type": "Polygon", "coordinates": [ [ [ -3.1299044, 51.5384899 ], [ -3.1300008, 51.5387102 ], [ -3.130111, 51.5389147 ], [ -3.1304131, 51.538911 ], [ -3.1307807, 51.5389193 ], [ -3.1308659, 51.5389671 ], [ -3.1309304, 51.5389658 ], [ -3.1309634, 51.5389602 ], [ -3.1310001, 51.538951 ], [ -3.1310333, 51.5389381 ], [ -3.1310677, 51.5389243 ], [ -3.1310953, 51.5389113 ], [ -3.1311312, 51.5388914 ], [ -3.1311508, 51.5388748 ], [ -3.1311752, 51.5388477 ], [ -3.1311951, 51.5388193 ], [ -3.1312198, 51.538773 ], [ -3.131223, 51.5387971 ], [ -3.1312328, 51.5388231 ], [ -3.1312426, 51.538846 ], [ -3.1312484, 51.5388593 ], [ -3.1312644, 51.5388777 ], [ -3.1312794, 51.5388874 ], [ -3.1312977, 51.5388967 ], [ -3.1313202, 51.5389175 ], [ -3.1313553, 51.5389499 ], [ -3.1313273, 51.5389501 ], [ -3.1312947, 51.5389546 ], [ -3.1312665, 51.5389671 ], [ -3.1312484, 51.5389812 ], [ -3.1312352, 51.539 ], [ -3.1312305, 51.5390224 ], [ -3.1312287, 51.5390399 ], [ -3.1312355, 51.5390643 ], [ -3.1312528, 51.5390931 ], [ -3.1312753, 51.5391187 ], [ -3.1312923, 51.5391396 ], [ -3.1313114, 51.5391734 ], [ -3.1313239, 51.5392023 ], [ -3.1313296, 51.5392418 ], [ -3.1313297, 51.5392822 ], [ -3.1313225, 51.5393284 ], [ -3.1313128, 51.5393632 ], [ -3.131291, 51.5393984 ], [ -3.1312665, 51.5394305 ], [ -3.1312454, 51.5394512 ], [ -3.1312169, 51.5394745 ], [ -3.1311739, 51.5394991 ], [ -3.1311287, 51.5395214 ], [ -3.1310772, 51.5395424 ], [ -3.1310264, 51.5395579 ], [ -3.1309913, 51.5395662 ], [ -3.1310507, 51.539617 ], [ -3.1310702, 51.539634 ], [ -3.1310872, 51.5396527 ], [ -3.1311013, 51.5396786 ], [ -3.1311091, 51.5397086 ], [ -3.1311034, 51.5397434 ], [ -3.1310868, 51.5397845 ], [ -3.1310608, 51.5398233 ], [ -3.1310281, 51.5398597 ], [ -3.1309724, 51.539903 ], [ -3.1309387, 51.5399281 ], [ -3.1306842, 51.5400574 ], [ -3.1306596, 51.5400705 ], [ -3.1303762, 51.5402208 ], [ -3.1303083, 51.5402555 ], [ -3.1301039, 51.540323 ], [ -3.1298163, 51.5404321 ], [ -3.1299472, 51.5403669 ], [ -3.13035, 51.5401645 ], [ -3.130611, 51.5400343 ], [ -3.1306385, 51.5400205 ], [ -3.130731, 51.5399721 ], [ -3.1308562, 51.5399104 ], [ -3.1309174, 51.539872 ], [ -3.1309532, 51.5398383 ], [ -3.1309856, 51.5398007 ], [ -3.1310024, 51.5397711 ], [ -3.1310089, 51.5397393 ], [ -3.1310075, 51.5397084 ], [ -3.1309898, 51.5396809 ], [ -3.1309518, 51.5396441 ], [ -3.1309288, 51.5396247 ], [ -3.1308965, 51.5396022 ], [ -3.1308546, 51.5395809 ], [ -3.1308222, 51.5395689 ], [ -3.1307924, 51.539563 ], [ -3.1307517, 51.5395597 ], [ -3.1306973, 51.5395575 ], [ -3.1305335, 51.539558 ], [ -3.1304455, 51.5395592 ], [ -3.1303531, 51.5395606 ], [ -3.1301858, 51.539558 ], [ -3.1301567, 51.5395594 ], [ -3.1301322, 51.5395616 ], [ -3.1299429, 51.5395787 ], [ -3.1299358, 51.5395806 ], [ -3.1299262, 51.5395865 ], [ -3.1299197, 51.539598 ], [ -3.1299218, 51.5396116 ], [ -3.1299825, 51.5397554 ], [ -3.1295621, 51.5398255 ], [ -3.1293634, 51.5398568 ], [ -3.1292657, 51.5398716 ], [ -3.1290167, 51.5399093 ], [ -3.1288842, 51.539931 ], [ -3.1288149, 51.5395701 ], [ -3.1287284, 51.5392131 ], [ -3.1286113, 51.5389216 ], [ -3.1283548, 51.5383639 ], [ -3.1286484, 51.538312 ], [ -3.128862, 51.538733 ], [ -3.1289575, 51.5387154 ], [ -3.1289226, 51.5386463 ], [ -3.1289495, 51.5386261 ], [ -3.1289653, 51.5385985 ], [ -3.1289584, 51.5385639 ], [ -3.128899, 51.5384314 ], [ -3.1298035, 51.5382793 ], [ -3.1299044, 51.5384899 ] ] ] } },
{ "type": "Feature", "properties": { "stop_id": "osm-way-61395452", "name": "Moto Cardiff West Services" }, "geometry": { "type": "Polygon", "coordinates": [ [ [ -3.3065867, 51.5095012 ], [ -3.309721, 51.5087084 ], [ -3.3099126, 51.5086599 ], [ -3.3102302, 51.508366 ], [ -3.3104707, 51.5078299 ], [ -3.3105873, 51.5077722 ], [ -3.310791, 51.5076983 ], [ -3.3107637, 51.5076391 ], [ -3.3104646, 51.507633 ], [ -3.3103421, 51.5076209 ], [ -3.3102191, 51.5075896 ], [ -3.3100084, 51.5075314 ], [ -3.3099329, 51.5074834 ], [ -3.3097896, 51.50741 ], [ -3.3096224, 51.5073509 ], [ -3.3094484, 51.507316 ], [ -3.3093333, 51.507331 ], [ -3.3078205, 51.5076315 ], [ -3.3057284, 51.5080789 ], [ -3.305267, 51.5081857 ], [ -3.3053314, 51.5087266 ], [ -3.3065867, 51.5095012 ] ] ] } },
{ "type": "Feature", "properties": { "stop_id": "osm-way-61395582", "name": "Welcome Break Sarn Park Services" }, "geometry": { "type": "Polygon", "coordinates": [ [ [ -3.5808535, 51.5351607 ], [ -3.580942, 51.53449 ], [ -3.5809461, 51.5342598 ], [ -3.5809527, 51.5338877 ], [ -3.5800452, 51.5339345 ], [ -3.5788543, 51.5339959 ], [ -3.5782437, 51.5340446 ], [ -3.5776914, 51.5340782 ], [ -3.5768757, 51.534128 ], [ -3.5768736, 51.5341012 ], [ -3.5768704, 51.5340612 ], [ -3.5762054, 51.5340852 ], [ -3.5753059, 51.5341029 ], [ -3.5749697, 51.5341145 ], [ -3.5749177, 51.5341163 ], [ -3.5746621, 51.5341296 ], [ -3.5745503, 51.534143 ], [ -3.5744671, 51.534168 ], [ -3.5744449, 51.5341766 ], [ -3.5744618, 51.534128 ], [ -3.5745029, 51.5340864 ], [ -3.5745342, 51.5340546 ], [ -3.5743725, 51.5340974 ], [ -3.5743058, 51.5341431 ], [ -3.5742447, 51.5341919 ], [ -3.5742132, 51.5342605 ], [ -3.5742122, 51.5343153 ], [ -3.5742552, 51.5344735 ], [ -3.5743493, 51.5346444 ], [ -3.574506, 51.5348218 ], [ -3.5745481, 51.5348611 ], [ -3.5746172, 51.5349307 ], [ -3.5749473, 51.5351853 ], [ -3.5750823, 51.5352652 ], [ -3.5751839, 51.5353166 ], [ -3.575275, 51.5353598 ], [ -3.5754559, 51.5354318 ], [ -3.5756102, 51.535473 ], [ -3.57585, 51.535524 ], [ -3.5761251, 51.5355816 ], [ -3.5764489, 51.5356346 ], [ -3.5766948, 51.5356633 ], [ -3.5768911, 51.535653 ], [ -3.5773166, 51.5356429 ], [ -3.5775367, 51.5356202 ], [ -3.5776095, 51.5356061 ], [ -3.5776602, 51.5356017 ], [ -3.5777421, 51.5355945 ], [ -3.5778333, 51.5355845 ], [ -3.5779566, 51.5355612 ], [ -3.5781042, 51.5355311 ], [ -3.5781884, 51.5355118 ], [ -3.5783295, 51.5354794 ], [ -3.5791637, 51.535376 ], [ -3.5808535, 51.5351607 ] ] ] } },
{ "type": "Feature", "properties": { "stop_id": "osm-way-61395725", "name": "Moto Swansea West Services" }, "geometry": { "type": "Polygon", "coordinates": [ [ [ -3.9955305, 51.6796663 ], [ -3.9948893, 51.6795361 ], [ -3.9936959, 51.6792937 ], [ -3.9935051, 51.6792207 ], [ -3.9931916, 51.6791008 ], [ -3.9933837, 51.6790477 ], [ -3.9934103, 51.6789931 ], [ -3.9933696, 51.6788933 ], [ -3.9933291, 51.6787947 ], [ -3.9933162, 51.6787249 ], [ -3.9933453, 51.678662 ], [ -3.9934018, 51.6786182 ], [ -3.9934362, 51.6785453 ], [ -3.9934964, 51.6784547 ], [ -3.993548, 51.6783409 ], [ -3.9934878, 51.6782307 ], [ -3.9936054, 51.6782112 ], [ -3.993706, 51.6782269 ], [ -3.9938677, 51.6779053 ], [ -3.9940967, 51.6775321 ], [ -3.9942249, 51.677429 ], [ -3.9944204, 51.6773734 ], [ -3.9948926, 51.6773329 ], [ -3.9951658, 51.6773859 ], [ -3.9953735, 51.6775023 ], [ -3.9955531, 51.6776177 ], [ -3.9958713, 51.6777675 ], [ -3.9959156, 51.6778032 ], [ -3.9958964, 51.6778586 ], [ -3.9957906, 51.6780289 ], [ -3.9956416, 51.67809 ], [ -3.9956164, 51.678236 ], [ -3.9958524, 51.6783424 ], [ -3.9962923, 51.6783224 ], [ -3.9965605, 51.6787016 ], [ -3.9967295, 51.6789878 ], [ -3.997569, 51.6790942 ], [ -3.9977006, 51.6792383 ], [ -3.9975799, 51.6794798 ], [ -3.9972673, 51.6796146 ], [ -3.9969065, 51.6797295 ], [ -3.9965955, 51.6796796 ], [ -3.9963008, 51.679631 ], [ -3.9960367, 51.6795837 ], [ -3.995789, 51.6795362 ], [ -3.9956667, 51.679515 ], [ -3.9955929, 51.679597 ], [ -3.9955305, 51.6796663 ] ] ] } },
{ "type": "Feature", "properties": { "stop_id": "osm-way-61395785", "name": "Pont Abraham Services" }, "geometry": { "type": "Polygon", "coordinates": [ [ [ -4.0663849, 51.7477309 ], [ -4.064756, 51.7480881 ], [ -4.0636972, 51.7479798 ], [ -4.0640568, 51.7470409 ], [ -4.0642505, 51.7465862 ], [ -4.06429, 51.7465241 ], [ -4.0643401, 51.7464757 ], [ -4.0644053, 51.7464273 ], [ -4.0645279, 51.7463599 ], [ -4.0647324, 51.7462962 ], [ -4.0649075, 51.7462669 ], [ -4.0650705, 51.7462386 ], [ -4.0652783, 51.7461734 ], [ -4.0653933, 51.7461182 ], [ -4.0655017, 51.7460518 ], [ -4.0655958, 51.745975 ], [ -4.0655969, 51.7460631 ], [ -4.0656342, 51.7461159 ], [ -4.0657089, 51.7461528 ], [ -4.065809, 51.7461704 ], [ -4.0659033, 51.7461735 ], [ -4.0662236, 51.7459486 ], [ -4.0668202, 51.7459762 ], [ -4.067159, 51.7462831 ], [ -4.0667572, 51.7468369 ], [ -4.066622, 51.7470233 ], [ -4.0667836, 51.7470487 ], [ -4.0663849, 51.7477309 ] ] ] } },
{ "type": "Feature", "properties": { "stop_id": "osm-way-61395979", "name": "Tot Hill Services" }, "geometry": { "type": "Polygon", "coordinates": [ [ [ -1.3430919, 51.3489348 ], [ -1.3433065, 51.3473466 ], [ -1.3409247, 51.3471858 ], [ -1.34114, 51.3476869 ], [ -1.3411945, 51.3477314 ], [ -1.3412611, 51.3477859 ], [ -1.3414397, 51.347876 ], [ -1.3414397, 51.347988 ], [ -1.3414397, 51.3481136 ], [ -1.3414397, 51.3481977 ], [ -1.3410749, 51.3484121 ], [ -1.3408116, 51.3487185 ], [ -1.3405278, 51.3490487 ], [ -1.3417938, 51.3489348 ], [ -1.3430919, 51.3489348 ] ] ] } },
{ "type": "Feature", "properties": { "stop_id": "osm-way-61396086", "name": "Peartree Services" }, "geometry": { "type": "Polygon", "coordinates": [ [ [ -1.2840594, 51.7931626 ], [ -1.2845719, 51.7939685 ], [ -1.2845975, 51.7940183 ], [ -1.2844326, 51.7946659 ], [ -1.2845757, 51.7949107 ], [ -1.2845853, 51.795005 ], [ -1.2839886, 51.7960076 ], [ -1.2838145, 51.7963076 ], [ -1.2836923, 51.7962495 ], [ -1.2830687, 51.795953 ], [ -1.2823177, 51.7955085 ], [ -1.281749, 51.795044 ], [ -1.2821372, 51.7946339 ], [ -1.282264, 51.7944999 ], [ -1.2825322, 51.7940553 ], [ -1.2828756, 51.7936571 ], [ -1.2833217, 51.7934206 ], [ -1.2840594, 51.7931626 ] ] ] } },
{ "type": "Feature", "properties": { "stop_id": "osm-way-61396542", "name": "Moto Chieveley Services" }, "geometry": { "type": "Polygon", "coordinates": [ [ [ -1.3100263, 51.4509922 ], [ -1.3093592, 51.4508512 ], [ -1.3079073, 51.4505444 ], [ -1.3078676, 51.4504954 ], [ -1.3077534, 51.4503547 ], [ -1.3080259, 51.4500303 ], [ -1.3084344, 51.449573 ], [ -1.3084647, 51.449539 ], [ -1.3094432, 51.4485638 ], [ -1.3101257, 51.4478248 ], [ -1.3102619, 51.447781 ], [ -1.3103984, 51.4477995 ], [ -1.3105678, 51.4476788 ], [ -1.3106873, 51.4477137 ], [ -1.3109264, 51.447771 ], [ -1.3110403, 51.4478293 ], [ -1.31148, 51.4480545 ], [ -1.3123598, 51.4484046 ], [ -1.3122318, 51.4486444 ], [ -1.3121788, 51.4487437 ], [ -1.3114371, 51.4495104 ], [ -1.3112923, 51.4495763 ], [ -1.3109006, 51.4498606 ], [ -1.3105077, 51.4499124 ], [ -1.3104018, 51.4500361 ], [ -1.3104485, 51.450271 ], [ -1.3104549, 51.4503846 ], [ -1.3104077, 51.4505217 ], [ -1.3104048, 51.4505301 ], [ -1.3100263, 51.4509922 ] ] ] } },
{ "type": "Feature", "properties": { "stop_id": "osm-way-61402235", "name": "London Gateway Services" }, "geometry": { "type": "Polygon", "coordinates": [ [ [ -0.2638036, 51.6282535 ], [ -0.2625793, 51.628765 ], [ -0.2628119, 51.6296023 ], [ -0.2629332, 51.6302404 ], [ -0.2631513, 51.6310083 ], [ -0.2633848, 51.6317569 ], [ -0.2638014, 51.6326713 ], [ -0.2641018, 51.6331096 ], [ -0.2644076, 51.6334975 ], [ -0.2646737, 51.6337959 ], [ -0.2651404, 51.6342766 ], [ -0.2655966, 51.6346747 ], [ -0.2666167, 51.635447 ], [ -0.2680908, 51.6363027 ], [ -0.269966, 51.6369842 ], [ -0.270544, 51.6371278 ], [ -0.2701292, 51.636432 ], [ -0.2696422, 51.6357358 ], [ -0.2684033, 51.6340637 ], [ -0.267825, 51.6333169 ], [ -0.2651176, 51.6297362 ], [ -0.2647834, 51.6293514 ], [ -0.2643808, 51.6288856 ], [ -0.2638036, 51.6282535 ] ] ] } },
{ "type": "Feature", "properties": { "stop_id": "osm-way-61402311", "name": "Moto Heston Westbound" }, "geometry": { "type": "Polygon", "coordinates": [ [ [ -0.3928823, 51.4875454 ], [ -0.3928722, 51.4875915 ], [ -0.3928672, 51.487643 ], [ -0.3928781, 51.4876923 ], [ -0.3929004, 51.4877528 ], [ -0.3929363, 51.4878039 ], [ -0.3929795, 51.4878525 ], [ -0.3930308, 51.4878952 ], [ -0.3930885, 51.4879308 ], [ -0.3931422, 51.4879577 ], [ -0.3932043, 51.4879828 ], [ -0.3932815, 51.4880089 ], [ -0.393915, 51.488179 ], [ -0.3966287, 51.488903 ], [ -0.3973776, 51.4891033 ], [ -0.397838, 51.4892235 ], [ -0.3979219, 51.4890952 ], [ -0.3981974, 51.4886692 ], [ -0.3984829, 51.4882331 ], [ -0.3982704, 51.4881907 ], [ -0.3982452, 51.4880762 ], [ -0.3981043, 51.4879771 ], [ -0.3979235, 51.4879252 ], [ -0.3978972, 51.4878886 ], [ -0.3985585, 51.4880202 ], [ -0.3986574, 51.4876352 ], [ -0.3977923, 51.4875112 ], [ -0.3974519, 51.4874628 ], [ -0.397035, 51.4874039 ], [ -0.3944334, 51.4870364 ], [ -0.3944237, 51.4870639 ], [ -0.3944144, 51.4870902 ], [ -0.3937271, 51.4869912 ], [ -0.3937008, 51.487062 ], [ -0.3936708, 51.487143 ], [ -0.3936304, 51.4872516 ], [ -0.3934742, 51.4872458 ], [ -0.3934102, 51.4872459 ], [ -0.3933429, 51.4872525 ], [ -0.3932819, 51.4872625 ], [ -0.3932219, 51.4872769 ], [ -0.3931794, 51.4872919 ], [ -0.3931023, 51.4873265 ], [ -0.3930566, 51.4873498 ], [ -0.3930124, 51.4873764 ], [ -0.3929693, 51.4874117 ], [ -0.3929284, 51.4874533 ], [ -0.3929026, 51.4874979 ], [ -0.3928823, 51.4875454 ] ] ] } },
{ "type": "Feature", "properties": { "stop_id": "osm-way-61402467", "name": "Welcome Break Birchanger Green Services" }, "geometry": { "type": "Polygon", "coordinates": [ [ [ 0.1973239, 51.8722931 ], [ 0.1973907, 51.8720418 ], [ 0.1975706, 51.8713657 ], [ 0.1978603, 51.8710345 ], [ 0.1976887, 51.870584 ], [ 0.1960364, 51.8681263 ], [ 0.19558, 51.8681029 ], [ 0.1951519, 51.8685562 ], [ 0.1945916, 51.8690249 ], [ 0.1942965, 51.869337 ], [ 0.1940041, 51.8698324 ], [ 0.1942045, 51.869954 ], [ 0.1940341, 51.8701008 ], [ 0.1939961, 51.8701336 ], [ 0.193854, 51.8703555 ], [ 0.1938028, 51.870501 ], [ 0.1937689, 51.8705972 ], [ 0.1937493, 51.8709811 ], [ 0.1935973, 51.871698 ], [ 0.1923404, 51.8717679 ], [ 0.192278, 51.8717714 ], [ 0.1922665, 51.8718608 ], [ 0.1926014, 51.8718965 ], [ 0.1929465, 51.8720016 ], [ 0.193549, 51.8723262 ], [ 0.1940808, 51.8727117 ], [ 0.1945371, 51.8728577 ], [ 0.1949962, 51.8729061 ], [ 0.1952935, 51.873073 ], [ 0.1958958, 51.8729559 ], [ 0.1970664, 51.8726706 ], [ 0.1973239, 51.8722931 ] ] ] } },
{ "type": "Feature", "properties": { "stop_id": "osm-way-61402717", "name": "ExtraMSA Cambridge Services" }, "geometry": { "type": "Polygon", "coordinates": [ [ [ -0.0091178, 52.2679373 ], [ -0.0090483, 52.2679891 ], [ -0.0084451, 52.2684389 ], [ -0.0066875, 52.2697493 ], [ -0.0095415, 52.2709805 ], [ -0.0098017, 52.2710855 ], [ -0.0101099, 52.2712048 ], [ -0.0104856, 52.2712926 ], [ -0.0108975, 52.2713516 ], [ -0.0111093, 52.2713407 ], [ -0.0112098, 52.2713042 ], [ -0.011235, 52.2712268 ], [ -0.0112205, 52.2711284 ], [ -0.0111137, 52.2710354 ], [ -0.011048, 52.2709921 ], [ -0.0111392, 52.2709079 ], [ -0.0111992, 52.270871 ], [ -0.0113092, 52.2708348 ], [ -0.0115051, 52.2707948 ], [ -0.011652, 52.2707585 ], [ -0.0117432, 52.2707427 ], [ -0.0118887, 52.2707455 ], [ -0.0120192, 52.2707664 ], [ -0.0120038, 52.2691454 ], [ -0.0091178, 52.2679373 ] ] ] } },
{ "type": "Feature", "properties": { "stop_id": "osm-way-61403087", "name": "Liphook Services" }, "geometry": { "type": "Polygon", "coordinates": [ [ [ -0.8191264, 51.0825415 ], [ -0.8200345, 51.0826726 ], [ -0.820303, 51.0827352 ], [ -0.820581, 51.0826192 ], [ -0.8207271, 51.0827426 ], [ -0.8204085, 51.0829049 ], [ -0.8203828, 51.0830736 ], [ -0.8205882, 51.0832443 ], [ -0.8204466, 51.0837414 ], [ -0.8201238, 51.0838167 ], [ -0.8205674, 51.0842496 ], [ -0.8194955, 51.0846963 ], [ -0.8186486, 51.0845982 ], [ -0.8186788, 51.0840246 ], [ -0.8182064, 51.083939 ], [ -0.8180932, 51.0840202 ], [ -0.8180512, 51.0841335 ], [ -0.8178083, 51.0841161 ], [ -0.8178963, 51.0838904 ], [ -0.8179914, 51.0836462 ], [ -0.8177372, 51.0835276 ], [ -0.8177634, 51.0829707 ], [ -0.8181716, 51.0828795 ], [ -0.8191264, 51.0825415 ] ] ] } },
{ "type": "Feature", "properties": { "stop_id": "osm-way-61403319", "name": "Wisley North" }, "geometry": { "type": "Polygon", "coordinates": [ [ [ -0.4892525, 51.2931672 ], [ -0.4893817, 51.2932193 ], [ -0.4894646, 51.2932528 ], [ -0.4901697, 51.2935315 ], [ -0.4911389, 51.2926507 ], [ -0.4904217, 51.2923463 ], [ -0.4903009, 51.292295 ], [ -0.4902221, 51.2922615 ], [ -0.4892525, 51.2931672 ] ] ] } },
{ "type": "Feature", "properties": { "stop_id": "osm-way-61403366", "name": "ExtraMSA Beaconsfield Services" }, "geometry": { "type": "Polygon", "coordinates": [ [ [ -0.6295314, 51.5896264 ], [ -0.6297245, 51.5867601 ], [ -0.6296931, 51.586721 ], [ -0.6290167, 51.5868085 ], [ -0.6283692, 51.5870114 ], [ -0.6276667, 51.5870817 ], [ -0.6272927, 51.5869733 ], [ -0.6272245, 51.5868692 ], [ -0.6272838, 51.5867477 ], [ -0.6270631, 51.5866457 ], [ -0.6269165, 51.5866427 ], [ -0.6264635, 51.5866431 ], [ -0.6255031, 51.5867399 ], [ -0.6258168, 51.5872863 ], [ -0.6260368, 51.5874792 ], [ -0.6260899, 51.5875481 ], [ -0.6262076, 51.5885838 ], [ -0.6274124, 51.5885061 ], [ -0.6274465, 51.5888996 ], [ -0.6274049, 51.5889792 ], [ -0.6268073, 51.5892955 ], [ -0.6266668, 51.5897591 ], [ -0.6269852, 51.5907719 ], [ -0.6273625, 51.5912386 ], [ -0.6275572, 51.5913595 ], [ -0.6276932, 51.5913493 ], [ -0.6279246, 51.5913319 ], [ -0.6282654, 51.5913062 ], [ -0.6286032, 51.5912335 ], [ -0.6289326, 51.5912274 ], [ -0.6289531, 51.591227 ], [ -0.6291115, 51.5911371 ], [ -0.6293183, 51.5911464 ], [ -0.6295314, 51.5896264 ] ] ] } },
{ "type": "Feature", "properties": { "stop_id": "osm-way-61403494", "name": "Welcome Break Oxford Services" }, "geometry": { "type": "Polygon", "coordinates": [ [ [ -1.0934977, 51.7380085 ], [ -1.0942583, 51.7366732 ], [ -1.0995371, 51.7377933 ], [ -1.0996442, 51.737816 ], [ -1.1019642, 51.7383483 ], [ -1.1025839, 51.7386265 ], [ -1.1025839, 51.7389188 ], [ -1.1019402, 51.7395035 ], [ -1.1011193, 51.7397304 ], [ -1.099864, 51.7394628 ], [ -1.0997974, 51.7394463 ], [ -1.0997003, 51.7394222 ], [ -1.0996214, 51.7392498 ], [ -1.0993155, 51.7391173 ], [ -1.0979363, 51.738875 ], [ -1.0973268, 51.7391447 ], [ -1.0972094, 51.7393513 ], [ -1.0971918, 51.7393822 ], [ -1.0971377, 51.7394774 ], [ -1.0969065, 51.7394372 ], [ -1.0967603, 51.7394117 ], [ -1.0966331, 51.7393896 ], [ -1.0965395, 51.7391495 ], [ -1.0965201, 51.7390999 ], [ -1.0961783, 51.7391546 ], [ -1.0960306, 51.7391752 ], [ -1.095851, 51.7391779 ], [ -1.0956743, 51.7391492 ], [ -1.0954778, 51.7390967 ], [ -1.0953036, 51.739047 ], [ -1.0949415, 51.738916 ], [ -1.0945379, 51.7386591 ], [ -1.0934977, 51.7380085 ] ] ] } },
{ "type": "Feature", "properties": { "stop_id": "osm-way-61403548", "name": "Moto Cherwell Valley Services" }, "geometry": { "type": "Polygon", "coordinates": [ [ [ -1.2034675, 51.9480434 ], [ -1.2017348, 51.9482021 ], [ -1.1990528, 51.9484477 ], [ -1.197381, 51.9486356 ], [ -1.1956489, 51.948363 ], [ -1.1936954, 51.948318 ], [ -1.1933086, 51.9493189 ], [ -1.1938813, 51.9501595 ], [ -1.1939283, 51.9502547 ], [ -1.1941169, 51.9506367 ], [ -1.1945738, 51.9507075 ], [ -1.1974499, 51.9512215 ], [ -1.197794, 51.9514599 ], [ -1.2007447, 51.9508644 ], [ -1.2039502, 51.95088 ], [ -1.2034702, 51.9497578 ], [ -1.2033543, 51.9494595 ], [ -1.2033656, 51.9490122 ], [ -1.2036205, 51.9485857 ], [ -1.203711, 51.9485866 ], [ -1.2038478, 51.9482047 ], [ -1.2038216, 51.9480186 ], [ -1.2034675, 51.9480434 ] ] ] } },
{ "type": "Feature", "properties": { "stop_id": "osm-way-61403826", "name": "M40 Warwick Services Northbound" }, "geometry": { "type": "Polygon", "coordinates": [ [ [ -1.5008658, 52.2163909 ], [ -1.5007302, 52.2166045 ], [ -1.5031029, 52.2174627 ], [ -1.5066466, 52.2190382 ], [ -1.5072731, 52.2191626 ], [ -1.5072102, 52.2184002 ], [ -1.5068562, 52.2181241 ], [ -1.5067918, 52.2175392 ], [ -1.5067591, 52.2172429 ], [ -1.5063668, 52.2164241 ], [ -1.5058331, 52.2156173 ], [ -1.5037877, 52.2162113 ], [ -1.5037757, 52.2162135 ], [ -1.5028809, 52.2164155 ], [ -1.5023053, 52.2164614 ], [ -1.5016912, 52.2163378 ], [ -1.5012559, 52.2164743 ], [ -1.5010183, 52.2164613 ], [ -1.5008658, 52.2163909 ] ] ] } },
{ "type": "Feature", "properties": { "stop_id": "osm-way-61407090", "name": "Annandale Water Services" }, "geometry": { "type": "Polygon", "coordinates": [ [ [ -3.4111398, 55.2223706 ], [ -3.4109215, 55.2224065 ], [ -3.4108921, 55.2223714 ], [ -3.410619, 55.2224119 ], [ -3.4106075, 55.222458 ], [ -3.4100577, 55.2225482 ], [ -3.4091622, 55.2227606 ], [ -3.4087151, 55.2226571 ], [ -3.407553, 55.2222872 ], [ -3.4075627, 55.2221513 ], [ -3.4075221, 55.2220181 ], [ -3.4072978, 55.221673 ], [ -3.4070872, 55.2213924 ], [ -3.4069721, 55.2212104 ], [ -3.4069258, 55.2208789 ], [ -3.4069036, 55.2207051 ], [ -3.4069479, 55.2205473 ], [ -3.4071742, 55.2203231 ], [ -3.4080529, 55.2196431 ], [ -3.4084622, 55.2193132 ], [ -3.4088105, 55.2190174 ], [ -3.4089281, 55.2188657 ], [ -3.4089327, 55.2187373 ], [ -3.4088286, 55.2184951 ], [ -3.4086826, 55.2181556 ], [ -3.4086476, 55.2180181 ], [ -3.4084888, 55.2169911 ], [ -3.4092961, 55.2169791 ], [ -3.409417, 55.2169466 ], [ -3.4121828, 55.216845 ], [ -3.4122294, 55.2175571 ], [ -3.4120149, 55.2182658 ], [ -3.4117007, 55.2190066 ], [ -3.4114433, 55.219129 ], [ -3.4113245, 55.219393 ], [ -3.4113045, 55.2194375 ], [ -3.4115037, 55.2195261 ], [ -3.4115977, 55.2196259 ], [ -3.4116619, 55.219694 ], [ -3.4117993, 55.2199308 ], [ -3.4119019, 55.219918 ], [ -3.4120654, 55.2203889 ], [ -3.4122722, 55.2209844 ], [ -3.4123702, 55.2212581 ], [ -3.412401, 55.2214024 ], [ -3.4123971, 55.2216768 ], [ -3.412372, 55.222071 ], [ -3.4118505, 55.222254 ], [ -3.4112736, 55.2223487 ], [ -3.4111398, 55.2223706 ] ] ] } },
{ "type": "Feature", "properties": { "stop_id": "osm-way-61407175", "name": "Welcome Break Abington Services" }, "geometry": { "type": "Polygon", "coordinates": [ [ [ -3.698077, 55.5083073 ], [ -3.6925838, 55.5084288 ], [ -3.6929271, 55.5077605 ], [ -3.6934207, 55.5066061 ], [ -3.6935899, 55.5055287 ], [ -3.6937781, 55.5052885 ], [ -3.6940787, 55.5050467 ], [ -3.6942594, 55.5049547 ], [ -3.6943076, 55.5049302 ], [ -3.6944292, 55.5048683 ], [ -3.6944721, 55.5047833 ], [ -3.6946831, 55.5047104 ], [ -3.6952062, 55.5047909 ], [ -3.6959098, 55.5053058 ], [ -3.697047, 55.5068248 ], [ -3.698077, 55.5083073 ] ] ] } },
{ "type": "Feature", "properties": { "stop_id": "osm-way-61407226", "name": "RoadChef Hamilton Services" }, "geometry": { "type": "Polygon", "coordinates": [ [ [ -4.037281, 55.7899168 ], [ -4.0367899, 55.7895196 ], [ -4.0335133, 55.7876466 ], [ -4.0326558, 55.7869494 ], [ -4.0324031, 55.7865546 ], [ -4.0322146, 55.7861103 ], [ -4.0317761, 55.7847811 ], [ -4.0336533, 55.7843591 ], [ -4.0337906, 55.7846645 ], [ -4.0334572, 55.7851443 ], [ -4.0332028, 55.7853943 ], [ -4.033811, 55.7856581 ], [ -4.033905, 55.7857109 ], [ -4.0343517, 55.7859905 ], [ -4.0369834, 55.7873973 ], [ -4.0382533, 55.7882924 ], [ -4.038834, 55.7888249 ], [ -4.0389482, 55.7890963 ], [ -4.0388906, 55.7892414 ], [ -4.0388149, 55.7894049 ], [ -4.0386604, 55.7895436 ], [ -4.0385268, 55.7896827 ], [ -4.0383347, 55.7898627 ], [ -4.0381599, 55.7900238 ], [ -4.0380696, 55.7902002 ], [ -4.0379727, 55.790375 ], [ -4.037281, 55.7899168 ] ] ] } },
{ "type": "Feature", "properties": { "stop_id": "osm-way-61407655", "name": "RoadChef Bothwell Services" }, "geometry": { "type": "Polygon", "coordinates": [ [ [ -4.063452, 55.8150034 ], [ -4.0637894, 55.8147297 ], [ -4.0624564, 55.8128542 ], [ -4.0622437, 55.8125052 ], [ -4.0616209, 55.8116478 ], [ -4.0615188, 55.8117443 ], [ -4.0614557, 55.8118039 ], [ -4.0610396, 55.812197 ], [ -4.0607599, 55.8121807 ], [ -4.0603522, 55.8121082 ], [ -4.0601263, 55.8139735 ], [ -4.0601432, 55.8142482 ], [ -4.0601333, 55.8143106 ], [ -4.0600337, 55.8149405 ], [ -4.0600988, 55.8154848 ], [ -4.060191, 55.8158225 ], [ -4.0603265, 55.815958 ], [ -4.0604105, 55.8160419 ], [ -4.0612809, 55.815958 ], [ -4.0626484, 55.815919 ], [ -4.0629018, 55.8156303 ], [ -4.063452, 55.8150034 ] ] ] } },
{ "type": "Feature", "properties": { "stop_id": "osm-way-61453726", "name": "Heart of Scotland Services" }, "geometry": { "type": "Polygon", "coordinates": [ [ [ -3.763098, 55.8625842 ], [ -3.7629976, 55.8624881 ], [ -3.762641, 55.8621468 ], [ -3.7625508, 55.8620604 ], [ -3.7619715, 55.8620965 ], [ -3.7614887, 55.8619942 ], [ -3.7603622, 55.8619039 ], [ -3.7601905, 55.8620303 ], [ -3.7593751, 55.8621567 ], [ -3.7582593, 55.8624578 ], [ -3.7572112, 55.8627701 ], [ -3.7565963, 55.8629816 ], [ -3.755856, 55.8634452 ], [ -3.7557702, 55.8637161 ], [ -3.7551479, 55.863963 ], [ -3.7554162, 55.8646192 ], [ -3.7557488, 55.8648901 ], [ -3.7560492, 55.8648058 ], [ -3.7564569, 55.8652152 ], [ -3.7560921, 55.8652754 ], [ -3.7563067, 55.8657751 ], [ -3.7598901, 55.8650105 ], [ -3.7598659, 55.8649735 ], [ -3.7597721, 55.8648299 ], [ -3.7600188, 55.8647577 ], [ -3.7601905, 55.8646252 ], [ -3.7603192, 55.8644386 ], [ -3.7609952, 55.8642881 ], [ -3.7608838, 55.8641294 ], [ -3.7608557, 55.8640894 ], [ -3.7612741, 55.8639931 ], [ -3.7619851, 55.8637743 ], [ -3.762315, 55.8634621 ], [ -3.762408, 55.8630586 ], [ -3.7627761, 55.8626986 ], [ -3.763098, 55.8625842 ] ] ] } },
{ "type": "Feature", "properties": { "stop_id": "osm-way-61453813", "name": "Moto Stirling Services" }, "geometry": { "type": "Polygon", "coordinates": [ [ [ -3.9239715, 56.0759396 ], [ -3.9229697, 56.0751766 ], [ -3.9219315, 56.0755379 ], [ -3.9207214, 56.075908 ], [ -3.9204183, 56.0760852 ], [ -3.9203772, 56.0763091 ], [ -3.9205806, 56.0765939 ], [ -3.9206579, 56.0767021 ], [ -3.920775, 56.0768511 ], [ -3.9209261, 56.0770434 ], [ -3.9211806, 56.0771778 ], [ -3.9216527, 56.0772616 ], [ -3.9220097, 56.0770434 ], [ -3.9225354, 56.0766961 ], [ -3.9237, 56.0762722 ], [ -3.9239715, 56.0759396 ] ] ] } },
{ "type": "Feature", "properties": { "stop_id": "osm-way-61453852", "name": "Moto Kinross Services" }, "geometry": { "type": "Polygon", "coordinates": [ [ [ -3.4414182, 56.2099959 ], [ -3.4412025, 56.2088862 ], [ -3.4398135, 56.2088292 ], [ -3.4395826, 56.2088106 ], [ -3.4390085, 56.2087644 ], [ -3.4381073, 56.2087107 ], [ -3.4379035, 56.2089136 ], [ -3.437764, 56.2092656 ], [ -3.4377763, 56.209945 ], [ -3.4377873, 56.2105527 ], [ -3.4399966, 56.2106382 ], [ -3.4400825, 56.2100381 ], [ -3.4414182, 56.2099959 ] ] ] } },
{ "type": "Feature", "properties": { "stop_id": "osm-way-61454262", "name": "Moto Musselburgh Services" }, "geometry": { "type": "Polygon", "coordinates": [ [ [ -3.0638946, 55.9263569 ], [ -3.0638034, 55.9265319 ], [ -3.0637789, 55.926651 ], [ -3.0637369, 55.9266985 ], [ -3.0636699, 55.9266954 ], [ -3.0635802, 55.9266912 ], [ -3.0634481, 55.9266916 ], [ -3.0633153, 55.9266777 ], [ -3.0631479, 55.9266293 ], [ -3.0627965, 55.926546 ], [ -3.0623429, 55.926481 ], [ -3.0610276, 55.9264315 ], [ -3.0604072, 55.9264086 ], [ -3.0601625, 55.9263816 ], [ -3.0600122, 55.9263641 ], [ -3.0599374, 55.9263469 ], [ -3.0598434, 55.9263253 ], [ -3.0597905, 55.9263131 ], [ -3.0597154, 55.9262759 ], [ -3.059696, 55.9262358 ], [ -3.0596816, 55.926206 ], [ -3.0598303, 55.926194 ], [ -3.0599437, 55.9261292 ], [ -3.0600376, 55.9260352 ], [ -3.0601286, 55.9259649 ], [ -3.0602317, 55.9259366 ], [ -3.0604033, 55.9258959 ], [ -3.0605493, 55.9258663 ], [ -3.0606769, 55.9258436 ], [ -3.0607843, 55.9258144 ], [ -3.0609196, 55.9257945 ], [ -3.0610699, 55.9257407 ], [ -3.0612016, 55.9257224 ], [ -3.0613128, 55.9257009 ], [ -3.0614643, 55.9256758 ], [ -3.061584, 55.9256647 ], [ -3.0623257, 55.9258269 ], [ -3.0637442, 55.9261453 ], [ -3.0638463, 55.9262173 ], [ -3.0639239, 55.9262885 ], [ -3.0638946, 55.9263569 ] ] ] } },
{ "type": "Feature", "properties": { "stop_id": "osm-way-61454312", "name": "Dreghorn Services" }, "geometry": { "type": "Polygon", "coordinates": [ [ [ -3.2337751, 55.9008538 ], [ -3.2334181, 55.8998159 ], [ -3.2311865, 55.899852 ], [ -3.2312589, 55.9004407 ], [ -3.2312608, 55.9004559 ], [ -3.2313123, 55.9008743 ], [ -3.2313489, 55.900874 ], [ -3.2315686, 55.9008722 ], [ -3.2337751, 55.9008538 ] ] ] } },
{ "type": "Feature", "properties": { "stop_id": "osm-way-61454718", "name": "Wolviston Services" }, "geometry": { "type": "Polygon", "coordinates": [ [ [ -1.3046977, 54.6292633 ], [ -1.3046977, 54.6279117 ], [ -1.3047683, 54.6274063 ], [ -1.3050324, 54.6274897 ], [ -1.3051223, 54.6275181 ], [ -1.3052204, 54.627531 ], [ -1.3053262, 54.627543 ], [ -1.3054483, 54.6275368 ], [ -1.3056588, 54.6275306 ], [ -1.3060021, 54.6275368 ], [ -1.3061972, 54.6275621 ], [ -1.306614, 54.6276163 ], [ -1.3068632, 54.6276752 ], [ -1.3076164, 54.627817 ], [ -1.3076275, 54.6278191 ], [ -1.3079194, 54.6279204 ], [ -1.3081176, 54.628064 ], [ -1.3081641, 54.6281537 ], [ -1.3081825, 54.6281892 ], [ -1.3081761, 54.6282974 ], [ -1.3081729, 54.6283505 ], [ -1.3080349, 54.6285291 ], [ -1.3079954, 54.6285803 ], [ -1.307195, 54.6295827 ], [ -1.3068913, 54.6296169 ], [ -1.3062533, 54.6295618 ], [ -1.3046977, 54.6292633 ] ] ] } },
{ "type": "Feature", "properties": { "stop_id": "osm-way-61454846", "name": "Exelby Services (Southbound)" }, "geometry": { "type": "Polygon", "coordinates": [ [ [ -1.3195384, 54.416553 ], [ -1.3181484, 54.4161621 ], [ -1.3180914, 54.4154231 ], [ -1.3184506, 54.4152982 ], [ -1.3188543, 54.4151726 ], [ -1.3195436, 54.4150541 ], [ -1.3195384, 54.416553 ] ] ] } },
{ "type": "Feature", "properties": { "stop_id": "osm-way-61458759", "name": "Seaton Burn Services" }, "geometry": { "type": "Polygon", "coordinates": [ [ [ -1.6343643, 55.06674 ], [ -1.6342109, 55.0665349 ], [ -1.6346133, 55.0663982 ], [ -1.6349818, 55.0661835 ], [ -1.6347497, 55.0660894 ], [ -1.6347346, 55.0660273 ], [ -1.6335997, 55.065615 ], [ -1.6333963, 55.0655767 ], [ -1.6332549, 55.0655907 ], [ -1.6331269, 55.0656359 ], [ -1.632977, 55.0657048 ], [ -1.6328811, 55.0657797 ], [ -1.6328177, 55.065888 ], [ -1.6326664, 55.066449 ], [ -1.6327015, 55.0664521 ], [ -1.6326377, 55.0666888 ], [ -1.6326025, 55.0666857 ], [ -1.6324715, 55.0671714 ], [ -1.6343643, 55.06674 ] ] ] } },
{ "type": "Feature", "properties": { "stop_id": "osm-way-61458957", "name": "Charnock Richard Services" }, "geometry": { "type": "Polygon", "coordinates": [ [ [ -2.6935168, 53.629978 ], [ -2.6941115, 53.630441 ], [ -2.6948186, 53.6310254 ], [ -2.6946702, 53.6312838 ], [ -2.6943463, 53.6313514 ], [ -2.6933728, 53.6311677 ], [ -2.6924402, 53.6319227 ], [ -2.6925606, 53.6324196 ], [ -2.6923494, 53.6326248 ], [ -2.6920385, 53.6328386 ], [ -2.6916219, 53.6328819 ], [ -2.6914976, 53.6328969 ], [ -2.6909087, 53.6329682 ], [ -2.6907027, 53.6330293 ], [ -2.6902941, 53.6328219 ], [ -2.6901029, 53.6326233 ], [ -2.690158, 53.6324839 ], [ -2.6893677, 53.6324097 ], [ -2.6889993, 53.6322581 ], [ -2.6886981, 53.631411 ], [ -2.6886434, 53.6312541 ], [ -2.6885373, 53.6309748 ], [ -2.688484, 53.6309456 ], [ -2.6883156, 53.630523 ], [ -2.6884234, 53.6304343 ], [ -2.6885182, 53.6300338 ], [ -2.688732, 53.6294546 ], [ -2.6888337, 53.6294536 ], [ -2.6897157, 53.6294587 ], [ -2.6901614, 53.6294579 ], [ -2.6909247, 53.6294692 ], [ -2.691104, 53.6294664 ], [ -2.6917143, 53.6293863 ], [ -2.6927443, 53.6292782 ], [ -2.6928952, 53.6293724 ], [ -2.6935168, 53.629978 ] ] ] } },
{ "type": "Feature", "properties": { "stop_id": "osm-way-61459213", "name": "Burtonwood Services" }, "geometry": { "type": "Polygon", "coordinates": [ [ [ -2.6346458, 53.4177135 ], [ -2.6346312, 53.4175611 ], [ -2.6346244, 53.4174897 ], [ -2.6385297, 53.4168375 ], [ -2.6408149, 53.4165306 ], [ -2.642317, 53.4163324 ], [ -2.6423007, 53.4163893 ], [ -2.6422274, 53.4166457 ], [ -2.6422178, 53.4166792 ], [ -2.6418636, 53.4167427 ], [ -2.6415121, 53.4168372 ], [ -2.641139, 53.4169811 ], [ -2.6402007, 53.4173794 ], [ -2.6403266, 53.417486 ], [ -2.6401024, 53.418252 ], [ -2.6384123, 53.4185306 ], [ -2.6373047, 53.4187132 ], [ -2.6363172, 53.418876 ], [ -2.6352877, 53.418017 ], [ -2.6350727, 53.4178376 ], [ -2.6346458, 53.4177135 ] ] ] } },
{ "type": "Feature", "properties": { "stop_id": "osm-way-61459309", "name": "Moto Birch Services" }, "geometry": { "type": "Polygon", "coordinates": [ [ [ -2.2280949, 53.5691038 ], [ -2.2284163, 53.5694713 ], [ -2.228998, 53.5694317 ], [ -2.2298426, 53.569713 ], [ -2.2301317, 53.5698093 ], [ -2.2303295, 53.5698707 ], [ -2.2308069, 53.5700656 ], [ -2.2311777, 53.5699395 ], [ -2.2312325, 53.5699209 ], [ -2.2315201, 53.5698231 ], [ -2.2318605, 53.5697449 ], [ -2.2330489, 53.5693032 ], [ -2.2340907, 53.568888 ], [ -2.2341891, 53.5688397 ], [ -2.2343247, 53.5687732 ], [ -2.2351578, 53.5684411 ], [ -2.2348602, 53.5676263 ], [ -2.2349969, 53.5674473 ], [ -2.2351025, 53.5673091 ], [ -2.2355778, 53.5668751 ], [ -2.2343458, 53.5665224 ], [ -2.2312493, 53.5678817 ], [ -2.2280949, 53.5691038 ] ] ] } },
{ "type": "Feature", "properties": { "stop_id": "osm-way-61459355", "name": "Welcome Break Hartshead Moor" }, "geometry": { "type": "Polygon", "coordinates": [ [ [ -1.7455939, 53.7109915 ], [ -1.7442029, 53.7111142 ], [ -1.7428986, 53.7121758 ], [ -1.7422838, 53.7127172 ], [ -1.7423959, 53.7131216 ], [ -1.742513, 53.7137818 ], [ -1.7425923, 53.7142289 ], [ -1.7426526, 53.7145685 ], [ -1.7431075, 53.7150071 ], [ -1.7432801, 53.7151143 ], [ -1.7440291, 53.7155989 ], [ -1.7443692, 53.7158002 ], [ -1.7445144, 53.7157356 ], [ -1.7445535, 53.7157182 ], [ -1.7449548, 53.7155396 ], [ -1.7450855, 53.7154827 ], [ -1.7471117, 53.7146431 ], [ -1.7477792, 53.714333 ], [ -1.7486393, 53.7140097 ], [ -1.7485125, 53.7130553 ], [ -1.7482799, 53.7121346 ], [ -1.7455939, 53.7109915 ] ] ] } },
{ "type": "Feature", "properties": { "stop_id": "osm-way-61459849", "name": "Lymm Services" }, "geometry": { "type": "Polygon", "coordinates": [ [ [ -2.5003922, 53.3591212 ], [ -2.5015938, 53.3585449 ], [ -2.5018943, 53.3582248 ], [ -2.502023, 53.3579943 ], [ -2.5035036, 53.3572003 ], [ -2.5042546, 53.3568161 ], [ -2.504555, 53.3567905 ], [ -2.5048769, 53.3568801 ], [ -2.506309, 53.3582219 ], [ -2.5067222, 53.358609 ], [ -2.5070146, 53.3588971 ], [ -2.5069341, 53.3590364 ], [ -2.5067357, 53.3592285 ], [ -2.5072641, 53.359667 ], [ -2.5068684, 53.3598714 ], [ -2.5067651, 53.3599248 ], [ -2.5063575, 53.3598127 ], [ -2.5061918, 53.3596219 ], [ -2.5060386, 53.3595982 ], [ -2.5059342, 53.359582 ], [ -2.5058554, 53.3595698 ], [ -2.5054777, 53.3596462 ], [ -2.5046623, 53.3596206 ], [ -2.5036752, 53.359659 ], [ -2.5027526, 53.3597103 ], [ -2.5021517, 53.3598255 ], [ -2.5015295, 53.3596719 ], [ -2.5012923, 53.3595607 ], [ -2.5009287, 53.3593901 ], [ -2.5003922, 53.3591212 ] ] ] } },
{ "type": "Feature", "properties": { "stop_id": "osm-way-61460091", "name": "RoadChef Chester Services" }, "geometry": { "type": "Polygon", "coordinates": [ [ [ -2.8022777, 53.2673623 ], [ -2.8002929, 53.2679142 ], [ -2.7999818, 53.2681067 ], [ -2.7999388, 53.2682992 ], [ -2.8000247, 53.2684211 ], [ -2.8005718, 53.2688381 ], [ -2.8007757, 53.2692039 ], [ -2.8012907, 53.2696595 ], [ -2.8013038, 53.2697331 ], [ -2.8013443, 53.269961 ], [ -2.8014838, 53.2701663 ], [ -2.80187, 53.2704102 ], [ -2.8022885, 53.2705192 ], [ -2.8029429, 53.2704615 ], [ -2.803254, 53.2703909 ], [ -2.8045466, 53.2698631 ], [ -2.8059743, 53.2692801 ], [ -2.8065693, 53.2690371 ], [ -2.8066509, 53.2689677 ], [ -2.8066628, 53.2688277 ], [ -2.8065973, 53.2687407 ], [ -2.806502, 53.2686869 ], [ -2.8062679, 53.2685863 ], [ -2.8060106, 53.2684486 ], [ -2.8057187, 53.2683035 ], [ -2.8054791, 53.26817 ], [ -2.8052603, 53.2680297 ], [ -2.8050378, 53.2678469 ], [ -2.8048535, 53.267687 ], [ -2.8046917, 53.2675845 ], [ -2.8045469, 53.2675456 ], [ -2.8043913, 53.267542 ], [ -2.8039729, 53.2675677 ], [ -2.8037691, 53.2675234 ], [ -2.8036938, 53.267507 ], [ -2.8036188, 53.2674907 ], [ -2.8034928, 53.2674316 ], [ -2.8032219, 53.2673046 ], [ -2.803018, 53.2672212 ], [ -2.8026103, 53.267234 ], [ -2.8022777, 53.2673623 ] ] ] } },
{ "type": "Feature", "properties": { "stop_id": "osm-way-61460377", "name": "Knutsford Services Southbound" }, "geometry": { "type": "Polygon", "coordinates": [ [ [ -2.4009365, 53.3004216 ], [ -2.4005542, 53.2999061 ], [ -2.4004594, 53.2999267 ], [ -2.400313, 53.2999543 ], [ -2.4002056, 53.2999782 ], [ -2.4001898, 53.3000752 ], [ -2.3997781, 53.3005889 ], [ -2.3997285, 53.300737 ], [ -2.3997097, 53.3009232 ], [ -2.3998465, 53.3013006 ], [ -2.3992524, 53.3018648 ], [ -2.3993623, 53.3018665 ], [ -2.3998224, 53.3018736 ], [ -2.4000691, 53.3025245 ], [ -2.4010615, 53.3024933 ], [ -2.4013417, 53.3024618 ], [ -2.4014684, 53.3024476 ], [ -2.401779, 53.30248 ], [ -2.4023034, 53.3024104 ], [ -2.4019505, 53.301897 ], [ -2.4009365, 53.3004216 ] ] ] } },
{ "type": "Feature", "properties": { "stop_id": "osm-way-61460414", "name": "RoadChef Sandbach Services" }, "geometry": { "type": "Polygon", "coordinates": [ [ [ -2.337309, 53.1406165 ], [ -2.3374592, 53.1406234 ], [ -2.3375466, 53.1406127 ], [ -2.3378635, 53.1401101 ], [ -2.3378361, 53.1400394 ], [ -2.3380562, 53.139774 ], [ -2.338218, 53.1394506 ], [ -2.338271, 53.1392109 ], [ -2.338267, 53.1389908 ], [ -2.33797, 53.1385345 ], [ -2.3374065, 53.1377509 ], [ -2.3369017, 53.1374062 ], [ -2.3368558, 53.1374228 ], [ -2.3366909, 53.1375169 ], [ -2.3366294, 53.1376143 ], [ -2.3365688, 53.1377542 ], [ -2.3372213, 53.1405354 ], [ -2.3372551, 53.1405768 ], [ -2.337309, 53.1406165 ] ] ] } },
{ "type": "Feature", "properties": { "stop_id": "osm-way-61460582", "name": "Keele Services" }, "geometry": { "type": "Polygon", "coordinates": [ [ [ -2.2925574, 52.992402 ], [ -2.291854, 52.9925126 ], [ -2.2914751, 52.9925955 ], [ -2.2910564, 52.9927381 ], [ -2.2907996, 52.9926728 ], [ -2.2908144, 52.9926431 ], [ -2.2907795, 52.99247 ], [ -2.2906649, 52.992424 ], [ -2.2906183, 52.9924044 ], [ -2.2905722, 52.9923459 ], [ -2.2905381, 52.9922575 ], [ -2.2904828, 52.9920454 ], [ -2.2876796, 52.9922323 ], [ -2.286365, 52.9923314 ], [ -2.28636, 52.9926786 ], [ -2.2863599, 52.9927917 ], [ -2.2863598, 52.9929591 ], [ -2.2864102, 52.9930701 ], [ -2.2863924, 52.993674 ], [ -2.286607, 52.9937967 ], [ -2.2866392, 52.9939775 ], [ -2.287122, 52.9942939 ], [ -2.2874975, 52.9942875 ], [ -2.2880815, 52.9942175 ], [ -2.2886133, 52.9942358 ], [ -2.2889566, 52.994365 ], [ -2.2892034, 52.9946878 ], [ -2.2893634, 52.9948651 ], [ -2.2898471, 52.9950882 ], [ -2.2900992, 52.9951162 ], [ -2.2910889, 52.9950566 ], [ -2.2916983, 52.9950176 ], [ -2.2922366, 52.9950092 ], [ -2.292389, 52.995019 ], [ -2.2924834, 52.9950623 ], [ -2.2924385, 52.9948838 ], [ -2.2923255, 52.9943973 ], [ -2.2923895, 52.9939772 ], [ -2.2923995, 52.9939115 ], [ -2.2924746, 52.9933878 ], [ -2.2925724, 52.9926992 ], [ -2.2925574, 52.992402 ] ] ] } },
{ "type": "Feature", "properties": { "stop_id": "osm-way-61460635", "name": "Moto Stafford North Services" }, "geometry": { "type": "Polygon", "coordinates": [ [ [ -2.1755447, 52.8843957 ], [ -2.1730384, 52.8844115 ], [ -2.1721558, 52.8838864 ], [ -2.1711902, 52.8829152 ], [ -2.1701388, 52.8826304 ], [ -2.1696882, 52.8826304 ], [ -2.1690015, 52.8823714 ], [ -2.1687018, 52.8821058 ], [ -2.1677315, 52.8822214 ], [ -2.1681938, 52.882658 ], [ -2.1679988, 52.8827967 ], [ -2.1679456, 52.8828332 ], [ -2.1678454, 52.8829329 ], [ -2.1681587, 52.8833461 ], [ -2.1689498, 52.8846521 ], [ -2.1690525, 52.8846553 ], [ -2.1691338, 52.8846595 ], [ -2.1692393, 52.8846629 ], [ -2.1695253, 52.8846588 ], [ -2.1696018, 52.8850792 ], [ -2.169914, 52.8857548 ], [ -2.1701695, 52.8861555 ], [ -2.1719533, 52.8883351 ], [ -2.1723763, 52.8887603 ], [ -2.1725206, 52.8887287 ], [ -2.1746337, 52.887768 ], [ -2.1754818, 52.8873175 ], [ -2.1763965, 52.8870263 ], [ -2.175962, 52.8867263 ], [ -2.1749707, 52.8858041 ], [ -2.175632, 52.8852977 ], [ -2.1756749, 52.884961 ], [ -2.1761712, 52.8847997 ], [ -2.1759942, 52.8843439 ], [ -2.1755447, 52.8843957 ] ] ] } },
{ "type": "Feature", "properties": { "stop_id": "osm-way-61460651", "name": "RoadChef Stafford South Services" }, "geometry": { "type": "Polygon", "coordinates": [ [ [ -2.1586918, 52.871115 ], [ -2.159238, 52.8712366 ], [ -2.1594378, 52.8712665 ], [ -2.1595591, 52.8712665 ], [ -2.160868, 52.8711241 ], [ -2.1623271, 52.8710852 ], [ -2.1629708, 52.8711241 ], [ -2.1638077, 52.8710075 ], [ -2.1643777, 52.8708254 ], [ -2.1646955, 52.8707595 ], [ -2.1650087, 52.8707904 ], [ -2.1647607, 52.8718625 ], [ -2.1643927, 52.8733164 ], [ -2.1641851, 52.8735482 ], [ -2.1643067, 52.8736408 ], [ -2.1644761, 52.8737699 ], [ -2.1644273, 52.874424 ], [ -2.1642483, 52.8744923 ], [ -2.1639339, 52.874618 ], [ -2.164091, 52.874889 ], [ -2.1634111, 52.8748344 ], [ -2.1621633, 52.8747913 ], [ -2.1622027, 52.8745734 ], [ -2.1619473, 52.8745178 ], [ -2.1609928, 52.8743683 ], [ -2.1604658, 52.8743375 ], [ -2.1598949, 52.8742309 ], [ -2.1590673, 52.8740565 ], [ -2.1587567, 52.8715821 ], [ -2.1586918, 52.871115 ] ] ] } },
{ "type": "Feature", "properties": { "stop_id": "osm-way-61460699", "name": "Moto Hilton Park Services" }, "geometry": { "type": "Polygon", "coordinates": [ [ [ -2.0566042, 52.642137 ], [ -2.0564546, 52.6422501 ], [ -2.0566685, 52.6427985 ], [ -2.0568468, 52.6431958 ], [ -2.0568668, 52.6432403 ], [ -2.0569466, 52.6434183 ], [ -2.0572033, 52.643944 ], [ -2.05732, 52.6441628 ], [ -2.0575616, 52.6446157 ], [ -2.0578864, 52.645011 ], [ -2.0579823, 52.644993 ], [ -2.0582612, 52.6448889 ], [ -2.0590123, 52.6450842 ], [ -2.0593556, 52.6446155 ], [ -2.0584314, 52.6429527 ], [ -2.0580949, 52.6423525 ], [ -2.0567294, 52.6421114 ], [ -2.0566042, 52.642137 ] ] ] } },
{ "type": "Feature", "properties": { "stop_id": "osm-way-61460753", "name": "Telford Services" }, "geometry": { "type": "Polygon", "coordinates": [ [ [ -2.3991577, 52.6768266 ], [ -2.3996085, 52.6767004 ], [ -2.4000483, 52.6766403 ], [ -2.4003862, 52.676677 ], [ -2.4007671, 52.6767875 ], [ -2.4013827, 52.6770517 ], [ -2.40162, 52.6771534 ], [ -2.4018243, 52.6771887 ], [ -2.402126, 52.6772269 ], [ -2.4022843, 52.6772554 ], [ -2.4024023, 52.6772952 ], [ -2.4025324, 52.6773839 ], [ -2.4026679, 52.6774302 ], [ -2.4028891, 52.6775237 ], [ -2.4030474, 52.6775514 ], [ -2.4031731, 52.6775625 ], [ -2.4032016, 52.67754 ], [ -2.4032386, 52.6775605 ], [ -2.4033554, 52.6776257 ], [ -2.4034225, 52.6776624 ], [ -2.4031248, 52.6777518 ], [ -2.4027613, 52.6778559 ], [ -2.4023094, 52.6779136 ], [ -2.4019084, 52.6779226 ], [ -2.401553, 52.6779023 ], [ -2.4013388, 52.6778441 ], [ -2.401194, 52.6777806 ], [ -2.4010693, 52.6777977 ], [ -2.4010639, 52.6778351 ], [ -2.4003169, 52.6778416 ], [ -2.4003165, 52.6778836 ], [ -2.4001586, 52.6778733 ], [ -2.400156, 52.6777969 ], [ -2.3999991, 52.6777977 ], [ -2.3998368, 52.6777644 ], [ -2.3992216, 52.6776394 ], [ -2.3988605, 52.677566 ], [ -2.3985922, 52.6773643 ], [ -2.398603, 52.6771399 ], [ -2.3987193, 52.6770013 ], [ -2.3991577, 52.6768266 ] ] ] } },
{ "type": "Feature", "properties": { "stop_id": "osm-way-61460820", "name": "RoadChef Norton Canes Services" }, "geometry": { "type": "Polygon", "coordinates": [ [ [ -1.9703647, 52.6661548 ], [ -1.9687843, 52.6660964 ], [ -1.9681988, 52.6660737 ], [ -1.9676685, 52.6660604 ], [ -1.9671273, 52.6662784 ], [ -1.9658721, 52.6660377 ], [ -1.9653356, 52.6657774 ], [ -1.9656135, 52.6644941 ], [ -1.9651293, 52.6644042 ], [ -1.9645633, 52.6639363 ], [ -1.9649709, 52.6631486 ], [ -1.9670415, 52.6629925 ], [ -1.9681359, 52.662999 ], [ -1.9686401, 52.6630315 ], [ -1.9692838, 52.6632332 ], [ -1.9696701, 52.6635065 ], [ -1.970979, 52.663474 ], [ -1.9710439, 52.6659255 ], [ -1.9703647, 52.6661548 ] ] ] } },
{ "type": "Feature", "properties": { "stop_id": "osm-way-61461264", "name": "Tamworth Services" }, "geometry": { "type": "Polygon", "coordinates": [ [ [ -1.64229, 52.6084892 ], [ -1.6421675, 52.6084941 ], [ -1.6420466, 52.6084694 ], [ -1.6417969, 52.6084522 ], [ -1.6401398, 52.6084658 ], [ -1.6397479, 52.6080264 ], [ -1.6394557, 52.6079157 ], [ -1.6391966, 52.6077551 ], [ -1.6383386, 52.6070416 ], [ -1.6390856, 52.6061741 ], [ -1.639428, 52.6058086 ], [ -1.6401303, 52.6052021 ], [ -1.6405036, 52.6048862 ], [ -1.6409687, 52.6046101 ], [ -1.6411505, 52.604555 ], [ -1.6414495, 52.6044905 ], [ -1.6420113, 52.6044483 ], [ -1.6421258, 52.6044706 ], [ -1.6421817, 52.6044961 ], [ -1.6422136, 52.6044811 ], [ -1.6423597, 52.6045746 ], [ -1.6425139, 52.6047779 ], [ -1.6426074, 52.6049469 ], [ -1.642702, 52.6051678 ], [ -1.6427513, 52.6053867 ], [ -1.6427417, 52.6055551 ], [ -1.6427031, 52.6057508 ], [ -1.6426109, 52.6059307 ], [ -1.6425195, 52.6060535 ], [ -1.6423716, 52.6061467 ], [ -1.6423225, 52.6061595 ], [ -1.6423193, 52.6062616 ], [ -1.6423136, 52.6062901 ], [ -1.6423197, 52.6063271 ], [ -1.6425084, 52.6065449 ], [ -1.6425514, 52.6066191 ], [ -1.6425739, 52.6067243 ], [ -1.6424854, 52.6071222 ], [ -1.6424405, 52.6074383 ], [ -1.6424099, 52.6077404 ], [ -1.6424149, 52.608046 ], [ -1.6424527, 52.6082298 ], [ -1.642452, 52.6083236 ], [ -1.6424348, 52.6083963 ], [ -1.642432, 52.608398 ], [ -1.6423833, 52.6084453 ], [ -1.64229, 52.6084892 ] ] ] } },
{ "type": "Feature", "properties": { "stop_id": "osm-way-61461781", "name": "Bangor Services" }, "geometry": { "type": "Polygon", "coordinates": [ [ [ -4.1080435, 53.202603 ], [ -4.1078919, 53.2025217 ], [ -4.1077322, 53.2025361 ], [ -4.1075806, 53.2024596 ], [ -4.1073571, 53.2024166 ], [ -4.1071176, 53.2024213 ], [ -4.1064631, 53.2025361 ], [ -4.1062715, 53.2025696 ], [ -4.1061119, 53.2025504 ], [ -4.1059771, 53.202467 ], [ -4.1054243, 53.2028484 ], [ -4.1053308, 53.2029129 ], [ -4.1051295, 53.2030518 ], [ -4.1048184, 53.2033217 ], [ -4.1047755, 53.2035016 ], [ -4.1050329, 53.203733 ], [ -4.1056767, 53.2041186 ], [ -4.1058245, 53.2041808 ], [ -4.1062236, 53.2041999 ], [ -4.1065509, 53.2041616 ], [ -4.1068462, 53.2041043 ], [ -4.1071895, 53.2039991 ], [ -4.1075113, 53.2038744 ], [ -4.107911, 53.2036376 ], [ -4.1085306, 53.2032705 ], [ -4.1081602, 53.2026675 ], [ -4.1081712, 53.2026365 ], [ -4.1080435, 53.202603 ] ] ] } },
{ "type": "Feature", "properties": { "stop_id": "osm-way-61461905", "name": null }, "geometry": { "type": "Polygon", "coordinates": [ [ [ -3.0914673, 53.1977904 ], [ -3.091388, 53.197968 ], [ -3.0908937, 53.1978849 ], [ -3.0904517, 53.1982135 ], [ -3.0893583, 53.1978984 ], [ -3.0892278, 53.1978388 ], [ -3.0884746, 53.1974946 ], [ -3.0884343, 53.1973653 ], [ -3.088098, 53.1967381 ], [ -3.0882248, 53.1966745 ], [ -3.0897337, 53.1971643 ], [ -3.0898137, 53.1971913 ], [ -3.090019, 53.1972571 ], [ -3.0914673, 53.1977904 ] ] ] } },
{ "type": "Feature", "properties": { "stop_id": "osm-way-61466970", "name": "Welcome Break Derby South Services" }, "geometry": { "type": "Polygon", "coordinates": [ [ [ -1.3692939, 52.8666376 ], [ -1.3690763, 52.8667073 ], [ -1.368927, 52.8667761 ], [ -1.3682528, 52.8668612 ], [ -1.3681563, 52.8670247 ], [ -1.3679731, 52.8670122 ], [ -1.3673516, 52.8674403 ], [ -1.3671608, 52.8675718 ], [ -1.3665777, 52.8672883 ], [ -1.3660792, 52.8676703 ], [ -1.3666355, 52.8679359 ], [ -1.3666749, 52.8680804 ], [ -1.3685224, 52.8691467 ], [ -1.3690427, 52.8688298 ], [ -1.3694069, 52.8687086 ], [ -1.3708556, 52.8690972 ], [ -1.3714023, 52.8686787 ], [ -1.3720405, 52.86819 ], [ -1.3716476, 52.8678887 ], [ -1.3708859, 52.8673325 ], [ -1.3692939, 52.8666376 ] ] ] } },
{ "type": "Feature", "properties": { "stop_id": "osm-way-61468762", "name": "ExtraMSA Derby with Burton Services" }, "geometry": { "type": "Polygon", "coordinates": [ [ [ -1.5629827, 52.8632445 ], [ -1.5627768, 52.8637505 ], [ -1.5623172, 52.8637607 ], [ -1.5615874, 52.8646101 ], [ -1.5619984, 52.8647597 ], [ -1.5638268, 52.864737 ], [ -1.5647592, 52.8647484 ], [ -1.5651481, 52.8647653 ], [ -1.5653807, 52.8647698 ], [ -1.5655496, 52.8647607 ], [ -1.5656584, 52.8647358 ], [ -1.5657484, 52.8646815 ], [ -1.5658159, 52.8645784 ], [ -1.5658403, 52.8644459 ], [ -1.5658291, 52.8642817 ], [ -1.5657953, 52.8641525 ], [ -1.5657203, 52.8640291 ], [ -1.5656396, 52.8639238 ], [ -1.5655102, 52.8638037 ], [ -1.5653882, 52.8638003 ], [ -1.5652757, 52.8638094 ], [ -1.5652391, 52.8637678 ], [ -1.5651689, 52.8636482 ], [ -1.565036, 52.8635451 ], [ -1.5650561, 52.8635037 ], [ -1.5651169, 52.8633773 ], [ -1.5651117, 52.8633692 ], [ -1.5650329, 52.8632342 ], [ -1.5644752, 52.8632591 ], [ -1.5641049, 52.8632162 ], [ -1.5637647, 52.8632044 ], [ -1.5629827, 52.8632445 ] ] ] } },
{ "type": "Feature", "properties": { "stop_id": "osm-way-61471433", "name": "Hopwood Park Services" }, "geometry": { "type": "Polygon", "coordinates": [ [ [ -1.9495728, 52.3638612 ], [ -1.9511758, 52.3654006 ], [ -1.9502263, 52.3658275 ], [ -1.9499461, 52.3657413 ], [ -1.9493268, 52.3655023 ], [ -1.9478377, 52.3643396 ], [ -1.947586, 52.3643547 ], [ -1.9465089, 52.3643284 ], [ -1.9451889, 52.3638503 ], [ -1.9446678, 52.3635928 ], [ -1.944452, 52.3634443 ], [ -1.9444522, 52.3634194 ], [ -1.9443882, 52.3630454 ], [ -1.9441736, 52.3626654 ], [ -1.9440452, 52.3625014 ], [ -1.9439376, 52.362364 ], [ -1.9439384, 52.3619982 ], [ -1.9447437, 52.3621305 ], [ -1.9458151, 52.3622914 ], [ -1.9472699, 52.3624093 ], [ -1.9477652, 52.3624331 ], [ -1.9478294, 52.3624655 ], [ -1.9479167, 52.3625886 ], [ -1.9479166, 52.3626323 ], [ -1.9484159, 52.3626804 ], [ -1.9484975, 52.3627221 ], [ -1.9487441, 52.3627309 ], [ -1.9491217, 52.3633226 ], [ -1.9495728, 52.3638612 ] ] ] } },
{ "type": "Feature", "properties": { "stop_id": "osm-way-61625597", "name": "Warwick North (Budbrooke) Services" }, "geometry": { "type": "Polygon", "coordinates": [ [ [ -1.6124087, 52.2796319 ], [ -1.6136605, 52.279781 ], [ -1.614336, 52.2796617 ], [ -1.6145751, 52.278118 ], [ -1.6136546, 52.2781077 ], [ -1.6131511, 52.278034 ], [ -1.6124087, 52.2796319 ] ] ] } },
{ "type": "Feature", "properties": { "stop_id": "osm-way-61629318", "name": "Popham Services" }, "geometry": { "type": "Polygon", "coordinates": [ [ [ -1.2284735, 51.1943647 ], [ -1.2285255, 51.1944278 ], [ -1.228805, 51.1947669 ], [ -1.2282569, 51.1949376 ], [ -1.2273067, 51.1952336 ], [ -1.227061, 51.1948605 ], [ -1.2270437, 51.1948343 ], [ -1.2270119, 51.1947864 ], [ -1.2276941, 51.1945853 ], [ -1.2284735, 51.1943647 ] ] ] } },
{ "type": "Feature", "properties": { "stop_id": "osm-way-61720672", "name": "Sedgefield Services" }, "geometry": { "type": "Polygon", "coordinates": [ [ [ -1.4395461, 54.6487069 ], [ -1.4404906, 54.6480622 ], [ -1.440585, 54.6479981 ], [ -1.440614, 54.6479209 ], [ -1.4406145, 54.6478042 ], [ -1.4405818, 54.6476727 ], [ -1.4404991, 54.6475558 ], [ -1.4404048, 54.6474911 ], [ -1.4399, 54.6472644 ], [ -1.4398502, 54.6472421 ], [ -1.439797, 54.6472182 ], [ -1.4394935, 54.6475766 ], [ -1.4396144, 54.6479678 ], [ -1.4395925, 54.6480133 ], [ -1.4395778, 54.6480253 ], [ -1.4395208, 54.6480684 ], [ -1.4393766, 54.6481921 ], [ -1.4391252, 54.6484284 ], [ -1.4391925, 54.6484567 ], [ -1.4392734, 54.6485855 ], [ -1.4393874, 54.6486756 ], [ -1.4395461, 54.6487069 ] ] ] } },
{ "type": "Feature", "properties": { "stop_id": "osm-way-61724187", "name": "Moto Exeter Services" }, "geometry": { "type": "Polygon", "coordinates": [ [ [ -3.4627471, 50.7173301 ], [ -3.4625849, 50.7165448 ], [ -3.4626492, 50.7161033 ], [ -3.4633252, 50.7146767 ], [ -3.4636631, 50.7139872 ], [ -3.4639388, 50.7137434 ], [ -3.4642076, 50.7136186 ], [ -3.4644163, 50.7135871 ], [ -3.4646984, 50.713583 ], [ -3.4649446, 50.7136313 ], [ -3.4651035, 50.7136967 ], [ -3.4654355, 50.7139506 ], [ -3.4656721, 50.7141995 ], [ -3.465701, 50.7142953 ], [ -3.4656769, 50.7143921 ], [ -3.465546, 50.7145476 ], [ -3.4655714, 50.7146159 ], [ -3.4656001, 50.7146928 ], [ -3.4656663, 50.7148707 ], [ -3.4656741, 50.7148916 ], [ -3.465854, 50.7149819 ], [ -3.4659712, 50.7150753 ], [ -3.4659995, 50.7151899 ], [ -3.4659342, 50.7153388 ], [ -3.4657755, 50.7156337 ], [ -3.4656984, 50.7159465 ], [ -3.4656588, 50.7160998 ], [ -3.4656512, 50.7162551 ], [ -3.4656391, 50.7171598 ], [ -3.4655562, 50.7174953 ], [ -3.4654696, 50.7177099 ], [ -3.4650091, 50.7178582 ], [ -3.4627471, 50.7173301 ] ] ] } },
{ "type": "Feature", "properties": { "stop_id": "osm-way-61729770", "name": "Saltash Services" }, "geometry": { "type": "Polygon", "coordinates": [ [ [ -4.2378931, 50.4204442 ], [ -4.2366862, 50.4207447 ], [ -4.2363419, 50.4207419 ], [ -4.2361992, 50.420635 ], [ -4.2358499, 50.4200302 ], [ -4.2357373, 50.4200028 ], [ -4.2353967, 50.4197913 ], [ -4.2349008, 50.4194465 ], [ -4.2348226, 50.4191669 ], [ -4.2350427, 50.4189641 ], [ -4.2367447, 50.4186915 ], [ -4.236851, 50.4190626 ], [ -4.2373233, 50.419121 ], [ -4.2383047, 50.4192197 ], [ -4.2386304, 50.4192936 ], [ -4.2387439, 50.4194663 ], [ -4.2387585, 50.4197345 ], [ -4.2384469, 50.420126 ], [ -4.2380995, 50.4203294 ], [ -4.2378931, 50.4204442 ] ] ] } },
{ "type": "Feature", "properties": { "stop_id": "osm-way-61729925", "name": "Moto Bridgwater Services" }, "geometry": { "type": "Polygon", "coordinates": [ [ [ -2.9959069, 51.1055187 ], [ -2.9961544, 51.1052813 ], [ -2.9964242, 51.1049163 ], [ -2.9963833, 51.1046644 ], [ -2.9963156, 51.104599 ], [ -2.9959986, 51.1044415 ], [ -2.9959564, 51.1043924 ], [ -2.9959142, 51.104283 ], [ -2.9958028, 51.1042977 ], [ -2.9957015, 51.1043031 ], [ -2.9953875, 51.1042919 ], [ -2.9949868, 51.1042518 ], [ -2.9947652, 51.1042298 ], [ -2.9945549, 51.1042212 ], [ -2.9943659, 51.1042196 ], [ -2.9942311, 51.1042311 ], [ -2.9940997, 51.1042506 ], [ -2.993916, 51.1042979 ], [ -2.9937216, 51.1043595 ], [ -2.9936691, 51.1043901 ], [ -2.9935931, 51.1044332 ], [ -2.99376, 51.1045016 ], [ -2.9944706, 51.104816 ], [ -2.994574, 51.1048656 ], [ -2.9946118, 51.1048808 ], [ -2.9951737, 51.1051115 ], [ -2.9957684, 51.1053593 ], [ -2.9956914, 51.1054333 ], [ -2.9959069, 51.1055187 ] ] ] } },
{ "type": "Feature", "properties": { "stop_id": "osm-way-62080262", "name": "Wisley South" }, "geometry": { "type": "Polygon", "coordinates": [ [ [ -0.4877241, 51.2942364 ], [ -0.488533, 51.2933904 ], [ -0.4883664, 51.2933247 ], [ -0.4882558, 51.2932866 ], [ -0.48754, 51.2930343 ], [ -0.4867007, 51.2939059 ], [ -0.487491, 51.2941593 ], [ -0.4875984, 51.2941944 ], [ -0.4877241, 51.2942364 ] ] ] } },
{ "type": "Feature", "properties": { "stop_id": "osm-way-63103986", "name": "Warminster Services" }, "geometry": { "type": "Polygon", "coordinates": [ [ [ -2.1997847, 51.2172815 ], [ -2.1980187, 51.2173763 ], [ -2.198046, 51.2175147 ], [ -2.1982242, 51.218419 ], [ -2.2008062, 51.2182776 ], [ -2.2010446, 51.2180795 ], [ -2.2011124, 51.2179362 ], [ -2.2011056, 51.2177573 ], [ -2.2010414, 51.2175979 ], [ -2.2009025, 51.2174153 ], [ -2.2003344, 51.2170439 ], [ -2.1997847, 51.2172815 ] ] ] } },
{ "type": "Feature", "properties": { "stop_id": "osm-way-63119108", "name": "Welcome Break Membury Services" }, "geometry": { "type": "Polygon", "coordinates": [ [ [ -1.5600245, 51.4813026 ], [ -1.5580329, 51.4804649 ], [ -1.5570838, 51.4800657 ], [ -1.5569352, 51.4800032 ], [ -1.5567747, 51.4799357 ], [ -1.5555278, 51.4801726 ], [ -1.5554509, 51.4801872 ], [ -1.55534, 51.4802082 ], [ -1.5548484, 51.4803016 ], [ -1.5538814, 51.4802081 ], [ -1.5537083, 51.4803283 ], [ -1.5530937, 51.4807548 ], [ -1.5542457, 51.4814317 ], [ -1.5541728, 51.4826535 ], [ -1.5541646, 51.4827901 ], [ -1.5541965, 51.4830365 ], [ -1.5542862, 51.4832099 ], [ -1.5544999, 51.4833419 ], [ -1.5546841, 51.4834169 ], [ -1.556623, 51.484207 ], [ -1.5574372, 51.4845388 ], [ -1.5582173, 51.4844943 ], [ -1.5601533, 51.4840287 ], [ -1.560797, 51.4840821 ], [ -1.5613978, 51.4835476 ], [ -1.5609576, 51.4832593 ], [ -1.5607599, 51.4828447 ], [ -1.5605724, 51.4824516 ], [ -1.560403, 51.4820963 ], [ -1.5600245, 51.4813026 ] ] ] } },
{ "type": "Feature", "properties": { "stop_id": "osm-way-63124749", "name": "Moto Leigh Delamere Westbound" }, "geometry": { "type": "Polygon", "coordinates": [ [ [ -2.1642999, 51.5094621 ], [ -2.1642289, 51.5094274 ], [ -2.1627979, 51.5087276 ], [ -2.1627335, 51.5084204 ], [ -2.1617568, 51.508542 ], [ -2.1615943, 51.5085622 ], [ -2.1594274, 51.508832 ], [ -2.1590857, 51.5088745 ], [ -2.1584891, 51.5090055 ], [ -2.1564068, 51.5094625 ], [ -2.154404, 51.510265 ], [ -2.1544433, 51.5103343 ], [ -2.1545842, 51.5104248 ], [ -2.1546239, 51.5106523 ], [ -2.1559532, 51.5104871 ], [ -2.1562962, 51.5104235 ], [ -2.1585466, 51.5101815 ], [ -2.1585701, 51.5101547 ], [ -2.1593205, 51.5100864 ], [ -2.1636844, 51.5097041 ], [ -2.1642852, 51.5096907 ], [ -2.1642999, 51.5094621 ] ] ] } },
{ "type": "Feature", "properties": { "stop_id": "osm-way-63997423", "name": "Moto Frankley Services" }, "geometry": { "type": "Polygon", "coordinates": [ [ [ -2.0171071, 52.4306145 ], [ -2.0169702, 52.4299942 ], [ -2.017497, 52.4300017 ], [ -2.0176708, 52.4292 ], [ -2.0179254, 52.4280902 ], [ -2.0180886, 52.4274154 ], [ -2.0178344, 52.4274151 ], [ -2.0175613, 52.4274147 ], [ -2.017078, 52.4274141 ], [ -2.0165219, 52.4274573 ], [ -2.0160614, 52.4273331 ], [ -2.0158266, 52.4273586 ], [ -2.0157348, 52.4278807 ], [ -2.0156671, 52.4285406 ], [ -2.015769, 52.4297038 ], [ -2.0156403, 52.4300178 ], [ -2.0157127, 52.4304921 ], [ -2.0159242, 52.430704 ], [ -2.0171071, 52.4306145 ] ] ] } },
{ "type": "Feature", "properties": { "stop_id": "osm-way-64002098", "name": "Welcome Break Michaelwood Services" }, "geometry": { "type": "Polygon", "coordinates": [ [ [ -2.4294707, 51.6563487 ], [ -2.427119, 51.6574447 ], [ -2.424587, 51.6585629 ], [ -2.4242652, 51.65831 ], [ -2.4244437, 51.6573423 ], [ -2.4250162, 51.6570055 ], [ -2.4251404, 51.6568463 ], [ -2.4257073, 51.656551 ], [ -2.4259818, 51.6565529 ], [ -2.4271693, 51.656265 ], [ -2.4281931, 51.6560955 ], [ -2.4294707, 51.6563487 ] ] ] } },
{ "type": "Feature", "properties": { "stop_id": "osm-way-64002602", "name": "Welcome Break Gordano Services" }, "geometry": { "type": "Polygon", "coordinates": [ [ [ -2.7064318, 51.4784216 ], [ -2.7061166, 51.4785688 ], [ -2.7054399, 51.478851 ], [ -2.7047722, 51.4782163 ], [ -2.7047764, 51.4770709 ], [ -2.7077395, 51.4760426 ], [ -2.7080634, 51.4757405 ], [ -2.7085998, 51.4754198 ], [ -2.7098358, 51.4750292 ], [ -2.7102345, 51.4751313 ], [ -2.7105339, 51.4752545 ], [ -2.7109939, 51.4755699 ], [ -2.7112432, 51.4758814 ], [ -2.7112262, 51.4760535 ], [ -2.7111298, 51.4761925 ], [ -2.7109435, 51.4763142 ], [ -2.7106534, 51.4764543 ], [ -2.7101893, 51.4767127 ], [ -2.7101599, 51.4769262 ], [ -2.7101372, 51.4770027 ], [ -2.7100856, 51.4771414 ], [ -2.7096674, 51.477285 ], [ -2.7089222, 51.4775164 ], [ -2.7072877, 51.4780897 ], [ -2.7064318, 51.4784216 ] ] ] } },
{ "type": "Feature", "properties": { "stop_id": "osm-way-64003195", "name": "RoadChef Sedgemoor Services (Southbound)" }, "geometry": { "type": "Polygon", "coordinates": [ [ [ -2.9185663, 51.269592 ], [ -2.9189115, 51.2679059 ], [ -2.9198373, 51.2672515 ], [ -2.9211614, 51.2665075 ], [ -2.9215547, 51.2664923 ], [ -2.9215066, 51.2670024 ], [ -2.9215649, 51.2670284 ], [ -2.9216337, 51.267059 ], [ -2.9216866, 51.2670825 ], [ -2.9215301, 51.2677819 ], [ -2.9213884, 51.268143 ], [ -2.9212233, 51.2685637 ], [ -2.9209283, 51.2692469 ], [ -2.9206101, 51.2698297 ], [ -2.9205903, 51.2698659 ], [ -2.9200861, 51.2707184 ], [ -2.9198149, 51.2710946 ], [ -2.9196839, 51.2710761 ], [ -2.9195628, 51.2710589 ], [ -2.9183055, 51.2709494 ], [ -2.917977, 51.2708337 ], [ -2.9179783, 51.2707847 ], [ -2.9179836, 51.2705854 ], [ -2.9185213, 51.2698702 ], [ -2.9185663, 51.269592 ] ] ] } },
{ "type": "Feature", "properties": { "stop_id": "osm-way-64003198", "name": "Welcome Break Sedgemoor (North) Services" }, "geometry": { "type": "Polygon", "coordinates": [ [ [ -2.9248819, 51.2677917 ], [ -2.924479, 51.2688125 ], [ -2.9244527, 51.2688792 ], [ -2.9240128, 51.2696847 ], [ -2.9244715, 51.2699798 ], [ -2.9239683, 51.2703859 ], [ -2.9237421, 51.2705685 ], [ -2.9226059, 51.2711215 ], [ -2.9217796, 51.2709114 ], [ -2.9214165, 51.2708191 ], [ -2.9209859, 51.2707518 ], [ -2.9207298, 51.2707117 ], [ -2.9210824, 51.2701165 ], [ -2.9214057, 51.2695706 ], [ -2.9218446, 51.2685716 ], [ -2.92191, 51.2684227 ], [ -2.9220185, 51.2680764 ], [ -2.9222319, 51.2673956 ], [ -2.9223439, 51.2673788 ], [ -2.9224272, 51.2673664 ], [ -2.9227254, 51.2673218 ], [ -2.9228747, 51.2674464 ], [ -2.9229185, 51.2674829 ], [ -2.9232296, 51.2674628 ], [ -2.9248819, 51.2677917 ] ] ] } },
{ "type": "Feature", "properties": { "stop_id": "osm-way-64003274", "name": "RoadChef Taunton Deane Services (Southbound)" }, "geometry": { "type": "Polygon", "coordinates": [ [ [ -3.1421246, 50.977261 ], [ -3.1422012, 50.9774264 ], [ -3.1450286, 50.9769796 ], [ -3.1461287, 50.9768027 ], [ -3.1468978, 50.9766575 ], [ -3.148115, 50.9764385 ], [ -3.1491951, 50.9762637 ], [ -3.1499341, 50.9761437 ], [ -3.1504123, 50.97611 ], [ -3.150409, 50.9759353 ], [ -3.1504079, 50.975875 ], [ -3.1501314, 50.9759016 ], [ -3.149856, 50.9758968 ], [ -3.1487748, 50.9752983 ], [ -3.1478049, 50.9747447 ], [ -3.1471738, 50.9750507 ], [ -3.1465505, 50.9754104 ], [ -3.1458577, 50.9756071 ], [ -3.1452266, 50.9758563 ], [ -3.1448257, 50.976054 ], [ -3.1445937, 50.9761435 ], [ -3.1443642, 50.9761738 ], [ -3.1428233, 50.9762135 ], [ -3.1424899, 50.9761865 ], [ -3.1425002, 50.9763216 ], [ -3.1426158, 50.9766804 ], [ -3.1426122, 50.9769055 ], [ -3.1424473, 50.977094 ], [ -3.1421246, 50.977261 ] ] ] } },
{ "type": "Feature", "properties": { "stop_id": "osm-way-67305982", "name": "Stop24 Folkestone Services" }, "geometry": { "type": "Polygon", "coordinates": [ [ [ 1.0433986, 51.0952467 ], [ 1.0434577, 51.0952372 ], [ 1.044937, 51.0949985 ], [ 1.0449436, 51.0949974 ], [ 1.0448703, 51.0948161 ], [ 1.0447719, 51.0945729 ], [ 1.0439831, 51.0947002 ], [ 1.043227, 51.0948222 ], [ 1.0433986, 51.0952467 ] ] ] } },
{ "type": "Feature", "properties": { "stop_id": "osm-way-67336177", "name": "Markham Moor Services (South)" }, "geometry": { "type": "Polygon", "coordinates": [ [ [ -0.9208622, 53.2549138 ], [ -0.9202299, 53.2546937 ], [ -0.9199935, 53.2549102 ], [ -0.9199436, 53.2553527 ], [ -0.9206697, 53.2556064 ], [ -0.9206529, 53.2557829 ], [ -0.9206327, 53.2559947 ], [ -0.9208444, 53.2560153 ], [ -0.921163, 53.2560462 ], [ -0.9215226, 53.2560392 ], [ -0.9217954, 53.2559177 ], [ -0.9219542, 53.2556942 ], [ -0.9219899, 53.2555268 ], [ -0.921899, 53.2553596 ], [ -0.9216144, 53.2551119 ], [ -0.9213585, 53.2549852 ], [ -0.9211251, 53.2549745 ], [ -0.9208622, 53.2549138 ] ] ] } },
{ "type": "Feature", "properties": { "stop_id": "osm-way-67628759", "name": "Newark Services" }, "geometry": { "type": "Polygon", "coordinates": [ [ [ -0.7820445, 53.0960353 ], [ -0.7810081, 53.0948475 ], [ -0.7808792, 53.0946998 ], [ -0.7829933, 53.0948346 ], [ -0.7832784, 53.0952096 ], [ -0.7832286, 53.0953713 ], [ -0.7823494, 53.0958643 ], [ -0.7820445, 53.0960353 ] ] ] } },
{ "type": "Feature", "properties": { "stop_id": "osm-way-74120099", "name": null }, "geometry": { "type": "Polygon", "coordinates": [ [ [ -1.3636819, 54.1954014 ], [ -1.3638737, 54.1951327 ], [ -1.364613, 54.1942486 ], [ -1.3638899, 54.1940051 ], [ -1.3628825, 54.1951582 ], [ -1.3636819, 54.1954014 ] ] ] } },
{ "type": "Feature", "properties": { "stop_id": "osm-way-91755560", "name": null }, "geometry": { "type": "Polygon", "coordinates": [ [ [ -1.7315797, 50.7487955 ], [ -1.7314677, 50.748852 ], [ -1.7312365, 50.7489687 ], [ -1.7303368, 50.7493873 ], [ -1.7301821, 50.7494593 ], [ -1.7305291, 50.7493887 ], [ -1.7310474, 50.7491787 ], [ -1.7315679, 50.7489012 ], [ -1.7315797, 50.7487955 ] ] ] } },
{ "type": "Feature", "properties": { "stop_id": "osm-way-93202420", "name": "Warwick Services Southbound M40" }, "geometry": { "type": "Polygon", "coordinates": [ [ [ -1.5070949, 52.2197532 ], [ -1.5066498, 52.2196533 ], [ -1.5066529, 52.2194902 ], [ -1.5059578, 52.219207 ], [ -1.5024294, 52.2176831 ], [ -1.5020267, 52.2175347 ], [ -1.5018462, 52.2176151 ], [ -1.5006901, 52.2171857 ], [ -1.4999325, 52.2172064 ], [ -1.5004254, 52.2185649 ], [ -1.4998945, 52.2187276 ], [ -1.4995694, 52.2190297 ], [ -1.4996877, 52.219695 ], [ -1.5030588, 52.2197997 ], [ -1.5050009, 52.2203735 ], [ -1.5058763, 52.2203274 ], [ -1.5068225, 52.2202136 ], [ -1.5070494, 52.2199155 ], [ -1.5070949, 52.2197532 ] ] ] } },
{ "type": "Feature", "properties": { "stop_id": "osm-way-95415328", "name": null }, "geometry": { "type": "Polygon", "coordinates": [ [ [ 1.1013456, 51.8584064 ], [ 1.1030622, 51.8581542 ], [ 1.1035107, 51.8588514 ], [ 1.1036646, 51.8587993 ], [ 1.1038014, 51.8589981 ], [ 1.1039543, 51.8589905 ], [ 1.1043548, 51.8597103 ], [ 1.1038799, 51.8597494 ], [ 1.1032929, 51.8598198 ], [ 1.1024013, 51.8598554 ], [ 1.1022549, 51.8598499 ], [ 1.102155, 51.8598029 ], [ 1.1021096, 51.8597647 ], [ 1.1021568, 51.8596525 ], [ 1.1020315, 51.8595212 ], [ 1.1019243, 51.8595224 ], [ 1.1017644, 51.8593866 ], [ 1.1016209, 51.8592452 ], [ 1.1014919, 51.8589164 ], [ 1.1013456, 51.8584064 ] ] ] } },
{ "type": "Feature", "properties": { "stop_id": "osm-way-95598140", "name": "RoadChef Strensham Services (Southbound)" }, "geometry": { "type": "Polygon", "coordinates": [ [ [ -2.1425734, 52.0587779 ], [ -2.1426888, 52.0587702 ], [ -2.1429186, 52.0587166 ], [ -2.143146, 52.0586199 ], [ -2.1430236, 52.0584809 ], [ -2.1427889, 52.0582957 ], [ -2.1426352, 52.0582723 ], [ -2.1427117, 52.058178 ], [ -2.1428367, 52.058043 ], [ -2.1426371, 52.0578982 ], [ -2.1423453, 52.0576684 ], [ -2.1417779, 52.0572617 ], [ -2.1412937, 52.0568263 ], [ -2.1411882, 52.0566551 ], [ -2.140967, 52.0563846 ], [ -2.1408871, 52.0564114 ], [ -2.1407077, 52.0565289 ], [ -2.1387917, 52.0566884 ], [ -2.1390617, 52.0581998 ], [ -2.1391223, 52.0585392 ], [ -2.1391569, 52.0587329 ], [ -2.1392002, 52.0589751 ], [ -2.1396143, 52.0589509 ], [ -2.1398846, 52.0589164 ], [ -2.1401922, 52.0588991 ], [ -2.1412033, 52.0588673 ], [ -2.1425734, 52.0587779 ] ] ] } },
{ "type": "Feature", "properties": { "stop_id": "osm-way-95894702", "name": "RoadChef Strensham Services (Northbound)" }, "geometry": { "type": "Polygon", "coordinates": [ [ [ -2.1547399, 52.0649958 ], [ -2.154795, 52.0647276 ], [ -2.1547882, 52.0646344 ], [ -2.1547582, 52.0645761 ], [ -2.1547877, 52.0645042 ], [ -2.1548712, 52.0644283 ], [ -2.1551157, 52.0644218 ], [ -2.1553191, 52.0643871 ], [ -2.1554813, 52.0643351 ], [ -2.155747, 52.0642657 ], [ -2.1566174, 52.0636447 ], [ -2.1569665, 52.0633906 ], [ -2.1571548, 52.0632861 ], [ -2.1573293, 52.063248 ], [ -2.1575245, 52.0632339 ], [ -2.1576852, 52.0632466 ], [ -2.1577273, 52.0632325 ], [ -2.1578202, 52.0632014 ], [ -2.1584833, 52.0632665 ], [ -2.1596279, 52.0633923 ], [ -2.1597279, 52.0636227 ], [ -2.1597859, 52.0637557 ], [ -2.1597773, 52.0639741 ], [ -2.1597279, 52.0642427 ], [ -2.1595186, 52.06563 ], [ -2.159444, 52.0659979 ], [ -2.1593239, 52.0664695 ], [ -2.1589941, 52.0672599 ], [ -2.158922, 52.0674991 ], [ -2.1588108, 52.0677732 ], [ -2.1586541, 52.0677524 ], [ -2.1585532, 52.0677398 ], [ -2.1584613, 52.0677991 ], [ -2.1582615, 52.0678076 ], [ -2.1572278, 52.0669122 ], [ -2.1547399, 52.0649958 ] ] ] } },
{ "type": "Feature", "properties": { "stop_id": "osm-way-97684937", "name": null }, "geometry": { "type": "Polygon", "coordinates": [ [ [ 0.7270379, 52.4215741 ], [ 0.7265313, 52.4218262 ], [ 0.7264735, 52.4218497 ], [ 0.7263382, 52.4217962 ], [ 0.7259779, 52.4219796 ], [ 0.7268362, 52.4227517 ], [ 0.7276282, 52.4233396 ], [ 0.7279275, 52.422946 ], [ 0.728424, 52.4232358 ], [ 0.72921, 52.4236573 ], [ 0.7292517, 52.423785 ], [ 0.7292934, 52.4242687 ], [ 0.7292947, 52.4244333 ], [ 0.7295499, 52.4244819 ], [ 0.7295299, 52.4244181 ], [ 0.729512, 52.4243122 ], [ 0.7295211, 52.4242069 ], [ 0.7295474, 52.4238658 ], [ 0.7294396, 52.4235425 ], [ 0.7292779, 52.423257 ], [ 0.7291827, 52.4231387 ], [ 0.7289817, 52.4229282 ], [ 0.7287879, 52.4227686 ], [ 0.7286025, 52.4226384 ], [ 0.7282671, 52.4224597 ], [ 0.728214, 52.4224281 ], [ 0.7281499, 52.4223903 ], [ 0.727509, 52.4220919 ], [ 0.7274823, 52.4219694 ], [ 0.7274275, 52.4218756 ], [ 0.7273528, 52.4218063 ], [ 0.7270379, 52.4215741 ] ] ] } },
{ "type": "Feature", "properties": { "stop_id": "osm-way-97684949", "name": null }, "geometry": { "type": "Polygon", "coordinates": [ [ [ 0.7269777, 52.4234805 ], [ 0.7268216, 52.4234772 ], [ 0.7267393, 52.4235926 ], [ 0.7265838, 52.423779 ], [ 0.7265194, 52.4239426 ], [ 0.7266213, 52.4240702 ], [ 0.7268788, 52.4241912 ], [ 0.7270773, 52.4242567 ], [ 0.7272811, 52.4242632 ], [ 0.7273583, 52.4242461 ], [ 0.7274421, 52.4242338 ], [ 0.727603, 52.4241585 ], [ 0.7277264, 52.4240702 ], [ 0.7275628, 52.4238813 ], [ 0.7269777, 52.4234805 ] ] ] } },
{ "type": "Feature", "properties": { "stop_id": "osm-way-98012347", "name": "Popham Services Westbound" }, "geometry": { "type": "Polygon", "coordinates": [ [ [ -1.2308309, 51.1935472 ], [ -1.2313029, 51.1934111 ], [ -1.2310916, 51.1929602 ], [ -1.2310554, 51.1928831 ], [ -1.2329278, 51.1925331 ], [ -1.233162, 51.1931132 ], [ -1.2330419, 51.1931549 ], [ -1.2328754, 51.1932546 ], [ -1.2318892, 51.1934349 ], [ -1.231833, 51.1934416 ], [ -1.2315513, 51.1934753 ], [ -1.2313707, 51.1934899 ], [ -1.2308309, 51.1935472 ] ] ] } },
{ "type": "Feature", "properties": { "stop_id": "osm-way-98467031", "name": null }, "geometry": { "type": "Polygon", "coordinates": [ [ [ -4.9925196, 51.7667714 ], [ -4.9923221, 51.7667367 ], [ -4.9922055, 51.7667527 ], [ -4.9921196, 51.7668174 ], [ -4.9921142, 51.7668215 ], [ -4.991736, 51.7673518 ], [ -4.9915832, 51.7675742 ], [ -4.9914933, 51.7677469 ], [ -4.9914156, 51.7679262 ], [ -4.9913632, 51.7681304 ], [ -4.9913713, 51.7683021 ], [ -4.9915181, 51.7683651 ], [ -4.9925196, 51.7667714 ] ] ] } },
{ "type": "Feature", "properties": { "stop_id": "osm-way-104121751", "name": "Moto Leeming Bar Services" }, "geometry": { "type": "Polygon", "coordinates": [ [ [ -1.5659636, 54.2977795 ], [ -1.5690642, 54.2994512 ], [ -1.5684486, 54.2997345 ], [ -1.5680222, 54.2995068 ], [ -1.5678611, 54.2994324 ], [ -1.5676721, 54.2993667 ], [ -1.567467, 54.299315 ], [ -1.5672107, 54.2992838 ], [ -1.5670136, 54.2992743 ], [ -1.5667387, 54.2992769 ], [ -1.5664959, 54.299301 ], [ -1.5663069, 54.2993451 ], [ -1.5660815, 54.2994199 ], [ -1.5660156, 54.2994492 ], [ -1.5638393, 54.2982741 ], [ -1.5659636, 54.2977795 ] ] ] } },
{ "type": "Feature", "properties": { "stop_id": "osm-way-107569572", "name": "MacMerry" }, "geometry": { "type": "Polygon", "coordinates": [ [ [ -2.8844475, 55.9527982 ], [ -2.8823965, 55.9533828 ], [ -2.8816724, 55.9522511 ], [ -2.8813214, 55.9516696 ], [ -2.8809653, 55.951062 ], [ -2.8808904, 55.9508447 ], [ -2.8815335, 55.9505549 ], [ -2.8821488, 55.950327 ], [ -2.8822503, 55.9502922 ], [ -2.8828274, 55.9512664 ], [ -2.883439, 55.9511523 ], [ -2.8842033, 55.9523997 ], [ -2.8844475, 55.9527982 ] ] ] } },
{ "type": "Feature", "properties": { "stop_id": "osm-way-107582961", "name": null }, "geometry": { "type": "Polygon", "coordinates": [ [ [ -1.5832867, 52.8554218 ], [ -1.5839935, 52.8547635 ], [ -1.5834812, 52.8546144 ], [ -1.5832705, 52.8545598 ], [ -1.5828019, 52.8548725 ], [ -1.5823207, 52.8551935 ], [ -1.5832867, 52.8554218 ] ] ] } },
{ "type": "Feature", "properties": { "stop_id": "osm-way-107582963", "name": null }, "geometry": { "type": "Polygon", "coordinates": [ [ [ -1.5815217, 52.8553118 ], [ -1.5811235, 52.855206 ], [ -1.5815337, 52.8548213 ], [ -1.5815018, 52.8547347 ], [ -1.5815322, 52.8546648 ], [ -1.5817199, 52.8545012 ], [ -1.5820133, 52.8542455 ], [ -1.5822186, 52.854273 ], [ -1.5824733, 52.8543686 ], [ -1.5825139, 52.8544065 ], [ -1.5825416, 52.8544802 ], [ -1.582525, 52.8544973 ], [ -1.5821031, 52.8548718 ], [ -1.581673, 52.8551507 ], [ -1.581677, 52.8552108 ], [ -1.5815217, 52.8553118 ] ] ] } },
{ "type": "Feature", "properties": { "stop_id": "osm-way-112190551", "name": null }, "geometry": { "type": "Polygon", "coordinates": [ [ [ -0.4119374, 52.1503639 ], [ -0.4117415, 52.1503574 ], [ -0.41171, 52.1500697 ], [ -0.4115455, 52.1496832 ], [ -0.4113916, 52.1494384 ], [ -0.4111361, 52.1491464 ], [ -0.4113251, 52.1490713 ], [ -0.4116365, 52.1494256 ], [ -0.411801, 52.1497111 ], [ -0.4119514, 52.1500246 ], [ -0.4119794, 52.1502522 ], [ -0.4119374, 52.1503639 ] ] ] } },
{ "type": "Feature", "properties": { "stop_id": "osm-way-117631482", "name": null }, "geometry": { "type": "Polygon", "coordinates": [ [ [ -1.6986399, 55.0208586 ], [ -1.6986283, 55.0208775 ], [ -1.6986123, 55.0209046 ], [ -1.6976157, 55.0201956 ], [ -1.6976633, 55.0202005 ], [ -1.6977747, 55.020216 ], [ -1.6978533, 55.0202576 ], [ -1.6984167, 55.0206677 ], [ -1.6986399, 55.0208586 ] ] ] } },
{ "type": "Feature", "properties": { "stop_id": "osm-way-120511738", "name": null }, "geometry": { "type": "Polygon", "coordinates": [ [ [ -2.483409, 51.5164384 ], [ -2.4834937, 51.5162797 ], [ -2.4836677, 51.5160793 ], [ -2.4838659, 51.5159356 ], [ -2.4839131, 51.5159245 ], [ -2.4842559, 51.5158438 ], [ -2.4845262, 51.5157925 ], [ -2.4844728, 51.5158273 ], [ -2.48438, 51.5158768 ], [ -2.4843545, 51.5158678 ], [ -2.484156, 51.5159103 ], [ -2.4839781, 51.515975 ], [ -2.4838508, 51.5160512 ], [ -2.4838412, 51.5160569 ], [ -2.4838328, 51.5160635 ], [ -2.4837537, 51.5161223 ], [ -2.4836759, 51.5162116 ], [ -2.483629, 51.5162758 ], [ -2.4836156, 51.5163067 ], [ -2.4836196, 51.5163317 ], [ -2.483527, 51.5163822 ], [ -2.483409, 51.5164384 ] ] ] } },
{ "type": "Feature", "properties": { "stop_id": "osm-way-121774086", "name": "Bristol House Lay-by" }, "geometry": { "type": "Polygon", "coordinates": [ [ [ -4.0702919, 51.764095 ], [ -4.0699519, 51.7624188 ], [ -4.0699294, 51.7623079 ], [ -4.0697577, 51.7617059 ], [ -4.0695202, 51.7628146 ], [ -4.0702919, 51.764095 ] ] ] } },
{ "type": "Feature", "properties": { "stop_id": "osm-way-123043658", "name": null }, "geometry": { "type": "Polygon", "coordinates": [ [ [ -1.6979484, 55.0208051 ], [ -1.6978196, 55.0207482 ], [ -1.6971062, 55.0202577 ], [ -1.6970069, 55.0201485 ], [ -1.6979484, 55.0208051 ] ] ] } },
{ "type": "Feature", "properties": { "stop_id": "osm-way-123307593", "name": "Welcome Break Michaelwood Services" }, "geometry": { "type": "Polygon", "coordinates": [ [ [ -2.4286777, 51.6571882 ], [ -2.4311745, 51.6561136 ], [ -2.4330843, 51.6552616 ], [ -2.4340461, 51.654759 ], [ -2.4341709, 51.654844 ], [ -2.4335347, 51.6551844 ], [ -2.4334255, 51.6554599 ], [ -2.4335891, 51.6559964 ], [ -2.4338912, 51.6560665 ], [ -2.4343195, 51.6559348 ], [ -2.4354279, 51.6561076 ], [ -2.4336147, 51.6569263 ], [ -2.4333768, 51.6564547 ], [ -2.4322962, 51.6568902 ], [ -2.4311531, 51.657285 ], [ -2.4298012, 51.6573649 ], [ -2.4293499, 51.6572628 ], [ -2.4290881, 51.6572061 ], [ -2.4289359, 51.6572363 ], [ -2.4287868, 51.6572779 ], [ -2.4286777, 51.6571882 ] ] ] } },
{ "type": "Feature", "properties": { "stop_id": "osm-way-123314514", "name": "RoadChef Taunton Deane Services (Northbound)" }, "geometry": { "type": "Polygon", "coordinates": [ [ [ -3.1423784, 50.9779507 ], [ -3.142975, 50.9779146 ], [ -3.143571, 50.9779508 ], [ -3.1440686, 50.9780193 ], [ -3.1444272, 50.9781396 ], [ -3.1445479, 50.978485 ], [ -3.1447128, 50.9786896 ], [ -3.1450232, 50.9787513 ], [ -3.1453911, 50.9787385 ], [ -3.1462134, 50.9786001 ], [ -3.1468319, 50.9784282 ], [ -3.1481159, 50.9784433 ], [ -3.1496952, 50.9782983 ], [ -3.1510311, 50.976622 ], [ -3.150985, 50.9765494 ], [ -3.1509348, 50.9764702 ], [ -3.1509128, 50.9764355 ], [ -3.1505804, 50.9765277 ], [ -3.1490671, 50.9767922 ], [ -3.1472912, 50.977087 ], [ -3.1464593, 50.9772199 ], [ -3.145013, 50.9774383 ], [ -3.1438302, 50.9776117 ], [ -3.1433954, 50.9776305 ], [ -3.1433828, 50.9777805 ], [ -3.1430025, 50.9777831 ], [ -3.142434, 50.9778147 ], [ -3.1423295, 50.9778252 ], [ -3.1423501, 50.9778781 ], [ -3.1423784, 50.9779507 ] ] ] } },
{ "type": "Feature", "properties": { "stop_id": "osm-way-123717502", "name": "Toddington Services (Northbound)" }, "geometry": { "type": "Polygon", "coordinates": [ [ [ -0.5041042, 51.9488335 ], [ -0.5045605, 51.9486841 ], [ -0.5044538, 51.9484837 ], [ -0.5052363, 51.9483568 ], [ -0.5052827, 51.9483422 ], [ -0.5052146, 51.9480945 ], [ -0.5053406, 51.9475961 ], [ -0.505448, 51.9471955 ], [ -0.5042449, 51.9459117 ], [ -0.5035286, 51.9457582 ], [ -0.50249, 51.9460826 ], [ -0.5015191, 51.9457193 ], [ -0.501342, 51.9458266 ], [ -0.5018575, 51.9464627 ], [ -0.5020263, 51.9467183 ], [ -0.50249, 51.947203 ], [ -0.5032039, 51.9480038 ], [ -0.5035709, 51.9484372 ], [ -0.5039167, 51.9485449 ], [ -0.5041042, 51.9488335 ] ] ] } },
{ "type": "Feature", "properties": { "stop_id": "osm-way-123717503", "name": "Toddington Services (Southbound)" }, "geometry": { "type": "Polygon", "coordinates": [ [ [ -0.5016108, 51.9469918 ], [ -0.5012986, 51.9468149 ], [ -0.5009646, 51.9467939 ], [ -0.5007869, 51.946843 ], [ -0.500574, 51.94693 ], [ -0.4997295, 51.9471802 ], [ -0.4983749, 51.9476134 ], [ -0.4988265, 51.9482609 ], [ -0.498965, 51.9485987 ], [ -0.4994672, 51.9490949 ], [ -0.4997742, 51.9493693 ], [ -0.5012716, 51.9489402 ], [ -0.5022962, 51.9489357 ], [ -0.5029361, 51.949227 ], [ -0.5031607, 51.9490983 ], [ -0.5033206, 51.9490066 ], [ -0.5034179, 51.9489508 ], [ -0.5016108, 51.9469918 ] ] ] } },
{ "type": "Feature", "properties": { "stop_id": "osm-way-123905289", "name": "Northampton Services" }, "geometry": { "type": "Polygon", "coordinates": [ [ [ -0.9455808, 52.2095548 ], [ -0.9454139, 52.2094767 ], [ -0.9451403, 52.2092411 ], [ -0.9448475, 52.2089755 ], [ -0.9451432, 52.2085788 ], [ -0.9451919, 52.2085187 ], [ -0.944761, 52.2083643 ], [ -0.9442623, 52.2081949 ], [ -0.9437703, 52.2080278 ], [ -0.94359, 52.2080215 ], [ -0.9430718, 52.2080109 ], [ -0.9430097, 52.208036 ], [ -0.9429331, 52.2080915 ], [ -0.9429166, 52.208127 ], [ -0.9429029, 52.2082565 ], [ -0.9429261, 52.2083044 ], [ -0.9429652, 52.2083489 ], [ -0.9429621, 52.2084319 ], [ -0.9424596, 52.2084238 ], [ -0.9423357, 52.2084218 ], [ -0.9422429, 52.2085231 ], [ -0.9420382, 52.2085395 ], [ -0.9419523, 52.2085482 ], [ -0.9417769, 52.2085659 ], [ -0.9414971, 52.2086088 ], [ -0.9414418, 52.2086213 ], [ -0.9418461, 52.208729 ], [ -0.9419878, 52.2087644 ], [ -0.9422329, 52.2088257 ], [ -0.94409, 52.2093678 ], [ -0.9446875, 52.2095206 ], [ -0.9454403, 52.2097131 ], [ -0.9454694, 52.2096804 ], [ -0.9455808, 52.2095548 ] ] ] } },
{ "type": "Feature", "properties": { "stop_id": "osm-way-123905387", "name": "Watford Gap Services Southbound" }, "geometry": { "type": "Polygon", "coordinates": [ [ [ -1.120969, 52.3060878 ], [ -1.1211362, 52.3060851 ], [ -1.1216851, 52.3068092 ], [ -1.1227541, 52.3081485 ], [ -1.1225653, 52.3082447 ], [ -1.1221848, 52.3082334 ], [ -1.1220508, 52.3083073 ], [ -1.1220455, 52.3084157 ], [ -1.1220014, 52.308457 ], [ -1.1218813, 52.3084903 ], [ -1.1217437, 52.3084918 ], [ -1.1214446, 52.3084546 ], [ -1.1213943, 52.3084732 ], [ -1.1211192, 52.308399 ], [ -1.1208999, 52.3081955 ], [ -1.1205001, 52.3080374 ], [ -1.1203825, 52.3078842 ], [ -1.1202713, 52.3077548 ], [ -1.1200558, 52.3074173 ], [ -1.1200425, 52.3073965 ], [ -1.1199695, 52.3072822 ], [ -1.1194222, 52.3065371 ], [ -1.1204473, 52.3062603 ], [ -1.1207071, 52.3061902 ], [ -1.120969, 52.3060878 ] ] ] } },
{ "type": "Feature", "properties": { "stop_id": "osm-way-124523756", "name": null }, "geometry": { "type": "Polygon", "coordinates": [ [ [ -2.7788589, 50.727519 ], [ -2.7787634, 50.7276073 ], [ -2.7785424, 50.7276521 ], [ -2.7783407, 50.7276929 ], [ -2.7781771, 50.7276898 ], [ -2.777995, 50.7274854 ], [ -2.7775512, 50.7268273 ], [ -2.7772565, 50.7264188 ], [ -2.7772316, 50.7260907 ], [ -2.7776847, 50.7260809 ], [ -2.7781532, 50.7261752 ], [ -2.7785225, 50.7263107 ], [ -2.7787242, 50.7264698 ], [ -2.7788514, 50.7266388 ], [ -2.778898, 50.7268332 ], [ -2.7788793, 50.7272025 ], [ -2.7788589, 50.727519 ] ] ] } },
{ "type": "Feature", "properties": { "stop_id": "osm-way-126723478", "name": null }, "geometry": { "type": "Polygon", "coordinates": [ [ [ -1.2686182, 54.5723007 ], [ -1.2684959, 54.5722155 ], [ -1.2685795, 54.5721091 ], [ -1.2687661, 54.5721292 ], [ -1.2686534, 54.5722599 ], [ -1.2686182, 54.5723007 ] ] ] } },
{ "type": "Feature", "properties": { "stop_id": "osm-way-127207720", "name": "Mile End Services" }, "geometry": { "type": "Polygon", "coordinates": [ [ [ -3.0282041, 52.8498015 ], [ -3.0281724, 52.8498004 ], [ -3.0280564, 52.8497652 ], [ -3.0280473, 52.849778 ], [ -3.0277807, 52.8497176 ], [ -3.0276043, 52.8497558 ], [ -3.0275791, 52.8497369 ], [ -3.0275475, 52.8497215 ], [ -3.0274909, 52.8497042 ], [ -3.027398, 52.8496915 ], [ -3.0272749, 52.8496824 ], [ -3.0271644, 52.8496735 ], [ -3.0271015, 52.8496632 ], [ -3.0270649, 52.8496518 ], [ -3.0270377, 52.8496404 ], [ -3.0269894, 52.8496178 ], [ -3.0269495, 52.8495953 ], [ -3.0269248, 52.8495925 ], [ -3.0268738, 52.8496039 ], [ -3.0268273, 52.8496153 ], [ -3.0267932, 52.8496262 ], [ -3.0267714, 52.8496425 ], [ -3.0267256, 52.8496908 ], [ -3.0267043, 52.8497132 ], [ -3.026491, 52.8496517 ], [ -3.0264786, 52.8496708 ], [ -3.0256354, 52.8494336 ], [ -3.0260072, 52.8489699 ], [ -3.0260415, 52.8489821 ], [ -3.0262362, 52.8487605 ], [ -3.0263246, 52.8487918 ], [ -3.0264406, 52.8486709 ], [ -3.026474, 52.8486355 ], [ -3.0265239, 52.8486538 ], [ -3.0267058, 52.8487098 ], [ -3.0268212, 52.848758 ], [ -3.0270492, 52.8488372 ], [ -3.0271086, 52.848928 ], [ -3.027081, 52.8489694 ], [ -3.0270324, 52.8490301 ], [ -3.0277221, 52.8489717 ], [ -3.0277854, 52.8489872 ], [ -3.0278763, 52.8490094 ], [ -3.0279413, 52.8489478 ], [ -3.0279514, 52.8489383 ], [ -3.0280573, 52.8489871 ], [ -3.0281241, 52.8489277 ], [ -3.0281476, 52.8489169 ], [ -3.0281694, 52.8489127 ], [ -3.0282059, 52.8489151 ], [ -3.0285713, 52.8490389 ], [ -3.0285827, 52.849056 ], [ -3.028579, 52.8490693 ], [ -3.0285627, 52.8490895 ], [ -3.0284482, 52.8492329 ], [ -3.0285424, 52.8493032 ], [ -3.0284717, 52.8493327 ], [ -3.0284918, 52.8494048 ], [ -3.028381, 52.8495639 ], [ -3.0282041, 52.8498015 ] ] ] } },
{ "type": "Feature", "properties": { "stop_id": "osm-way-128417348", "name": "Kettering East Service Station" }, "geometry": { "type": "Polygon", "coordinates": [ [ [ -0.727248, 52.3789166 ], [ -0.726521, 52.3791139 ], [ -0.7259506, 52.3784945 ], [ -0.7266523, 52.3782387 ], [ -0.727248, 52.3789166 ] ] ] } },
{ "type": "Feature", "properties": { "stop_id": "osm-way-128417350", "name": "Kettering West Service Station" }, "geometry": { "type": "Polygon", "coordinates": [ [ [ -0.7314222, 52.3809951 ], [ -0.7304307, 52.3812825 ], [ -0.7301615, 52.3809795 ], [ -0.7298924, 52.3806304 ], [ -0.7294006, 52.3801445 ], [ -0.7291301, 52.3798727 ], [ -0.7292264, 52.3798454 ], [ -0.7301685, 52.3795623 ], [ -0.730839, 52.3803286 ], [ -0.7314222, 52.3809951 ] ] ] } },
{ "type": "Feature", "properties": { "stop_id": "osm-way-128494604", "name": "Fenstanton Services" }, "geometry": { "type": "Polygon", "coordinates": [ [ [ -0.0610235, 52.2933427 ], [ -0.0609785, 52.2934162 ], [ -0.0608307, 52.2936571 ], [ -0.0605508, 52.2941137 ], [ -0.0584429, 52.2932242 ], [ -0.0584102, 52.2932461 ], [ -0.0583301, 52.2932039 ], [ -0.058202, 52.2931566 ], [ -0.0582996, 52.293162 ], [ -0.0583464, 52.2931646 ], [ -0.0585484, 52.2931331 ], [ -0.0585568, 52.2927563 ], [ -0.059166, 52.2928929 ], [ -0.0592822, 52.2929271 ], [ -0.0593826, 52.2929519 ], [ -0.0597059, 52.2930315 ], [ -0.0604114, 52.2931953 ], [ -0.0610235, 52.2933427 ] ] ] } },
{ "type": "Feature", "properties": { "stop_id": "osm-way-130909193", "name": "Freebridge Park" }, "geometry": { "type": "Polygon", "coordinates": [ [ [ 0.3820488, 52.743773 ], [ 0.3824071, 52.744001 ], [ 0.3826431, 52.7441555 ], [ 0.3828476, 52.744175 ], [ 0.3834594, 52.7439093 ], [ 0.383504, 52.7438306 ], [ 0.3819575, 52.7426857 ], [ 0.3827371, 52.7423269 ], [ 0.3832948, 52.7427328 ], [ 0.3837645, 52.7425111 ], [ 0.3835286, 52.7421081 ], [ 0.3837786, 52.7420189 ], [ 0.3842471, 52.7420237 ], [ 0.3840595, 52.7417598 ], [ 0.384066, 52.741498 ], [ 0.3837657, 52.741477 ], [ 0.3831678, 52.7415548 ], [ 0.3829193, 52.7416148 ], [ 0.3824441, 52.7418798 ], [ 0.382002, 52.7420454 ], [ 0.3815602, 52.7422219 ], [ 0.381496, 52.7423187 ], [ 0.3818103, 52.7425768 ], [ 0.381241, 52.7428512 ], [ 0.3811857, 52.7428975 ], [ 0.3811778, 52.7429453 ], [ 0.3812911, 52.7430793 ], [ 0.381436, 52.7431336 ], [ 0.3814703, 52.7431814 ], [ 0.3814413, 52.7432277 ], [ 0.3813543, 52.743266 ], [ 0.3815072, 52.7434134 ], [ 0.3820488, 52.743773 ] ] ] } },
{ "type": "Feature", "properties": { "stop_id": "osm-way-134400305", "name": null }, "geometry": { "type": "Polygon", "coordinates": [ [ [ 0.1350278, 52.7754686 ], [ 0.1338193, 52.7753882 ], [ 0.1331144, 52.7753413 ], [ 0.133226, 52.7746218 ], [ 0.1335381, 52.7745809 ], [ 0.133617, 52.7745705 ], [ 0.1335928, 52.7744971 ], [ 0.1341212, 52.7744496 ], [ 0.1340943, 52.7743652 ], [ 0.1346898, 52.7743068 ], [ 0.1350125, 52.7743796 ], [ 0.1351144, 52.7745581 ], [ 0.1350745, 52.774977 ], [ 0.1350474, 52.7752622 ], [ 0.1350278, 52.7754686 ] ] ] } },
{ "type": "Feature", "properties": { "stop_id": "osm-way-136015828", "name": "Standish Service Station" }, "geometry": { "type": "Polygon", "coordinates": [ [ [ -2.6816984, 53.5887478 ], [ -2.681614, 53.5886088 ], [ -2.6815451, 53.5884481 ], [ -2.6810344, 53.5885353 ], [ -2.6808867, 53.5885598 ], [ -2.6810638, 53.588641 ], [ -2.6811853, 53.5886602 ], [ -2.6814541, 53.5887127 ], [ -2.6816984, 53.5887478 ] ] ] } },
{ "type": "Feature", "properties": { "stop_id": "osm-way-137219017", "name": "M R H Huntingdon" }, "geometry": { "type": "Polygon", "coordinates": [ [ [ -0.1518252, 52.3418334 ], [ -0.1517471, 52.3417257 ], [ -0.1516088, 52.3416426 ], [ -0.1513053, 52.341479 ], [ -0.1508859, 52.3414695 ], [ -0.1506249, 52.3415812 ], [ -0.1502279, 52.3417469 ], [ -0.1508859, 52.3419874 ], [ -0.1511603, 52.3420665 ], [ -0.1518252, 52.3418334 ] ] ] } },
{ "type": "Feature", "properties": { "stop_id": "osm-way-137380801", "name": "Sheffield Service Area" }, "geometry": { "type": "Polygon", "coordinates": [ [ [ -1.4156373, 53.3746248 ], [ -1.4157045, 53.3745533 ], [ -1.4158471, 53.3744017 ], [ -1.4159239, 53.37432 ], [ -1.416016, 53.3742254 ], [ -1.4143891, 53.3736952 ], [ -1.4136959, 53.3743811 ], [ -1.4138622, 53.3744259 ], [ -1.4137086, 53.3746188 ], [ -1.4138204, 53.3746557 ], [ -1.4146767, 53.3748745 ], [ -1.4155335, 53.3746781 ], [ -1.4155868, 53.3746598 ], [ -1.4156373, 53.3746248 ] ] ] } },
{ "type": "Feature", "properties": { "stop_id": "osm-way-140798200", "name": "Watford Gap Services Northbound" }, "geometry": { "type": "Polygon", "coordinates": [ [ [ -1.1214759, 52.3057581 ], [ -1.1217299, 52.3057393 ], [ -1.1223254, 52.305559 ], [ -1.1225669, 52.3055802 ], [ -1.1227549, 52.3056689 ], [ -1.1231269, 52.3059315 ], [ -1.1234877, 52.3062574 ], [ -1.1237095, 52.3061506 ], [ -1.124209, 52.3066157 ], [ -1.1242421, 52.3066874 ], [ -1.1242752, 52.3067738 ], [ -1.1242991, 52.3082304 ], [ -1.1235943, 52.308288 ], [ -1.1234852, 52.3081933 ], [ -1.1232486, 52.3078523 ], [ -1.122938, 52.3075957 ], [ -1.1228614, 52.3075324 ], [ -1.1224703, 52.3070544 ], [ -1.1223166, 52.3068665 ], [ -1.1215774, 52.3058722 ], [ -1.1214759, 52.3057581 ] ] ] } },
{ "type": "Feature", "properties": { "stop_id": "osm-way-147115775", "name": "Moto Frankley Services" }, "geometry": { "type": "Polygon", "coordinates": [ [ [ -2.0186128, 52.4274685 ], [ -2.018425, 52.4281639 ], [ -2.0182436, 52.4288779 ], [ -2.0181004, 52.4294483 ], [ -2.0179731, 52.4305892 ], [ -2.0181079, 52.4307315 ], [ -2.0203684, 52.4308357 ], [ -2.0201329, 52.4302276 ], [ -2.0196456, 52.4290385 ], [ -2.0193739, 52.4284085 ], [ -2.0189019, 52.4276758 ], [ -2.0188804, 52.4274795 ], [ -2.0186128, 52.4274685 ] ] ] } },
{ "type": "Feature", "properties": { "stop_id": "osm-way-156082371", "name": "Fontwell Services" }, "geometry": { "type": "Polygon", "coordinates": [ [ [ -0.6498788, 50.8554158 ], [ -0.6495795, 50.8553053 ], [ -0.6489408, 50.855208 ], [ -0.6488456, 50.8552269 ], [ -0.6483069, 50.8555101 ], [ -0.6486603, 50.8556081 ], [ -0.6486987, 50.8556181 ], [ -0.6488965, 50.8556696 ], [ -0.6489508, 50.8556868 ], [ -0.6485146, 50.8557773 ], [ -0.6482633, 50.8559911 ], [ -0.6486807, 50.8562026 ], [ -0.6489711, 50.856152 ], [ -0.6491145, 50.8561297 ], [ -0.6492764, 50.8561074 ], [ -0.6494995, 50.85608 ], [ -0.6495931, 50.8560693 ], [ -0.6497785, 50.8561026 ], [ -0.6501042, 50.8559929 ], [ -0.6502002, 50.8559054 ], [ -0.6503187, 50.855793 ], [ -0.6503238, 50.8555898 ], [ -0.6502315, 50.8555167 ], [ -0.6498788, 50.8554158 ] ] ] } },
{ "type": "Feature", "properties": { "stop_id": "osm-way-157570100", "name": null }, "geometry": { "type": "Polygon", "coordinates": [ [ [ -4.1579647, 53.1369037 ], [ -4.1575248, 53.1368226 ], [ -4.1565772, 53.136459 ], [ -4.1567391, 53.1364639 ], [ -4.1574778, 53.136724 ], [ -4.1579647, 53.1369037 ] ] ] } },
{ "type": "Feature", "properties": { "stop_id": "osm-way-158663437", "name": null }, "geometry": { "type": "Polygon", "coordinates": [ [ [ -0.9419757, 52.510795 ], [ -0.9417925, 52.5108183 ], [ -0.9415701, 52.5107556 ], [ -0.9412282, 52.5111476 ], [ -0.9410741, 52.5114252 ], [ -0.9409093, 52.511929 ], [ -0.9427826, 52.51206 ], [ -0.9427408, 52.5118004 ], [ -0.9435122, 52.5113335 ], [ -0.9432444, 52.5111868 ], [ -0.9423834, 52.5107118 ], [ -0.9419757, 52.510795 ] ] ] } },
{ "type": "Feature", "properties": { "stop_id": "osm-way-160469700", "name": null }, "geometry": { "type": "Polygon", "coordinates": [ [ [ -3.7969317, 53.2735567 ], [ -3.7969616, 53.2735126 ], [ -3.7969765, 53.2734658 ], [ -3.7969895, 53.2734078 ], [ -3.7969995, 53.2733474 ], [ -3.7969696, 53.2732851 ], [ -3.7969269, 53.2732098 ], [ -3.7968302, 53.2730196 ], [ -3.7967167, 53.2728993 ], [ -3.7965972, 53.2727588 ], [ -3.7965784, 53.2727299 ], [ -3.7965554, 53.2726968 ], [ -3.7967645, 53.2727635 ], [ -3.797099, 53.2729541 ], [ -3.7972504, 53.2731232 ], [ -3.7972723, 53.2731661 ], [ -3.7972813, 53.2732571 ], [ -3.7972842, 53.2732863 ], [ -3.7972285, 53.273409 ], [ -3.7970731, 53.2735019 ], [ -3.7969317, 53.2735567 ] ] ] } },
{ "type": "Feature", "properties": { "stop_id": "osm-way-162551331", "name": "Orme View Services" }, "geometry": { "type": "Polygon", "coordinates": [ [ [ -3.9003234, 53.2799132 ], [ -3.8996794, 53.2800631 ], [ -3.899032, 53.2802807 ], [ -3.8991575, 53.2804781 ], [ -3.8990278, 53.2806841 ], [ -3.8991362, 53.2808532 ], [ -3.8993235, 53.2808325 ], [ -3.9001344, 53.2804503 ], [ -3.900179, 53.280458 ], [ -3.9002199, 53.2804563 ], [ -3.9006009, 53.2803195 ], [ -3.9007379, 53.2802572 ], [ -3.9003234, 53.2799132 ] ] ] } },
{ "type": "Feature", "properties": { "stop_id": "osm-way-163420724", "name": null }, "geometry": { "type": "Polygon", "coordinates": [ [ [ -4.1749398, 53.2256678 ], [ -4.1747919, 53.2256858 ], [ -4.1738714, 53.2257975 ], [ -4.1737261, 53.2258152 ], [ -4.173789, 53.2256935 ], [ -4.1742628, 53.2256078 ], [ -4.1745591, 53.2255787 ], [ -4.1747824, 53.2255787 ], [ -4.1749398, 53.2256678 ] ] ] } },
{ "type": "Feature", "properties": { "stop_id": "osm-way-164653251", "name": "Rotherham Services" }, "geometry": { "type": "Polygon", "coordinates": [ [ [ -1.352697, 53.397654 ], [ -1.3512542, 53.3978491 ], [ -1.3511754, 53.3978981 ], [ -1.3508911, 53.3979045 ], [ -1.350596, 53.3978629 ], [ -1.3504083, 53.3977765 ], [ -1.3501384, 53.3976284 ], [ -1.3500328, 53.3974982 ], [ -1.3500258, 53.3973342 ], [ -1.3500596, 53.3971912 ], [ -1.3504037, 53.3970175 ], [ -1.3508711, 53.3968536 ], [ -1.3515379, 53.3966095 ], [ -1.3519239, 53.3965334 ], [ -1.3522512, 53.3964723 ], [ -1.3528158, 53.3963913 ], [ -1.3534939, 53.3962993 ], [ -1.3542809, 53.3961667 ], [ -1.3545682, 53.3970602 ], [ -1.354878, 53.3979482 ], [ -1.3547778, 53.3980682 ], [ -1.354722, 53.3982257 ], [ -1.3546, 53.3983606 ], [ -1.3543635, 53.3985384 ], [ -1.35423, 53.3987561 ], [ -1.3541914, 53.3990369 ], [ -1.3541229, 53.3992226 ], [ -1.3540413, 53.3992226 ], [ -1.3540436, 53.3993714 ], [ -1.353745, 53.399666 ], [ -1.3533089, 53.3997877 ], [ -1.3529499, 53.399875 ], [ -1.3525062, 53.3999642 ], [ -1.3522675, 53.3999731 ], [ -1.3520694, 53.3999797 ], [ -1.3518747, 53.399969 ], [ -1.3517263, 53.3999545 ], [ -1.3508342, 53.3997159 ], [ -1.350669, 53.3996793 ], [ -1.3505536, 53.3996715 ], [ -1.3509428, 53.3994235 ], [ -1.3508879, 53.3992796 ], [ -1.3509818, 53.3991227 ], [ -1.3512575, 53.3988263 ], [ -1.3519316, 53.3986793 ], [ -1.3523397, 53.3986464 ], [ -1.3533782, 53.3984667 ], [ -1.3539785, 53.3982602 ], [ -1.3542467, 53.3981167 ], [ -1.354536, 53.3978735 ], [ -1.3544406, 53.397383 ], [ -1.3540346, 53.3974567 ], [ -1.352697, 53.397654 ] ] ] } },
{ "type": "Feature", "properties": { "stop_id": "osm-way-165302356", "name": "Moto Heston Eastbound" }, "geometry": { "type": "Polygon", "coordinates": [ [ [ -0.3907852, 51.4882832 ], [ -0.3891952, 51.4881473 ], [ -0.3886388, 51.4881027 ], [ -0.3880139, 51.4880757 ], [ -0.3876245, 51.4880603 ], [ -0.3873028, 51.4880532 ], [ -0.3866126, 51.4880395 ], [ -0.3866135, 51.4880774 ], [ -0.3860512, 51.4880716 ], [ -0.3860502, 51.4880974 ], [ -0.3860477, 51.4881601 ], [ -0.3864397, 51.4881636 ], [ -0.3865158, 51.4881659 ], [ -0.3865865, 51.4881826 ], [ -0.3866305, 51.4882015 ], [ -0.3866614, 51.4882226 ], [ -0.3866711, 51.4882434 ], [ -0.3866754, 51.4882651 ], [ -0.3866327, 51.4886389 ], [ -0.3866044, 51.488814 ], [ -0.3866558, 51.4889184 ], [ -0.3866988, 51.4889635 ], [ -0.38676, 51.4889934 ], [ -0.3867527, 51.4890517 ], [ -0.3899175, 51.4891769 ], [ -0.3899306, 51.4891751 ], [ -0.3901649, 51.4890557 ], [ -0.3902917, 51.4884923 ], [ -0.3903901, 51.48847 ], [ -0.3907459, 51.4884921 ], [ -0.3907762, 51.488335 ], [ -0.3907852, 51.4882832 ] ] ] } },
{ "type": "Feature", "properties": { "stop_id": "osm-way-167610287", "name": null }, "geometry": { "type": "Polygon", "coordinates": [ [ [ -3.8422691, 53.2137211 ], [ -3.8423187, 53.2137042 ], [ -3.8423828, 53.2136824 ], [ -3.8424386, 53.2136119 ], [ -3.842421, 53.2136002 ], [ -3.8426398, 53.2134423 ], [ -3.8427121, 53.2134072 ], [ -3.8429114, 53.2133604 ], [ -3.8431987, 53.2133229 ], [ -3.8433257, 53.2133405 ], [ -3.843352, 53.2133593 ], [ -3.8434943, 53.2133133 ], [ -3.8436302, 53.2132693 ], [ -3.8435445, 53.2132516 ], [ -3.8431576, 53.213275 ], [ -3.8429447, 53.2133027 ], [ -3.842843, 53.2133159 ], [ -3.8426476, 53.2133615 ], [ -3.8425089, 53.2134493 ], [ -3.8423803, 53.2135554 ], [ -3.8423018, 53.2136201 ], [ -3.8421826, 53.2137079 ], [ -3.8422691, 53.2137211 ] ] ] } },
{ "type": "Feature", "properties": { "stop_id": "osm-way-167610289", "name": null }, "geometry": { "type": "Polygon", "coordinates": [ [ [ -3.8456337, 53.2113284 ], [ -3.8456536, 53.2113357 ], [ -3.8456713, 53.2113421 ], [ -3.8456097, 53.2114377 ], [ -3.8455933, 53.2114272 ], [ -3.8455755, 53.2114158 ], [ -3.8456337, 53.2113284 ] ] ] } },
{ "type": "Feature", "properties": { "stop_id": "osm-way-167816582", "name": "Moto Leigh Delamere Eastbound" }, "geometry": { "type": "Polygon", "coordinates": [ [ [ -2.1542661, 51.5112207 ], [ -2.1546534, 51.5113878 ], [ -2.1546835, 51.5115521 ], [ -2.1556842, 51.5120318 ], [ -2.1564861, 51.5123811 ], [ -2.1581735, 51.5131161 ], [ -2.1585707, 51.5131346 ], [ -2.1586351, 51.5126405 ], [ -2.1589355, 51.5121865 ], [ -2.1592788, 51.5121063 ], [ -2.1600438, 51.5120388 ], [ -2.1603153, 51.5118968 ], [ -2.1604316, 51.5117623 ], [ -2.1603833, 51.5115287 ], [ -2.1602586, 51.5109253 ], [ -2.160098, 51.510964 ], [ -2.1600251, 51.5109816 ], [ -2.1599584, 51.5109912 ], [ -2.1598749, 51.5110033 ], [ -2.1597308, 51.5109945 ], [ -2.159468, 51.5110696 ], [ -2.1594527, 51.5110771 ], [ -2.1589169, 51.5113382 ], [ -2.1588744, 51.5113589 ], [ -2.158684, 51.5114807 ], [ -2.1585069, 51.5114874 ], [ -2.1584238, 51.5113822 ], [ -2.1584908, 51.5112754 ], [ -2.1582074, 51.5111565 ], [ -2.157723, 51.5109668 ], [ -2.157657, 51.5109409 ], [ -2.1567512, 51.511001 ], [ -2.1566779, 51.5109617 ], [ -2.1565543, 51.5109666 ], [ -2.1561344, 51.5110132 ], [ -2.1544706, 51.511198 ], [ -2.1542661, 51.5112207 ] ] ] } },
{ "type": "Feature", "properties": { "stop_id": "osm-way-168562292", "name": null }, "geometry": { "type": "Polygon", "coordinates": [ [ [ -0.3956336, 51.6813202 ], [ -0.3955708, 51.6814027 ], [ -0.3954609, 51.6816671 ], [ -0.3941023, 51.6814775 ], [ -0.394042, 51.6814567 ], [ -0.3940098, 51.6814276 ], [ -0.3939293, 51.6812405 ], [ -0.3939481, 51.6811806 ], [ -0.3939964, 51.681095 ], [ -0.3941493, 51.681021 ], [ -0.3944577, 51.6808788 ], [ -0.3946528, 51.6807766 ], [ -0.3952892, 51.6812264 ], [ -0.3953321, 51.6812746 ], [ -0.3956336, 51.6813202 ] ] ] } },
{ "type": "Feature", "properties": { "stop_id": "osm-way-173948376", "name": "Petersfield Services" }, "geometry": { "type": "Polygon", "coordinates": [ [ [ -0.9528737, 51.0097883 ], [ -0.9523139, 51.0097768 ], [ -0.9520806, 51.009772 ], [ -0.9520099, 51.0097705 ], [ -0.951766, 51.0096758 ], [ -0.9517256, 51.0096474 ], [ -0.9517624, 51.009098 ], [ -0.9517658, 51.0090465 ], [ -0.9512535, 51.0090279 ], [ -0.9509746, 51.0089403 ], [ -0.9508968, 51.0088169 ], [ -0.9509048, 51.008687 ], [ -0.9511186, 51.0085095 ], [ -0.9515657, 51.0083651 ], [ -0.9516039, 51.008383 ], [ -0.9517144, 51.0084128 ], [ -0.9520355, 51.0083613 ], [ -0.9520559, 51.0083355 ], [ -0.9523995, 51.0083898 ], [ -0.9526671, 51.008446 ], [ -0.9528444, 51.0085572 ], [ -0.9529921, 51.0087277 ], [ -0.9529561, 51.0090768 ], [ -0.9529111, 51.0095124 ], [ -0.9528737, 51.0097883 ] ] ] } },
{ "type": "Feature", "properties": { "stop_id": "osm-way-184482881", "name": null }, "geometry": { "type": "Polygon", "coordinates": [ [ [ -0.7915682, 52.414709 ], [ -0.7912957, 52.4150695 ], [ -0.7911516, 52.4151116 ], [ -0.7902876, 52.4150346 ], [ -0.7896879, 52.4148206 ], [ -0.789765, 52.4142443 ], [ -0.7915682, 52.414709 ] ] ] } },
{ "type": "Feature", "properties": { "stop_id": "osm-way-188409186", "name": "Nesscliffe Services" }, "geometry": { "type": "Polygon", "coordinates": [ [ [ -2.9243266, 52.7722232 ], [ -2.9236342, 52.772354 ], [ -2.9231438, 52.7724427 ], [ -2.922712, 52.7725088 ], [ -2.9226394, 52.7722876 ], [ -2.9225372, 52.7719656 ], [ -2.9222837, 52.7712333 ], [ -2.9222551, 52.7711627 ], [ -2.9227667, 52.7711348 ], [ -2.9229495, 52.7710536 ], [ -2.9239318, 52.7718946 ], [ -2.9240372, 52.7720026 ], [ -2.9240735, 52.7720398 ], [ -2.9242239, 52.7721384 ], [ -2.9243266, 52.7722232 ] ] ] } },
{ "type": "Feature", "properties": { "stop_id": "osm-way-189150149", "name": null }, "geometry": { "type": "Polygon", "coordinates": [ [ [ -3.251725, 51.1769158 ], [ -3.2514229, 51.1769877 ], [ -3.2513322, 51.1770099 ], [ -3.2514109, 51.1770612 ], [ -3.2514827, 51.1771066 ], [ -3.2515374, 51.1771347 ], [ -3.2515901, 51.1771584 ], [ -3.2516408, 51.1771782 ], [ -3.2517034, 51.177194 ], [ -3.2517765, 51.1772103 ], [ -3.2518451, 51.1772226 ], [ -3.2519117, 51.1772287 ], [ -3.2519999, 51.1772331 ], [ -3.252089, 51.1772308 ], [ -3.2521757, 51.1772207 ], [ -3.2522577, 51.1772077 ], [ -3.2523469, 51.1771861 ], [ -3.2524417, 51.1771603 ], [ -3.2525144, 51.1771342 ], [ -3.2525692, 51.1771143 ], [ -3.2525254, 51.1770796 ], [ -3.2524707, 51.1770234 ], [ -3.2524077, 51.1769664 ], [ -3.2523409, 51.1769304 ], [ -3.2522606, 51.1768818 ], [ -3.2521563, 51.1768583 ], [ -3.2520681, 51.1768465 ], [ -3.2519798, 51.1768549 ], [ -3.251725, 51.1769158 ] ] ] } },
{ "type": "Feature", "properties": { "stop_id": "osm-way-189542751", "name": "Towcester Services" }, "geometry": { "type": "Polygon", "coordinates": [ [ [ -1.0044568, 52.1277454 ], [ -1.0045183, 52.1276312 ], [ -1.0045254, 52.1276132 ], [ -1.004527, 52.1275953 ], [ -1.0045238, 52.1275794 ], [ -1.0045157, 52.1275664 ], [ -1.004506, 52.1275555 ], [ -1.0044946, 52.1275466 ], [ -1.0044801, 52.1275376 ], [ -1.0044491, 52.1275223 ], [ -1.0044403, 52.1275291 ], [ -1.0044042, 52.1275567 ], [ -1.0042719, 52.1274918 ], [ -1.0043059, 52.1274658 ], [ -1.0043168, 52.1274573 ], [ -1.0042719, 52.1274453 ], [ -1.0042081, 52.1274283 ], [ -1.0041859, 52.1274247 ], [ -1.004279, 52.1272537 ], [ -1.0042593, 52.1272502 ], [ -1.0042232, 52.1272434 ], [ -1.0041942, 52.127238 ], [ -1.0041703, 52.1272675 ], [ -1.004144, 52.1272757 ], [ -1.0041142, 52.1272731 ], [ -1.0040884, 52.1272677 ], [ -1.0040651, 52.127252 ], [ -1.0040324, 52.127217 ], [ -1.0040253, 52.1272348 ], [ -1.0039927, 52.1272584 ], [ -1.0039534, 52.1272848 ], [ -1.0039827, 52.1273463 ], [ -1.0039947, 52.1273971 ], [ -1.0039978, 52.1274286 ], [ -1.0039895, 52.1274601 ], [ -1.0039636, 52.1274919 ], [ -1.0039425, 52.1275098 ], [ -1.0039328, 52.1275227 ], [ -1.0039231, 52.1275396 ], [ -1.0039096, 52.1275667 ], [ -1.0037304, 52.1279253 ], [ -1.0037272, 52.1279392 ], [ -1.0037272, 52.1279571 ], [ -1.0037304, 52.1279789 ], [ -1.0037385, 52.1279968 ], [ -1.0037499, 52.1280127 ], [ -1.0037693, 52.1280286 ], [ -1.0037936, 52.1280465 ], [ -1.0038059, 52.1280727 ], [ -1.0042785, 52.1283085 ], [ -1.0043889, 52.1283493 ], [ -1.0044977, 52.1283044 ], [ -1.0044652, 52.1282571 ], [ -1.0043308, 52.1280612 ], [ -1.004323, 52.1280366 ], [ -1.004324, 52.1280183 ], [ -1.0043296, 52.1279988 ], [ -1.0043626, 52.1279313 ], [ -1.0044568, 52.1277454 ] ] ] } },
{ "type": "Feature", "properties": { "stop_id": "osm-way-189543670", "name": null }, "geometry": { "type": "Polygon", "coordinates": [ [ [ -1.004324, 52.1280183 ], [ -1.0043296, 52.1279988 ], [ -1.0043626, 52.1279313 ], [ -1.0044568, 52.1277454 ], [ -1.0045183, 52.1276312 ], [ -1.0045951, 52.1274974 ], [ -1.0049169, 52.1276043 ], [ -1.0052389, 52.1270045 ], [ -1.0050741, 52.1268993 ], [ -1.0049413, 52.1268156 ], [ -1.0048534, 52.1267588 ], [ -1.004726, 52.1266088 ], [ -1.0043186, 52.1265515 ], [ -1.0042217, 52.126757 ], [ -1.0040253, 52.1272348 ], [ -1.0039374, 52.1274486 ], [ -1.0036531, 52.1280134 ], [ -1.0035217, 52.1281616 ], [ -1.0034399, 52.1286605 ], [ -1.0034533, 52.1287626 ], [ -1.0035391, 52.1288631 ], [ -1.003552, 52.1288682 ], [ -1.0035863, 52.1288816 ], [ -1.0036182, 52.128896 ], [ -1.004042, 52.128882 ], [ -1.0045047, 52.1287206 ], [ -1.0045865, 52.1286449 ], [ -1.0047112, 52.1286128 ], [ -1.0045101, 52.128304 ], [ -1.004324, 52.1280183 ] ] ] } },
{ "type": "Feature", "properties": { "stop_id": "osm-way-190633505", "name": "Easington Services" }, "geometry": { "type": "Polygon", "coordinates": [ [ [ -1.3601492, 54.8021939 ], [ -1.3600184, 54.8021767 ], [ -1.3592138, 54.802455 ], [ -1.3581402, 54.8030894 ], [ -1.3592138, 54.8050646 ], [ -1.3593906, 54.8050678 ], [ -1.3595757, 54.8050701 ], [ -1.3601257, 54.8050769 ], [ -1.3604476, 54.8045142 ], [ -1.3608231, 54.8029682 ], [ -1.360587, 54.8022447 ], [ -1.3603522, 54.8022178 ], [ -1.3601492, 54.8021939 ] ] ] } },
{ "type": "Feature", "properties": { "stop_id": "osm-way-191577718", "name": "Corley Services Northbound" }, "geometry": { "type": "Polygon", "coordinates": [ [ [ -1.5420168, 52.4708245 ], [ -1.5420726, 52.470923 ], [ -1.5425948, 52.4709722 ], [ -1.543474, 52.4710687 ], [ -1.5438554, 52.4711236 ], [ -1.5443655, 52.4711653 ], [ -1.5449141, 52.471194 ], [ -1.5455998, 52.4712489 ], [ -1.5463805, 52.4712808 ], [ -1.5478475, 52.4713528 ], [ -1.5495632, 52.4714077 ], [ -1.5515369, 52.4714417 ], [ -1.5516112, 52.4713398 ], [ -1.5508701, 52.4713344 ], [ -1.5504077, 52.471205 ], [ -1.5495011, 52.4707135 ], [ -1.5490563, 52.4704405 ], [ -1.5486009, 52.470161 ], [ -1.5473556, 52.4697553 ], [ -1.5461376, 52.4696915 ], [ -1.5450704, 52.4696606 ], [ -1.5439385, 52.4698805 ], [ -1.543527, 52.470058 ], [ -1.5433609, 52.4701296 ], [ -1.5425817, 52.4704655 ], [ -1.5421311, 52.4706598 ], [ -1.5420287, 52.470704 ], [ -1.5420257, 52.4707347 ], [ -1.5420168, 52.4708245 ] ] ] } },
{ "type": "Feature", "properties": { "stop_id": "osm-way-194075741", "name": null }, "geometry": { "type": "Polygon", "coordinates": [ [ [ -1.9090035, 53.7093912 ], [ -1.9089818, 53.7093578 ], [ -1.9088974, 53.7092369 ], [ -1.9087903, 53.7092657 ], [ -1.9087783, 53.7092477 ], [ -1.9086113, 53.7092884 ], [ -1.9086233, 53.7093028 ], [ -1.908516, 53.7093277 ], [ -1.9086185, 53.7094863 ], [ -1.9086329, 53.7094799 ], [ -1.9090035, 53.7093912 ] ] ] } },
{ "type": "Feature", "properties": { "stop_id": "osm-way-197528362", "name": "Moto Hilton Park Services" }, "geometry": { "type": "Polygon", "coordinates": [ [ [ -2.0564345, 52.6448144 ], [ -2.0565936, 52.6447033 ], [ -2.0566257, 52.6445735 ], [ -2.0562353, 52.643746 ], [ -2.0556133, 52.642554 ], [ -2.0554333, 52.642263 ], [ -2.0552674, 52.6420879 ], [ -2.0549568, 52.6418813 ], [ -2.0532717, 52.6422616 ], [ -2.0533469, 52.6424387 ], [ -2.0536081, 52.6430539 ], [ -2.0540555, 52.6441077 ], [ -2.0540073, 52.6441603 ], [ -2.0537337, 52.6444592 ], [ -2.0536478, 52.6450061 ], [ -2.0539098, 52.6449884 ], [ -2.0563515, 52.6448238 ], [ -2.0564345, 52.6448144 ] ] ] } },
{ "type": "Feature", "properties": { "stop_id": "osm-way-200408977", "name": "Corley Services Southbound" }, "geometry": { "type": "Polygon", "coordinates": [ [ [ -1.5514921, 52.4718269 ], [ -1.5511826, 52.4717579 ], [ -1.5495073, 52.4717409 ], [ -1.5485593, 52.4717257 ], [ -1.5471575, 52.4716727 ], [ -1.5460199, 52.4715989 ], [ -1.5434713, 52.4714455 ], [ -1.5423641, 52.4713216 ], [ -1.5422055, 52.4713892 ], [ -1.5418541, 52.4713978 ], [ -1.5425398, 52.4719084 ], [ -1.5427224, 52.4717385 ], [ -1.5428726, 52.4717941 ], [ -1.5432321, 52.4719215 ], [ -1.5435857, 52.4720205 ], [ -1.5437926, 52.4720849 ], [ -1.5437023, 52.4721944 ], [ -1.544196, 52.4722987 ], [ -1.5457221, 52.4726402 ], [ -1.5466275, 52.4729404 ], [ -1.547319, 52.4731016 ], [ -1.5478759, 52.473204 ], [ -1.5483993, 52.4732368 ], [ -1.5485175, 52.4732802 ], [ -1.5496784, 52.4731156 ], [ -1.5504079, 52.4728477 ], [ -1.5510946, 52.4724033 ], [ -1.5514253, 52.4719238 ], [ -1.5514921, 52.4718269 ] ] ] } },
{ "type": "Feature", "properties": { "stop_id": "osm-way-204981158", "name": "Warwick North (Budbrooke) Services" }, "geometry": { "type": "Polygon", "coordinates": [ [ [ -1.6124364, 52.2780041 ], [ -1.6118311, 52.2795894 ], [ -1.6117768, 52.2795842 ], [ -1.6100378, 52.2794611 ], [ -1.6102467, 52.2790252 ], [ -1.6103373, 52.278824 ], [ -1.6103568, 52.2787807 ], [ -1.6104075, 52.2786077 ], [ -1.6105206, 52.2785962 ], [ -1.6110579, 52.2784179 ], [ -1.611892, 52.2781962 ], [ -1.6121044, 52.2781388 ], [ -1.6124364, 52.2780041 ] ] ] } },
{ "type": "Feature", "properties": { "stop_id": "osm-way-205756855", "name": "Four Went Ways Services" }, "geometry": { "type": "Polygon", "coordinates": [ [ [ 0.2226982, 52.1254134 ], [ 0.2227781, 52.1254933 ], [ 0.2243451, 52.12515 ], [ 0.2255837, 52.1250684 ], [ 0.2256058, 52.1251787 ], [ 0.22552, 52.1254487 ], [ 0.2246666, 52.1260796 ], [ 0.2232596, 52.1271198 ], [ 0.2232063, 52.1271738 ], [ 0.2230343, 52.1273483 ], [ 0.2229479, 52.1273984 ], [ 0.2228781, 52.1274157 ], [ 0.2228003, 52.1274223 ], [ 0.2227218, 52.127415 ], [ 0.2226051, 52.1273756 ], [ 0.2224898, 52.1273104 ], [ 0.2223879, 52.1272248 ], [ 0.2223055, 52.1271168 ], [ 0.2222614, 52.1270469 ], [ 0.2221357, 52.1268477 ], [ 0.221779, 52.1263273 ], [ 0.2217151, 52.1261877 ], [ 0.2216569, 52.1261064 ], [ 0.2214504, 52.1258177 ], [ 0.2213995, 52.1257436 ], [ 0.2226982, 52.1254134 ] ] ] } },
{ "type": "Feature", "properties": { "stop_id": "osm-way-206721109", "name": null }, "geometry": { "type": "Polygon", "coordinates": [ [ [ -0.3847119, 53.2844502 ], [ -0.3852108, 53.284163 ], [ -0.3853636, 53.284075 ], [ -0.3853475, 53.2840605 ], [ -0.3853663, 53.2840283 ], [ -0.3855621, 53.2838938 ], [ -0.3857847, 53.2837478 ], [ -0.3860127, 53.2836003 ], [ -0.3861844, 53.2835007 ], [ -0.3863426, 53.2834189 ], [ -0.3864848, 53.2833373 ], [ -0.3867182, 53.2832283 ], [ -0.3869381, 53.2831224 ], [ -0.3869596, 53.2831064 ], [ -0.3869917, 53.2831096 ], [ -0.3870025, 53.2831272 ], [ -0.3872619, 53.2829963 ], [ -0.3873657, 53.2829439 ], [ -0.3873968, 53.2829282 ], [ -0.3876703, 53.2827953 ], [ -0.3873404, 53.282914 ], [ -0.3873257, 53.2829219 ], [ -0.3872546, 53.2829605 ], [ -0.3871017, 53.28301 ], [ -0.3869542, 53.2830565 ], [ -0.3868308, 53.2830952 ], [ -0.3866243, 53.2831768 ], [ -0.3865063, 53.2832281 ], [ -0.3863882, 53.2832828 ], [ -0.3862058, 53.2833886 ], [ -0.3859993, 53.2835009 ], [ -0.3859238, 53.2835452 ], [ -0.3858464, 53.2835907 ], [ -0.3856533, 53.2837204 ], [ -0.3855165, 53.2838198 ], [ -0.3853985, 53.2839064 ], [ -0.3852537, 53.2840172 ], [ -0.3851684, 53.2840922 ], [ -0.3851571, 53.2841022 ], [ -0.3850552, 53.2841951 ], [ -0.3847119, 53.2844502 ] ] ] } },
{ "type": "Feature", "properties": { "stop_id": "osm-way-209416307", "name": "Colsterworth Services" }, "geometry": { "type": "Polygon", "coordinates": [ [ [ -0.6104654, 52.8015354 ], [ -0.6100421, 52.8015797 ], [ -0.6096285, 52.8016457 ], [ -0.6093657, 52.8016975 ], [ -0.6091355, 52.8017515 ], [ -0.6090331, 52.8018182 ], [ -0.608954, 52.8031334 ], [ -0.6088467, 52.8031806 ], [ -0.6088253, 52.8034472 ], [ -0.6087976, 52.8036199 ], [ -0.6103903, 52.8036953 ], [ -0.6104922, 52.8036856 ], [ -0.6105786, 52.8036585 ], [ -0.6106585, 52.8036207 ], [ -0.6106746, 52.8035818 ], [ -0.6106805, 52.8034769 ], [ -0.610519, 52.8029462 ], [ -0.6104385, 52.8023916 ], [ -0.6104654, 52.8015354 ] ] ] } },
{ "type": "Feature", "properties": { "stop_id": "osm-way-222473469", "name": "Caxton Gibbet Park" }, "geometry": { "type": "Polygon", "coordinates": [ [ [ -0.1030104, 52.2287047 ], [ -0.102966, 52.2287548 ], [ -0.1028789, 52.2287833 ], [ -0.1016813, 52.2288037 ], [ -0.1011913, 52.2288149 ], [ -0.0996006, 52.2288512 ], [ -0.1000108, 52.2286434 ], [ -0.100092, 52.2285864 ], [ -0.1001403, 52.2286291 ], [ -0.1002261, 52.2286587 ], [ -0.100375, 52.2286734 ], [ -0.1005654, 52.2286652 ], [ -0.1007397, 52.228657 ], [ -0.1008832, 52.2286447 ], [ -0.1010241, 52.2286258 ], [ -0.1011112, 52.2285847 ], [ -0.1011515, 52.2285535 ], [ -0.1011426, 52.2285044 ], [ -0.1010958, 52.2282131 ], [ -0.1019695, 52.2281707 ], [ -0.1019754, 52.2282016 ], [ -0.1019783, 52.2282167 ], [ -0.1025939, 52.228203 ], [ -0.102718, 52.2281639 ], [ -0.1027883, 52.2282848 ], [ -0.1030071, 52.2286612 ], [ -0.1030104, 52.2287047 ] ] ] } },
{ "type": "Feature", "properties": { "stop_id": "osm-way-223717091", "name": null }, "geometry": { "type": "Polygon", "coordinates": [ [ [ 0.3025087, 52.3666824 ], [ 0.3003669, 52.3678237 ], [ 0.3004504, 52.3676666 ], [ 0.3006515, 52.3674979 ], [ 0.3007695, 52.3674196 ], [ 0.3009305, 52.3673129 ], [ 0.3011638, 52.3671638 ], [ 0.3014052, 52.3670279 ], [ 0.3016252, 52.3669149 ], [ 0.3019068, 52.3667986 ], [ 0.3022287, 52.3666856 ], [ 0.3025087, 52.3666824 ] ] ] } },
{ "type": "Feature", "properties": { "stop_id": "osm-way-229709754", "name": null }, "geometry": { "type": "Polygon", "coordinates": [ [ [ -3.5404783, 54.6732633 ], [ -3.5406419, 54.6731268 ], [ -3.5409047, 54.6731441 ], [ -3.5405901, 54.6734138 ], [ -3.5404783, 54.6732633 ] ] ] } },
{ "type": "Feature", "properties": { "stop_id": "osm-way-233839707", "name": null }, "geometry": { "type": "Polygon", "coordinates": [ [ [ -2.6753542, 55.6027988 ], [ -2.6751629, 55.6027235 ], [ -2.6749714, 55.6025469 ], [ -2.6748588, 55.6023989 ], [ -2.6748309, 55.6023056 ], [ -2.6748446, 55.6022332 ], [ -2.6750008, 55.6023291 ], [ -2.6750982, 55.6024667 ], [ -2.6751374, 55.6025418 ], [ -2.6752118, 55.6026468 ], [ -2.6753542, 55.6027988 ] ] ] } },
{ "type": "Feature", "properties": { "stop_id": "osm-way-236058208", "name": "Westside Service Station" }, "geometry": { "type": "Polygon", "coordinates": [ [ [ -0.251815, 52.5798715 ], [ -0.2513936, 52.5798392 ], [ -0.2511587, 52.5792771 ], [ -0.2514947, 52.5792252 ], [ -0.2516582, 52.5794825 ], [ -0.251815, 52.5798715 ] ] ] } },
{ "type": "Feature", "properties": { "stop_id": "osm-way-239263645", "name": "Adderstone Services" }, "geometry": { "type": "Polygon", "coordinates": [ [ [ -1.7906385, 55.5639805 ], [ -1.7906964, 55.5639833 ], [ -1.7907256, 55.5639922 ], [ -1.7907466, 55.5640086 ], [ -1.7907579, 55.5640324 ], [ -1.7907601, 55.5641732 ], [ -1.7906006, 55.5641767 ], [ -1.7905987, 55.5642944 ], [ -1.7905981, 55.5643345 ], [ -1.7906072, 55.5643623 ], [ -1.7906224, 55.5644084 ], [ -1.7907835, 55.5644394 ], [ -1.7915643, 55.5654881 ], [ -1.7917368, 55.5656979 ], [ -1.7924773, 55.5663046 ], [ -1.7925939, 55.5664 ], [ -1.7926683, 55.5663871 ], [ -1.7925333, 55.5660618 ], [ -1.7922928, 55.5654822 ], [ -1.7922724, 55.5654331 ], [ -1.7922656, 55.565417 ], [ -1.7922167, 55.5653015 ], [ -1.7922054, 55.565275 ], [ -1.79198, 55.5647432 ], [ -1.791692, 55.5641027 ], [ -1.791423, 55.5639671 ], [ -1.7913698, 55.5639167 ], [ -1.7910811, 55.5639296 ], [ -1.7910571, 55.5639301 ], [ -1.79101, 55.5639356 ], [ -1.7906385, 55.5639805 ] ] ] } },
{ "type": "Feature", "properties": { "stop_id": "osm-way-239748488", "name": null }, "geometry": { "type": "Polygon", "coordinates": [ [ [ -1.7251045, 55.3110438 ], [ -1.7251418, 55.3104822 ], [ -1.7252539, 55.3102728 ], [ -1.7253424, 55.310268 ], [ -1.7252665, 55.3113058 ], [ -1.7251045, 55.3110438 ] ] ] } },
{ "type": "Feature", "properties": { "stop_id": "osm-way-239748490", "name": null }, "geometry": { "type": "Polygon", "coordinates": [ [ [ -1.7256218, 55.311969 ], [ -1.7256774, 55.3121274 ], [ -1.7256367, 55.3125308 ], [ -1.7255647, 55.3126973 ], [ -1.7254732, 55.3127891 ], [ -1.7254863, 55.3126611 ], [ -1.725555, 55.3118173 ], [ -1.7256218, 55.311969 ] ] ] } },
{ "type": "Feature", "properties": { "stop_id": "osm-way-242412226", "name": null }, "geometry": { "type": "Polygon", "coordinates": [ [ [ -1.0043385, 52.1253849 ], [ -1.0041658, 52.1251843 ], [ -1.0040982, 52.1251751 ], [ -1.0038481, 52.1251874 ], [ -1.003687, 52.125129 ], [ -1.0036067, 52.1251022 ], [ -1.0036368, 52.1250679 ], [ -1.0039177, 52.1247682 ], [ -1.0039949, 52.1246921 ], [ -1.0047309, 52.1248501 ], [ -1.0046845, 52.1249232 ], [ -1.004505, 52.1252067 ], [ -1.0044799, 52.1252393 ], [ -1.0043709, 52.1253587 ], [ -1.0043385, 52.1253849 ] ] ] } },
{ "type": "Feature", "properties": { "stop_id": "osm-way-242858669", "name": "Junction 26 Diner" }, "geometry": { "type": "Polygon", "coordinates": [ [ [ 0.029709, 51.6794798 ], [ 0.0300353, 51.6796001 ], [ 0.0309526, 51.6793082 ], [ 0.031637, 51.6791884 ], [ 0.0319108, 51.6791138 ], [ 0.0323554, 51.67908 ], [ 0.0323769, 51.6789071 ], [ 0.0320212, 51.6787997 ], [ 0.0317465, 51.6787365 ], [ 0.0309329, 51.6786534 ], [ 0.030578, 51.678624 ], [ 0.0300372, 51.6786346 ], [ 0.0297081, 51.6787161 ], [ 0.0294211, 51.6788459 ], [ 0.029633, 51.6793814 ], [ 0.029709, 51.6794798 ] ] ] } },
{ "type": "Feature", "properties": { "stop_id": "osm-way-244966851", "name": null }, "geometry": { "type": "Polygon", "coordinates": [ [ [ -1.995948, 50.736704 ], [ -1.9958709, 50.7367041 ], [ -1.9948268, 50.7367051 ], [ -1.9948285, 50.7363748 ], [ -1.9948908, 50.7363533 ], [ -1.9949434, 50.7363267 ], [ -1.9949971, 50.7362916 ], [ -1.9950476, 50.7362525 ], [ -1.9951595, 50.7361871 ], [ -1.9952898, 50.7361318 ], [ -1.9954226, 50.7360998 ], [ -1.9955691, 50.7360822 ], [ -1.9958679, 50.7360733 ], [ -1.99657, 50.7360882 ], [ -1.9970389, 50.7361285 ], [ -1.9967311, 50.736482 ], [ -1.9965817, 50.7364355 ], [ -1.9965827, 50.7363652 ], [ -1.9961754, 50.7363631 ], [ -1.9961449, 50.7363735 ], [ -1.9961215, 50.736392 ], [ -1.9961161, 50.7366269 ], [ -1.99609, 50.7366649 ], [ -1.9960438, 50.7366936 ], [ -1.995948, 50.736704 ] ] ] } },
{ "type": "Feature", "properties": { "stop_id": "osm-way-246731209", "name": null }, "geometry": { "type": "Polygon", "coordinates": [ [ [ 1.0790175, 52.0527942 ], [ 1.0794869, 52.0527496 ], [ 1.0799423, 52.0526378 ], [ 1.0785689, 52.0527529 ], [ 1.0790175, 52.0527942 ] ] ] } },
{ "type": "Feature", "properties": { "stop_id": "osm-way-254353023", "name": "Uttoxeter Services" }, "geometry": { "type": "Polygon", "coordinates": [ [ [ -1.8562193, 52.908205 ], [ -1.8561005, 52.9082107 ], [ -1.8550592, 52.9078008 ], [ -1.8543335, 52.907526 ], [ -1.8539963, 52.9073484 ], [ -1.853811, 52.907208 ], [ -1.8537778, 52.9070504 ], [ -1.8539203, 52.9068413 ], [ -1.8543858, 52.9065921 ], [ -1.854552, 52.9065033 ], [ -1.8551718, 52.9067128 ], [ -1.855805, 52.9069541 ], [ -1.8559201, 52.9069972 ], [ -1.8565376, 52.9072195 ], [ -1.8569793, 52.9072854 ], [ -1.8563428, 52.907864 ], [ -1.8564996, 52.9079786 ], [ -1.8563287, 52.9081469 ], [ -1.8562668, 52.9082078 ], [ -1.8562193, 52.908205 ] ] ] } },
{ "type": "Feature", "properties": { "stop_id": "osm-way-254619855", "name": "Orsett Cock South" }, "geometry": { "type": "Polygon", "coordinates": [ [ [ 0.3961304, 51.5099555 ], [ 0.3980239, 51.5104309 ], [ 0.3980885, 51.5103282 ], [ 0.3981407, 51.5102447 ], [ 0.3982931, 51.5100008 ], [ 0.3984556, 51.509748 ], [ 0.3965355, 51.5093012 ], [ 0.3961304, 51.5099555 ] ] ] } },
{ "type": "Feature", "properties": { "stop_id": "osm-way-254760424", "name": "Orsett Cock North" }, "geometry": { "type": "Polygon", "coordinates": [ [ [ 0.4002961, 51.5119414 ], [ 0.398088, 51.5115647 ], [ 0.3983598, 51.5109476 ], [ 0.4005679, 51.5113243 ], [ 0.4002961, 51.5119414 ] ] ] } },
{ "type": "Feature", "properties": { "stop_id": "osm-way-258897653", "name": null }, "geometry": { "type": "Polygon", "coordinates": [ [ [ -7.7007892, 54.3168467 ], [ -7.7007274, 54.3168497 ], [ -7.7006408, 54.316901 ], [ -7.7005917, 54.3169297 ], [ -7.7005369, 54.3169137 ], [ -7.7005383, 54.3168842 ], [ -7.7006032, 54.3167882 ], [ -7.7005354, 54.3167689 ], [ -7.7003738, 54.3169313 ], [ -7.7002396, 54.3170828 ], [ -7.7001761, 54.3172175 ], [ -7.700192, 54.3172588 ], [ -7.7003435, 54.3172546 ], [ -7.7003175, 54.317167 ], [ -7.7003536, 54.3170904 ], [ -7.7004099, 54.3170004 ], [ -7.7004387, 54.3169667 ], [ -7.7005123, 54.3169642 ], [ -7.7005816, 54.3169903 ], [ -7.7005975, 54.3170164 ], [ -7.7006861, 54.317022 ], [ -7.700718, 54.3169558 ], [ -7.7007488, 54.3168931 ], [ -7.7007892, 54.3168467 ] ] ] } },
{ "type": "Feature", "properties": { "stop_id": "osm-way-258897654", "name": null }, "geometry": { "type": "Polygon", "coordinates": [ [ [ -7.7020352, 54.315589 ], [ -7.7019762, 54.3156678 ], [ -7.7019287, 54.3157312 ], [ -7.7020051, 54.3157665 ], [ -7.7020051, 54.3158212 ], [ -7.7019704, 54.3158748 ], [ -7.7019194, 54.3159141 ], [ -7.7018847, 54.3159224 ], [ -7.7017214, 54.3161057 ], [ -7.7017377, 54.3161498 ], [ -7.7016541, 54.3162176 ], [ -7.7015561, 54.3162605 ], [ -7.7014694, 54.3162486 ], [ -7.7013953, 54.3163122 ], [ -7.7013008, 54.3163934 ], [ -7.7014153, 54.3163772 ], [ -7.7015928, 54.3163141 ], [ -7.7017438, 54.3162533 ], [ -7.7018663, 54.3161784 ], [ -7.7019622, 54.3160855 ], [ -7.7020561, 54.315995 ], [ -7.7019561, 54.3159693 ], [ -7.702042, 54.3159095 ], [ -7.7020932, 54.3158842 ], [ -7.7021037, 54.315856 ], [ -7.7021119, 54.3158342 ], [ -7.7021206, 54.3157559 ], [ -7.7020939, 54.3156561 ], [ -7.7020802, 54.3156069 ], [ -7.7020352, 54.315589 ] ] ] } },
{ "type": "Feature", "properties": { "stop_id": "osm-way-268139903", "name": "Skiach Services" }, "geometry": { "type": "Polygon", "coordinates": [ [ [ -4.2988148, 57.6791424 ], [ -4.2986365, 57.6790354 ], [ -4.2985756, 57.6789005 ], [ -4.2989105, 57.6780424 ], [ -4.2996412, 57.6782656 ], [ -4.300024, 57.6780377 ], [ -4.3002848, 57.678206 ], [ -4.30102, 57.6784982 ], [ -4.3002937, 57.6789679 ], [ -4.2998109, 57.6791121 ], [ -4.299389, 57.6791633 ], [ -4.2990932, 57.6791749 ], [ -4.2988148, 57.6791424 ] ] ] } },
{ "type": "Feature", "properties": { "stop_id": "osm-way-274233325", "name": "Brough Rest Area" }, "geometry": { "type": "Polygon", "coordinates": [ [ [ -0.751024, 53.1191529 ], [ -0.751639, 53.1187414 ], [ -0.7518056, 53.1187447 ], [ -0.7519139, 53.1187649 ], [ -0.7518554, 53.1188406 ], [ -0.7513887, 53.1191271 ], [ -0.7511488, 53.1192517 ], [ -0.7510358, 53.119226 ], [ -0.751024, 53.1191529 ] ] ] } },
{ "type": "Feature", "properties": { "stop_id": "osm-way-274233326", "name": "Brough Rest Area" }, "geometry": { "type": "Polygon", "coordinates": [ [ [ -0.7559697, 53.1164421 ], [ -0.7554708, 53.116967 ], [ -0.7554654, 53.1170313 ], [ -0.7555623, 53.1170527 ], [ -0.7557015, 53.117028 ], [ -0.7561631, 53.1165677 ], [ -0.7561461, 53.1164454 ], [ -0.7560499, 53.1164178 ], [ -0.7559697, 53.1164421 ] ] ] } },
{ "type": "Feature", "properties": { "stop_id": "osm-way-285822051", "name": null }, "geometry": { "type": "Polygon", "coordinates": [ [ [ -4.0020911, 51.8338774 ], [ -4.0020074, 51.8339539 ], [ -4.0015307, 51.8340878 ], [ -4.0013756, 51.8340723 ], [ -4.0013335, 51.8340448 ], [ -4.0020911, 51.8338774 ] ] ] } },
{ "type": "Feature", "properties": { "stop_id": "osm-way-296228870", "name": null }, "geometry": { "type": "Polygon", "coordinates": [ [ [ -2.9502263, 53.2390844 ], [ -2.9501512, 53.2390369 ], [ -2.9489845, 53.2396494 ], [ -2.9493932, 53.2399456 ], [ -2.9500546, 53.2396045 ], [ -2.9501351, 53.2395473 ], [ -2.9502385, 53.2395469 ], [ -2.9503014, 53.2395467 ], [ -2.9503872, 53.2393123 ], [ -2.9503604, 53.2391646 ], [ -2.9502263, 53.2390844 ] ] ] } },
{ "type": "Feature", "properties": { "stop_id": "osm-way-296385204", "name": "Chester West Services" }, "geometry": { "type": "Polygon", "coordinates": [ [ [ -3.0788148, 53.1916277 ], [ -3.0793204, 53.191921 ], [ -3.0798153, 53.1921789 ], [ -3.080107, 53.1923233 ], [ -3.0802828, 53.1924142 ], [ -3.0807031, 53.1926144 ], [ -3.0817384, 53.1931511 ], [ -3.082249, 53.1931586 ], [ -3.0823499, 53.1930997 ], [ -3.0822402, 53.1928309 ], [ -3.0821729, 53.1926658 ], [ -3.0819551, 53.1922486 ], [ -3.0818189, 53.1919877 ], [ -3.081587, 53.1915968 ], [ -3.0814395, 53.1911757 ], [ -3.081416, 53.1911623 ], [ -3.080997, 53.1912 ], [ -3.0809647, 53.1912029 ], [ -3.080929, 53.1912048 ], [ -3.080676, 53.1912182 ], [ -3.0806424, 53.19122 ], [ -3.0805314, 53.1912259 ], [ -3.0804094, 53.1910988 ], [ -3.0802042, 53.1908852 ], [ -3.0795229, 53.1911392 ], [ -3.0788148, 53.1916277 ] ] ] } },
{ "type": "Feature", "properties": { "stop_id": "osm-way-296938413", "name": null }, "geometry": { "type": "Polygon", "coordinates": [ [ [ -0.4258388, 52.5069607 ], [ -0.4257994, 52.5069342 ], [ -0.4249935, 52.5073762 ], [ -0.4250328, 52.5074028 ], [ -0.4258388, 52.5069607 ] ] ] } },
{ "type": "Feature", "properties": { "stop_id": "osm-way-297873536", "name": "Crewe Services" }, "geometry": { "type": "Polygon", "coordinates": [ [ [ -2.3379421, 53.0686936 ], [ -2.3365793, 53.0700392 ], [ -2.3358876, 53.0702921 ], [ -2.3356032, 53.0694928 ], [ -2.3353082, 53.0687193 ], [ -2.3353565, 53.0686291 ], [ -2.3354799, 53.0685453 ], [ -2.3366386, 53.0685034 ], [ -2.3379421, 53.0686936 ] ] ] } },
{ "type": "Feature", "properties": { "stop_id": "osm-way-300467997", "name": null }, "geometry": { "type": "Polygon", "coordinates": [ [ [ -1.2161986, 53.5886764 ], [ -1.2145827, 53.5889259 ], [ -1.2141743, 53.5879638 ], [ -1.2142041, 53.5878953 ], [ -1.214274, 53.5878505 ], [ -1.2148641, 53.587769 ], [ -1.2153352, 53.5877766 ], [ -1.2158623, 53.5878753 ], [ -1.2161986, 53.5886764 ] ] ] } },
{ "type": "Feature", "properties": { "stop_id": "osm-way-302106530", "name": null }, "geometry": { "type": "Polygon", "coordinates": [ [ [ -1.1116727, 54.6063715 ], [ -1.1112864, 54.6063653 ], [ -1.1112811, 54.6061338 ], [ -1.111839, 54.6063031 ], [ -1.1116727, 54.6063715 ] ] ] } },
{ "type": "Feature", "properties": { "stop_id": "osm-way-302951196", "name": "Layby" }, "geometry": { "type": "Polygon", "coordinates": [ [ [ -0.6823162, 51.2267395 ], [ -0.6826129, 51.2267968 ], [ -0.6832925, 51.226842 ], [ -0.6832948, 51.226842 ], [ -0.6836198, 51.2268353 ], [ -0.6823162, 51.2267395 ] ] ] } },
{ "type": "Feature", "properties": { "stop_id": "osm-way-303525090", "name": "Hogs Back Cafe" }, "geometry": { "type": "Polygon", "coordinates": [ [ [ -0.6749303, 51.2260264 ], [ -0.6759133, 51.2260189 ], [ -0.674968, 51.2259628 ], [ -0.6746136, 51.2259146 ], [ -0.6734076, 51.2259432 ], [ -0.672641, 51.2259881 ], [ -0.6723121, 51.2260426 ], [ -0.6721183, 51.2260757 ], [ -0.671434, 51.2261927 ], [ -0.6721898, 51.2261294 ], [ -0.672368, 51.2261159 ], [ -0.6730251, 51.2260762 ], [ -0.6736127, 51.2260506 ], [ -0.6740822, 51.226034 ], [ -0.6745119, 51.2260289 ], [ -0.674768, 51.2260274 ], [ -0.6749303, 51.2260264 ] ] ] } },
{ "type": "Feature", "properties": { "stop_id": "osm-way-305958751", "name": null }, "geometry": { "type": "Polygon", "coordinates": [ [ [ -4.8355575, 51.8005652 ], [ -4.8361822, 51.8004717 ], [ -4.83759, 51.8002366 ], [ -4.8383996, 51.8001099 ], [ -4.838308, 51.8001889 ], [ -4.8379646, 51.8002982 ], [ -4.8373976, 51.8004239 ], [ -4.8369311, 51.8005146 ], [ -4.836348, 51.8005751 ], [ -4.8357885, 51.8006007 ], [ -4.8355575, 51.8005652 ] ] ] } },
{ "type": "Feature", "properties": { "stop_id": "osm-way-305959189", "name": null }, "geometry": { "type": "Polygon", "coordinates": [ [ [ -4.865306, 51.8043088 ], [ -4.8655323, 51.8042709 ], [ -4.866406, 51.8043517 ], [ -4.8665309, 51.8044028 ], [ -4.8666207, 51.8044395 ], [ -4.8663928, 51.8044168 ], [ -4.865306, 51.8043088 ] ] ] } },
{ "type": "Feature", "properties": { "stop_id": "osm-way-306148725", "name": null }, "geometry": { "type": "Polygon", "coordinates": [ [ [ -0.909682, 52.2159439 ], [ -0.9094928, 52.2159735 ], [ -0.9093422, 52.215997 ], [ -0.9082557, 52.2155915 ], [ -0.9082363, 52.2155016 ], [ -0.9086719, 52.2156423 ], [ -0.9094079, 52.215872 ], [ -0.909682, 52.2159439 ] ] ] } },
{ "type": "Feature", "properties": { "stop_id": "osm-way-308978725", "name": null }, "geometry": { "type": "Polygon", "coordinates": [ [ [ -4.0642869, 51.8213642 ], [ -4.0642061, 51.8213656 ], [ -4.0641474, 51.8213538 ], [ -4.0640578, 51.8212607 ], [ -4.0640622, 51.8211878 ], [ -4.0641249, 51.8211178 ], [ -4.0641377, 51.8211678 ], [ -4.0641649, 51.8212288 ], [ -4.0642015, 51.8212783 ], [ -4.0642349, 51.8213227 ], [ -4.0642869, 51.8213642 ] ] ] } },
{ "type": "Feature", "properties": { "stop_id": "osm-way-309646433", "name": null }, "geometry": { "type": "Polygon", "coordinates": [ [ [ -0.1326449, 52.7526249 ], [ -0.1312818, 52.7520345 ], [ -0.1313303, 52.7520216 ], [ -0.1313498, 52.7520288 ], [ -0.1325208, 52.7525356 ], [ -0.1326515, 52.7526043 ], [ -0.1326449, 52.7526249 ] ] ] } },
{ "type": "Feature", "properties": { "stop_id": "osm-way-311880139", "name": null }, "geometry": { "type": "Polygon", "coordinates": [ [ [ -3.9085863, 50.7391508 ], [ -3.9066413, 50.7390644 ], [ -3.9069427, 50.7391202 ], [ -3.9083375, 50.7391796 ], [ -3.9085863, 50.7391508 ] ] ] } },
{ "type": "Feature", "properties": { "stop_id": "osm-way-311880142", "name": null }, "geometry": { "type": "Polygon", "coordinates": [ [ [ -3.9159128, 50.7394353 ], [ -3.9150392, 50.7392896 ], [ -3.9140429, 50.7391585 ], [ -3.9145315, 50.7391922 ], [ -3.9151618, 50.7392762 ], [ -3.9157188, 50.739371 ], [ -3.9159128, 50.7394353 ] ] ] } },
{ "type": "Feature", "properties": { "stop_id": "osm-way-314442535", "name": null }, "geometry": { "type": "Polygon", "coordinates": [ [ [ -1.2660633, 53.6641146 ], [ -1.2662747, 53.6628379 ], [ -1.2660357, 53.6627202 ], [ -1.2655686, 53.6627109 ], [ -1.2654562, 53.6630397 ], [ -1.2652286, 53.6638348 ], [ -1.2651933, 53.664105 ], [ -1.2655104, 53.6640954 ], [ -1.2660633, 53.6641146 ] ] ] } },
{ "type": "Feature", "properties": { "stop_id": "osm-way-318838455", "name": null }, "geometry": { "type": "Polygon", "coordinates": [ [ [ -0.6465972, 53.7659921 ], [ -0.6458185, 53.7659302 ], [ -0.6454518, 53.7657774 ], [ -0.6451803, 53.7657643 ], [ -0.6443163, 53.7661624 ], [ -0.6449355, 53.7666156 ], [ -0.6454073, 53.7664056 ], [ -0.6458345, 53.7664117 ], [ -0.6459917, 53.7665749 ], [ -0.6460557, 53.7665614 ], [ -0.6462585, 53.7667724 ], [ -0.646855, 53.7669181 ], [ -0.6471747, 53.7666526 ], [ -0.6470669, 53.7665979 ], [ -0.6471127, 53.7665739 ], [ -0.6472078, 53.7665122 ], [ -0.6471569, 53.7664848 ], [ -0.647286, 53.766401 ], [ -0.6471643, 53.7663355 ], [ -0.6472363, 53.7663183 ], [ -0.6470757, 53.7661965 ], [ -0.6472258, 53.7661015 ], [ -0.6468556, 53.7660458 ], [ -0.6467998, 53.7660004 ], [ -0.6465972, 53.7659921 ] ] ] } },
{ "type": "Feature", "properties": { "stop_id": "osm-way-319616082", "name": null }, "geometry": { "type": "Polygon", "coordinates": [ [ [ -3.2721166, 54.2105093 ], [ -3.272214, 54.2104489 ], [ -3.2721864, 54.2104336 ], [ -3.272089, 54.2104965 ], [ -3.2721166, 54.2105093 ] ] ] } },
{ "type": "Feature", "properties": { "stop_id": "osm-way-320792946", "name": null }, "geometry": { "type": "Polygon", "coordinates": [ [ [ -0.6623607, 53.7685239 ], [ -0.6620936, 53.7680503 ], [ -0.6615731, 53.7679605 ], [ -0.6594121, 53.7675875 ], [ -0.6596261, 53.7680177 ], [ -0.6623607, 53.7685239 ] ] ] } },
{ "type": "Feature", "properties": { "stop_id": "osm-way-323146422", "name": null }, "geometry": { "type": "Polygon", "coordinates": [ [ [ -2.3417834, 51.8666674 ], [ -2.3434709, 51.8665121 ], [ -2.3434044, 51.8665929 ], [ -2.3428429, 51.8666637 ], [ -2.3424346, 51.8666882 ], [ -2.3421799, 51.8666923 ], [ -2.3417834, 51.8666674 ] ] ] } },
{ "type": "Feature", "properties": { "stop_id": "osm-way-330947047", "name": "Symmetry Park Doncaster" }, "geometry": { "type": "Polygon", "coordinates": [ [ [ -1.0673178, 53.3905585 ], [ -1.0649662, 53.3891652 ], [ -1.0642884, 53.3888969 ], [ -1.0639726, 53.3888129 ], [ -1.0636984, 53.3887964 ], [ -1.0634313, 53.3888637 ], [ -1.0632283, 53.3889856 ], [ -1.0630688, 53.3892275 ], [ -1.0638835, 53.3905475 ], [ -1.0645099, 53.3906141 ], [ -1.0650006, 53.3905764 ], [ -1.0656396, 53.3904487 ], [ -1.0662904, 53.3903624 ], [ -1.0673178, 53.3905585 ] ] ] } },
{ "type": "Feature", "properties": { "stop_id": "osm-way-332728680", "name": "Weyhill East Services" }, "geometry": { "type": "Polygon", "coordinates": [ [ [ -1.5359853, 51.2144949 ], [ -1.5360336, 51.2145795 ], [ -1.5360942, 51.2146481 ], [ -1.5360905, 51.2147432 ], [ -1.53604, 51.2148865 ], [ -1.5359895, 51.2149445 ], [ -1.5352781, 51.2150812 ], [ -1.5350836, 51.2151012 ], [ -1.5347936, 51.2151 ], [ -1.5346116, 51.2150731 ], [ -1.5344351, 51.2150373 ], [ -1.5343189, 51.2149804 ], [ -1.5342331, 51.21493 ], [ -1.534158, 51.2148695 ], [ -1.5340936, 51.2147956 ], [ -1.5340615, 51.2147452 ], [ -1.5340507, 51.2145771 ], [ -1.5342936, 51.214584 ], [ -1.5343536, 51.2144941 ], [ -1.5344085, 51.2144441 ], [ -1.5345061, 51.2143799 ], [ -1.5346484, 51.2143356 ], [ -1.5347745, 51.2143181 ], [ -1.5359233, 51.2143473 ], [ -1.5359252, 51.2144492 ], [ -1.5359853, 51.2144949 ] ] ] } },
{ "type": "Feature", "properties": { "stop_id": "osm-way-332728682", "name": "Weyhill West Services" }, "geometry": { "type": "Polygon", "coordinates": [ [ [ -1.5363432, 51.2137584 ], [ -1.5361608, 51.2137517 ], [ -1.5361662, 51.2137181 ], [ -1.5361662, 51.2136694 ], [ -1.5361527, 51.2136425 ], [ -1.5361313, 51.2136274 ], [ -1.5360696, 51.213624 ], [ -1.5360267, 51.2136291 ], [ -1.5359945, 51.2136627 ], [ -1.5359882, 51.2136788 ], [ -1.5358999, 51.2139061 ], [ -1.5358546, 51.2139467 ], [ -1.5356996, 51.2139729 ], [ -1.535607, 51.2139674 ], [ -1.5355994, 51.2139854 ], [ -1.535294, 51.2139514 ], [ -1.5351693, 51.2139744 ], [ -1.5351163, 51.2139819 ], [ -1.5350334, 51.2139771 ], [ -1.5346465, 51.2139181 ], [ -1.5345091, 51.2138725 ], [ -1.5344603, 51.213829 ], [ -1.5344254, 51.2138021 ], [ -1.5343852, 51.2137568 ], [ -1.534361, 51.2137097 ], [ -1.5343503, 51.2136543 ], [ -1.534353, 51.2135719 ], [ -1.534361, 51.2135266 ], [ -1.5343825, 51.2134896 ], [ -1.5344227, 51.213456 ], [ -1.5344951, 51.2134241 ], [ -1.5348465, 51.2133249 ], [ -1.5349323, 51.2133115 ], [ -1.5350423, 51.2133031 ], [ -1.5356941, 51.2132997 ], [ -1.5358175, 51.2133065 ], [ -1.5359087, 51.2133216 ], [ -1.5359918, 51.2133417 ], [ -1.5361045, 51.2133854 ], [ -1.5362064, 51.2134476 ], [ -1.5362761, 51.2135081 ], [ -1.5363083, 51.2135585 ], [ -1.5363325, 51.2136274 ], [ -1.5363432, 51.2137584 ] ] ] } },
{ "type": "Feature", "properties": { "stop_id": "osm-way-332740263", "name": null }, "geometry": { "type": "Polygon", "coordinates": [ [ [ -2.5435393, 52.8867355 ], [ -2.5429621, 52.8870631 ], [ -2.5417926, 52.8864804 ], [ -2.5426273, 52.8861658 ], [ -2.5428097, 52.8861917 ], [ -2.542917, 52.8862694 ], [ -2.5435393, 52.8867355 ] ] ] } },
{ "type": "Feature", "properties": { "stop_id": "osm-way-338113933", "name": "Applegreen Temple Patrick Services Northbound M2" }, "geometry": { "type": "Polygon", "coordinates": [ [ [ -6.016077, 54.6939349 ], [ -6.0162972, 54.6938324 ], [ -6.0163702, 54.6937801 ], [ -6.0164816, 54.6937397 ], [ -6.0165961, 54.6937237 ], [ -6.0167406, 54.6937242 ], [ -6.0198442, 54.6943535 ], [ -6.0196493, 54.6949846 ], [ -6.0195491, 54.6949839 ], [ -6.0195535, 54.6950488 ], [ -6.0193018, 54.6950766 ], [ -6.0192649, 54.6951128 ], [ -6.0189409, 54.6950059 ], [ -6.0187907, 54.6949563 ], [ -6.016268, 54.6941241 ], [ -6.016067, 54.6940142 ], [ -6.0160354, 54.6939968 ], [ -6.0159426, 54.6939461 ], [ -6.016077, 54.6939349 ] ] ] } },
{ "type": "Feature", "properties": { "stop_id": "osm-way-338614043", "name": "Weston-on-the-Green North, Family Farm Service Station" }, "geometry": { "type": "Polygon", "coordinates": [ [ [ -1.2270814, 51.8513431 ], [ -1.2275582, 51.8510328 ], [ -1.2279268, 51.8507951 ], [ -1.2279736, 51.8507568 ], [ -1.2280383, 51.8507039 ], [ -1.2286047, 51.8503273 ], [ -1.2287865, 51.8502064 ], [ -1.2297607, 51.8495586 ], [ -1.2297425, 51.8500043 ], [ -1.2300521, 51.8503342 ], [ -1.2298279, 51.8506907 ], [ -1.2295552, 51.8509689 ], [ -1.229345, 51.8510825 ], [ -1.2289776, 51.8511935 ], [ -1.2285011, 51.8512091 ], [ -1.2279963, 51.8512222 ], [ -1.2274299, 51.8512681 ], [ -1.2270814, 51.8513431 ] ] ] } },
{ "type": "Feature", "properties": { "stop_id": "osm-way-347998372", "name": null }, "geometry": { "type": "Polygon", "coordinates": [ [ [ -2.0436222, 51.6686031 ], [ -2.0445727, 51.6684165 ], [ -2.0443444, 51.6683652 ], [ -2.0438126, 51.6684614 ], [ -2.0436222, 51.6686031 ] ] ] } },
{ "type": "Feature", "properties": { "stop_id": "osm-way-347998375", "name": null }, "geometry": { "type": "Polygon", "coordinates": [ [ [ -2.33954, 51.5414377 ], [ -2.3398421, 51.5412077 ], [ -2.3402806, 51.540711 ], [ -2.340672, 51.5401437 ], [ -2.3407011, 51.5399111 ], [ -2.3405879, 51.5401123 ], [ -2.34039, 51.540424 ], [ -2.3402057, 51.5406808 ], [ -2.33954, 51.5414377 ] ] ] } },
{ "type": "Feature", "properties": { "stop_id": "osm-way-348664359", "name": "Boreham Services" }, "geometry": { "type": "Polygon", "coordinates": [ [ [ 0.5170129, 51.7555773 ], [ 0.5177823, 51.7559859 ], [ 0.5179093, 51.7560557 ], [ 0.51842, 51.7563078 ], [ 0.5185702, 51.7563618 ], [ 0.5186828, 51.7563852 ], [ 0.518826, 51.7563928 ], [ 0.5191187, 51.756385 ], [ 0.5192689, 51.7563801 ], [ 0.5193797, 51.7563667 ], [ 0.5194635, 51.7563515 ], [ 0.5195316, 51.7563329 ], [ 0.5195679, 51.7563197 ], [ 0.5196015, 51.7563033 ], [ 0.5199227, 51.7560629 ], [ 0.5199422, 51.7560333 ], [ 0.519943, 51.7560015 ], [ 0.5199501, 51.755967 ], [ 0.5199705, 51.7559391 ], [ 0.5199967, 51.7559187 ], [ 0.5200127, 51.755895 ], [ 0.5200191, 51.7558695 ], [ 0.5200147, 51.7558389 ], [ 0.5198705, 51.7552468 ], [ 0.5198344, 51.755141 ], [ 0.5198136, 51.7551162 ], [ 0.5197843, 51.7550981 ], [ 0.5197573, 51.7550714 ], [ 0.5197404, 51.7550427 ], [ 0.5196746, 51.7548717 ], [ 0.5196531, 51.7548236 ], [ 0.5196355, 51.7547925 ], [ 0.5196092, 51.7547634 ], [ 0.5195787, 51.7547361 ], [ 0.5195349, 51.7547047 ], [ 0.5194915, 51.7546758 ], [ 0.5194438, 51.7546525 ], [ 0.5194001, 51.7546336 ], [ 0.5193472, 51.754616 ], [ 0.5192852, 51.7546015 ], [ 0.5192083, 51.7545874 ], [ 0.5191348, 51.7545757 ], [ 0.5190575, 51.7545676 ], [ 0.5189615, 51.754558 ], [ 0.5188985, 51.7545476 ], [ 0.5188522, 51.7545401 ], [ 0.5188033, 51.7545306 ], [ 0.5187577, 51.7545198 ], [ 0.5187148, 51.7545065 ], [ 0.5186866, 51.7544878 ], [ 0.5186706, 51.7544651 ], [ 0.5186632, 51.7544329 ], [ 0.5183619, 51.7544574 ], [ 0.518368, 51.7545175 ], [ 0.518363, 51.7545805 ], [ 0.5170129, 51.7555773 ] ] ] } },
{ "type": "Feature", "properties": { "stop_id": "osm-way-350578710", "name": null }, "geometry": { "type": "Polygon", "coordinates": [ [ [ -0.4249214, 53.0144154 ], [ -0.4254679, 53.0137182 ], [ -0.4259229, 53.0135392 ], [ -0.4265863, 53.0135854 ], [ -0.4266083, 53.0136572 ], [ -0.4264829, 53.0144423 ], [ -0.4264417, 53.0147017 ], [ -0.4264036, 53.0151063 ], [ -0.4249343, 53.0150417 ], [ -0.4249214, 53.0144154 ] ] ] } },
{ "type": "Feature", "properties": { "stop_id": "osm-way-350679802", "name": "Stracathro Services" }, "geometry": { "type": "Polygon", "coordinates": [ [ [ -2.6139464, 56.7725035 ], [ -2.6134751, 56.7721011 ], [ -2.6123041, 56.7723104 ], [ -2.6112423, 56.7725524 ], [ -2.6103691, 56.7728161 ], [ -2.6090295, 56.7733137 ], [ -2.6081661, 56.7736753 ], [ -2.6086573, 56.7740083 ], [ -2.6100268, 56.7734795 ], [ -2.6109521, 56.7731315 ], [ -2.6119543, 56.772876 ], [ -2.6131104, 56.7726476 ], [ -2.6143331, 56.7728166 ], [ -2.6156525, 56.7724072 ], [ -2.6161406, 56.7722261 ], [ -2.6167125, 56.7719656 ], [ -2.6165164, 56.7718654 ], [ -2.61617, 56.7720003 ], [ -2.6143072, 56.7724635 ], [ -2.6139464, 56.7725035 ] ] ] } },
{ "type": "Feature", "properties": { "stop_id": "osm-way-366951023", "name": null }, "geometry": { "type": "Polygon", "coordinates": [ [ [ -1.5411464, 54.7908302 ], [ -1.5409366, 54.7909236 ], [ -1.5401808, 54.79126 ], [ -1.5398679, 54.7913993 ], [ -1.5402415, 54.7910754 ], [ -1.5406241, 54.790895 ], [ -1.5411464, 54.7908302 ] ] ] } },
{ "type": "Feature", "properties": { "stop_id": "osm-way-369574987", "name": "Showground Service Station" }, "geometry": { "type": "Polygon", "coordinates": [ [ [ -2.0183017, 53.4565951 ], [ -2.0192937, 53.4563966 ], [ -2.0191723, 53.4561371 ], [ -2.0191178, 53.4560811 ], [ -2.0187414, 53.4561609 ], [ -2.0185265, 53.456205 ], [ -2.0181145, 53.4562852 ], [ -2.0183017, 53.4565951 ] ] ] } },
{ "type": "Feature", "properties": { "stop_id": "osm-way-373087329", "name": "Cornwall Services" }, "geometry": { "type": "Polygon", "coordinates": [ [ [ -4.8183328, 50.4256109 ], [ -4.8183292, 50.4254749 ], [ -4.8183636, 50.4253743 ], [ -4.8184317, 50.4251753 ], [ -4.8186952, 50.4247628 ], [ -4.8188122, 50.4246958 ], [ -4.8189482, 50.4246179 ], [ -4.8189046, 50.4245866 ], [ -4.8187978, 50.4245098 ], [ -4.8186746, 50.4244656 ], [ -4.8183069, 50.4245011 ], [ -4.8177904, 50.4245097 ], [ -4.8171194, 50.4245316 ], [ -4.815061, 50.4245989 ], [ -4.8150277, 50.4246543 ], [ -4.8149463, 50.4247898 ], [ -4.8146669, 50.4252796 ], [ -4.8143873, 50.4257697 ], [ -4.8142368, 50.4260311 ], [ -4.8140999, 50.4262688 ], [ -4.8140344, 50.4263825 ], [ -4.8142405, 50.4265993 ], [ -4.8142701, 50.4266499 ], [ -4.8142804, 50.4267214 ], [ -4.8142762, 50.4267447 ], [ -4.8142724, 50.4267663 ], [ -4.8142679, 50.426791 ], [ -4.8142641, 50.4268129 ], [ -4.814261, 50.426831 ], [ -4.8142572, 50.4268524 ], [ -4.8142536, 50.4268726 ], [ -4.8142495, 50.4268959 ], [ -4.8142459, 50.426916 ], [ -4.8142418, 50.4269398 ], [ -4.8142383, 50.4269608 ], [ -4.8142349, 50.4269809 ], [ -4.8142315, 50.4270018 ], [ -4.814228, 50.4270227 ], [ -4.8142242, 50.4270453 ], [ -4.8142207, 50.427066 ], [ -4.814217, 50.4270875 ], [ -4.8142139, 50.4270972 ], [ -4.8142221, 50.4271153 ], [ -4.8142323, 50.4271388 ], [ -4.8142424, 50.4271611 ], [ -4.8142534, 50.4271864 ], [ -4.8142658, 50.4272143 ], [ -4.8143318, 50.427371 ], [ -4.8143426, 50.4274667 ], [ -4.8144753, 50.4274683 ], [ -4.8146789, 50.4273813 ], [ -4.8152666, 50.4270932 ], [ -4.8157239, 50.4269959 ], [ -4.8159466, 50.4269118 ], [ -4.8178442, 50.4259514 ], [ -4.8183328, 50.4256109 ] ] ] } },
{ "type": "Feature", "properties": { "stop_id": "osm-way-374537472", "name": null }, "geometry": { "type": "Polygon", "coordinates": [ [ [ -1.4971942, 54.7883417 ], [ -1.4969575, 54.7884909 ], [ -1.4968541, 54.788894 ], [ -1.4969581, 54.7890407 ], [ -1.4969673, 54.7889939 ], [ -1.4969957, 54.7888489 ], [ -1.4970708, 54.7886262 ], [ -1.4971753, 54.7883852 ], [ -1.4971942, 54.7883417 ] ] ] } },
{ "type": "Feature", "properties": { "stop_id": "osm-way-374537473", "name": null }, "geometry": { "type": "Polygon", "coordinates": [ [ [ -1.497144, 54.7926235 ], [ -1.4969582, 54.7924878 ], [ -1.4969512, 54.7924356 ], [ -1.4969204, 54.7922065 ], [ -1.4969153, 54.7921684 ], [ -1.4970257, 54.7920902 ], [ -1.4970327, 54.7921388 ], [ -1.4970365, 54.7921657 ], [ -1.4970498, 54.7922595 ], [ -1.4971334, 54.7925825 ], [ -1.497144, 54.7926235 ] ] ] } },
{ "type": "Feature", "properties": { "stop_id": "osm-way-375097037", "name": "Whittlesford Service Station" }, "geometry": { "type": "Polygon", "coordinates": [ [ [ 0.1749906, 52.1042854 ], [ 0.175861, 52.1043836 ], [ 0.1760905, 52.1043994 ], [ 0.1763404, 52.1043764 ], [ 0.1766011, 52.104314 ], [ 0.1766939, 52.1042825 ], [ 0.1767694, 52.1042452 ], [ 0.1767541, 52.1042266 ], [ 0.1771783, 52.1040472 ], [ 0.177259, 52.1038139 ], [ 0.1773077, 52.1036731 ], [ 0.175106, 52.1039308 ], [ 0.1750076, 52.1042332 ], [ 0.1749906, 52.1042854 ] ] ] } },
{ "type": "Feature", "properties": { "stop_id": "osm-way-375113742", "name": null }, "geometry": { "type": "Polygon", "coordinates": [ [ [ -1.5053016, 54.7807803 ], [ -1.505327, 54.7808193 ], [ -1.5053079, 54.7809071 ], [ -1.5052593, 54.7809278 ], [ -1.5052196, 54.7809396 ], [ -1.5052301, 54.7808897 ], [ -1.5052532, 54.7807386 ], [ -1.5053016, 54.7807803 ] ] ] } },
{ "type": "Feature", "properties": { "stop_id": "osm-way-381250063", "name": "Cobham Services" }, "geometry": { "type": "Polygon", "coordinates": [ [ [ -0.4116747, 51.3067347 ], [ -0.4112064, 51.306718 ], [ -0.4105916, 51.3064866 ], [ -0.4102372, 51.3064546 ], [ -0.4101781, 51.3065422 ], [ -0.4095787, 51.3063503 ], [ -0.4094378, 51.3062995 ], [ -0.4093262, 51.3062374 ], [ -0.4092575, 51.3061584 ], [ -0.4092354, 51.3060979 ], [ -0.4092314, 51.3060236 ], [ -0.4092502, 51.3059708 ], [ -0.4092101, 51.3059573 ], [ -0.4091244, 51.3059338 ], [ -0.4091386, 51.3059195 ], [ -0.4091173, 51.3059037 ], [ -0.4090097, 51.3059044 ], [ -0.4089461, 51.3059052 ], [ -0.4088808, 51.3058955 ], [ -0.4088478, 51.3058811 ], [ -0.4088085, 51.3058386 ], [ -0.4087628, 51.3057992 ], [ -0.4087303, 51.3057516 ], [ -0.4087202, 51.3057198 ], [ -0.408717, 51.3056489 ], [ -0.4087882, 51.3055552 ], [ -0.4087786, 51.3055463 ], [ -0.4086328, 51.3054126 ], [ -0.4086175, 51.3053811 ], [ -0.4085747, 51.3053553 ], [ -0.4085226, 51.3053448 ], [ -0.408456, 51.3053539 ], [ -0.4083878, 51.3053706 ], [ -0.4083279, 51.3053797 ], [ -0.4079385, 51.3054908 ], [ -0.4078099, 51.3055176 ], [ -0.4078047, 51.3055364 ], [ -0.4075511, 51.3055807 ], [ -0.4072131, 51.3056337 ], [ -0.4069121, 51.3056684 ], [ -0.4065762, 51.3056961 ], [ -0.4061538, 51.3057264 ], [ -0.4056409, 51.3057501 ], [ -0.4056436, 51.3057797 ], [ -0.4056131, 51.3057816 ], [ -0.4055721, 51.3057891 ], [ -0.4050459, 51.3057868 ], [ -0.4050002, 51.3058024 ], [ -0.4037658, 51.3057293 ], [ -0.4037678, 51.3057108 ], [ -0.4037499, 51.3057073 ], [ -0.4037508, 51.305704 ], [ -0.4037314, 51.3056953 ], [ -0.4036151, 51.3056429 ], [ -0.4035462, 51.305641 ], [ -0.4034552, 51.3056385 ], [ -0.4032854, 51.3055826 ], [ -0.4032272, 51.3055167 ], [ -0.4031803, 51.3054344 ], [ -0.4030863, 51.3047208 ], [ -0.4040288, 51.3040222 ], [ -0.4046169, 51.30357 ], [ -0.4048341, 51.3034009 ], [ -0.4049341, 51.3033683 ], [ -0.4053105, 51.3034215 ], [ -0.405793, 51.3035201 ], [ -0.4060488, 51.3035768 ], [ -0.4063294, 51.3036788 ], [ -0.4067318, 51.3038571 ], [ -0.4069529, 51.3039605 ], [ -0.4069796, 51.3039722 ], [ -0.4069987, 51.3039806 ], [ -0.4070627, 51.3040088 ], [ -0.4071482, 51.3039893 ], [ -0.4073781, 51.3039369 ], [ -0.4082494, 51.3035625 ], [ -0.4095284, 51.3041179 ], [ -0.410491, 51.3045505 ], [ -0.4108793, 51.3047102 ], [ -0.410996, 51.3047582 ], [ -0.4110063, 51.304761 ], [ -0.4115095, 51.3048999 ], [ -0.4119448, 51.3050137 ], [ -0.4125746, 51.3050604 ], [ -0.4123726, 51.3054988 ], [ -0.4122619, 51.3057029 ], [ -0.4122519, 51.3057216 ], [ -0.4122392, 51.305744 ], [ -0.4116747, 51.3067347 ] ] ] } },
{ "type": "Feature", "properties": { "stop_id": "osm-way-382100162", "name": null }, "geometry": { "type": "Polygon", "coordinates": [ [ [ -1.5200008, 54.7873829 ], [ -1.5196045, 54.7874751 ], [ -1.5194821, 54.7875036 ], [ -1.5195339, 54.7875708 ], [ -1.5196046, 54.7876835 ], [ -1.5196951, 54.7876691 ], [ -1.5196631, 54.7876337 ], [ -1.5197089, 54.7875938 ], [ -1.5200008, 54.7873829 ] ] ] } },
{ "type": "Feature", "properties": { "stop_id": "osm-way-383281385", "name": "M74 Truck Stop" }, "geometry": { "type": "Polygon", "coordinates": [ [ [ -3.8934702, 55.6484911 ], [ -3.8928913, 55.6489322 ], [ -3.8923847, 55.6493695 ], [ -3.8919628, 55.6492494 ], [ -3.8919361, 55.6491676 ], [ -3.8916776, 55.6489867 ], [ -3.8912153, 55.6487309 ], [ -3.8908297, 55.648608 ], [ -3.8909839, 55.6483068 ], [ -3.8906912, 55.6481198 ], [ -3.8914582, 55.6477484 ], [ -3.8934702, 55.6484911 ] ] ] } },
{ "type": "Feature", "properties": { "stop_id": "osm-way-384598711", "name": null }, "geometry": { "type": "Polygon", "coordinates": [ [ [ -2.0268851, 50.7861523 ], [ -2.0260543, 50.786296 ], [ -2.0258177, 50.7863414 ], [ -2.02594, 50.7862901 ], [ -2.0265554, 50.7861733 ], [ -2.0268851, 50.7861523 ] ] ] } },
{ "type": "Feature", "properties": { "stop_id": "osm-way-384598712", "name": null }, "geometry": { "type": "Polygon", "coordinates": [ [ [ -2.0306905, 50.7856641 ], [ -2.0302479, 50.7857456 ], [ -2.0296524, 50.7858338 ], [ -2.0291208, 50.785912 ], [ -2.0287034, 50.7859649 ], [ -2.0283219, 50.786001 ], [ -2.0306905, 50.7856641 ] ] ] } },
{ "type": "Feature", "properties": { "stop_id": "osm-way-386343032", "name": "Moto Sawtry" }, "geometry": { "type": "Polygon", "coordinates": [ [ [ -0.270173, 52.4276522 ], [ -0.2702867, 52.4276543 ], [ -0.2703955, 52.4276319 ], [ -0.2705042, 52.4276684 ], [ -0.2705394, 52.4278025 ], [ -0.2708504, 52.4282114 ], [ -0.2711401, 52.4285876 ], [ -0.2713064, 52.4287299 ], [ -0.2714834, 52.4288002 ], [ -0.2717543, 52.4288018 ], [ -0.2718348, 52.4286873 ], [ -0.2718026, 52.42846 ], [ -0.2718028, 52.4284371 ], [ -0.2718047, 52.4282654 ], [ -0.2718026, 52.4282294 ], [ -0.2716766, 52.4277355 ], [ -0.2715076, 52.4273642 ], [ -0.2714459, 52.4272383 ], [ -0.2717114, 52.4271827 ], [ -0.2712885, 52.4266385 ], [ -0.2708703, 52.4261987 ], [ -0.2705112, 52.4258206 ], [ -0.2696634, 52.4260886 ], [ -0.2698377, 52.4265988 ], [ -0.270002, 52.4272266 ], [ -0.270173, 52.4276522 ] ] ] } },
{ "type": "Feature", "properties": { "stop_id": "osm-way-387941598", "name": null }, "geometry": { "type": "Polygon", "coordinates": [ [ [ -2.0142193, 50.7893591 ], [ -2.0140904, 50.7892744 ], [ -2.0139321, 50.7891415 ], [ -2.013857, 50.7890896 ], [ -2.0138049, 50.7890865 ], [ -2.0134436, 50.7891591 ], [ -2.0126837, 50.7893216 ], [ -2.0121252, 50.789441 ], [ -2.0120513, 50.7894519 ], [ -2.0121124, 50.7896312 ], [ -2.0126944, 50.7895497 ], [ -2.0126707, 50.7895078 ], [ -2.0126891, 50.7895068 ], [ -2.0127125, 50.7895164 ], [ -2.0127191, 50.7895437 ], [ -2.0127226, 50.7895722 ], [ -2.012712, 50.7895883 ], [ -2.0126881, 50.7896126 ], [ -2.0126064, 50.7896451 ], [ -2.0125191, 50.7896758 ], [ -2.0134753, 50.7895208 ], [ -2.0138377, 50.7894431 ], [ -2.0139026, 50.7894059 ], [ -2.0139189, 50.789379 ], [ -2.013996, 50.7893738 ], [ -2.0140092, 50.7894117 ], [ -2.0142193, 50.7893591 ] ] ] } },
{ "type": "Feature", "properties": { "stop_id": "osm-way-398995526", "name": "Daneholes" }, "geometry": { "type": "Polygon", "coordinates": [ [ [ 0.3439188, 51.489202 ], [ 0.3438571, 51.4890817 ], [ 0.3437713, 51.4890834 ], [ 0.3436881, 51.4888729 ], [ 0.3437498, 51.488746 ], [ 0.3438491, 51.488726 ], [ 0.3440297, 51.4885936 ], [ 0.3443533, 51.4887594 ], [ 0.3451473, 51.4888245 ], [ 0.3451495, 51.4892348 ], [ 0.3443235, 51.4892711 ], [ 0.3442067, 51.4892424 ], [ 0.3441656, 51.4892337 ], [ 0.3439188, 51.489202 ] ] ] } },
{ "type": "Feature", "properties": { "stop_id": "osm-way-402154940", "name": null }, "geometry": { "type": "Polygon", "coordinates": [ [ [ -2.6021856, 52.6222959 ], [ -2.602009, 52.6221325 ], [ -2.6018974, 52.6219353 ], [ -2.6017984, 52.6217228 ], [ -2.6017578, 52.6215949 ], [ -2.6017978, 52.6215869 ], [ -2.6018265, 52.6215811 ], [ -2.6018847, 52.6215694 ], [ -2.6019129, 52.6216064 ], [ -2.601988, 52.6217521 ], [ -2.6020992, 52.6220135 ], [ -2.6021462, 52.6221164 ], [ -2.6022749, 52.622265 ], [ -2.6022248, 52.6222823 ], [ -2.6021856, 52.6222959 ] ] ] } },
{ "type": "Feature", "properties": { "stop_id": "osm-way-402154947", "name": null }, "geometry": { "type": "Polygon", "coordinates": [ [ [ -2.60155, 52.6205534 ], [ -2.601554, 52.6205448 ], [ -2.6015419, 52.6205221 ], [ -2.6015225, 52.6204948 ], [ -2.6014682, 52.6204264 ], [ -2.6013951, 52.6203344 ], [ -2.6013039, 52.6202436 ], [ -2.601261, 52.6202025 ], [ -2.6012462, 52.6201956 ], [ -2.6012328, 52.6202 ], [ -2.601148, 52.620113 ], [ -2.6010491, 52.6200116 ], [ -2.6011296, 52.6200425 ], [ -2.6012315, 52.6201052 ], [ -2.6013153, 52.6201793 ], [ -2.6013978, 52.6202615 ], [ -2.6014675, 52.6203405 ], [ -2.6015889, 52.6204915 ], [ -2.6016432, 52.6205762 ], [ -2.6017082, 52.6206686 ], [ -2.6017042, 52.6206991 ], [ -2.6017002, 52.6207459 ], [ -2.6017056, 52.6207777 ], [ -2.6016234, 52.6206597 ], [ -2.60155, 52.6205534 ] ] ] } },
{ "type": "Feature", "properties": { "stop_id": "osm-way-411537457", "name": "Newtoll Service Station" }, "geometry": { "type": "Polygon", "coordinates": [ [ [ -0.0186917, 52.6170954 ], [ -0.0187266, 52.6168152 ], [ -0.0194254, 52.6168666 ], [ -0.0184296, 52.6167502 ], [ -0.0180922, 52.6167098 ], [ -0.0178113, 52.6166765 ], [ -0.0178193, 52.617349 ], [ -0.0181115, 52.6173556 ], [ -0.0185822, 52.6173633 ], [ -0.0186018, 52.6171095 ], [ -0.0186897, 52.617113 ], [ -0.0186917, 52.6170954 ] ] ] } },
{ "type": "Feature", "properties": { "stop_id": "osm-way-411537459", "name": "Thorney Toll Service Station" }, "geometry": { "type": "Polygon", "coordinates": [ [ [ -0.0207456, 52.6163182 ], [ -0.0208327, 52.6163093 ], [ -0.020893, 52.6165592 ], [ -0.0209964, 52.6169012 ], [ -0.0206503, 52.6168808 ], [ -0.0200871, 52.6168364 ], [ -0.0198282, 52.61681 ], [ -0.0199088, 52.6166986 ], [ -0.0200509, 52.6164957 ], [ -0.0205323, 52.6165193 ], [ -0.0205524, 52.6163377 ], [ -0.0207456, 52.6163182 ] ] ] } },
{ "type": "Feature", "properties": { "stop_id": "osm-way-414849517", "name": "Lisburn Services" }, "geometry": { "type": "Polygon", "coordinates": [ [ [ -6.0015569, 54.5260323 ], [ -6.0016115, 54.5259807 ], [ -6.0016299, 54.5259391 ], [ -6.0016022, 54.5257398 ], [ -6.0017101, 54.525679 ], [ -6.0021384, 54.5249702 ], [ -6.0024124, 54.5246251 ], [ -6.0028434, 54.5241245 ], [ -6.0037137, 54.5243212 ], [ -6.0038456, 54.5244133 ], [ -6.0034369, 54.5250164 ], [ -6.0034348, 54.5251125 ], [ -6.0034958, 54.5251521 ], [ -6.0024247, 54.5267704 ], [ -6.0023067, 54.5268285 ], [ -6.0022441, 54.5270223 ], [ -6.0020794, 54.5269828 ], [ -6.0016507, 54.5265312 ], [ -6.0016583, 54.5265063 ], [ -6.0016778, 54.526456 ], [ -6.0015068, 54.526302 ], [ -6.0015569, 54.5260323 ] ] ] } },
{ "type": "Feature", "properties": { "stop_id": "osm-way-423707756", "name": null }, "geometry": { "type": "Polygon", "coordinates": [ [ [ -7.2084396, 54.4000994 ], [ -7.2082011, 54.4002279 ], [ -7.2082424, 54.4002694 ], [ -7.2082279, 54.4002989 ], [ -7.2081865, 54.4003254 ], [ -7.2077681, 54.4005437 ], [ -7.2075816, 54.4006402 ], [ -7.2075485, 54.4006546 ], [ -7.207535, 54.4006534 ], [ -7.2074657, 54.400624 ], [ -7.2072662, 54.4007285 ], [ -7.207361, 54.4007493 ], [ -7.2074604, 54.4007288 ], [ -7.207592, 54.4006944 ], [ -7.2076479, 54.4006667 ], [ -7.2079182, 54.4005286 ], [ -7.2081585, 54.4003942 ], [ -7.2082008, 54.4003747 ], [ -7.2082528, 54.4003508 ], [ -7.2083419, 54.4002917 ], [ -7.2084352, 54.4001909 ], [ -7.2084703, 54.400153 ], [ -7.2084396, 54.4000994 ] ] ] } },
{ "type": "Feature", "properties": { "stop_id": "osm-way-424575137", "name": null }, "geometry": { "type": "Polygon", "coordinates": [ [ [ -1.2233012, 51.8532919 ], [ -1.2235726, 51.853076 ], [ -1.2236416, 51.8530211 ], [ -1.2246405, 51.8523908 ], [ -1.2252711, 51.8519928 ], [ -1.2254862, 51.851857 ], [ -1.2258422, 51.8516357 ], [ -1.2253683, 51.8517155 ], [ -1.2248098, 51.8518364 ], [ -1.2245272, 51.851901 ], [ -1.2243314, 51.8519931 ], [ -1.224031, 51.8522515 ], [ -1.2238819, 51.8524054 ], [ -1.2236794, 51.8526184 ], [ -1.2235504, 51.8528026 ], [ -1.2234057, 51.8530019 ], [ -1.2233012, 51.8532919 ] ] ] } },
{ "type": "Feature", "properties": { "stop_id": "osm-way-427012583", "name": "Lisburn Services" }, "geometry": { "type": "Polygon", "coordinates": [ [ [ -6.0027895, 54.5269948 ], [ -6.0028681, 54.526967 ], [ -6.002987, 54.5267851 ], [ -6.0043629, 54.5270895 ], [ -6.0053352, 54.5256394 ], [ -6.005334, 54.5255411 ], [ -6.004562, 54.5247216 ], [ -6.0042862, 54.5246506 ], [ -6.0030897, 54.5264548 ], [ -6.0027895, 54.5269948 ] ] ] } },
{ "type": "Feature", "properties": { "stop_id": "osm-way-432782797", "name": null }, "geometry": { "type": "Polygon", "coordinates": [ [ [ -1.3148779, 52.3125562 ], [ -1.3150308, 52.3127997 ], [ -1.3151743, 52.3131014 ], [ -1.3151582, 52.3129604 ], [ -1.3149932, 52.3126562 ], [ -1.3148779, 52.3125562 ] ] ] } },
{ "type": "Feature", "properties": { "stop_id": "osm-way-435831017", "name": null }, "geometry": { "type": "Polygon", "coordinates": [ [ [ -2.6791711, 53.7210379 ], [ -2.6784496, 53.7211665 ], [ -2.6782059, 53.7211603 ], [ -2.6792382, 53.7209839 ], [ -2.6791711, 53.7210379 ] ] ] } },
{ "type": "Feature", "properties": { "stop_id": "osm-way-437165260", "name": null }, "geometry": { "type": "Polygon", "coordinates": [ [ [ -0.8878716, 52.0416841 ], [ -0.8875336, 52.0424859 ], [ -0.8872493, 52.042895 ], [ -0.8860959, 52.0434164 ], [ -0.8856024, 52.0437232 ], [ -0.8852162, 52.0440762 ], [ -0.8846636, 52.0438882 ], [ -0.8851357, 52.0434164 ], [ -0.8856185, 52.0430006 ], [ -0.8863695, 52.0425486 ], [ -0.8878716, 52.0416841 ] ] ] } },
{ "type": "Feature", "properties": { "stop_id": "osm-way-437170266", "name": null }, "geometry": { "type": "Polygon", "coordinates": [ [ [ -0.9788011, 51.9901693 ], [ -0.9787882, 51.99017 ], [ -0.9784974, 51.9901866 ], [ -0.9782393, 51.9901669 ], [ -0.9770497, 51.9901396 ], [ -0.9771087, 51.9897779 ], [ -0.9777846, 51.9893847 ], [ -0.9785168, 51.9891585 ], [ -0.9791364, 51.9899414 ], [ -0.9790967, 51.9900761 ], [ -0.97904, 51.990094 ], [ -0.9788011, 51.9901693 ] ] ] } },
{ "type": "Feature", "properties": { "stop_id": "osm-way-437944265", "name": "Cromwell Services" }, "geometry": { "type": "Polygon", "coordinates": [ [ [ -0.8061303, 53.1409671 ], [ -0.8059449, 53.1409723 ], [ -0.8059449, 53.1410398 ], [ -0.8059181, 53.1410398 ], [ -0.8057548, 53.1412567 ], [ -0.8054883, 53.1414015 ], [ -0.8051703, 53.1418977 ], [ -0.8051459, 53.1419493 ], [ -0.8054598, 53.1419876 ], [ -0.8058476, 53.1419541 ], [ -0.8061495, 53.1418473 ], [ -0.8062215, 53.1418066 ], [ -0.8062287, 53.1417815 ], [ -0.8061335, 53.1415092 ], [ -0.8061273, 53.1414228 ], [ -0.8061303, 53.1409671 ] ] ] } },
{ "type": "Feature", "properties": { "stop_id": "osm-way-441490921", "name": "Bronllys Castle" }, "geometry": { "type": "Polygon", "coordinates": [ [ [ -3.2404541, 52.0028925 ], [ -3.2405896, 52.0028651 ], [ -3.2408146, 52.0029001 ], [ -3.2410636, 52.0030157 ], [ -3.241154, 52.0031017 ], [ -3.241217, 52.003232 ], [ -3.2409216, 52.0030668 ], [ -3.2407469, 52.0029845 ], [ -3.2404541, 52.0028925 ] ] ] } },
{ "type": "Feature", "properties": { "stop_id": "osm-way-444986103", "name": "Oakwood Gate Service Station" }, "geometry": { "type": "Polygon", "coordinates": [ [ [ -2.5279903, 53.4194565 ], [ -2.5274759, 53.4195498 ], [ -2.5271008, 53.4195124 ], [ -2.5270266, 53.4193905 ], [ -2.5269523, 53.4194042 ], [ -2.5268827, 53.4194029 ], [ -2.5268157, 53.4193717 ], [ -2.5266719, 53.4192144 ], [ -2.5267342, 53.4191155 ], [ -2.5269243, 53.4190097 ], [ -2.5270601, 53.4189549 ], [ -2.5275026, 53.4188703 ], [ -2.5278577, 53.4190992 ], [ -2.5279788, 53.4191248 ], [ -2.5280938, 53.4193538 ], [ -2.5279903, 53.4194565 ] ] ] } },
{ "type": "Feature", "properties": { "stop_id": "osm-way-445307351", "name": null }, "geometry": { "type": "Polygon", "coordinates": [ [ [ -7.4695543, 54.2981364 ], [ -7.4694601, 54.2981123 ], [ -7.4689802, 54.2979868 ], [ -7.4689858, 54.298101 ], [ -7.4694228, 54.2982134 ], [ -7.4695543, 54.2981364 ] ] ] } },
{ "type": "Feature", "properties": { "stop_id": "osm-way-445334898", "name": null }, "geometry": { "type": "Polygon", "coordinates": [ [ [ -7.5328801, 54.318076 ], [ -7.5324208, 54.3179431 ], [ -7.5320137, 54.3178226 ], [ -7.5311849, 54.3175629 ], [ -7.5310037, 54.3175028 ], [ -7.5307933, 54.317433 ], [ -7.5305063, 54.3173235 ], [ -7.5304741, 54.3173908 ], [ -7.5308148, 54.317602 ], [ -7.5311259, 54.3177835 ], [ -7.5314504, 54.3179164 ], [ -7.531893, 54.3180322 ], [ -7.5320834, 54.3180682 ], [ -7.5324214, 54.3180885 ], [ -7.5327191, 54.3181073 ], [ -7.5328801, 54.318076 ] ] ] } },
{ "type": "Feature", "properties": { "stop_id": "osm-way-445652978", "name": "Bradbury Services" }, "geometry": { "type": "Polygon", "coordinates": [ [ [ -1.5081763, 54.649573 ], [ -1.5078839, 54.649632 ], [ -1.5076023, 54.6496894 ], [ -1.5074038, 54.6496522 ], [ -1.5069155, 54.649518 ], [ -1.5065791, 54.6494372 ], [ -1.5067038, 54.6492712 ], [ -1.5068995, 54.6490966 ], [ -1.5078168, 54.6494396 ], [ -1.5081763, 54.649573 ] ] ] } },
{ "type": "Feature", "properties": { "stop_id": "osm-way-446669683", "name": null }, "geometry": { "type": "Polygon", "coordinates": [ [ [ -7.5880457, 54.3186306 ], [ -7.5874315, 54.3186244 ], [ -7.586482, 54.3185587 ], [ -7.58579, 54.3184554 ], [ -7.5853582, 54.3183146 ], [ -7.5850175, 54.3181801 ], [ -7.5859742, 54.318344 ], [ -7.5865804, 54.3184304 ], [ -7.5880457, 54.3186306 ] ] ] } },
{ "type": "Feature", "properties": { "stop_id": "osm-way-446955595", "name": "Besthorpe Filling Station" }, "geometry": { "type": "Polygon", "coordinates": [ [ [ 1.0505778, 52.5317423 ], [ 1.0525305, 52.5322487 ], [ 1.0529459, 52.5316785 ], [ 1.0523173, 52.5315059 ], [ 1.0510492, 52.5311553 ], [ 1.0505778, 52.5317423 ] ] ] } },
{ "type": "Feature", "properties": { "stop_id": "osm-way-447366749", "name": "Childwall Valley Service Station" }, "geometry": { "type": "Polygon", "coordinates": [ [ [ -2.8507722, 53.3904114 ], [ -2.8499319, 53.3901673 ], [ -2.8502998, 53.3899565 ], [ -2.850983, 53.3901376 ], [ -2.8507722, 53.3904114 ] ] ] } },
{ "type": "Feature", "properties": { "stop_id": "osm-way-448048553", "name": null }, "geometry": { "type": "Polygon", "coordinates": [ [ [ -2.4616128, 52.7141938 ], [ -2.4615306, 52.7141954 ], [ -2.4611137, 52.7144047 ], [ -2.4611069, 52.7144571 ], [ -2.4616128, 52.7141938 ] ] ] } },
{ "type": "Feature", "properties": { "stop_id": "osm-way-448305299", "name": "Sedbury lay-by" }, "geometry": { "type": "Polygon", "coordinates": [ [ [ -1.6805112, 54.442925 ], [ -1.6807084, 54.4428736 ], [ -1.6804001, 54.4427005 ], [ -1.68014, 54.4425524 ], [ -1.6799775, 54.4424891 ], [ -1.6797629, 54.4424314 ], [ -1.6794826, 54.4423885 ], [ -1.6789891, 54.4423713 ], [ -1.6778505, 54.4423916 ], [ -1.6778103, 54.4424984 ], [ -1.6783742, 54.442491 ], [ -1.6788872, 54.4424914 ], [ -1.6792654, 54.4425039 ], [ -1.6795389, 54.4425234 ], [ -1.6797294, 54.4425499 ], [ -1.6799031, 54.4426033 ], [ -1.6801693, 54.4427316 ], [ -1.6805112, 54.442925 ] ] ] } },
{ "type": "Feature", "properties": { "stop_id": "osm-way-450267528", "name": null }, "geometry": { "type": "Polygon", "coordinates": [ [ [ -2.7417976, 53.3994092 ], [ -2.7413376, 53.3992365 ], [ -2.7407889, 53.3990611 ], [ -2.7400347, 53.3988467 ], [ -2.739563, 53.3987298 ], [ -2.7386531, 53.3985114 ], [ -2.7396401, 53.3987089 ], [ -2.7400651, 53.3987813 ], [ -2.7405251, 53.3988759 ], [ -2.740978, 53.399004 ], [ -2.7413587, 53.3991474 ], [ -2.7416552, 53.3993061 ], [ -2.7417976, 53.3994092 ] ] ] } },
{ "type": "Feature", "properties": { "stop_id": "osm-way-452840219", "name": null }, "geometry": { "type": "Polygon", "coordinates": [ [ [ -2.2270569, 54.5242167 ], [ -2.2267136, 54.5243054 ], [ -2.2265044, 54.5242136 ], [ -2.2251955, 54.5245918 ], [ -2.2243818, 54.5242259 ], [ -2.2252602, 54.5234364 ], [ -2.225555, 54.5235528 ], [ -2.2260157, 54.5237806 ], [ -2.226226, 54.5238846 ], [ -2.2262522, 54.5238976 ], [ -2.226448, 54.5239753 ], [ -2.2270569, 54.5242167 ] ] ] } },
{ "type": "Feature", "properties": { "stop_id": "osm-way-456009583", "name": null }, "geometry": { "type": "Polygon", "coordinates": [ [ [ -0.4223118, 52.5979584 ], [ -0.421206, 52.5980984 ], [ -0.4212409, 52.5982434 ], [ -0.4216279, 52.5986666 ], [ -0.421772, 52.5989358 ], [ -0.4218794, 52.5989552 ], [ -0.4229737, 52.5986424 ], [ -0.4223118, 52.5979584 ] ] ] } },
{ "type": "Feature", "properties": { "stop_id": "osm-way-462184311", "name": null }, "geometry": { "type": "Polygon", "coordinates": [ [ [ -0.4806808, 53.7239053 ], [ -0.480655, 53.7239363 ], [ -0.4806392, 53.7239553 ], [ -0.4805601, 53.724091 ], [ -0.4803455, 53.7243783 ], [ -0.4803468, 53.7243965 ], [ -0.4803669, 53.7244132 ], [ -0.4812293, 53.7246465 ], [ -0.4813017, 53.7246822 ], [ -0.4814854, 53.7248829 ], [ -0.4815122, 53.7248996 ], [ -0.4815592, 53.7249194 ], [ -0.4818851, 53.7250067 ], [ -0.4824403, 53.7251448 ], [ -0.4830237, 53.7252868 ], [ -0.4832584, 53.7253423 ], [ -0.4833415, 53.7253566 ], [ -0.4834327, 53.7253773 ], [ -0.4834729, 53.7253701 ], [ -0.4835239, 53.7253495 ], [ -0.4835869, 53.7253185 ], [ -0.4837023, 53.7252662 ], [ -0.4837465, 53.7252463 ], [ -0.483713, 53.7252162 ], [ -0.4837385, 53.7252098 ], [ -0.4837774, 53.7252186 ], [ -0.4838203, 53.7252201 ], [ -0.4839155, 53.7251479 ], [ -0.4839303, 53.7251138 ], [ -0.483941, 53.7250297 ], [ -0.4839329, 53.7249012 ], [ -0.484122, 53.7249012 ], [ -0.4844855, 53.7249202 ], [ -0.484755, 53.7249202 ], [ -0.4847724, 53.7249055 ], [ -0.4848167, 53.7248678 ], [ -0.4848073, 53.7248456 ], [ -0.4839544, 53.7246663 ], [ -0.4830062, 53.7244449 ], [ -0.4824001, 53.7243116 ], [ -0.4820044, 53.7242783 ], [ -0.4818113, 53.7242545 ], [ -0.4817241, 53.7242346 ], [ -0.4816289, 53.724191 ], [ -0.4814948, 53.7241212 ], [ -0.4813379, 53.7240815 ], [ -0.4809999, 53.7240037 ], [ -0.4809061, 53.7239799 ], [ -0.4806808, 53.7239053 ] ] ] } },
{ "type": "Feature", "properties": { "stop_id": "osm-way-465602096", "name": null }, "geometry": { "type": "Polygon", "coordinates": [ [ [ -0.2471923, 52.3712225 ], [ -0.245446, 52.3720041 ], [ -0.2447487, 52.371408 ], [ -0.244223, 52.3716438 ], [ -0.243826, 52.3713687 ], [ -0.2436517, 52.3712641 ], [ -0.2430535, 52.370825 ], [ -0.2433861, 52.3703206 ], [ -0.2444268, 52.3707922 ], [ -0.2448687, 52.3706309 ], [ -0.2455426, 52.3709167 ], [ -0.2459396, 52.3707267 ], [ -0.246334, 52.3708164 ], [ -0.2471923, 52.3712225 ] ] ] } },
{ "type": "Feature", "properties": { "stop_id": "osm-way-466057567", "name": null }, "geometry": { "type": "Polygon", "coordinates": [ [ [ -6.1675496, 57.6026803 ], [ -6.1674777, 57.6027161 ], [ -6.1674126, 57.602687 ], [ -6.1672926, 57.6026126 ], [ -6.167155, 57.6025191 ], [ -6.1669997, 57.6024115 ], [ -6.1667895, 57.6022664 ], [ -6.1667241, 57.6022207 ], [ -6.166807, 57.6021932 ], [ -6.1668225, 57.6021904 ], [ -6.1668367, 57.6021904 ], [ -6.1668526, 57.6021927 ], [ -6.1669534, 57.6022544 ], [ -6.1671631, 57.6024018 ], [ -6.1673684, 57.6025421 ], [ -6.1674242, 57.6025872 ], [ -6.1675029, 57.6026526 ], [ -6.1675496, 57.6026803 ] ] ] } },
{ "type": "Feature", "properties": { "stop_id": "osm-way-480649578", "name": null }, "geometry": { "type": "Polygon", "coordinates": [ [ [ -1.1442846, 53.9322068 ], [ -1.1441945, 53.9313282 ], [ -1.1442774, 53.9316353 ], [ -1.1443103, 53.9318272 ], [ -1.1443117, 53.9320326 ], [ -1.1443017, 53.9321058 ], [ -1.1442846, 53.9322068 ] ] ] } },
{ "type": "Feature", "properties": { "stop_id": "osm-way-485420232", "name": null }, "geometry": { "type": "Polygon", "coordinates": [ [ [ -2.9238652, 53.6736261 ], [ -2.922559, 53.673634 ], [ -2.9224812, 53.6734767 ], [ -2.9228181, 53.6733771 ], [ -2.923612, 53.6735392 ], [ -2.9238652, 53.6736261 ] ] ] } },
{ "type": "Feature", "properties": { "stop_id": "osm-way-491941111", "name": null }, "geometry": { "type": "Polygon", "coordinates": [ [ [ -1.8673754, 52.3265322 ], [ -1.866965, 52.3258552 ], [ -1.86695, 52.3257746 ], [ -1.8669328, 52.3256822 ], [ -1.8668953, 52.3253945 ], [ -1.8669315, 52.3250634 ], [ -1.8669489, 52.3248167 ], [ -1.8669797, 52.3246374 ], [ -1.8669985, 52.3245282 ], [ -1.8672064, 52.3242962 ], [ -1.8672721, 52.3243224 ], [ -1.8673673, 52.3244528 ], [ -1.8674411, 52.3252011 ], [ -1.8674625, 52.3256568 ], [ -1.86748, 52.3260404 ], [ -1.8675068, 52.3265109 ], [ -1.8673754, 52.3265322 ] ] ] } },
{ "type": "Feature", "properties": { "stop_id": "osm-way-494919063", "name": "Welcome Break Kate's Cabin" }, "geometry": { "type": "Polygon", "coordinates": [ [ [ -0.3319759, 52.5436065 ], [ -0.3313037, 52.543722 ], [ -0.3304954, 52.5438728 ], [ -0.3308872, 52.5442281 ], [ -0.3317635, 52.5449929 ], [ -0.3331215, 52.54461 ], [ -0.3319759, 52.5436065 ] ] ] } },
{ "type": "Feature", "properties": { "stop_id": "osm-way-497940401", "name": "Rugby Truck Stop" }, "geometry": { "type": "Polygon", "coordinates": [ [ [ -1.1900089, 52.3847278 ], [ -1.1917939, 52.3843517 ], [ -1.188567, 52.3806882 ], [ -1.188063, 52.3800954 ], [ -1.1866683, 52.3794077 ], [ -1.185377, 52.3803946 ], [ -1.1900089, 52.3847278 ] ] ] } },
{ "type": "Feature", "properties": { "stop_id": "osm-way-497998363", "name": null }, "geometry": { "type": "Polygon", "coordinates": [ [ [ -1.3639913, 54.1972548 ], [ -1.3628989, 54.1969375 ], [ -1.3621706, 54.1979494 ], [ -1.3625309, 54.1978806 ], [ -1.3630165, 54.1979994 ], [ -1.363483, 54.1981136 ], [ -1.3638434, 54.197692 ], [ -1.3635285, 54.1975877 ], [ -1.3640747, 54.1973946 ], [ -1.3639913, 54.1972548 ] ] ] } },
{ "type": "Feature", "properties": { "stop_id": "osm-way-500543471", "name": null }, "geometry": { "type": "Polygon", "coordinates": [ [ [ -1.5930967, 54.8292379 ], [ -1.5930282, 54.8292255 ], [ -1.5929773, 54.8292163 ], [ -1.5927561, 54.8296644 ], [ -1.5927587, 54.8298351 ], [ -1.5927909, 54.8298984 ], [ -1.5928835, 54.8298946 ], [ -1.5929532, 54.829506 ], [ -1.5930967, 54.8292379 ] ] ] } },
{ "type": "Feature", "properties": { "stop_id": "osm-way-501395825", "name": null }, "geometry": { "type": "Polygon", "coordinates": [ [ [ 0.2476525, 50.7389383 ], [ 0.2485129, 50.7389892 ], [ 0.2484686, 50.7389589 ], [ 0.2483985, 50.7389035 ], [ 0.2483471, 50.7388452 ], [ 0.2482829, 50.7388097 ], [ 0.248179, 50.7387949 ], [ 0.2480483, 50.738786 ], [ 0.2479299, 50.7388006 ], [ 0.2478491, 50.7388516 ], [ 0.2478054, 50.7388998 ], [ 0.2477424, 50.7389213 ], [ 0.2476525, 50.7389383 ] ] ] } },
{ "type": "Feature", "properties": { "stop_id": "osm-way-504619898", "name": null }, "geometry": { "type": "Polygon", "coordinates": [ [ [ -3.6342335, 51.9517778 ], [ -3.6341518, 51.9517545 ], [ -3.6340803, 51.951729 ], [ -3.6336304, 51.951368 ], [ -3.6334871, 51.9513147 ], [ -3.633443, 51.9512812 ], [ -3.6333981, 51.9512431 ], [ -3.6335489, 51.9512385 ], [ -3.6336972, 51.9512659 ], [ -3.6342261, 51.9516102 ], [ -3.634283, 51.951697 ], [ -3.6342335, 51.9517778 ] ] ] } },
{ "type": "Feature", "properties": { "stop_id": "osm-way-514094000", "name": null }, "geometry": { "type": "Polygon", "coordinates": [ [ [ 1.0186601, 52.6819029 ], [ 1.0186641, 52.6818696 ], [ 1.0191616, 52.6818952 ], [ 1.0196431, 52.6819192 ], [ 1.0196391, 52.6819582 ], [ 1.0195291, 52.682111 ], [ 1.0193226, 52.6821647 ], [ 1.0191375, 52.6821712 ], [ 1.0190383, 52.6821598 ], [ 1.0189363, 52.6821094 ], [ 1.018829, 52.6820167 ], [ 1.0186601, 52.6819029 ] ] ] } },
{ "type": "Feature", "properties": { "stop_id": "osm-way-514560345", "name": null }, "geometry": { "type": "Polygon", "coordinates": [ [ [ 1.0067973, 52.6811102 ], [ 1.0067993, 52.6810923 ], [ 1.0068007, 52.6810248 ], [ 1.0068342, 52.6809801 ], [ 1.0069133, 52.6809476 ], [ 1.0070635, 52.6809354 ], [ 1.007254, 52.6809687 ], [ 1.007317, 52.6810752 ], [ 1.007315, 52.6811057 ], [ 1.0069988, 52.681109 ], [ 1.0067973, 52.6811102 ] ] ] } },
{ "type": "Feature", "properties": { "stop_id": "osm-way-515054518", "name": null }, "geometry": { "type": "Polygon", "coordinates": [ [ [ -1.1517813, 50.8545138 ], [ -1.1515694, 50.8546126 ], [ -1.1515016, 50.8546616 ], [ -1.1514438, 50.8547014 ], [ -1.1513899, 50.8547346 ], [ -1.151298, 50.8547822 ], [ -1.1512244, 50.8548179 ], [ -1.1511706, 50.8548307 ], [ -1.1511266, 50.8548328 ], [ -1.1509181, 50.8549363 ], [ -1.1510105, 50.8549171 ], [ -1.151139, 50.8548794 ], [ -1.15131, 50.854819 ], [ -1.1514286, 50.8547601 ], [ -1.1515096, 50.8547069 ], [ -1.1516283, 50.8546367 ], [ -1.1517035, 50.8545835 ], [ -1.1517813, 50.8545138 ] ] ] } },
{ "type": "Feature", "properties": { "stop_id": "osm-way-518513389", "name": null }, "geometry": { "type": "Polygon", "coordinates": [ [ [ -6.2420073, 54.7594204 ], [ -6.2419393, 54.7594275 ], [ -6.241896, 54.759432 ], [ -6.241715, 54.7588424 ], [ -6.2417708, 54.7588364 ], [ -6.2418169, 54.7588315 ], [ -6.2420073, 54.7594204 ] ] ] } },
{ "type": "Feature", "properties": { "stop_id": "osm-way-518515447", "name": null }, "geometry": { "type": "Polygon", "coordinates": [ [ [ -2.2311232, 52.311391 ], [ -2.2305505, 52.3107097 ], [ -2.230061, 52.31003 ], [ -2.2299886, 52.3101333 ], [ -2.230171, 52.3106302 ], [ -2.2303214, 52.3108335 ], [ -2.2305413, 52.3110467 ], [ -2.2310913, 52.3113721 ], [ -2.2311232, 52.311391 ] ] ] } },
{ "type": "Feature", "properties": { "stop_id": "osm-way-521350958", "name": "Barton Stacey Services" }, "geometry": { "type": "Polygon", "coordinates": [ [ [ -1.3788316, 51.1812869 ], [ -1.3782581, 51.1812133 ], [ -1.3780799, 51.1812516 ], [ -1.3773565, 51.1811342 ], [ -1.3772472, 51.1810362 ], [ -1.3765631, 51.1809556 ], [ -1.376746, 51.1803541 ], [ -1.3790511, 51.1807084 ], [ -1.3788316, 51.1812869 ] ] ] } },
{ "type": "Feature", "properties": { "stop_id": "osm-way-532818501", "name": null }, "geometry": { "type": "Polygon", "coordinates": [ [ [ -3.7479233, 51.7898671 ], [ -3.7476721, 51.7898962 ], [ -3.7472296, 51.7899474 ], [ -3.7466278, 51.7899807 ], [ -3.7460703, 51.7899866 ], [ -3.7457533, 51.7899657 ], [ -3.7455952, 51.7899553 ], [ -3.7456807, 51.7900219 ], [ -3.746026, 51.7900963 ], [ -3.7466785, 51.7901179 ], [ -3.7471568, 51.7900768 ], [ -3.7477301, 51.7899572 ], [ -3.7479202, 51.7899024 ], [ -3.7479233, 51.7898671 ] ] ] } },
{ "type": "Feature", "properties": { "stop_id": "osm-way-541527386", "name": null }, "geometry": { "type": "Polygon", "coordinates": [ [ [ 0.3769395, 52.6020577 ], [ 0.3769471, 52.6020025 ], [ 0.3770845, 52.6020155 ], [ 0.3771177, 52.6018849 ], [ 0.3771774, 52.6018615 ], [ 0.377326, 52.6018801 ], [ 0.3773318, 52.601905 ], [ 0.3773193, 52.6019528 ], [ 0.3775478, 52.6019749 ], [ 0.3774885, 52.6021043 ], [ 0.3774205, 52.6021034 ], [ 0.3772629, 52.6020875 ], [ 0.3769395, 52.6020577 ] ] ] } },
{ "type": "Feature", "properties": { "stop_id": "osm-way-542913291", "name": null }, "geometry": { "type": "Polygon", "coordinates": [ [ [ 0.2615572, 51.1367671 ], [ 0.2614792, 51.1367847 ], [ 0.2612297, 51.1363328 ], [ 0.2613156, 51.1363109 ], [ 0.261396, 51.1364086 ], [ 0.261502, 51.1363715 ], [ 0.2613799, 51.136236 ], [ 0.2615315, 51.1361847 ], [ 0.2617889, 51.1364691 ], [ 0.2616253, 51.1364978 ], [ 0.2616817, 51.1366139 ], [ 0.2614858, 51.1366635 ], [ 0.2615572, 51.1367671 ] ] ] } },
{ "type": "Feature", "properties": { "stop_id": "osm-way-543081397", "name": "Muirpark Truckstop" }, "geometry": { "type": "Polygon", "coordinates": [ [ [ -3.8971539, 56.0806162 ], [ -3.8968445, 56.0804327 ], [ -3.895747, 56.0811773 ], [ -3.8958486, 56.0812178 ], [ -3.896303, 56.0810343 ], [ -3.8977051, 56.0811773 ], [ -3.8978695, 56.081091 ], [ -3.8971539, 56.0806162 ] ] ] } },
{ "type": "Feature", "properties": { "stop_id": "osm-way-543549583", "name": "Thickthorn Services" }, "geometry": { "type": "Polygon", "coordinates": [ [ [ 1.222459, 52.6024207 ], [ 1.2226608, 52.6026158 ], [ 1.222683, 52.6026525 ], [ 1.2225783, 52.6028036 ], [ 1.2223249, 52.6029335 ], [ 1.222221, 52.602971 ], [ 1.2221546, 52.6029915 ], [ 1.2221469, 52.6029821 ], [ 1.2219105, 52.603053 ], [ 1.2218904, 52.6030085 ], [ 1.2218368, 52.6031237 ], [ 1.2217657, 52.6031139 ], [ 1.2218052, 52.6030137 ], [ 1.221537, 52.6030076 ], [ 1.221364, 52.6030084 ], [ 1.2212715, 52.6030158 ], [ 1.2211722, 52.6030329 ], [ 1.221126, 52.6030169 ], [ 1.2208651, 52.6029266 ], [ 1.2209228, 52.602795 ], [ 1.2211615, 52.6020766 ], [ 1.2212715, 52.6019463 ], [ 1.2212366, 52.6017671 ], [ 1.2214109, 52.6014853 ], [ 1.2218749, 52.6018616 ], [ 1.2218803, 52.6020343 ], [ 1.2219581, 52.6021858 ], [ 1.22217, 52.6022444 ], [ 1.2222183, 52.602321 ], [ 1.222459, 52.6024207 ] ] ] } },
{ "type": "Feature", "properties": { "stop_id": "osm-way-543694345", "name": null }, "geometry": { "type": "Polygon", "coordinates": [ [ [ -2.4882324, 54.5844504 ], [ -2.4886786, 54.5845846 ], [ -2.4902316, 54.5851862 ], [ -2.490652, 54.5853901 ], [ -2.4882324, 54.5844504 ] ] ] } },
{ "type": "Feature", "properties": { "stop_id": "osm-way-548627299", "name": "Coneygarth Services" }, "geometry": { "type": "Polygon", "coordinates": [ [ [ -1.5705568, 54.3134472 ], [ -1.5688455, 54.3138385 ], [ -1.567735, 54.3126742 ], [ -1.567322, 54.312208 ], [ -1.5673039, 54.3121132 ], [ -1.5676149, 54.3120247 ], [ -1.5669776, 54.3113608 ], [ -1.5670801, 54.3112214 ], [ -1.5696178, 54.3103252 ], [ -1.5703261, 54.3114225 ], [ -1.5705568, 54.3134472 ] ] ] } },
{ "type": "Feature", "properties": { "stop_id": "osm-way-550601996", "name": null }, "geometry": { "type": "Polygon", "coordinates": [ [ [ -2.6060459, 54.6337466 ], [ -2.6060231, 54.633773 ], [ -2.6058836, 54.6337301 ], [ -2.6053024, 54.6335512 ], [ -2.6045741, 54.6333405 ], [ -2.6043184, 54.6332808 ], [ -2.6040658, 54.6332219 ], [ -2.6045627, 54.6332461 ], [ -2.6053517, 54.6334612 ], [ -2.6059548, 54.6336522 ], [ -2.6060459, 54.6337466 ] ] ] } },
{ "type": "Feature", "properties": { "stop_id": "osm-way-550602004", "name": null }, "geometry": { "type": "Polygon", "coordinates": [ [ [ -2.4807065, 54.5816411 ], [ -2.4830763, 54.5826089 ], [ -2.4826912, 54.5824842 ], [ -2.4820252, 54.582225 ], [ -2.4811959, 54.5818884 ], [ -2.4807065, 54.5816411 ] ] ] } },
{ "type": "Feature", "properties": { "stop_id": "osm-way-550602005", "name": null }, "geometry": { "type": "Polygon", "coordinates": [ [ [ -2.4217819, 54.5512626 ], [ -2.4218309, 54.5512326 ], [ -2.4220562, 54.5512762 ], [ -2.4231559, 54.5516309 ], [ -2.4234214, 54.5517584 ], [ -2.4233957, 54.5517901 ], [ -2.4232582, 54.5517451 ], [ -2.4218448, 54.5512831 ], [ -2.4217819, 54.5512626 ] ] ] } },
{ "type": "Feature", "properties": { "stop_id": "osm-way-550602017", "name": null }, "geometry": { "type": "Polygon", "coordinates": [ [ [ -2.3627147, 54.5322049 ], [ -2.3625383, 54.5322293 ], [ -2.3623607, 54.5322539 ], [ -2.3618044, 54.5322884 ], [ -2.3613878, 54.5322809 ], [ -2.3610381, 54.5322669 ], [ -2.3607331, 54.5322211 ], [ -2.3609725, 54.5322332 ], [ -2.3613875, 54.5322396 ], [ -2.3617952, 54.5322303 ], [ -2.3627147, 54.5322049 ] ] ] } },
{ "type": "Feature", "properties": { "stop_id": "osm-way-571338266", "name": null }, "geometry": { "type": "Polygon", "coordinates": [ [ [ 0.2377166, 50.8288066 ], [ 0.2377988, 50.8290493 ], [ 0.2366781, 50.8293162 ], [ 0.2362677, 50.829414 ], [ 0.2362199, 50.829425 ], [ 0.2360697, 50.829325 ], [ 0.2358766, 50.8290107 ], [ 0.2359597, 50.8288265 ], [ 0.2363795, 50.8287429 ], [ 0.2365196, 50.8289992 ], [ 0.2367801, 50.8286022 ], [ 0.2370567, 50.8286406 ], [ 0.237443, 50.8287304 ], [ 0.2377166, 50.8288066 ] ] ] } },
{ "type": "Feature", "properties": { "stop_id": "osm-way-571396514", "name": null }, "geometry": { "type": "Polygon", "coordinates": [ [ [ -4.5151466, 52.1140153 ], [ -4.5151659, 52.1140472 ], [ -4.5151082, 52.1140885 ], [ -4.5149774, 52.1141216 ], [ -4.5148889, 52.1141133 ], [ -4.5148741, 52.1140823 ], [ -4.5151466, 52.1140153 ] ] ] } },
{ "type": "Feature", "properties": { "stop_id": "osm-way-572206746", "name": "Highlands at St Ives" }, "geometry": { "type": "Polygon", "coordinates": [ [ [ -0.063476, 52.3315637 ], [ -0.0635873, 52.3321208 ], [ -0.0628926, 52.3322126 ], [ -0.0625573, 52.332184 ], [ -0.0625989, 52.3319168 ], [ -0.0626537, 52.3317972 ], [ -0.0627397, 52.3317284 ], [ -0.0628845, 52.3316505 ], [ -0.0631299, 52.3315866 ], [ -0.063476, 52.3315637 ] ] ] } },
{ "type": "Feature", "properties": { "stop_id": "osm-way-577950836", "name": "Welcome Break Woodall Services Northbound" }, "geometry": { "type": "Polygon", "coordinates": [ [ [ -1.2837891, 53.3139324 ], [ -1.2837562, 53.3141679 ], [ -1.2841961, 53.3144307 ], [ -1.285061, 53.3156261 ], [ -1.2846853, 53.3160148 ], [ -1.2843305, 53.3163819 ], [ -1.2835805, 53.3171579 ], [ -1.2823829, 53.3172509 ], [ -1.2822834, 53.31721 ], [ -1.2820558, 53.3171166 ], [ -1.2819158, 53.3170591 ], [ -1.2818657, 53.3170385 ], [ -1.2827983, 53.3139953 ], [ -1.2828846, 53.3139898 ], [ -1.2831724, 53.3139715 ], [ -1.2837891, 53.3139324 ] ] ] } },
{ "type": "Feature", "properties": { "stop_id": "osm-way-577950839", "name": "Welcome Break Woodall Services Southbound" }, "geometry": { "type": "Polygon", "coordinates": [ [ [ -1.2808273, 53.3169304 ], [ -1.2805597, 53.3164973 ], [ -1.2804947, 53.316392 ], [ -1.2800506, 53.3156255 ], [ -1.279694, 53.3151212 ], [ -1.2791965, 53.3144179 ], [ -1.2795183, 53.313873 ], [ -1.2801981, 53.3136963 ], [ -1.2802893, 53.3134013 ], [ -1.2811037, 53.313194 ], [ -1.2814171, 53.3132879 ], [ -1.2817283, 53.3133694 ], [ -1.2816544, 53.3137013 ], [ -1.2816614, 53.313788 ], [ -1.2822837, 53.3138169 ], [ -1.2822541, 53.3139181 ], [ -1.282154, 53.3142597 ], [ -1.2813556, 53.3169864 ], [ -1.2808798, 53.316936 ], [ -1.2808273, 53.3169304 ] ] ] } },
{ "type": "Feature", "properties": { "stop_id": "osm-way-601724313", "name": null }, "geometry": { "type": "Polygon", "coordinates": [ [ [ -7.8553646, 54.2963412 ], [ -7.8551422, 54.296242 ], [ -7.85508, 54.2962143 ], [ -7.8544586, 54.2961557 ], [ -7.8543379, 54.2962058 ], [ -7.8542963, 54.2962488 ], [ -7.8543985, 54.2962587 ], [ -7.8550057, 54.2963177 ], [ -7.8551549, 54.2963275 ], [ -7.8553646, 54.2963412 ] ] ] } },
{ "type": "Feature", "properties": { "stop_id": "osm-way-603313852", "name": null }, "geometry": { "type": "Polygon", "coordinates": [ [ [ -7.6110296, 54.3254496 ], [ -7.6108798, 54.3254274 ], [ -7.6098817, 54.3250993 ], [ -7.6092801, 54.3249321 ], [ -7.6095843, 54.3248992 ], [ -7.6097636, 54.3249365 ], [ -7.610064, 54.3249928 ], [ -7.6104073, 54.3250617 ], [ -7.6109277, 54.3252369 ], [ -7.6110832, 54.325337 ], [ -7.6110296, 54.3254496 ] ] ] } },
{ "type": "Feature", "properties": { "stop_id": "osm-way-603741264", "name": null }, "geometry": { "type": "Polygon", "coordinates": [ [ [ -4.6731603, 52.0688236 ], [ -4.6736056, 52.0687312 ], [ -4.6738872, 52.0686471 ], [ -4.6739563, 52.0686095 ], [ -4.6734406, 52.0686957 ], [ -4.6733617, 52.0687112 ], [ -4.672712, 52.0688392 ], [ -4.6728824, 52.0688333 ], [ -4.6731603, 52.0688236 ] ] ] } },
{ "type": "Feature", "properties": { "stop_id": "osm-way-607673220", "name": "Applegreen" }, "geometry": { "type": "Polygon", "coordinates": [ [ [ -2.6624746, 51.8508031 ], [ -2.6623072, 51.8508131 ], [ -2.6622251, 51.850818 ], [ -2.6614228, 51.8508382 ], [ -2.6610048, 51.8508487 ], [ -2.6609068, 51.850842 ], [ -2.6607231, 51.8506084 ], [ -2.6609862, 51.8505074 ], [ -2.6611201, 51.850456 ], [ -2.6619999, 51.8503301 ], [ -2.6624746, 51.8508031 ] ] ] } },
{ "type": "Feature", "properties": { "stop_id": "osm-way-608454983", "name": null }, "geometry": { "type": "Polygon", "coordinates": [ [ [ -4.652784, 52.0547829 ], [ -4.652718, 52.0548195 ], [ -4.6526544, 52.0548422 ], [ -4.6524708, 52.0548923 ], [ -4.6523064, 52.054934 ], [ -4.6522257, 52.0549352 ], [ -4.6521968, 52.0549128 ], [ -4.6522356, 52.0549032 ], [ -4.6528079, 52.0547363 ], [ -4.652784, 52.0547829 ] ] ] } },
{ "type": "Feature", "properties": { "stop_id": "osm-way-612695566", "name": null }, "geometry": { "type": "Polygon", "coordinates": [ [ [ -4.6718679, 52.1018591 ], [ -4.6718445, 52.1018695 ], [ -4.6718171, 52.1018848 ], [ -4.6717571, 52.1018944 ], [ -4.6716736, 52.1019048 ], [ -4.6715705, 52.1019136 ], [ -4.6714998, 52.1019139 ], [ -4.671129, 52.1018949 ], [ -4.6711045, 52.1018618 ], [ -4.671188, 52.101864 ], [ -4.6714922, 52.1018595 ], [ -4.6715235, 52.101859 ], [ -4.6715614, 52.1018585 ], [ -4.671729, 52.101856 ], [ -4.6718809, 52.1018442 ], [ -4.6718679, 52.1018591 ] ] ] } },
{ "type": "Feature", "properties": { "stop_id": "osm-way-619269577", "name": null }, "geometry": { "type": "Polygon", "coordinates": [ [ [ -4.5656747, 52.0313255 ], [ -4.5654995, 52.0313636 ], [ -4.565398, 52.0313758 ], [ -4.5653532, 52.0313806 ], [ -4.5652964, 52.0313866 ], [ -4.5652147, 52.0313586 ], [ -4.565191, 52.0313202 ], [ -4.5652783, 52.0313132 ], [ -4.5654396, 52.0312932 ], [ -4.5655868, 52.0312675 ], [ -4.5658286, 52.0312231 ], [ -4.5659688, 52.0311883 ], [ -4.5659794, 52.0312192 ], [ -4.5659471, 52.0312566 ], [ -4.5658638, 52.0312831 ], [ -4.5656747, 52.0313255 ] ] ] } },
{ "type": "Feature", "properties": { "stop_id": "osm-way-619983274", "name": "Ram Jam Service Station" }, "geometry": { "type": "Polygon", "coordinates": [ [ [ -0.6015802, 52.7329059 ], [ -0.6014725, 52.7326408 ], [ -0.6013119, 52.7324948 ], [ -0.6011527, 52.7319617 ], [ -0.6002882, 52.7320697 ], [ -0.5998899, 52.7321195 ], [ -0.5996999, 52.7321432 ], [ -0.5999351, 52.7329032 ], [ -0.6000603, 52.7333077 ], [ -0.6001239, 52.7333445 ], [ -0.6002419, 52.7333445 ], [ -0.6008668, 52.7332503 ], [ -0.6016125, 52.7331106 ], [ -0.6015802, 52.7329059 ] ] ] } },
{ "type": "Feature", "properties": { "stop_id": "osm-way-625174581", "name": null }, "geometry": { "type": "Polygon", "coordinates": [ [ [ -4.6507443, 52.0411795 ], [ -4.6505293, 52.0410523 ], [ -4.6504284, 52.0409842 ], [ -4.6503877, 52.0409341 ], [ -4.6503828, 52.040854 ], [ -4.6504141, 52.0408295 ], [ -4.6505298, 52.0409571 ], [ -4.6506833, 52.0410658 ], [ -4.6508367, 52.0411745 ], [ -4.6507443, 52.0411795 ] ] ] } },
{ "type": "Feature", "properties": { "stop_id": "osm-way-625602714", "name": null }, "geometry": { "type": "Polygon", "coordinates": [ [ [ -4.6598351, 52.0484988 ], [ -4.6598523, 52.0485819 ], [ -4.6598564, 52.0486419 ], [ -4.6598554, 52.0486969 ], [ -4.6598462, 52.0487219 ], [ -4.6597873, 52.0487732 ], [ -4.6597335, 52.0487681 ], [ -4.6597378, 52.0487536 ], [ -4.6597467, 52.0486962 ], [ -4.65976, 52.0485873 ], [ -4.6597654, 52.0484708 ], [ -4.6597669, 52.0483844 ], [ -4.6598158, 52.0484132 ], [ -4.6598351, 52.0484988 ] ] ] } },
{ "type": "Feature", "properties": { "stop_id": "osm-way-625751288", "name": null }, "geometry": { "type": "Polygon", "coordinates": [ [ [ -4.6442741, 52.0349818 ], [ -4.6442064, 52.0348676 ], [ -4.6441667, 52.0348267 ], [ -4.6440931, 52.0347635 ], [ -4.6440009, 52.0347182 ], [ -4.6439437, 52.034706 ], [ -4.6438981, 52.0347099 ], [ -4.6439539, 52.034756 ], [ -4.6440436, 52.0348297 ], [ -4.6442656, 52.0350164 ], [ -4.6442741, 52.0349818 ] ] ] } },
{ "type": "Feature", "properties": { "stop_id": "osm-way-625757088", "name": null }, "geometry": { "type": "Polygon", "coordinates": [ [ [ 0.5325815, 52.3387929 ], [ 0.5326036, 52.3387586 ], [ 0.5327001, 52.3386849 ], [ 0.5327716, 52.3385785 ], [ 0.5331145, 52.3383816 ], [ 0.5332205, 52.3383227 ], [ 0.5333518, 52.3382645 ], [ 0.5334739, 52.3382243 ], [ 0.533584, 52.3381973 ], [ 0.5339286, 52.3381449 ], [ 0.5340734, 52.3381465 ], [ 0.5341766, 52.3381628 ], [ 0.5342544, 52.3381907 ], [ 0.5343685, 52.3382899 ], [ 0.5344985, 52.3383873 ], [ 0.5346461, 52.3384734 ], [ 0.5347346, 52.3385676 ], [ 0.5347815, 52.338652 ], [ 0.5348258, 52.3387635 ], [ 0.5348338, 52.3388495 ], [ 0.5348365, 52.339006 ], [ 0.5348525, 52.339224 ], [ 0.5348781, 52.3394116 ], [ 0.5348794, 52.339451 ], [ 0.5348486, 52.3394854 ], [ 0.5348124, 52.3395001 ], [ 0.5348687, 52.3396067 ], [ 0.5347549, 52.3397389 ], [ 0.5341251, 52.3395599 ], [ 0.5341981, 52.3394026 ], [ 0.5341439, 52.3392916 ], [ 0.5339669, 52.3392542 ], [ 0.5338113, 52.3393571 ], [ 0.5334419, 52.3392543 ], [ 0.5332443, 52.3391949 ], [ 0.5330504, 52.3391243 ], [ 0.5328932, 52.3390278 ], [ 0.5326568, 52.3388661 ], [ 0.5325815, 52.3387929 ] ] ] } },
{ "type": "Feature", "properties": { "stop_id": "osm-way-625757089", "name": null }, "geometry": { "type": "Polygon", "coordinates": [ [ [ 0.5373366, 52.3377376 ], [ 0.5370399, 52.3377777 ], [ 0.5357605, 52.3379744 ], [ 0.5355996, 52.3379777 ], [ 0.5354692, 52.3379081 ], [ 0.5352738, 52.3377883 ], [ 0.534875, 52.3375379 ], [ 0.5345193, 52.3372118 ], [ 0.5345302, 52.3372041 ], [ 0.5345775, 52.3371706 ], [ 0.5346433, 52.3370858 ], [ 0.535065, 52.3370171 ], [ 0.5352623, 52.3371663 ], [ 0.5353812, 52.3371211 ], [ 0.535796, 52.3370739 ], [ 0.535773, 52.3369879 ], [ 0.5357776, 52.3368996 ], [ 0.5366027, 52.3368649 ], [ 0.5369379, 52.3371155 ], [ 0.5371584, 52.3373945 ], [ 0.5373157, 52.3376981 ], [ 0.5373366, 52.3377376 ] ] ] } },
{ "type": "Feature", "properties": { "stop_id": "osm-way-631955625", "name": null }, "geometry": { "type": "Polygon", "coordinates": [ [ [ -0.7728058, 51.5242789 ], [ -0.7728048, 51.5243029 ], [ -0.7729858, 51.5243603 ], [ -0.7731602, 51.5243945 ], [ -0.7732916, 51.5244229 ], [ -0.7733667, 51.5244337 ], [ -0.7734941, 51.5244446 ], [ -0.7735038, 51.5244293 ], [ -0.7733801, 51.5244058 ], [ -0.773303, 51.5243899 ], [ -0.7731716, 51.5243628 ], [ -0.7730026, 51.5243248 ], [ -0.7728058, 51.5242789 ] ] ] } },
{ "type": "Feature", "properties": { "stop_id": "osm-way-631955626", "name": null }, "geometry": { "type": "Polygon", "coordinates": [ [ [ -0.7751369, 51.5537121 ], [ -0.7754987, 51.5533635 ], [ -0.7758353, 51.5529945 ], [ -0.7755862, 51.5531742 ], [ -0.7754239, 51.553336 ], [ -0.7752483, 51.5535236 ], [ -0.7751369, 51.5537121 ] ] ] } },
{ "type": "Feature", "properties": { "stop_id": "osm-way-638757072", "name": null }, "geometry": { "type": "Polygon", "coordinates": [ [ [ -4.7346856, 52.0398466 ], [ -4.7346386, 52.039887 ], [ -4.7345904, 52.0399151 ], [ -4.7340807, 52.0400883 ], [ -4.7340258, 52.0400957 ], [ -4.7339815, 52.0400932 ], [ -4.7339474, 52.0400725 ], [ -4.734685, 52.0398288 ], [ -4.7346856, 52.0398466 ] ] ] } },
{ "type": "Feature", "properties": { "stop_id": "osm-way-640590514", "name": null }, "geometry": { "type": "Polygon", "coordinates": [ [ [ -4.6919568, 52.0466891 ], [ -4.6920398, 52.0466661 ], [ -4.6921392, 52.0464317 ], [ -4.6921701, 52.0463606 ], [ -4.6922645, 52.0461764 ], [ -4.6923394, 52.0459961 ], [ -4.6923834, 52.045903 ], [ -4.6923981, 52.0458308 ], [ -4.6924257, 52.0457517 ], [ -4.6924323, 52.0456556 ], [ -4.6924453, 52.0456035 ], [ -4.6924453, 52.0455204 ], [ -4.6924323, 52.0454653 ], [ -4.6923948, 52.0454062 ], [ -4.6923704, 52.0453641 ], [ -4.6923378, 52.0453431 ], [ -4.6922971, 52.0453151 ], [ -4.6922857, 52.045292 ], [ -4.6922841, 52.045262 ], [ -4.6922291, 52.0452305 ], [ -4.6921922, 52.0453247 ], [ -4.6921716, 52.0453771 ], [ -4.6921599, 52.04542 ], [ -4.6922206, 52.0454252 ], [ -4.6922515, 52.0454162 ], [ -4.6923069, 52.0454192 ], [ -4.6923394, 52.0454363 ], [ -4.692359, 52.0454793 ], [ -4.6923525, 52.0455815 ], [ -4.692328, 52.0457027 ], [ -4.6923264, 52.0457467 ], [ -4.6922987, 52.0458419 ], [ -4.692258, 52.045958 ], [ -4.6922157, 52.0460522 ], [ -4.6921734, 52.0461543 ], [ -4.6921229, 52.0462785 ], [ -4.6920919, 52.0463366 ], [ -4.6920708, 52.0463616 ], [ -4.6920415, 52.0463596 ], [ -4.6919991, 52.0463446 ], [ -4.6919447, 52.046334 ], [ -4.6918986, 52.0465559 ], [ -4.6918796, 52.0466472 ], [ -4.691872, 52.046686 ], [ -4.6918623, 52.0467352 ], [ -4.6919258, 52.0467051 ], [ -4.6919568, 52.0466891 ] ] ] } },
{ "type": "Feature", "properties": { "stop_id": "osm-way-643465863", "name": null }, "geometry": { "type": "Polygon", "coordinates": [ [ [ -4.7574227, 52.0134278 ], [ -4.7575153, 52.0133032 ], [ -4.7573651, 52.0132767 ], [ -4.7572041, 52.0132734 ], [ -4.7570459, 52.0133015 ], [ -4.7569145, 52.0132982 ], [ -4.7568233, 52.0133114 ], [ -4.7568948, 52.0134308 ], [ -4.7574227, 52.0134278 ] ] ] } },
{ "type": "Feature", "properties": { "stop_id": "osm-way-644492895", "name": null }, "geometry": { "type": "Polygon", "coordinates": [ [ [ -4.7814027, 52.0158643 ], [ -4.7815965, 52.0158837 ], [ -4.781692, 52.0158611 ], [ -4.7815217, 52.0158291 ], [ -4.7812911, 52.01578 ], [ -4.7810516, 52.0157222 ], [ -4.7808061, 52.0156551 ], [ -4.7805485, 52.0155769 ], [ -4.7804371, 52.0155389 ], [ -4.780499, 52.0156028 ], [ -4.7806345, 52.0156653 ], [ -4.7807244, 52.0157098 ], [ -4.7808411, 52.0157415 ], [ -4.7810408, 52.0157989 ], [ -4.7811984, 52.0158327 ], [ -4.7814027, 52.0158643 ] ] ] } },
{ "type": "Feature", "properties": { "stop_id": "osm-way-648795485", "name": null }, "geometry": { "type": "Polygon", "coordinates": [ [ [ -3.7680415, 51.1753728 ], [ -3.7680498, 51.1753408 ], [ -3.7680553, 51.1753062 ], [ -3.7680512, 51.175276 ], [ -3.7680222, 51.1752414 ], [ -3.7679836, 51.1752112 ], [ -3.767945, 51.1751809 ], [ -3.7679257, 51.1751714 ], [ -3.7678868, 51.1751839 ], [ -3.7679981, 51.1753859 ], [ -3.7680415, 51.1753728 ] ] ] } },
{ "type": "Feature", "properties": { "stop_id": "osm-way-648795486", "name": null }, "geometry": { "type": "Polygon", "coordinates": [ [ [ -3.767867, 51.1751517 ], [ -3.7679023, 51.1751377 ], [ -3.7678995, 51.17511 ], [ -3.7678967, 51.175078 ], [ -3.7678981, 51.17504 ], [ -3.7678967, 51.1750115 ], [ -3.767854, 51.1749492 ], [ -3.7678264, 51.1749017 ], [ -3.7677685, 51.1748127 ], [ -3.7677023, 51.1747426 ], [ -3.7676582, 51.1746778 ], [ -3.7675962, 51.1745974 ], [ -3.7675341, 51.1745058 ], [ -3.7674955, 51.1744444 ], [ -3.7674597, 51.174377 ], [ -3.7673907, 51.1742966 ], [ -3.7673009, 51.1742884 ], [ -3.7676095, 51.1747662 ], [ -3.767867, 51.1751517 ] ] ] } },
{ "type": "Feature", "properties": { "stop_id": "osm-way-660570866", "name": null }, "geometry": { "type": "Polygon", "coordinates": [ [ [ -4.4507886, 52.1335781 ], [ -4.4510365, 52.1335457 ], [ -4.450797, 52.1335424 ], [ -4.4503313, 52.1335346 ], [ -4.4500504, 52.1335271 ], [ -4.4502943, 52.1335681 ], [ -4.4507886, 52.1335781 ] ] ] } },
{ "type": "Feature", "properties": { "stop_id": "osm-way-660570867", "name": null }, "geometry": { "type": "Polygon", "coordinates": [ [ [ -4.4488421, 52.1334379 ], [ -4.4487054, 52.1333787 ], [ -4.4485249, 52.1333611 ], [ -4.4480874, 52.1333661 ], [ -4.447911, 52.1333871 ], [ -4.4478401, 52.1334067 ], [ -4.4478043, 52.1334165 ], [ -4.4477087, 52.1334547 ], [ -4.4488421, 52.1334379 ] ] ] } },
{ "type": "Feature", "properties": { "stop_id": "osm-way-663177224", "name": null }, "geometry": { "type": "Polygon", "coordinates": [ [ [ -0.4404121, 52.6128386 ], [ -0.4402831, 52.6126958 ], [ -0.4401788, 52.6125575 ], [ -0.4401749, 52.6125163 ], [ -0.4401626, 52.6125894 ], [ -0.4401838, 52.6126742 ], [ -0.4402245, 52.6127323 ], [ -0.4402882, 52.612786 ], [ -0.4403643, 52.6128214 ], [ -0.4404121, 52.6128386 ] ] ] } },
{ "type": "Feature", "properties": { "stop_id": "osm-way-665368572", "name": null }, "geometry": { "type": "Polygon", "coordinates": [ [ [ -2.6593358, 53.6563331 ], [ -2.6592956, 53.6561028 ], [ -2.6594433, 53.6560938 ], [ -2.6594834, 53.6563241 ], [ -2.6594296, 53.6563274 ], [ -2.6593358, 53.6563331 ] ] ] } },
{ "type": "Feature", "properties": { "stop_id": "osm-way-665368573", "name": null }, "geometry": { "type": "Polygon", "coordinates": [ [ [ -2.6587075, 53.6554802 ], [ -2.6587492, 53.6553905 ], [ -2.6584357, 53.6553182 ], [ -2.6582726, 53.6555589 ], [ -2.6582715, 53.6556733 ], [ -2.6582806, 53.6557348 ], [ -2.6585144, 53.6557202 ], [ -2.6585117, 53.6556709 ], [ -2.6587531, 53.6556503 ], [ -2.6587531, 53.6556312 ], [ -2.6589114, 53.6556264 ], [ -2.6590455, 53.6556534 ], [ -2.6590911, 53.6555755 ], [ -2.6587075, 53.6554802 ] ] ] } },
{ "type": "Feature", "properties": { "stop_id": "osm-way-668284567", "name": null }, "geometry": { "type": "Polygon", "coordinates": [ [ [ -4.396004, 52.1893327 ], [ -4.3961209, 52.1895389 ], [ -4.3962153, 52.189679 ], [ -4.3961589, 52.1897 ], [ -4.3960379, 52.1895409 ], [ -4.3959779, 52.1894572 ], [ -4.3959769, 52.1893596 ], [ -4.396004, 52.1893327 ] ] ] } },
{ "type": "Feature", "properties": { "stop_id": "osm-way-670271321", "name": null }, "geometry": { "type": "Polygon", "coordinates": [ [ [ -4.3477378, 52.1573891 ], [ -4.3476444, 52.157386 ], [ -4.3475149, 52.1574283 ], [ -4.347336, 52.1575048 ], [ -4.3472053, 52.1575774 ], [ -4.3469117, 52.1577379 ], [ -4.3467032, 52.1578438 ], [ -4.3465466, 52.1579376 ], [ -4.346253, 52.1581246 ], [ -4.3460988, 52.1582267 ], [ -4.3458373, 52.1584204 ], [ -4.3457402, 52.1585467 ], [ -4.3459483, 52.1584095 ], [ -4.3462689, 52.1582066 ], [ -4.3466845, 52.1579499 ], [ -4.3472587, 52.1576369 ], [ -4.3477378, 52.1573891 ] ] ] } },
{ "type": "Feature", "properties": { "stop_id": "osm-way-670482716", "name": null }, "geometry": { "type": "Polygon", "coordinates": [ [ [ -4.3493327, 52.1567249 ], [ -4.349362, 52.1566989 ], [ -4.349356, 52.1566702 ], [ -4.3489629, 52.1568278 ], [ -4.3490218, 52.1568365 ], [ -4.3490765, 52.1568335 ], [ -4.3491246, 52.1568185 ], [ -4.3492568, 52.1567609 ], [ -4.3493327, 52.1567249 ] ] ] } },
{ "type": "Feature", "properties": { "stop_id": "osm-way-671158526", "name": "Colsterworth Truck Stop" }, "geometry": { "type": "Polygon", "coordinates": [ [ [ -0.6057441, 52.803396 ], [ -0.6067984, 52.8034934 ], [ -0.6070536, 52.803458 ], [ -0.6074616, 52.803482 ], [ -0.6074741, 52.803563 ], [ -0.607857, 52.803587 ], [ -0.6079908, 52.803501 ], [ -0.6081477, 52.8027839 ], [ -0.6082279, 52.8020934 ], [ -0.6084162, 52.801774 ], [ -0.608726, 52.8014857 ], [ -0.6089391, 52.80134 ], [ -0.6061283, 52.801851 ], [ -0.6055925, 52.8025279 ], [ -0.6056092, 52.8032248 ], [ -0.6057441, 52.803396 ] ] ] } },
{ "type": "Feature", "properties": { "stop_id": "osm-way-671168077", "name": null }, "geometry": { "type": "Polygon", "coordinates": [ [ [ -4.3553175, 52.1540885 ], [ -4.3554404, 52.1540098 ], [ -4.3554959, 52.1539744 ], [ -4.3554826, 52.1539395 ], [ -4.3546791, 52.1542887 ], [ -4.3547261, 52.1543066 ], [ -4.354813, 52.1542906 ], [ -4.3549403, 52.1542459 ], [ -4.3550686, 52.1541952 ], [ -4.3551729, 52.1541512 ], [ -4.3553175, 52.1540885 ] ] ] } },
{ "type": "Feature", "properties": { "stop_id": "osm-way-672921890", "name": "Knutsford Services Northbound" }, "geometry": { "type": "Polygon", "coordinates": [ [ [ -2.4010562, 53.2997018 ], [ -2.402247, 53.3013284 ], [ -2.4027226, 53.3020353 ], [ -2.4028975, 53.3020078 ], [ -2.4029935, 53.3018126 ], [ -2.4030458, 53.3017381 ], [ -2.4030994, 53.3016762 ], [ -2.4031718, 53.3016254 ], [ -2.4032524, 53.3015986 ], [ -2.4033941, 53.3015043 ], [ -2.4034384, 53.301441 ], [ -2.4034599, 53.3013688 ], [ -2.4033237, 53.300634 ], [ -2.4032719, 53.3004845 ], [ -2.4031997, 53.3003809 ], [ -2.4030952, 53.3002841 ], [ -2.4029177, 53.3001618 ], [ -2.4027413, 53.3000978 ], [ -2.4015294, 53.2995648 ], [ -2.4013963, 53.299608 ], [ -2.4010562, 53.2997018 ] ] ] } },
{ "type": "Feature", "properties": { "stop_id": "osm-way-682162182", "name": null }, "geometry": { "type": "Polygon", "coordinates": [ [ [ -1.3044595, 51.5803238 ], [ -1.3041138, 51.5803259 ], [ -1.3040575, 51.5800905 ], [ -1.3044065, 51.5800628 ], [ -1.3044595, 51.5803238 ] ] ] } },
{ "type": "Feature", "properties": { "stop_id": "osm-way-686494635", "name": null }, "geometry": { "type": "Polygon", "coordinates": [ [ [ -1.4650105, 54.8492331 ], [ -1.4650454, 54.849321 ], [ -1.4650587, 54.8494067 ], [ -1.4649287, 54.8496939 ], [ -1.4646712, 54.849961 ], [ -1.4643976, 54.8501926 ], [ -1.4642018, 54.8502637 ], [ -1.4640659, 54.8502474 ], [ -1.4642346, 54.8501185 ], [ -1.4645108, 54.8498506 ], [ -1.4647766, 54.8495439 ], [ -1.4650105, 54.8492331 ] ] ] } },
{ "type": "Feature", "properties": { "stop_id": "osm-way-687022152", "name": "Rothwell Truck Stop" }, "geometry": { "type": "Polygon", "coordinates": [ [ [ -0.8129674, 52.4146186 ], [ -0.8126557, 52.4147838 ], [ -0.812358, 52.4148803 ], [ -0.8122493, 52.4147756 ], [ -0.8119556, 52.4148827 ], [ -0.8119375, 52.414866 ], [ -0.8116043, 52.415003 ], [ -0.8113334, 52.4151453 ], [ -0.810416, 52.4154742 ], [ -0.8102632, 52.4154905 ], [ -0.8100941, 52.4154799 ], [ -0.8099587, 52.4154382 ], [ -0.8098286, 52.4153866 ], [ -0.8085025, 52.4141684 ], [ -0.8088753, 52.4140628 ], [ -0.8091371, 52.4138138 ], [ -0.8094907, 52.4136279 ], [ -0.8102801, 52.4135647 ], [ -0.8113466, 52.4130279 ], [ -0.8124329, 52.4130603 ], [ -0.8127486, 52.4133557 ], [ -0.8126941, 52.4143125 ], [ -0.8126889, 52.4144044 ], [ -0.8129674, 52.4146186 ] ] ] } },
{ "type": "Feature", "properties": { "stop_id": "osm-way-687560222", "name": null }, "geometry": { "type": "Polygon", "coordinates": [ [ [ -2.6585001, 53.6749569 ], [ -2.6581067, 53.6749226 ], [ -2.6580557, 53.6749544 ], [ -2.6580774, 53.6752992 ], [ -2.6580852, 53.6754231 ], [ -2.6587544, 53.6754878 ], [ -2.6588634, 53.6752665 ], [ -2.6584163, 53.6752156 ], [ -2.6585001, 53.6749569 ] ] ] } },
{ "type": "Feature", "properties": { "stop_id": "osm-way-694963058", "name": null }, "geometry": { "type": "Polygon", "coordinates": [ [ [ -2.2899842, 56.8311095 ], [ -2.2899608, 56.8311528 ], [ -2.2899547, 56.8311939 ], [ -2.2899594, 56.8312284 ], [ -2.2899795, 56.8312537 ], [ -2.2900117, 56.8312937 ], [ -2.2900305, 56.831337 ], [ -2.2900325, 56.8313796 ], [ -2.290015, 56.8314202 ], [ -2.2899401, 56.8315297 ], [ -2.2896258, 56.8318552 ], [ -2.289225, 56.8322254 ], [ -2.2891814, 56.8322623 ], [ -2.2891444, 56.8322807 ], [ -2.2891056, 56.8322936 ], [ -2.2890703, 56.8322989 ], [ -2.2890032, 56.8323018 ], [ -2.2888988, 56.8322991 ], [ -2.2888486, 56.8322877 ], [ -2.2888059, 56.8322809 ], [ -2.2887594, 56.8322835 ], [ -2.2887168, 56.8322965 ], [ -2.2886551, 56.8323261 ], [ -2.2887974, 56.8322204 ], [ -2.2888966, 56.8321467 ], [ -2.2890961, 56.8319816 ], [ -2.2893396, 56.8317676 ], [ -2.2895617, 56.831553 ], [ -2.2897921, 56.831317 ], [ -2.2898615, 56.831242 ], [ -2.2899842, 56.8311095 ] ] ] } },
{ "type": "Feature", "properties": { "stop_id": "osm-way-695936461", "name": "MK Coachway EV charging" }, "geometry": { "type": "Polygon", "coordinates": [ [ [ -0.6979577, 52.0551077 ], [ -0.6979804, 52.0551276 ], [ -0.6979795, 52.0551539 ], [ -0.6978605, 52.0552353 ], [ -0.6978205, 52.0552459 ], [ -0.6977896, 52.0552313 ], [ -0.6977595, 52.0551323 ], [ -0.6977644, 52.0550968 ], [ -0.6977834, 52.0550865 ], [ -0.6978144, 52.0550846 ], [ -0.6979577, 52.0551077 ] ] ] } },
{ "type": "Feature", "properties": { "stop_id": "osm-way-697430641", "name": null }, "geometry": { "type": "Polygon", "coordinates": [ [ [ -4.1934347, 52.0429455 ], [ -4.1934692, 52.0429152 ], [ -4.1935244, 52.0429316 ], [ -4.1934689, 52.0429738 ], [ -4.1933185, 52.0430855 ], [ -4.1932389, 52.0431388 ], [ -4.1932444, 52.0430843 ], [ -4.1934347, 52.0429455 ] ] ] } },
{ "type": "Feature", "properties": { "stop_id": "osm-way-697430642", "name": null }, "geometry": { "type": "Polygon", "coordinates": [ [ [ -4.1892085, 52.0453938 ], [ -4.1893105, 52.0453401 ], [ -4.1893736, 52.0453077 ], [ -4.1894099, 52.0452827 ], [ -4.1894043, 52.0452477 ], [ -4.1891713, 52.0453459 ], [ -4.1890177, 52.0453974 ], [ -4.1887598, 52.0454781 ], [ -4.1888073, 52.0454991 ], [ -4.1889508, 52.0454736 ], [ -4.1890269, 52.0454598 ], [ -4.1891211, 52.04543 ], [ -4.1892085, 52.0453938 ] ] ] } },
{ "type": "Feature", "properties": { "stop_id": "osm-way-703211487", "name": "Thorpe on the Hill Services" }, "geometry": { "type": "Polygon", "coordinates": [ [ [ -0.625074, 53.1780931 ], [ -0.6250378, 53.1780899 ], [ -0.6249641, 53.1779645 ], [ -0.6247321, 53.1774365 ], [ -0.6246288, 53.1771865 ], [ -0.6246221, 53.1771117 ], [ -0.6246395, 53.1770539 ], [ -0.6246905, 53.1770129 ], [ -0.6247951, 53.1769558 ], [ -0.6250083, 53.1768601 ], [ -0.6251733, 53.1768147 ], [ -0.6251901, 53.1768132 ], [ -0.6252676, 53.176806 ], [ -0.6253615, 53.1767973 ], [ -0.6253812, 53.1767954 ], [ -0.6255749, 53.1767858 ], [ -0.6257298, 53.1767862 ], [ -0.6258593, 53.1767922 ], [ -0.6259813, 53.1768027 ], [ -0.6260738, 53.1768127 ], [ -0.626218, 53.1768441 ], [ -0.6264614, 53.1769096 ], [ -0.626498, 53.1769211 ], [ -0.6265772, 53.1769461 ], [ -0.6266703, 53.1769755 ], [ -0.6267276, 53.1769936 ], [ -0.6269061, 53.1770414 ], [ -0.6272165, 53.1774624 ], [ -0.6261859, 53.1777661 ], [ -0.6257467, 53.1778956 ], [ -0.6255863, 53.1779428 ], [ -0.625074, 53.1780931 ] ] ] } },
{ "type": "Feature", "properties": { "stop_id": "osm-way-704817026", "name": "Skelton Lake Service Station" }, "geometry": { "type": "Polygon", "coordinates": [ [ [ -1.4710635, 53.7746526 ], [ -1.4702355, 53.7746592 ], [ -1.4696831, 53.7745585 ], [ -1.4694861, 53.7743581 ], [ -1.4691026, 53.774075 ], [ -1.468995, 53.7739488 ], [ -1.4689974, 53.7738115 ], [ -1.4688907, 53.7737689 ], [ -1.468868, 53.7737526 ], [ -1.468717, 53.7735734 ], [ -1.4687047, 53.7735354 ], [ -1.4685005, 53.7735522 ], [ -1.4684294, 53.7735552 ], [ -1.4682814, 53.7735614 ], [ -1.468098, 53.7735642 ], [ -1.4680211, 53.7731978 ], [ -1.4683698, 53.7730615 ], [ -1.4694963, 53.7725099 ], [ -1.469797, 53.7723271 ], [ -1.4700116, 53.7720227 ], [ -1.470151, 53.7717501 ], [ -1.4718663, 53.7718456 ], [ -1.4731185, 53.7719348 ], [ -1.4746387, 53.7720121 ], [ -1.4751333, 53.7720132 ], [ -1.4745016, 53.7723524 ], [ -1.4744016, 53.772518 ], [ -1.4742429, 53.7728727 ], [ -1.474099, 53.7733532 ], [ -1.4740782, 53.7734085 ], [ -1.4740379, 53.7735156 ], [ -1.4739544, 53.7737379 ], [ -1.473695, 53.7739664 ], [ -1.4736701, 53.7739883 ], [ -1.4732353, 53.774225 ], [ -1.472829, 53.7743708 ], [ -1.471375, 53.7746024 ], [ -1.4710635, 53.7746526 ] ] ] } },
{ "type": "Feature", "properties": { "stop_id": "osm-way-706798324", "name": "Finavon Services" }, "geometry": { "type": "Polygon", "coordinates": [ [ [ -2.8246839, 56.7067841 ], [ -2.8245732, 56.7067653 ], [ -2.8244391, 56.706621 ], [ -2.8238222, 56.7067682 ], [ -2.8234467, 56.7064502 ], [ -2.8241548, 56.7062676 ], [ -2.8241601, 56.7062441 ], [ -2.8252861, 56.705967 ], [ -2.8255677, 56.7059007 ], [ -2.82562, 56.7059044 ], [ -2.8259273, 56.7058237 ], [ -2.8260623, 56.705781 ], [ -2.82619, 56.7057616 ], [ -2.8262933, 56.7057491 ], [ -2.8263469, 56.7057424 ], [ -2.8264649, 56.7057189 ], [ -2.8266446, 56.7056821 ], [ -2.8268297, 56.7056062 ], [ -2.8270295, 56.70556 ], [ -2.8272572, 56.7060231 ], [ -2.8269995, 56.7060516 ], [ -2.8268304, 56.706018 ], [ -2.8266607, 56.7061593 ], [ -2.82595, 56.7058994 ], [ -2.8257582, 56.7059456 ], [ -2.8250407, 56.7066965 ], [ -2.8246839, 56.7067841 ] ] ] } },
{ "type": "Feature", "properties": { "stop_id": "osm-way-712375566", "name": null }, "geometry": { "type": "Polygon", "coordinates": [ [ [ -1.5881761, 54.7404928 ], [ -1.5880565, 54.7405216 ], [ -1.5880287, 54.7405283 ], [ -1.5882272, 54.7407916 ], [ -1.5884847, 54.7412685 ], [ -1.5886268, 54.7416478 ], [ -1.5886939, 54.7419869 ], [ -1.5887046, 54.7421201 ], [ -1.5887473, 54.7421174 ], [ -1.588879, 54.7421092 ], [ -1.5888803, 54.7418739 ], [ -1.5888159, 54.7416354 ], [ -1.5885624, 54.7410618 ], [ -1.5883063, 54.7406484 ], [ -1.5881761, 54.7404928 ] ] ] } },
{ "type": "Feature", "properties": { "stop_id": "osm-way-717149135", "name": null }, "geometry": { "type": "Polygon", "coordinates": [ [ [ -4.265596, 51.9417127 ], [ -4.2656349, 51.9418404 ], [ -4.2657366, 51.9418776 ], [ -4.2657133, 51.9416617 ], [ -4.2656989, 51.9414126 ], [ -4.2656903, 51.9409306 ], [ -4.265614, 51.9409943 ], [ -4.265587, 51.9411467 ], [ -4.2655616, 51.9413138 ], [ -4.2655795, 51.9415779 ], [ -4.265596, 51.9417127 ] ] ] } },
{ "type": "Feature", "properties": { "stop_id": "osm-way-722226930", "name": null }, "geometry": { "type": "Polygon", "coordinates": [ [ [ -4.3047672, 52.0477899 ], [ -4.3047971, 52.0477412 ], [ -4.3048113, 52.0475856 ], [ -4.304788, 52.0475489 ], [ -4.3047547, 52.0475378 ], [ -4.304754, 52.0475479 ], [ -4.3047535, 52.0476024 ], [ -4.3047528, 52.0476411 ], [ -4.3047465, 52.0477247 ], [ -4.3047328, 52.0477754 ], [ -4.3047224, 52.0477988 ], [ -4.3047672, 52.0477899 ] ] ] } },
{ "type": "Feature", "properties": { "stop_id": "osm-way-734556334", "name": "Trent Bridge Services" }, "geometry": { "type": "Polygon", "coordinates": [ [ [ -1.1399485, 52.9409025 ], [ -1.1396464, 52.9409634 ], [ -1.1395316, 52.9408127 ], [ -1.1394454, 52.9407144 ], [ -1.1394349, 52.9407186 ], [ -1.139381, 52.9406439 ], [ -1.1393166, 52.9405857 ], [ -1.1392946, 52.940541 ], [ -1.1392925, 52.9405162 ], [ -1.1392807, 52.940503 ], [ -1.1392743, 52.9404841 ], [ -1.1392664, 52.9404609 ], [ -1.13933, 52.9404255 ], [ -1.1394447, 52.9403834 ], [ -1.1394832, 52.9403693 ], [ -1.1395128, 52.9403584 ], [ -1.1395372, 52.9403489 ], [ -1.1396378, 52.9402875 ], [ -1.1397699, 52.9403368 ], [ -1.1399678, 52.9405168 ], [ -1.1399696, 52.9405647 ], [ -1.1399868, 52.9408794 ], [ -1.1399485, 52.9409025 ] ] ] } },
{ "type": "Feature", "properties": { "stop_id": "osm-way-742001643", "name": null }, "geometry": { "type": "Polygon", "coordinates": [ [ [ -4.5004508, 52.1195998 ], [ -4.5003263, 52.1197147 ], [ -4.5001532, 52.1198109 ], [ -4.4999607, 52.119901 ], [ -4.4997266, 52.1199698 ], [ -4.499907, 52.1198888 ], [ -4.5000974, 52.1198003 ], [ -4.5002944, 52.1196953 ], [ -4.5004508, 52.1195998 ] ] ] } },
{ "type": "Feature", "properties": { "stop_id": "osm-way-742001644", "name": null }, "geometry": { "type": "Polygon", "coordinates": [ [ [ -4.4950533, 52.1222151 ], [ -4.4949869, 52.1222848 ], [ -4.4948709, 52.1223708 ], [ -4.4946548, 52.122505 ], [ -4.4945787, 52.1225361 ], [ -4.4944943, 52.1225228 ], [ -4.4948465, 52.1222985 ], [ -4.4950512, 52.1221805 ], [ -4.4950533, 52.1222151 ] ] ] } },
{ "type": "Feature", "properties": { "stop_id": "osm-way-742107269", "name": "Sutterton Services" }, "geometry": { "type": "Polygon", "coordinates": [ [ [ -0.0820753, 52.8909805 ], [ -0.0818714, 52.8908931 ], [ -0.0817909, 52.8907377 ], [ -0.0814208, 52.8906309 ], [ -0.0819289, 52.8897905 ], [ -0.0819719, 52.8897194 ], [ -0.0821011, 52.8895279 ], [ -0.0821343, 52.8894787 ], [ -0.0824508, 52.8892456 ], [ -0.0826498, 52.8893243 ], [ -0.0830059, 52.8895839 ], [ -0.0830685, 52.8897395 ], [ -0.0830865, 52.8898639 ], [ -0.0830516, 52.8901098 ], [ -0.0822469, 52.8908704 ], [ -0.0820753, 52.8909805 ] ] ] } },
{ "type": "Feature", "properties": { "stop_id": "osm-way-754781364", "name": null }, "geometry": { "type": "Polygon", "coordinates": [ [ [ -0.5482413, 53.3937016 ], [ -0.5482577, 53.3936505 ], [ -0.5484637, 53.3936431 ], [ -0.5488693, 53.3936286 ], [ -0.5489057, 53.3934988 ], [ -0.5488423, 53.3934669 ], [ -0.5481336, 53.3931246 ], [ -0.5480102, 53.3931166 ], [ -0.5478948, 53.3931422 ], [ -0.5477741, 53.3932062 ], [ -0.5476937, 53.3932909 ], [ -0.5476508, 53.3933837 ], [ -0.5476722, 53.3938587 ], [ -0.5477507, 53.3938059 ], [ -0.5477856, 53.3940684 ], [ -0.5482528, 53.3940388 ], [ -0.5481981, 53.3938358 ], [ -0.5482413, 53.3937016 ] ] ] } },
{ "type": "Feature", "properties": { "stop_id": "osm-way-757857115", "name": "Ardleigh South Services" }, "geometry": { "type": "Polygon", "coordinates": [ [ [ 0.9760559, 51.9020406 ], [ 0.9760103, 51.902034 ], [ 0.9756251, 51.9016897 ], [ 0.9754224, 51.9015085 ], [ 0.9763028, 51.9011303 ], [ 0.9770538, 51.9017128 ], [ 0.9769434, 51.901754 ], [ 0.9768476, 51.9017898 ], [ 0.9761766, 51.9020406 ], [ 0.9760809, 51.9020406 ], [ 0.9760559, 51.9020406 ] ] ] } },
{ "type": "Feature", "properties": { "stop_id": "osm-way-763762858", "name": null }, "geometry": { "type": "Polygon", "coordinates": [ [ [ -2.1897974, 52.8801583 ], [ -2.190004, 52.8801389 ], [ -2.1901649, 52.8801454 ], [ -2.1902507, 52.8801033 ], [ -2.1904626, 52.8798686 ], [ -2.1907764, 52.8796161 ], [ -2.1908676, 52.8794947 ], [ -2.1909722, 52.8792745 ], [ -2.1909535, 52.8792454 ], [ -2.1906611, 52.8794623 ], [ -2.1906128, 52.8795157 ], [ -2.1906638, 52.8795497 ], [ -2.1906423, 52.8795885 ], [ -2.1904224, 52.8797617 ], [ -2.1902507, 52.8798945 ], [ -2.1900656, 52.8800175 ], [ -2.190004, 52.8800045 ], [ -2.1899771, 52.8800029 ], [ -2.1898055, 52.8801227 ], [ -2.1897974, 52.8801583 ] ] ] } },
{ "type": "Feature", "properties": { "stop_id": "osm-way-764296262", "name": null }, "geometry": { "type": "Polygon", "coordinates": [ [ [ -0.927335, 53.2567003 ], [ -0.9272561, 53.2569555 ], [ -0.9273492, 53.2569861 ], [ -0.9281576, 53.2572382 ], [ -0.9282663, 53.2569759 ], [ -0.927335, 53.2567003 ] ] ] } },
{ "type": "Feature", "properties": { "stop_id": "osm-way-764670603", "name": "North Muskham" }, "geometry": { "type": "Polygon", "coordinates": [ [ [ -0.810283, 53.1293218 ], [ -0.8097251, 53.1301168 ], [ -0.8107163, 53.1302154 ], [ -0.8107605, 53.1302198 ], [ -0.8112808, 53.1303164 ], [ -0.8121467, 53.1291683 ], [ -0.8120501, 53.1292174 ], [ -0.8119737, 53.1292575 ], [ -0.8118706, 53.1292567 ], [ -0.8118682, 53.1292008 ], [ -0.8116832, 53.1291748 ], [ -0.811655, 53.1292374 ], [ -0.8114135, 53.1291519 ], [ -0.8113596, 53.1292276 ], [ -0.8112157, 53.1291913 ], [ -0.8109851, 53.1294974 ], [ -0.8107188, 53.1294308 ], [ -0.810283, 53.1293218 ] ] ] } },
{ "type": "Feature", "properties": { "stop_id": "osm-way-778292301", "name": "RoadChef Sandbach Services" }, "geometry": { "type": "Polygon", "coordinates": [ [ [ -2.3360243, 53.1381967 ], [ -2.3359648, 53.1381903 ], [ -2.3358693, 53.1381804 ], [ -2.3358059, 53.1382222 ], [ -2.3356438, 53.1383476 ], [ -2.3353737, 53.138436 ], [ -2.3352568, 53.1384743 ], [ -2.3348284, 53.138764 ], [ -2.3346349, 53.1391835 ], [ -2.3344502, 53.1398668 ], [ -2.3348978, 53.1401042 ], [ -2.3349676, 53.1401927 ], [ -2.3357387, 53.1405531 ], [ -2.3359881, 53.1405981 ], [ -2.3364299, 53.1407743 ], [ -2.3364839, 53.1407335 ], [ -2.3365138, 53.1407011 ], [ -2.3366318, 53.1406842 ], [ -2.3363248, 53.1395804 ], [ -2.3361182, 53.138673 ], [ -2.3360243, 53.1381967 ] ] ] } },
{ "type": "Feature", "properties": { "stop_id": "osm-way-788862913", "name": "Cohannon Services" }, "geometry": { "type": "Polygon", "coordinates": [ [ [ -6.6577209, 54.4999898 ], [ -6.6574417, 54.5007046 ], [ -6.65737, 54.5008595 ], [ -6.6571865, 54.501422 ], [ -6.6574923, 54.5016806 ], [ -6.6575977, 54.5017656 ], [ -6.6577884, 54.5016814 ], [ -6.6579421, 54.5018213 ], [ -6.6582278, 54.5017155 ], [ -6.6582698, 54.5016959 ], [ -6.6585516, 54.5019253 ], [ -6.6581806, 54.5021439 ], [ -6.6584358, 54.5023112 ], [ -6.6589413, 54.5020186 ], [ -6.6591124, 54.5018488 ], [ -6.6595844, 54.5013379 ], [ -6.658723, 54.5006689 ], [ -6.6586281, 54.5005952 ], [ -6.6582649, 54.5003131 ], [ -6.6578035, 54.4999548 ], [ -6.6577209, 54.4999898 ] ] ] } },
{ "type": "Feature", "properties": { "stop_id": "osm-way-806832759", "name": null }, "geometry": { "type": "Polygon", "coordinates": [ [ [ -2.9781754, 53.8568192 ], [ -2.9784112, 53.8569018 ], [ -2.9781642, 53.8571471 ], [ -2.9779447, 53.8570722 ], [ -2.97768, 53.8569724 ], [ -2.9776411, 53.8569562 ], [ -2.9775075, 53.8568918 ], [ -2.977668, 53.8567361 ], [ -2.9781014, 53.8568966 ], [ -2.9781754, 53.8568192 ] ] ] } },
{ "type": "Feature", "properties": { "stop_id": "osm-way-816920923", "name": "Service Area" }, "geometry": { "type": "Polygon", "coordinates": [ [ [ -1.5296081, 52.3098321 ], [ -1.5294902, 52.3097812 ], [ -1.5295266, 52.3097437 ], [ -1.5293312, 52.3096547 ], [ -1.5299706, 52.3091202 ], [ -1.5303455, 52.3092752 ], [ -1.5300905, 52.3094625 ], [ -1.5299548, 52.3094065 ], [ -1.5299115, 52.3094456 ], [ -1.5298772, 52.3094315 ], [ -1.5297826, 52.3095172 ], [ -1.5297512, 52.3095042 ], [ -1.5296585, 52.3095881 ], [ -1.5296901, 52.3096012 ], [ -1.5296406, 52.309646 ], [ -1.5297594, 52.309695 ], [ -1.5296081, 52.3098321 ] ] ] } },
{ "type": "Feature", "properties": { "stop_id": "osm-way-820533288", "name": null }, "geometry": { "type": "Polygon", "coordinates": [ [ [ -3.2552848, 52.8127101 ], [ -3.2544147, 52.8127099 ], [ -3.2542111, 52.8127277 ], [ -3.254272, 52.8126856 ], [ -3.2551515, 52.8126503 ], [ -3.2552848, 52.8127101 ] ] ] } },
{ "type": "Feature", "properties": { "stop_id": "osm-way-822211142", "name": null }, "geometry": { "type": "Polygon", "coordinates": [ [ [ -4.1323291, 52.317642 ], [ -4.1324391, 52.3176209 ], [ -4.1325044, 52.3176013 ], [ -4.1325594, 52.3175817 ], [ -4.1325972, 52.3175544 ], [ -4.1326469, 52.3175099 ], [ -4.1326276, 52.3175002 ], [ -4.1325957, 52.3174454 ], [ -4.1325912, 52.3173948 ], [ -4.1325365, 52.3173758 ], [ -4.1324987, 52.3174248 ], [ -4.1324483, 52.3174717 ], [ -4.1323795, 52.317525 ], [ -4.1323004, 52.3175698 ], [ -4.1322466, 52.3175929 ], [ -4.1321881, 52.3176076 ], [ -4.1321145, 52.3176371 ], [ -4.1320323, 52.31767 ], [ -4.1321916, 52.317656 ], [ -4.1323291, 52.317642 ] ] ] } },
{ "type": "Feature", "properties": { "stop_id": "osm-way-822219832", "name": null }, "geometry": { "type": "Polygon", "coordinates": [ [ [ -4.129123, 52.3188362 ], [ -4.1290818, 52.3188082 ], [ -4.1290497, 52.3187283 ], [ -4.129044, 52.3186786 ], [ -4.1290543, 52.3186275 ], [ -4.1290864, 52.3185861 ], [ -4.1291322, 52.3185392 ], [ -4.1291941, 52.3185021 ], [ -4.1292713, 52.3185032 ], [ -4.1291966, 52.3186474 ], [ -4.1291782, 52.3187372 ], [ -4.1291735, 52.3188242 ], [ -4.1291747, 52.318846 ], [ -4.129123, 52.3188362 ] ] ] } },
{ "type": "Feature", "properties": { "stop_id": "osm-way-822289873", "name": null }, "geometry": { "type": "Polygon", "coordinates": [ [ [ -1.7964925, 54.5905506 ], [ -1.796388, 54.5903796 ], [ -1.7964403, 54.5900764 ], [ -1.7965837, 54.5899515 ], [ -1.7965352, 54.5902038 ], [ -1.7964925, 54.5905506 ] ] ] } },
{ "type": "Feature", "properties": { "stop_id": "osm-way-823181887", "name": null }, "geometry": { "type": "Polygon", "coordinates": [ [ [ -4.4996603, 52.1198776 ], [ -4.4994372, 52.119947 ], [ -4.4987836, 52.1201995 ], [ -4.4985613, 52.1203042 ], [ -4.4984668, 52.1203803 ], [ -4.4998633, 52.1198145 ], [ -4.4996603, 52.1198776 ] ] ] } },
{ "type": "Feature", "properties": { "stop_id": "osm-way-834243533", "name": null }, "geometry": { "type": "Polygon", "coordinates": [ [ [ -0.1533784, 51.5181089 ], [ -0.1533515, 51.5180416 ], [ -0.1529357, 51.5181134 ], [ -0.1529475, 51.5181379 ], [ -0.1529437, 51.5181693 ], [ -0.1529893, 51.5181969 ], [ -0.1532219, 51.5182054 ], [ -0.1533007, 51.51821 ], [ -0.1533768, 51.5182114 ], [ -0.1533784, 51.5181089 ] ] ] } },
{ "type": "Feature", "properties": { "stop_id": "osm-way-837887578", "name": null }, "geometry": { "type": "Polygon", "coordinates": [ [ [ -3.1267252, 54.2534586 ], [ -3.1265529, 54.2534841 ], [ -3.1264121, 54.2535088 ], [ -3.1261707, 54.2535115 ], [ -3.1258178, 54.2534717 ], [ -3.1267252, 54.2534586 ] ] ] } },
{ "type": "Feature", "properties": { "stop_id": "osm-way-837887579", "name": null }, "geometry": { "type": "Polygon", "coordinates": [ [ [ -3.119953, 54.251757 ], [ -3.1199413, 54.2517077 ], [ -3.1199403, 54.2516472 ], [ -3.1199489, 54.2515715 ], [ -3.1199616, 54.2515272 ], [ -3.1200282, 54.2513886 ], [ -3.1200596, 54.2513558 ], [ -3.1200496, 54.2513952 ], [ -3.1200153, 54.2515081 ], [ -3.1199976, 54.251563 ], [ -3.1199676, 54.2516832 ], [ -3.119953, 54.251757 ] ] ] } },
{ "type": "Feature", "properties": { "stop_id": "osm-way-838859444", "name": null }, "geometry": { "type": "Polygon", "coordinates": [ [ [ -3.1341571, 54.2545758 ], [ -3.1339108, 54.2545724 ], [ -3.1337321, 54.2545622 ], [ -3.1336166, 54.2545431 ], [ -3.1334858, 54.2545103 ], [ -3.1334157, 54.2544742 ], [ -3.1333258, 54.254436 ], [ -3.1335862, 54.2544988 ], [ -3.1338664, 54.2545465 ], [ -3.1341571, 54.2545758 ] ] ] } },
{ "type": "Feature", "properties": { "stop_id": "osm-way-840486856", "name": "Rugby Services" }, "geometry": { "type": "Polygon", "coordinates": [ [ [ -1.2518862, 52.4114233 ], [ -1.2507436, 52.4113497 ], [ -1.2507328, 52.4113939 ], [ -1.2500542, 52.4113497 ], [ -1.2500355, 52.4114086 ], [ -1.2495674, 52.4113783 ], [ -1.2495795, 52.4112941 ], [ -1.2495366, 52.4112384 ], [ -1.2494668, 52.4111861 ], [ -1.2493488, 52.4111517 ], [ -1.2493032, 52.4111174 ], [ -1.2492831, 52.4110961 ], [ -1.2492313, 52.4108017 ], [ -1.2492093, 52.4106773 ], [ -1.2492281, 52.4106004 ], [ -1.249204, 52.4103647 ], [ -1.249153, 52.4103435 ], [ -1.2488499, 52.410332 ], [ -1.2484932, 52.4103729 ], [ -1.2484369, 52.4103778 ], [ -1.2483805, 52.410368 ], [ -1.2483108, 52.4103042 ], [ -1.248284, 52.4102862 ], [ -1.2481874, 52.4102862 ], [ -1.2473854, 52.4103288 ], [ -1.2473586, 52.4103549 ], [ -1.2473485, 52.4103985 ], [ -1.247423, 52.4109276 ], [ -1.2474257, 52.4111125 ], [ -1.2474203, 52.4111615 ], [ -1.2473479, 52.4112139 ], [ -1.2468061, 52.4111975 ], [ -1.2465057, 52.4111665 ], [ -1.2459612, 52.4110568 ], [ -1.2455884, 52.4109587 ], [ -1.2455347, 52.4109341 ], [ -1.2454918, 52.4108998 ], [ -1.2451673, 52.4104973 ], [ -1.2451404, 52.4104646 ], [ -1.2450251, 52.4104155 ], [ -1.2460912, 52.409196 ], [ -1.246191, 52.4091863 ], [ -1.2462881, 52.4091881 ], [ -1.2464037, 52.4091369 ], [ -1.2465444, 52.4090638 ], [ -1.2466648, 52.408977 ], [ -1.2467627, 52.4088577 ], [ -1.2471695, 52.4088746 ], [ -1.2496231, 52.409071 ], [ -1.2520373, 52.4094789 ], [ -1.2524418, 52.4094869 ], [ -1.2523033, 52.4098584 ], [ -1.2522148, 52.4101193 ], [ -1.2521195, 52.4105635 ], [ -1.2519559, 52.4113497 ], [ -1.2518862, 52.4114233 ] ] ] } },
{ "type": "Feature", "properties": { "stop_id": "osm-way-843830409", "name": null }, "geometry": { "type": "Polygon", "coordinates": [ [ [ -1.7577239, 52.7170946 ], [ -1.7575906, 52.7170331 ], [ -1.7575523, 52.7170069 ], [ -1.7573921, 52.7167569 ], [ -1.7582309, 52.7165244 ], [ -1.7583006, 52.7166056 ], [ -1.7584025, 52.7166397 ], [ -1.7587566, 52.7167339 ], [ -1.7587941, 52.7168282 ], [ -1.758347, 52.7171972 ], [ -1.7581619, 52.7171956 ], [ -1.7580332, 52.7172964 ], [ -1.7576756, 52.7171369 ], [ -1.7577239, 52.7170946 ] ] ] } },
{ "type": "Feature", "properties": { "stop_id": "osm-way-844681865", "name": null }, "geometry": { "type": "Polygon", "coordinates": [ [ [ -3.2993867, 51.4084985 ], [ -3.2995872, 51.4086123 ], [ -3.2996391, 51.4086654 ], [ -3.299691, 51.4087196 ], [ -3.2996944, 51.4087313 ], [ -3.2996961, 51.4087479 ], [ -3.2996955, 51.4087606 ], [ -3.2996914, 51.4087777 ], [ -3.2996877, 51.4087917 ], [ -3.2996805, 51.4088098 ], [ -3.2996517, 51.4088501 ], [ -3.2996254, 51.4088759 ], [ -3.2996026, 51.4088922 ], [ -3.2995654, 51.4089128 ], [ -3.2995181, 51.4089282 ], [ -3.2994142, 51.4089483 ], [ -3.2992078, 51.4089844 ], [ -3.2989479, 51.4090329 ], [ -3.2987507, 51.4086743 ], [ -3.2989314, 51.4086959 ], [ -3.2991769, 51.4087236 ], [ -3.2993867, 51.4084985 ] ] ] } },
{ "type": "Feature", "properties": { "stop_id": "osm-way-854927096", "name": null }, "geometry": { "type": "Polygon", "coordinates": [ [ [ -4.6729263, 52.081064 ], [ -4.6727157, 52.0810829 ], [ -4.6725991, 52.081078 ], [ -4.672524, 52.0810656 ], [ -4.672508, 52.0810462 ], [ -4.6729743, 52.0810181 ], [ -4.6729263, 52.081064 ] ] ] } },
{ "type": "Feature", "properties": { "stop_id": "osm-way-872692209", "name": "Golden Fleece Service Station" }, "geometry": { "type": "Polygon", "coordinates": [ [ [ -2.8753282, 54.8562748 ], [ -2.875634, 54.8565589 ], [ -2.8758915, 54.8567939 ], [ -2.876487, 54.8571847 ], [ -2.8765818, 54.8573419 ], [ -2.8765743, 54.8575232 ], [ -2.8765249, 54.8576738 ], [ -2.8762936, 54.8578572 ], [ -2.8761191, 54.8579031 ], [ -2.875478, 54.8578812 ], [ -2.875277, 54.8579249 ], [ -2.8748749, 54.8576869 ], [ -2.8741694, 54.8579358 ], [ -2.8737749, 54.8579271 ], [ -2.873444, 54.8576609 ], [ -2.874325, 54.8572986 ], [ -2.8736918, 54.8567726 ], [ -2.8738583, 54.8567195 ], [ -2.874781, 54.8563119 ], [ -2.8749419, 54.8564416 ], [ -2.8753282, 54.8562748 ] ] ] } },
{ "type": "Feature", "properties": { "stop_id": "osm-way-875269174", "name": null }, "geometry": { "type": "Polygon", "coordinates": [ [ [ -0.6516725, 52.4963298 ], [ -0.6514657, 52.4959424 ], [ -0.6503321, 52.4958586 ], [ -0.6502614, 52.4958266 ], [ -0.6504357, 52.4964339 ], [ -0.6516725, 52.4963298 ] ] ] } },
{ "type": "Feature", "properties": { "stop_id": "osm-way-878784728", "name": "Irlam Gateway Service Station" }, "geometry": { "type": "Polygon", "coordinates": [ [ [ -2.4020013, 53.4560099 ], [ -2.4019396, 53.4561237 ], [ -2.401658, 53.4565949 ], [ -2.4016057, 53.4566863 ], [ -2.4015071, 53.4568476 ], [ -2.401477, 53.4568799 ], [ -2.4014126, 53.4569287 ], [ -2.4013552, 53.456949 ], [ -2.4013133, 53.4569582 ], [ -2.401249, 53.4569638 ], [ -2.4011478, 53.4569428 ], [ -2.4009714, 53.4569063 ], [ -2.4009177, 53.4568807 ], [ -2.4008959, 53.4568608 ], [ -2.4008701, 53.4568221 ], [ -2.4008671, 53.4567927 ], [ -2.4009046, 53.4566809 ], [ -2.4009578, 53.456558 ], [ -2.4009647, 53.4565402 ], [ -2.4009834, 53.4564919 ], [ -2.4011075, 53.4562591 ], [ -2.4011399, 53.4562101 ], [ -2.4011591, 53.4561812 ], [ -2.4012731, 53.4560159 ], [ -2.4013113, 53.4560235 ], [ -2.4013522, 53.4560127 ], [ -2.4015293, 53.455982 ], [ -2.4017056, 53.4559592 ], [ -2.4017854, 53.4559664 ], [ -2.4018605, 53.4559788 ], [ -2.4020013, 53.4560099 ] ] ] } },
{ "type": "Feature", "properties": { "stop_id": "osm-way-879888895", "name": "Broadway Garage" }, "geometry": { "type": "Polygon", "coordinates": [ [ [ -0.2687453, 52.5158104 ], [ -0.2687199, 52.5151995 ], [ -0.2683248, 52.5152068 ], [ -0.268357, 52.5157851 ], [ -0.2687453, 52.5158104 ] ] ] } },
{ "type": "Feature", "properties": { "stop_id": "osm-way-881223537", "name": "GRIDSERVE Braintree Electric Forecourt" }, "geometry": { "type": "Polygon", "coordinates": [ [ [ 0.5205776, 51.8524411 ], [ 0.5206878, 51.8524908 ], [ 0.5208233, 51.852555 ], [ 0.5209046, 51.852594 ], [ 0.5209845, 51.852597 ], [ 0.5211793, 51.8527837 ], [ 0.5211275, 51.8528404 ], [ 0.5211567, 51.8529571 ], [ 0.5215327, 51.8531767 ], [ 0.5216803, 51.8532252 ], [ 0.5218164, 51.8532471 ], [ 0.5219136, 51.8532504 ], [ 0.5220082, 51.8532367 ], [ 0.5220839, 51.8532218 ], [ 0.5222307, 51.8531692 ], [ 0.522292, 51.8531388 ], [ 0.5225479, 51.8527544 ], [ 0.5226626, 51.8525902 ], [ 0.5221914, 51.8523518 ], [ 0.5214889, 51.8521562 ], [ 0.5208744, 51.8522071 ], [ 0.5205776, 51.8524411 ] ] ] } },
{ "type": "Feature", "properties": { "stop_id": "osm-way-886067758", "name": null }, "geometry": { "type": "Polygon", "coordinates": [ [ [ -0.9145573, 53.7048054 ], [ -0.9144034, 53.7048195 ], [ -0.9143816, 53.7047366 ], [ -0.9145384, 53.7047202 ], [ -0.9145573, 53.7048054 ] ] ] } },
{ "type": "Feature", "properties": { "stop_id": "osm-way-888609601", "name": null }, "geometry": { "type": "Polygon", "coordinates": [ [ [ -4.4086109, 52.0357975 ], [ -4.4081881, 52.0357777 ], [ -4.4081914, 52.0357704 ], [ -4.4081975, 52.0357571 ], [ -4.4082095, 52.0357415 ], [ -4.4082384, 52.0356899 ], [ -4.4083035, 52.0357038 ], [ -4.4085138, 52.035743 ], [ -4.4086833, 52.0357711 ], [ -4.4086109, 52.0357975 ] ] ] } },
{ "type": "Feature", "properties": { "stop_id": "osm-way-890192360", "name": null }, "geometry": { "type": "Polygon", "coordinates": [ [ [ -7.9956149, 54.4696268 ], [ -7.9955739, 54.469662 ], [ -7.9955477, 54.4696764 ], [ -7.9951836, 54.4697702 ], [ -7.9951541, 54.4697765 ], [ -7.9951092, 54.4697812 ], [ -7.9950629, 54.4697819 ], [ -7.995075, 54.469745 ], [ -7.9953019, 54.4696894 ], [ -7.995572, 54.4696163 ], [ -7.9956149, 54.4696268 ] ] ] } },
{ "type": "Feature", "properties": { "stop_id": "osm-way-890196621", "name": null }, "geometry": { "type": "Polygon", "coordinates": [ [ [ -7.1117243, 54.6591549 ], [ -7.1112925, 54.6594001 ], [ -7.1106836, 54.6596607 ], [ -7.1101472, 54.6597336 ], [ -7.1098548, 54.6597088 ], [ -7.1093747, 54.6596545 ], [ -7.1091816, 54.6595816 ], [ -7.1093224, 54.659558 ], [ -7.111589, 54.6591776 ], [ -7.1117243, 54.6591549 ] ] ] } },
{ "type": "Feature", "properties": { "stop_id": "osm-way-890196951", "name": null }, "geometry": { "type": "Polygon", "coordinates": [ [ [ -7.6355597, 54.3768284 ], [ -7.6357019, 54.3768831 ], [ -7.6359245, 54.3771549 ], [ -7.6359755, 54.3773487 ], [ -7.6358977, 54.3774658 ], [ -7.6358427, 54.3773621 ], [ -7.6355844, 54.3768749 ], [ -7.6355597, 54.3768284 ] ] ] } },
{ "type": "Feature", "properties": { "stop_id": "osm-way-890197339", "name": null }, "geometry": { "type": "Polygon", "coordinates": [ [ [ -7.4099886, 54.2209043 ], [ -7.409943, 54.2208306 ], [ -7.4098854, 54.2208016 ], [ -7.409129, 54.2205076 ], [ -7.4090284, 54.2204895 ], [ -7.4089815, 54.2205068 ], [ -7.4090522, 54.2205361 ], [ -7.4095729, 54.2207522 ], [ -7.4098755, 54.2208629 ], [ -7.4099886, 54.2209043 ] ] ] } },
{ "type": "Feature", "properties": { "stop_id": "osm-way-902226026", "name": null }, "geometry": { "type": "Polygon", "coordinates": [ [ [ -1.7691493, 52.7089303 ], [ -1.7677245, 52.7100744 ], [ -1.7681721, 52.710264 ], [ -1.7695802, 52.7091037 ], [ -1.7691493, 52.7089303 ] ] ] } },
{ "type": "Feature", "properties": { "stop_id": "osm-way-923412723", "name": null }, "geometry": { "type": "Polygon", "coordinates": [ [ [ -6.1347449, 54.6876237 ], [ -6.134587, 54.6876788 ], [ -6.1345497, 54.6877391 ], [ -6.1339358, 54.6879519 ], [ -6.1338494, 54.6879243 ], [ -6.1337108, 54.6879743 ], [ -6.1338881, 54.6880113 ], [ -6.133988, 54.6880027 ], [ -6.1346615, 54.6877701 ], [ -6.1347196, 54.6877296 ], [ -6.1347449, 54.6876237 ] ] ] } },
{ "type": "Feature", "properties": { "stop_id": "osm-way-925256733", "name": "Rhostyllen Services" }, "geometry": { "type": "Polygon", "coordinates": [ [ [ -3.0308033, 53.0277484 ], [ -3.0303575, 53.0270754 ], [ -3.0301812, 53.0271253 ], [ -3.0295653, 53.0274097 ], [ -3.0292688, 53.0275494 ], [ -3.0290795, 53.027703 ], [ -3.0294437, 53.0280011 ], [ -3.0296046, 53.0282107 ], [ -3.0300766, 53.0279832 ], [ -3.0300982, 53.0279989 ], [ -3.0306292, 53.0277324 ], [ -3.0308033, 53.0277484 ] ] ] } },
{ "type": "Feature", "properties": { "stop_id": "osm-way-926912300", "name": "Forfar Services" }, "geometry": { "type": "Polygon", "coordinates": [ [ [ -2.9194872, 56.6352395 ], [ -2.9188167, 56.6345901 ], [ -2.9195772, 56.6342928 ], [ -2.9201414, 56.6341145 ], [ -2.9202803, 56.6340706 ], [ -2.9204005, 56.6340674 ], [ -2.9205335, 56.6340955 ], [ -2.9207211, 56.6342046 ], [ -2.9207894, 56.6343008 ], [ -2.9208084, 56.6344073 ], [ -2.920817, 56.6345163 ], [ -2.9208308, 56.6345472 ], [ -2.9210666, 56.6347775 ], [ -2.9210604, 56.6347951 ], [ -2.9210457, 56.6348141 ], [ -2.9210095, 56.634828 ], [ -2.9202064, 56.635065 ], [ -2.920047, 56.635099 ], [ -2.9197178, 56.6351891 ], [ -2.9194872, 56.6352395 ] ] ] } },
{ "type": "Feature", "properties": { "stop_id": "osm-way-929926756", "name": null }, "geometry": { "type": "Polygon", "coordinates": [ [ [ -0.2755312, 51.5757489 ], [ -0.2755574, 51.5757126 ], [ -0.2755667, 51.5756998 ], [ -0.2756135, 51.5756777 ], [ -0.2755618, 51.5755544 ], [ -0.275465, 51.5755634 ], [ -0.2754053, 51.5755333 ], [ -0.2755312, 51.5757489 ] ] ] } },
{ "type": "Feature", "properties": { "stop_id": "osm-way-929926757", "name": null }, "geometry": { "type": "Polygon", "coordinates": [ [ [ -0.2752795, 51.5756938 ], [ -0.2752228, 51.575686 ], [ -0.275131, 51.575674 ], [ -0.2750584, 51.5755594 ], [ -0.2751681, 51.5754952 ], [ -0.2752795, 51.5756938 ] ] ] } },
{ "type": "Feature", "properties": { "stop_id": "osm-way-929926762", "name": null }, "geometry": { "type": "Polygon", "coordinates": [ [ [ -0.2773459, 51.5791335 ], [ -0.2773145, 51.5791813 ], [ -0.2773063, 51.5791938 ], [ -0.2773364, 51.5792685 ], [ -0.2774457, 51.5792957 ], [ -0.2773459, 51.5791335 ] ] ] } },
{ "type": "Feature", "properties": { "stop_id": "osm-way-937456629", "name": "Handcross" }, "geometry": { "type": "Polygon", "coordinates": [ [ [ -0.2001531, 51.0574159 ], [ -0.2002055, 51.0572058 ], [ -0.2002462, 51.0570706 ], [ -0.2004674, 51.056335 ], [ -0.2006429, 51.0563516 ], [ -0.2007077, 51.0561267 ], [ -0.200837, 51.0555975 ], [ -0.2008399, 51.0555856 ], [ -0.2008486, 51.0555499 ], [ -0.2014488, 51.0556225 ], [ -0.2014282, 51.0556693 ], [ -0.2013609, 51.0558221 ], [ -0.2013383, 51.0558735 ], [ -0.2011462, 51.05631 ], [ -0.2011264, 51.0563376 ], [ -0.2010148, 51.0564625 ], [ -0.2009625, 51.0565584 ], [ -0.2009258, 51.0566258 ], [ -0.200892, 51.0566877 ], [ -0.2008354, 51.0568272 ], [ -0.2006233, 51.0570663 ], [ -0.2005775, 51.0571056 ], [ -0.2005522, 51.0571273 ], [ -0.2002108, 51.0574201 ], [ -0.2001531, 51.0574159 ] ] ] } },
{ "type": "Feature", "properties": { "stop_id": "osm-way-938406530", "name": "Pyecombe (North) Services" }, "geometry": { "type": "Polygon", "coordinates": [ [ [ -0.1810954, 50.9020932 ], [ -0.1807334, 50.9019447 ], [ -0.1802828, 50.9017861 ], [ -0.1800962, 50.9017285 ], [ -0.1799199, 50.9016741 ], [ -0.1798636, 50.9016449 ], [ -0.1798453, 50.9015884 ], [ -0.1798747, 50.9015408 ], [ -0.1799572, 50.901515 ], [ -0.1800863, 50.9015167 ], [ -0.1801352, 50.9015174 ], [ -0.1807084, 50.9015395 ], [ -0.1819347, 50.9016231 ], [ -0.1822366, 50.9016816 ], [ -0.182403, 50.9017351 ], [ -0.1825078, 50.9018062 ], [ -0.1826157, 50.9019468 ], [ -0.1824016, 50.9021532 ], [ -0.1822494, 50.9022907 ], [ -0.1821816, 50.9023731 ], [ -0.1820732, 50.9023803 ], [ -0.1819826, 50.9023864 ], [ -0.181644, 50.9022868 ], [ -0.1813684, 50.902166 ], [ -0.1811986, 50.9020447 ], [ -0.1810954, 50.9020932 ] ] ] } },
{ "type": "Feature", "properties": { "stop_id": "osm-way-938406535", "name": "Pyecombe (South) Services" }, "geometry": { "type": "Polygon", "coordinates": [ [ [ -0.1629321, 50.8961658 ], [ -0.16287, 50.8961737 ], [ -0.1627119, 50.8961939 ], [ -0.1626854, 50.8961373 ], [ -0.1626529, 50.896056 ], [ -0.1626488, 50.8960044 ], [ -0.1626761, 50.895813 ], [ -0.1627142, 50.8957079 ], [ -0.1627546, 50.8955988 ], [ -0.1628209, 50.8953634 ], [ -0.1629256, 50.8953712 ], [ -0.1629499, 50.895373 ], [ -0.1630395, 50.8953797 ], [ -0.1630986, 50.8953544 ], [ -0.1631048, 50.8953354 ], [ -0.1632007, 50.8953143 ], [ -0.1634513, 50.8956668 ], [ -0.1636512, 50.8958781 ], [ -0.1635809, 50.8959395 ], [ -0.1635641, 50.8959543 ], [ -0.1634647, 50.8959669 ], [ -0.1633036, 50.8959458 ], [ -0.1629321, 50.8961658 ] ] ] } },
{ "type": "Feature", "properties": { "stop_id": "osm-way-939084552", "name": "Ricebridge Services (Hickstead)" }, "geometry": { "type": "Polygon", "coordinates": [ [ [ -0.1912415, 50.967826 ], [ -0.1912804, 50.9673396 ], [ -0.1914467, 50.9667315 ], [ -0.1915191, 50.9666977 ], [ -0.1928965, 50.966701 ], [ -0.1929072, 50.9668413 ], [ -0.1929849, 50.9673142 ], [ -0.1929621, 50.9676115 ], [ -0.1929152, 50.9676698 ], [ -0.1928602, 50.9676968 ], [ -0.1927777, 50.9677141 ], [ -0.1927281, 50.9677091 ], [ -0.1926383, 50.9676766 ], [ -0.1925645, 50.9676103 ], [ -0.1924558, 50.9676407 ], [ -0.1923506, 50.9676702 ], [ -0.1923781, 50.9677327 ], [ -0.1923613, 50.9677994 ], [ -0.1922105, 50.9678995 ], [ -0.1920428, 50.9679316 ], [ -0.1916693, 50.9679545 ], [ -0.1912415, 50.967826 ] ] ] } },
{ "type": "Feature", "properties": { "stop_id": "osm-way-940833206", "name": null }, "geometry": { "type": "Polygon", "coordinates": [ [ [ -7.8588421, 54.2757605 ], [ -7.8588939, 54.275723 ], [ -7.8588644, 54.2756854 ], [ -7.8587732, 54.275651 ], [ -7.8586525, 54.2755727 ], [ -7.8585613, 54.275499 ], [ -7.8584969, 54.2754615 ], [ -7.8583916, 54.2754478 ], [ -7.8588421, 54.2757605 ] ] ] } },
{ "type": "Feature", "properties": { "stop_id": "osm-way-945561959", "name": "Holt Road Services" }, "geometry": { "type": "Polygon", "coordinates": [ [ [ -2.958289, 53.0601137 ], [ -2.9577793, 53.0595446 ], [ -2.9575901, 53.0594609 ], [ -2.9573589, 53.0594341 ], [ -2.9571592, 53.0594877 ], [ -2.9570665, 53.0595455 ], [ -2.9569864, 53.0596226 ], [ -2.9569064, 53.0597066 ], [ -2.9567692, 53.0596801 ], [ -2.9567338, 53.0597469 ], [ -2.9566535, 53.0598783 ], [ -2.9566051, 53.0600134 ], [ -2.9566133, 53.0601319 ], [ -2.9566376, 53.0602181 ], [ -2.9567584, 53.0603385 ], [ -2.9568268, 53.060307 ], [ -2.9570265, 53.0605486 ], [ -2.9578521, 53.0602642 ], [ -2.958289, 53.0601137 ] ] ] } },
{ "type": "Feature", "properties": { "stop_id": "osm-way-949534308", "name": null }, "geometry": { "type": "Polygon", "coordinates": [ [ [ -4.2170757, 51.7412326 ], [ -4.2169861, 51.7412874 ], [ -4.2169357, 51.7412831 ], [ -4.2170487, 51.7411445 ], [ -4.2171668, 51.7410028 ], [ -4.2171918, 51.7410323 ], [ -4.217163, 51.7411134 ], [ -4.2171277, 51.7411836 ], [ -4.2170757, 51.7412326 ] ] ] } },
{ "type": "Feature", "properties": { "stop_id": "osm-way-957114419", "name": "Newton Park Service Station" }, "geometry": { "type": "Polygon", "coordinates": [ [ [ -1.5635706, 54.5862865 ], [ -1.5634472, 54.5862134 ], [ -1.5633748, 54.5861202 ], [ -1.563297, 54.5858948 ], [ -1.5632514, 54.5856088 ], [ -1.5632139, 54.5854845 ], [ -1.5629161, 54.5850446 ], [ -1.5625621, 54.5845674 ], [ -1.5625943, 54.5839053 ], [ -1.5626372, 54.5836581 ], [ -1.5627122, 54.5834172 ], [ -1.5637234, 54.5826431 ], [ -1.5646596, 54.5830597 ], [ -1.5640024, 54.5835415 ], [ -1.5641124, 54.5843794 ], [ -1.5640024, 54.5847384 ], [ -1.5640507, 54.5850042 ], [ -1.5643323, 54.5855467 ], [ -1.5644128, 54.5857705 ], [ -1.5644691, 54.5860425 ], [ -1.5652201, 54.586459 ], [ -1.5653274, 54.5872128 ], [ -1.5638039, 54.5872657 ], [ -1.5637101, 54.5871242 ], [ -1.5636832, 54.5863145 ], [ -1.5635706, 54.5862865 ] ] ] } },
{ "type": "Feature", "properties": { "stop_id": "osm-way-963281122", "name": null }, "geometry": { "type": "Polygon", "coordinates": [ [ [ -3.0929929, 54.2597663 ], [ -3.0928881, 54.2597915 ], [ -3.0925862, 54.2597726 ], [ -3.0925738, 54.2597492 ], [ -3.0929929, 54.2597663 ] ] ] } },
{ "type": "Feature", "properties": { "stop_id": "osm-way-963281123", "name": null }, "geometry": { "type": "Polygon", "coordinates": [ [ [ -3.0657919, 54.247064 ], [ -3.0656074, 54.2470108 ], [ -3.0655117, 54.2469671 ], [ -3.0654659, 54.2469277 ], [ -3.0654199, 54.2468744 ], [ -3.0654182, 54.2468527 ], [ -3.0655181, 54.2469375 ], [ -3.065588, 54.2469695 ], [ -3.0657208, 54.247028 ], [ -3.0657919, 54.247064 ] ] ] } },
{ "type": "Feature", "properties": { "stop_id": "osm-way-963281125", "name": null }, "geometry": { "type": "Polygon", "coordinates": [ [ [ -3.1433832, 54.2627501 ], [ -3.1433867, 54.2629155 ], [ -3.1433389, 54.2629103 ], [ -3.1432841, 54.2628938 ], [ -3.1432575, 54.2628679 ], [ -3.1432628, 54.262838 ], [ -3.1433035, 54.2628039 ], [ -3.1433832, 54.2627501 ] ] ] } },
{ "type": "Feature", "properties": { "stop_id": "osm-way-963773182", "name": null }, "geometry": { "type": "Polygon", "coordinates": [ [ [ 0.2312359, 50.8803596 ], [ 0.2316195, 50.8793154 ], [ 0.2316222, 50.8792511 ], [ 0.2314103, 50.8790074 ], [ 0.2312413, 50.8789346 ], [ 0.2299752, 50.8788165 ], [ 0.2299216, 50.879312 ], [ 0.2297366, 50.8804527 ], [ 0.2308068, 50.8801599 ], [ 0.2309516, 50.8804747 ], [ 0.2312359, 50.8803596 ] ] ] } },
{ "type": "Feature", "properties": { "stop_id": "osm-way-969492228", "name": "Monmouth A40 North Services" }, "geometry": { "type": "Polygon", "coordinates": [ [ [ -2.8162043, 51.7738251 ], [ -2.8139296, 51.7741769 ], [ -2.8133043, 51.7742252 ], [ -2.8132215, 51.7742316 ], [ -2.8131975, 51.7735861 ], [ -2.811588, 51.7735346 ], [ -2.8114138, 51.7735098 ], [ -2.8112905, 51.7734583 ], [ -2.8107888, 51.7729753 ], [ -2.8109206, 51.772976 ], [ -2.8151278, 51.772998 ], [ -2.8162096, 51.7730036 ], [ -2.8162043, 51.7738251 ] ] ] } },
{ "type": "Feature", "properties": { "stop_id": "osm-way-969493724", "name": "Monmouth A40 South Services" }, "geometry": { "type": "Polygon", "coordinates": [ [ [ -2.8153245, 51.7724376 ], [ -2.8147264, 51.7726152 ], [ -2.8145653, 51.7726367 ], [ -2.8116204, 51.7725422 ], [ -2.8115497, 51.7724671 ], [ -2.811497, 51.7724111 ], [ -2.8116177, 51.7723032 ], [ -2.8120549, 51.7719911 ], [ -2.8126664, 51.7716824 ], [ -2.8127737, 51.7716625 ], [ -2.8150107, 51.7717521 ], [ -2.8152278, 51.7720591 ], [ -2.815633, 51.7723546 ], [ -2.8154073, 51.7724153 ], [ -2.8153245, 51.7724376 ] ] ] } },
{ "type": "Feature", "properties": { "stop_id": "osm-way-972698654", "name": "Buttleys Lane" }, "geometry": { "type": "Polygon", "coordinates": [ [ [ 0.3372119, 51.8658184 ], [ 0.3372307, 51.8665736 ], [ 0.3376698, 51.8663605 ], [ 0.3382718, 51.8662296 ], [ 0.3385924, 51.8662057 ], [ 0.3389017, 51.866254 ], [ 0.338663, 51.8659989 ], [ 0.3377939, 51.8658432 ], [ 0.3372119, 51.8658184 ] ] ] } },
{ "type": "Feature", "properties": { "stop_id": "osm-way-972698659", "name": "Ash Grove" }, "geometry": { "type": "Polygon", "coordinates": [ [ [ 0.3532314, 51.8661302 ], [ 0.3537839, 51.8660449 ], [ 0.3539931, 51.866121 ], [ 0.3538201, 51.8664589 ], [ 0.3539246, 51.8664859 ], [ 0.3538477, 51.8665648 ], [ 0.353668, 51.8666457 ], [ 0.35344, 51.8666805 ], [ 0.3532362, 51.8666706 ], [ 0.3531235, 51.8666408 ], [ 0.3524428, 51.866242 ], [ 0.3525099, 51.8661666 ], [ 0.3527499, 51.8661881 ], [ 0.3529632, 51.8661691 ], [ 0.3532314, 51.8661302 ] ] ] } },
{ "type": "Feature", "properties": { "stop_id": "osm-way-973188376", "name": null }, "geometry": { "type": "Polygon", "coordinates": [ [ [ -3.1845517, 51.476629 ], [ -3.1845146, 51.4767357 ], [ -3.1845095, 51.4767504 ], [ -3.184656, 51.4768234 ], [ -3.1847218, 51.4768356 ], [ -3.1849614, 51.4767909 ], [ -3.1849632, 51.4767948 ], [ -3.1850912, 51.4767703 ], [ -3.1852084, 51.4767471 ], [ -3.1852291, 51.476743 ], [ -3.1851972, 51.4766802 ], [ -3.1851585, 51.4765998 ], [ -3.1851088, 51.4764966 ], [ -3.1848109, 51.4764617 ], [ -3.1847531, 51.4764547 ], [ -3.1846492, 51.4764422 ], [ -3.1846308, 51.4764907 ], [ -3.184601, 51.4765789 ], [ -3.1845811, 51.476632 ], [ -3.1845517, 51.476629 ] ] ] } },
{ "type": "Feature", "properties": { "stop_id": "osm-way-973458150", "name": "Glanusk Services" }, "geometry": { "type": "Polygon", "coordinates": [ [ [ -3.5765621, 51.9442914 ], [ -3.5762091, 51.9443123 ], [ -3.5755093, 51.9443046 ], [ -3.5753806, 51.9442029 ], [ -3.5757223, 51.9441346 ], [ -3.5764293, 51.9440111 ], [ -3.5765621, 51.9442914 ] ] ] } },
{ "type": "Feature", "properties": { "stop_id": "osm-way-978058354", "name": null }, "geometry": { "type": "Polygon", "coordinates": [ [ [ -3.5398093, 52.3324276 ], [ -3.5391841, 52.3318914 ], [ -3.5394625, 52.331937 ], [ -3.5395389, 52.3319592 ], [ -3.5396153, 52.332017 ], [ -3.5396499, 52.3320482 ], [ -3.5396608, 52.3320815 ], [ -3.5396772, 52.3321771 ], [ -3.5397154, 52.3322639 ], [ -3.5398093, 52.3324276 ] ] ] } },
{ "type": "Feature", "properties": { "stop_id": "osm-way-978270528", "name": null }, "geometry": { "type": "Polygon", "coordinates": [ [ [ -0.2555716, 52.2909657 ], [ -0.255657, 52.2909562 ], [ -0.2556619, 52.2909222 ], [ -0.2564098, 52.2908549 ], [ -0.2563522, 52.2910033 ], [ -0.2563347, 52.2910961 ], [ -0.2561966, 52.2913356 ], [ -0.2560263, 52.2915094 ], [ -0.2559163, 52.2915694 ], [ -0.2557862, 52.2916309 ], [ -0.255811, 52.2915275 ], [ -0.2553919, 52.2913709 ], [ -0.2554374, 52.2913225 ], [ -0.255307, 52.2912769 ], [ -0.2553522, 52.2912237 ], [ -0.2552785, 52.2912003 ], [ -0.2553805, 52.2910741 ], [ -0.2554568, 52.2911007 ], [ -0.2555716, 52.2909657 ] ] ] } },
{ "type": "Feature", "properties": { "stop_id": "osm-way-978690524", "name": "Moto Wetherby Services" }, "geometry": { "type": "Polygon", "coordinates": [ [ [ -1.3719142, 53.9453467 ], [ -1.3717688, 53.9456403 ], [ -1.3713666, 53.9462412 ], [ -1.3712928, 53.9463515 ], [ -1.3706236, 53.9472079 ], [ -1.3702633, 53.9477988 ], [ -1.3700749, 53.9480717 ], [ -1.3699662, 53.9482133 ], [ -1.3681694, 53.9475689 ], [ -1.3679136, 53.9474772 ], [ -1.3682438, 53.947121 ], [ -1.3679241, 53.9470196 ], [ -1.3677686, 53.9469612 ], [ -1.3678272, 53.9468952 ], [ -1.3678359, 53.9468854 ], [ -1.3676965, 53.9468352 ], [ -1.3677195, 53.9468111 ], [ -1.3677283, 53.9468018 ], [ -1.3680644, 53.9464655 ], [ -1.3680318, 53.946454 ], [ -1.3682217, 53.9462669 ], [ -1.3682598, 53.9462283 ], [ -1.3683181, 53.9461691 ], [ -1.3683759, 53.9461198 ], [ -1.3684409, 53.9460819 ], [ -1.3685334, 53.9460381 ], [ -1.3686555, 53.9459967 ], [ -1.3687578, 53.9459612 ], [ -1.3688419, 53.945932 ], [ -1.3688835, 53.9459091 ], [ -1.3688996, 53.9458747 ], [ -1.3688875, 53.94572 ], [ -1.3688808, 53.9456541 ], [ -1.3689049, 53.9455977 ], [ -1.3689465, 53.9455444 ], [ -1.3689733, 53.9455171 ], [ -1.3690578, 53.9454311 ], [ -1.3692831, 53.9452054 ], [ -1.369376, 53.9451183 ], [ -1.3695862, 53.9449212 ], [ -1.3699543, 53.9446474 ], [ -1.3701542, 53.944514 ], [ -1.3705102, 53.9443127 ], [ -1.3703915, 53.9442452 ], [ -1.3704767, 53.9441982 ], [ -1.3706068, 53.9442622 ], [ -1.3712043, 53.9440159 ], [ -1.3715362, 53.9439259 ], [ -1.3721286, 53.9438089 ], [ -1.3721425, 53.9438554 ], [ -1.3721585, 53.9439093 ], [ -1.3721672, 53.9439385 ], [ -1.3719754, 53.9439614 ], [ -1.3718977, 53.9439779 ], [ -1.3718232, 53.9439989 ], [ -1.3717527, 53.9440243 ], [ -1.371687, 53.9440537 ], [ -1.3716266, 53.9440869 ], [ -1.3715723, 53.9441235 ], [ -1.3715245, 53.9441632 ], [ -1.3714838, 53.9442055 ], [ -1.3714536, 53.9442464 ], [ -1.3714289, 53.9442886 ], [ -1.37141, 53.9443317 ], [ -1.3713969, 53.9443757 ], [ -1.3713899, 53.9444201 ], [ -1.3713888, 53.9444646 ], [ -1.3713938, 53.9445091 ], [ -1.3715623, 53.9449402 ], [ -1.3715798, 53.944995 ], [ -1.3716063, 53.945024 ], [ -1.3716477, 53.9450461 ], [ -1.3716991, 53.9450589 ], [ -1.3717943, 53.9450704 ], [ -1.3720404, 53.9450918 ], [ -1.3719142, 53.9453467 ] ] ] } },
{ "type": "Feature", "properties": { "stop_id": "osm-way-984592159", "name": "Exelby Services Whitwood" }, "geometry": { "type": "Polygon", "coordinates": [ [ [ -1.4014122, 53.7126495 ], [ -1.4003529, 53.7117803 ], [ -1.3993555, 53.7125091 ], [ -1.3994421, 53.7125732 ], [ -1.3992819, 53.7127645 ], [ -1.4000522, 53.7132794 ], [ -1.4014122, 53.7126495 ] ] ] } },
{ "type": "Feature", "properties": { "stop_id": "osm-way-988446093", "name": "Bell Bar Service Station" }, "geometry": { "type": "Polygon", "coordinates": [ [ [ -0.1880558, 51.7337685 ], [ -0.1875591, 51.7335919 ], [ -0.1874791, 51.7340226 ], [ -0.1879379, 51.7341321 ], [ -0.1880558, 51.7337685 ] ] ] } },
{ "type": "Feature", "properties": { "stop_id": "osm-way-993428645", "name": null }, "geometry": { "type": "Polygon", "coordinates": [ [ [ -4.2263299, 53.2926763 ], [ -4.2263409, 53.2926573 ], [ -4.2263574, 53.2926289 ], [ -4.226348, 53.2925741 ], [ -4.226148, 53.2924516 ], [ -4.2261036, 53.2924307 ], [ -4.2256137, 53.2921998 ], [ -4.2254972, 53.2922119 ], [ -4.2262454, 53.2926226 ], [ -4.2263299, 53.2926763 ] ] ] } },
{ "type": "Feature", "properties": { "stop_id": "osm-way-999279003", "name": "West Wellow Services" }, "geometry": { "type": "Polygon", "coordinates": [ [ [ -1.5361541, 50.9555099 ], [ -1.535618, 50.9555662 ], [ -1.5356691, 50.9553661 ], [ -1.535578, 50.9553694 ], [ -1.5353664, 50.955377 ], [ -1.5350609, 50.9553964 ], [ -1.534923, 50.9553952 ], [ -1.534669, 50.9549335 ], [ -1.5346762, 50.9548534 ], [ -1.5350243, 50.9545388 ], [ -1.5350051, 50.95443 ], [ -1.5349211, 50.9543649 ], [ -1.5350318, 50.9543503 ], [ -1.535074, 50.9543447 ], [ -1.5351964, 50.9543286 ], [ -1.5352935, 50.9544403 ], [ -1.5353571, 50.9544889 ], [ -1.535568, 50.9545542 ], [ -1.5358259, 50.9546133 ], [ -1.5358694, 50.9547335 ], [ -1.5358962, 50.9548137 ], [ -1.5360569, 50.9549803 ], [ -1.5360703, 50.9551068 ], [ -1.536231, 50.9551511 ], [ -1.5364118, 50.9550984 ], [ -1.536482, 50.9549953 ], [ -1.536462, 50.9549128 ], [ -1.5365792, 50.9548769 ], [ -1.5367265, 50.9549149 ], [ -1.5367332, 50.9550035 ], [ -1.5367332, 50.955052 ], [ -1.5366607, 50.9550849 ], [ -1.5366136, 50.9551173 ], [ -1.5365911, 50.9551483 ], [ -1.5365836, 50.9551901 ], [ -1.5366425, 50.955379 ], [ -1.5366611, 50.9554892 ], [ -1.5366425, 50.955516 ], [ -1.5365911, 50.9555241 ], [ -1.536499, 50.9555275 ], [ -1.5362709, 50.955543 ], [ -1.5362205, 50.9555288 ], [ -1.5361959, 50.9555153 ], [ -1.5361638, 50.9554721 ], [ -1.5361391, 50.9554762 ], [ -1.5361541, 50.9555099 ] ] ] } },
{ "type": "Feature", "properties": { "stop_id": "osm-way-1005920734", "name": null }, "geometry": { "type": "Polygon", "coordinates": [ [ [ -3.0885224, 54.1455076 ], [ -3.0885566, 54.1453408 ], [ -3.088629, 54.1450536 ], [ -3.0887021, 54.1448664 ], [ -3.0887265, 54.1449473 ], [ -3.0887468, 54.1451474 ], [ -3.0886736, 54.1453307 ], [ -3.0885224, 54.1455076 ] ] ] } },
{ "type": "Feature", "properties": { "stop_id": "osm-way-1007327878", "name": null }, "geometry": { "type": "Polygon", "coordinates": [ [ [ 0.7436934, 51.416957 ], [ 0.743752, 51.416911 ], [ 0.7448468, 51.4168684 ], [ 0.7448575, 51.4169896 ], [ 0.7446282, 51.416962 ], [ 0.7444638, 51.4169651 ], [ 0.7440555, 51.4169729 ], [ 0.7436934, 51.416957 ] ] ] } },
{ "type": "Feature", "properties": { "stop_id": "osm-way-1008641983", "name": null }, "geometry": { "type": "Polygon", "coordinates": [ [ [ -1.2955295, 51.7876557 ], [ -1.2954885, 51.787717 ], [ -1.2954508, 51.7877463 ], [ -1.2949884, 51.7879944 ], [ -1.2944829, 51.7882737 ], [ -1.2944101, 51.7882841 ], [ -1.2943331, 51.788295 ], [ -1.2949474, 51.787961 ], [ -1.2955295, 51.7876557 ] ] ] } },
{ "type": "Feature", "properties": { "stop_id": "osm-way-1008641984", "name": null }, "geometry": { "type": "Polygon", "coordinates": [ [ [ -1.3044021, 51.776337 ], [ -1.3043416, 51.7762247 ], [ -1.3043489, 51.7760553 ], [ -1.3043517, 51.7758597 ], [ -1.3044273, 51.7757208 ], [ -1.3044206, 51.7760569 ], [ -1.3044021, 51.776337 ] ] ] } },
{ "type": "Feature", "properties": { "stop_id": "osm-way-1008641985", "name": null }, "geometry": { "type": "Polygon", "coordinates": [ [ [ -1.304761, 51.7754195 ], [ -1.3047128, 51.7755693 ], [ -1.3047045, 51.7754159 ], [ -1.3046705, 51.7748864 ], [ -1.3047375, 51.7750442 ], [ -1.3047527, 51.7752137 ], [ -1.304761, 51.7754195 ] ] ] } },
{ "type": "Feature", "properties": { "stop_id": "osm-way-1008641986", "name": null }, "geometry": { "type": "Polygon", "coordinates": [ [ [ -1.2757673, 51.7387884 ], [ -1.2762498, 51.7390404 ], [ -1.2773171, 51.7396948 ], [ -1.2775118, 51.7398268 ], [ -1.2777206, 51.7399684 ], [ -1.2774941, 51.7398357 ], [ -1.2772869, 51.7397143 ], [ -1.2762138, 51.739062 ], [ -1.2757673, 51.7387884 ] ] ] } },
{ "type": "Feature", "properties": { "stop_id": "osm-way-1008811502", "name": "Tabley Hill Service Station" }, "geometry": { "type": "Polygon", "coordinates": [ [ [ -2.4171052, 53.310227 ], [ -2.4172041, 53.3102428 ], [ -2.4172298, 53.3101822 ], [ -2.4172469, 53.3101796 ], [ -2.417261, 53.3101749 ], [ -2.417272, 53.3101665 ], [ -2.4172825, 53.3101434 ], [ -2.4173533, 53.3099881 ], [ -2.4170594, 53.3099369 ], [ -2.4169179, 53.3099122 ], [ -2.4168139, 53.3101493 ], [ -2.416911, 53.310167 ], [ -2.4168914, 53.3102111 ], [ -2.4170977, 53.3102439 ], [ -2.4171052, 53.310227 ] ] ] } },
{ "type": "Feature", "properties": { "stop_id": "osm-way-1009612123", "name": "Gridserve Norwich Electric Forecourt" }, "geometry": { "type": "Polygon", "coordinates": [ [ [ 1.3832501, 52.6280618 ], [ 1.38336, 52.628096 ], [ 1.3834995, 52.628179 ], [ 1.383639, 52.6282962 ], [ 1.3836524, 52.6283385 ], [ 1.3837369, 52.6283341 ], [ 1.3849989, 52.6282978 ], [ 1.3848674, 52.6281236 ], [ 1.3839447, 52.6274773 ], [ 1.3838509, 52.6274463 ], [ 1.3836568, 52.6273815 ], [ 1.3836457, 52.6274656 ], [ 1.3835947, 52.6275217 ], [ 1.3835464, 52.6275522 ], [ 1.3834707, 52.6275854 ], [ 1.3832104, 52.6276061 ], [ 1.3832501, 52.6280618 ] ] ] } },
{ "type": "Feature", "properties": { "stop_id": "osm-way-1015058086", "name": null }, "geometry": { "type": "Polygon", "coordinates": [ [ [ -2.6613998, 52.9364902 ], [ -2.6613603, 52.9364901 ], [ -2.6610824, 52.936493 ], [ -2.6609537, 52.9364944 ], [ -2.6608667, 52.9364994 ], [ -2.6608781, 52.9366152 ], [ -2.6609049, 52.9366164 ], [ -2.6609358, 52.9366208 ], [ -2.6609666, 52.9370015 ], [ -2.6609545, 52.9370096 ], [ -2.66094, 52.9370137 ], [ -2.6609134, 52.9370161 ], [ -2.6609201, 52.937099 ], [ -2.661029, 52.9370832 ], [ -2.6612529, 52.9370767 ], [ -2.6613575, 52.9370646 ], [ -2.6614444, 52.9370337 ], [ -2.6614489, 52.9368987 ], [ -2.6614211, 52.9366226 ], [ -2.6613998, 52.9364902 ] ] ] } },
{ "type": "Feature", "properties": { "stop_id": "osm-way-1019778413", "name": "Hearts Service Station" }, "geometry": { "type": "Polygon", "coordinates": [ [ [ 1.5460521, 52.4751497 ], [ 1.5465843, 52.4749788 ], [ 1.5469836, 52.4749056 ], [ 1.5470475, 52.4746933 ], [ 1.54719, 52.4746007 ], [ 1.5471129, 52.4743826 ], [ 1.5477164, 52.4738239 ], [ 1.5475647, 52.4737879 ], [ 1.5465441, 52.4736817 ], [ 1.545983, 52.4736204 ], [ 1.5453023, 52.4735461 ], [ 1.5453634, 52.4737168 ], [ 1.5453935, 52.473801 ], [ 1.5453252, 52.4738753 ], [ 1.5452742, 52.4740485 ], [ 1.545179, 52.4744047 ], [ 1.5451383, 52.4745484 ], [ 1.545242, 52.4746081 ], [ 1.5451616, 52.4746922 ], [ 1.5451079, 52.4747674 ], [ 1.5452421, 52.4750386 ], [ 1.545344, 52.4751301 ], [ 1.5455103, 52.475166 ], [ 1.5458751, 52.4751137 ], [ 1.5460038, 52.4750778 ], [ 1.5460521, 52.4751497 ] ] ] } },
{ "type": "Feature", "properties": { "stop_id": "osm-way-1022350203", "name": "EG Sprougton Road Services" }, "geometry": { "type": "Polygon", "coordinates": [ [ [ 1.1104392, 52.0632704 ], [ 1.110252, 52.063053 ], [ 1.1098983, 52.0628791 ], [ 1.1093242, 52.0627538 ], [ 1.1090912, 52.0627205 ], [ 1.1087376, 52.0626745 ], [ 1.1084755, 52.0628433 ], [ 1.1083132, 52.0630402 ], [ 1.1082966, 52.0632398 ], [ 1.1084464, 52.0633958 ], [ 1.1084921, 52.0635339 ], [ 1.1085837, 52.0637308 ], [ 1.1087875, 52.0639278 ], [ 1.1091661, 52.0640454 ], [ 1.1094948, 52.0640429 ], [ 1.1097985, 52.0640352 ], [ 1.1100023, 52.0640045 ], [ 1.1102187, 52.0638869 ], [ 1.11041, 52.0637385 ], [ 1.1104392, 52.0636106 ], [ 1.11046, 52.0634316 ], [ 1.1104392, 52.0632704 ] ] ] } },
{ "type": "Feature", "properties": { "stop_id": "osm-way-1022406186", "name": null }, "geometry": { "type": "Polygon", "coordinates": [ [ [ -2.2928823, 56.8275666 ], [ -2.2927906, 56.8276756 ], [ -2.2927281, 56.82775 ], [ -2.2919779, 56.8286221 ], [ -2.2919079, 56.8287047 ], [ -2.2917932, 56.8288401 ], [ -2.2918168, 56.8287813 ], [ -2.2918061, 56.8287326 ], [ -2.2917665, 56.8286636 ], [ -2.2917532, 56.8286225 ], [ -2.2917612, 56.8285756 ], [ -2.2921088, 56.8281518 ], [ -2.2924817, 56.8276856 ], [ -2.2925271, 56.8276583 ], [ -2.2925846, 56.8276451 ], [ -2.2927121, 56.8276319 ], [ -2.2927939, 56.8276158 ], [ -2.2928441, 56.8275931 ], [ -2.2928823, 56.8275666 ] ] ] } },
{ "type": "Feature", "properties": { "stop_id": "osm-way-1023014870", "name": null }, "geometry": { "type": "Polygon", "coordinates": [ [ [ 0.9814842, 51.2894919 ], [ 0.9814802, 51.2895209 ], [ 0.981979, 51.289543 ], [ 0.9824186, 51.2895804 ], [ 0.9828407, 51.2896164 ], [ 0.9833, 51.2896583 ], [ 0.9839504, 51.2896897 ], [ 0.984688, 51.2896541 ], [ 0.9846988, 51.2896348 ], [ 0.984227, 51.2896076 ], [ 0.9835878, 51.2895744 ], [ 0.9825965, 51.2895319 ], [ 0.9818677, 51.2895064 ], [ 0.9814842, 51.2894919 ] ] ] } },
{ "type": "Feature", "properties": { "stop_id": "osm-way-1025001402", "name": "Chester Road Service Station" }, "geometry": { "type": "Polygon", "coordinates": [ [ [ -2.5968764, 53.3749737 ], [ -2.596985, 53.3747649 ], [ -2.5970107, 53.3746528 ], [ -2.5970731, 53.3746648 ], [ -2.5976735, 53.3746595 ], [ -2.5974106, 53.3750915 ], [ -2.5968764, 53.3749737 ] ] ] } },
{ "type": "Feature", "properties": { "stop_id": "osm-way-1025019128", "name": "Lincs Gateway Services" }, "geometry": { "type": "Polygon", "coordinates": [ [ [ -0.1586529, 52.7611972 ], [ -0.1582779, 52.7610525 ], [ -0.1572733, 52.7600621 ], [ -0.1584812, 52.7595787 ], [ -0.1593944, 52.759244 ], [ -0.1595784, 52.7591764 ], [ -0.1599218, 52.7590954 ], [ -0.1600975, 52.7591397 ], [ -0.1602178, 52.7592063 ], [ -0.1603164, 52.7593113 ], [ -0.1603656, 52.7594204 ], [ -0.1604181, 52.7598155 ], [ -0.1604359, 52.7601924 ], [ -0.160464, 52.7607437 ], [ -0.1604911, 52.7610511 ], [ -0.160091, 52.7610111 ], [ -0.1594962, 52.7610234 ], [ -0.1593793, 52.761002 ], [ -0.1593167, 52.7610057 ], [ -0.1591736, 52.7610467 ], [ -0.1589144, 52.7611235 ], [ -0.1588624, 52.7611498 ], [ -0.1587461, 52.7612266 ], [ -0.1586529, 52.7611972 ] ] ] } },
{ "type": "Feature", "properties": { "stop_id": "osm-way-1026843333", "name": "Warrington Service Station" }, "geometry": { "type": "Polygon", "coordinates": [ [ [ -2.5416491, 53.3984463 ], [ -2.54168, 53.398202 ], [ -2.5422594, 53.3982276 ], [ -2.5422501, 53.3982574 ], [ -2.5424754, 53.3982727 ], [ -2.5424727, 53.3982883 ], [ -2.542657, 53.3983049 ], [ -2.5426021, 53.39846 ], [ -2.5425462, 53.3984879 ], [ -2.5416491, 53.3984463 ] ] ] } },
{ "type": "Feature", "properties": { "stop_id": "osm-way-1031824911", "name": "Culcheth Garage" }, "geometry": { "type": "Polygon", "coordinates": [ [ [ -2.51261, 53.4526273 ], [ -2.512687, 53.4524081 ], [ -2.512771, 53.4524072 ], [ -2.5128769, 53.4523753 ], [ -2.513238, 53.4523721 ], [ -2.5132611, 53.4527808 ], [ -2.51261, 53.4526273 ] ] ] } },
{ "type": "Feature", "properties": { "stop_id": "osm-way-1032948042", "name": null }, "geometry": { "type": "Polygon", "coordinates": [ [ [ -3.1301896, 54.1057195 ], [ -3.1293793, 54.1062831 ], [ -3.1288802, 54.10661 ], [ -3.1285031, 54.1068419 ], [ -3.128531, 54.1067697 ], [ -3.1289282, 54.1065105 ], [ -3.1299616, 54.105807 ], [ -3.1301896, 54.1057195 ] ] ] } },
{ "type": "Feature", "properties": { "stop_id": "osm-way-1035105906", "name": null }, "geometry": { "type": "Polygon", "coordinates": [ [ [ -3.047017, 53.8183936 ], [ -3.0467682, 53.818198 ], [ -3.0476925, 53.8181207 ], [ -3.047017, 53.8183936 ] ] ] } },
{ "type": "Feature", "properties": { "stop_id": "osm-way-1035838984", "name": null }, "geometry": { "type": "Polygon", "coordinates": [ [ [ -2.2510226, 51.5900022 ], [ -2.2508765, 51.5898252 ], [ -2.2502699, 51.5898916 ], [ -2.2506836, 51.5897025 ], [ -2.2511577, 51.589509 ], [ -2.2516802, 51.5893111 ], [ -2.2516533, 51.5893934 ], [ -2.2519292, 51.5896873 ], [ -2.2510226, 51.5900022 ] ] ] } },
{ "type": "Feature", "properties": { "stop_id": "osm-way-1038933430", "name": "Causeway Service Station" }, "geometry": { "type": "Polygon", "coordinates": [ [ [ -2.5891668, 53.3806124 ], [ -2.5888929, 53.3807541 ], [ -2.5887589, 53.3807113 ], [ -2.5887296, 53.3807219 ], [ -2.5884038, 53.3804663 ], [ -2.5887485, 53.3802864 ], [ -2.5891668, 53.3806124 ] ] ] } },
{ "type": "Feature", "properties": { "stop_id": "osm-way-1039011675", "name": null }, "geometry": { "type": "Polygon", "coordinates": [ [ [ -3.0405055, 53.8396077 ], [ -3.040107, 53.8397712 ], [ -3.0393756, 53.839069 ], [ -3.0398426, 53.8388333 ], [ -3.0401145, 53.8389688 ], [ -3.0402323, 53.8390762 ], [ -3.0404397, 53.8392457 ], [ -3.0402781, 53.8393555 ], [ -3.0405055, 53.8396077 ] ] ] } },
{ "type": "Feature", "properties": { "stop_id": "osm-way-1040362974", "name": "Warrington Road Service Station" }, "geometry": { "type": "Polygon", "coordinates": [ [ [ -2.7107759, 53.3733392 ], [ -2.7102669, 53.3735586 ], [ -2.7101147, 53.3734806 ], [ -2.7100527, 53.3734504 ], [ -2.7099677, 53.3734087 ], [ -2.7100586, 53.3733523 ], [ -2.7101413, 53.3733056 ], [ -2.7101928, 53.3732809 ], [ -2.7102386, 53.3732596 ], [ -2.7102894, 53.3732381 ], [ -2.7103474, 53.3732166 ], [ -2.7104048, 53.3731959 ], [ -2.7104464, 53.3731844 ], [ -2.7104922, 53.3731744 ], [ -2.7105674, 53.3731602 ], [ -2.7106216, 53.3731499 ], [ -2.7106826, 53.3731384 ], [ -2.710694, 53.3732429 ], [ -2.7107629, 53.3733239 ], [ -2.7107759, 53.3733392 ] ] ] } },
{ "type": "Feature", "properties": { "stop_id": "osm-way-1040872699", "name": null }, "geometry": { "type": "Polygon", "coordinates": [ [ [ -2.9959282, 53.7958221 ], [ -2.9960221, 53.7954831 ], [ -2.9944784, 53.7953415 ], [ -2.9943796, 53.7957153 ], [ -2.9947474, 53.7957501 ], [ -2.9947885, 53.7956877 ], [ -2.9946997, 53.7956391 ], [ -2.9948688, 53.7955277 ], [ -2.9949806, 53.7955943 ], [ -2.9950446, 53.7955748 ], [ -2.9951329, 53.795671 ], [ -2.9951926, 53.7956685 ], [ -2.9952189, 53.7955481 ], [ -2.9952778, 53.79555 ], [ -2.9953349, 53.795476 ], [ -2.9955667, 53.795551 ], [ -2.9955128, 53.7956176 ], [ -2.9956205, 53.7957017 ], [ -2.9957013, 53.7957857 ], [ -2.995759, 53.7958107 ], [ -2.9959282, 53.7958221 ] ] ] } },
{ "type": "Feature", "properties": { "stop_id": "osm-way-1041990340", "name": "Boars Head Service Station" }, "geometry": { "type": "Polygon", "coordinates": [ [ [ -2.6412447, 53.572766 ], [ -2.641262, 53.5729555 ], [ -2.6409662, 53.5730427 ], [ -2.6408237, 53.5728748 ], [ -2.6408134, 53.5728365 ], [ -2.6408716, 53.5727811 ], [ -2.6409474, 53.5727692 ], [ -2.6412447, 53.572766 ] ] ] } },
{ "type": "Feature", "properties": { "stop_id": "osm-way-1043609538", "name": "Ashcroft Service Station" }, "geometry": { "type": "Polygon", "coordinates": [ [ [ -2.7192984, 53.452733 ], [ -2.7192929, 53.4527412 ], [ -2.718971, 53.4527571 ], [ -2.7189419, 53.4527498 ], [ -2.7186921, 53.4524912 ], [ -2.7187773, 53.4524624 ], [ -2.7192595, 53.4524363 ], [ -2.7192984, 53.452733 ] ] ] } },
{ "type": "Feature", "properties": { "stop_id": "osm-way-1043617147", "name": "Rainhill Service Station" }, "geometry": { "type": "Polygon", "coordinates": [ [ [ -2.7755954, 53.4183904 ], [ -2.7751297, 53.4182422 ], [ -2.7753754, 53.4178442 ], [ -2.775883, 53.4180373 ], [ -2.775852, 53.4180613 ], [ -2.7755954, 53.4183904 ] ] ] } },
{ "type": "Feature", "properties": { "stop_id": "osm-way-1043620871", "name": "Astley Service Station" }, "geometry": { "type": "Polygon", "coordinates": [ [ [ -2.4440315, 53.500818 ], [ -2.4429154, 53.5011365 ], [ -2.4430733, 53.5007023 ], [ -2.4435797, 53.5007004 ], [ -2.4436977, 53.5006574 ], [ -2.4438436, 53.5006629 ], [ -2.4440315, 53.500818 ] ] ] } },
{ "type": "Feature", "properties": { "stop_id": "osm-way-1044085594", "name": "Whelley Service Station" }, "geometry": { "type": "Polygon", "coordinates": [ [ [ -2.6150829, 53.5534078 ], [ -2.6154479, 53.553028 ], [ -2.6158736, 53.5531577 ], [ -2.6155404, 53.5535159 ], [ -2.6150829, 53.5534078 ] ] ] } },
{ "type": "Feature", "properties": { "stop_id": "osm-way-1046351773", "name": "Welcome Break Newark" }, "geometry": { "type": "Polygon", "coordinates": [ [ [ -0.7784458, 53.0489234 ], [ -0.7782964, 53.0489234 ], [ -0.7781283, 53.0488743 ], [ -0.7779812, 53.0487915 ], [ -0.7779508, 53.0486794 ], [ -0.7779012, 53.048508 ], [ -0.7779118, 53.0480828 ], [ -0.7779273, 53.0477333 ], [ -0.7779631, 53.0475099 ], [ -0.7779965, 53.0474274 ], [ -0.778279, 53.0468801 ], [ -0.7782603, 53.0468501 ], [ -0.7785395, 53.0469066 ], [ -0.7787095, 53.0469589 ], [ -0.7788489, 53.0470197 ], [ -0.7790277, 53.0471166 ], [ -0.7791496, 53.0471999 ], [ -0.7794408, 53.0474295 ], [ -0.7795769, 53.0473952 ], [ -0.7796138, 53.0474448 ], [ -0.779648, 53.0475068 ], [ -0.7796986, 53.0476507 ], [ -0.779719, 53.0478042 ], [ -0.7797029, 53.047959 ], [ -0.7796412, 53.0480928 ], [ -0.7795607, 53.0482444 ], [ -0.7794615, 53.0483669 ], [ -0.7793274, 53.0484847 ], [ -0.7791571, 53.0485985 ], [ -0.7789668, 53.0487088 ], [ -0.7787453, 53.0488184 ], [ -0.7786587, 53.0488499 ], [ -0.7785683, 53.0488829 ], [ -0.7784458, 53.0489234 ] ] ] } },
{ "type": "Feature", "properties": { "stop_id": "osm-way-1049176835", "name": "Cheshireways" }, "geometry": { "type": "Polygon", "coordinates": [ [ [ -2.404938, 53.344251 ], [ -2.4053051, 53.3441633 ], [ -2.4054106, 53.344149 ], [ -2.4052807, 53.3446355 ], [ -2.4052264, 53.3446271 ], [ -2.405203, 53.3446736 ], [ -2.4050917, 53.3446568 ], [ -2.405111, 53.3446179 ], [ -2.405059, 53.3446073 ], [ -2.4050163, 53.3445952 ], [ -2.4049817, 53.3445779 ], [ -2.4049558, 53.3445563 ], [ -2.4049314, 53.3445291 ], [ -2.4049098, 53.344497 ], [ -2.4048964, 53.3444692 ], [ -2.4048929, 53.3444444 ], [ -2.4048935, 53.3444169 ], [ -2.404938, 53.344251 ] ] ] } },
{ "type": "Feature", "properties": { "stop_id": "osm-way-1049786208", "name": "Ruabon Park Services" }, "geometry": { "type": "Polygon", "coordinates": [ [ [ -3.0448376, 52.9838601 ], [ -3.0451776, 52.9838566 ], [ -3.0456706, 52.9838516 ], [ -3.0457572, 52.9838507 ], [ -3.0458116, 52.9838332 ], [ -3.0458318, 52.9838002 ], [ -3.0458306, 52.9837607 ], [ -3.045823, 52.9835283 ], [ -3.0458212, 52.9834734 ], [ -3.0458751, 52.9834727 ], [ -3.0458652, 52.9831683 ], [ -3.045781, 52.9831693 ], [ -3.0457224, 52.9831256 ], [ -3.0456802, 52.9831159 ], [ -3.0456388, 52.9831064 ], [ -3.045077, 52.9831192 ], [ -3.0450058, 52.9831208 ], [ -3.044988, 52.9831212 ], [ -3.0449865, 52.9830963 ], [ -3.0448347, 52.9830997 ], [ -3.0448389, 52.9831676 ], [ -3.0448823, 52.9831666 ], [ -3.0448461, 52.9831948 ], [ -3.0448185, 52.9832347 ], [ -3.044819, 52.9832786 ], [ -3.0448196, 52.9833441 ], [ -3.0448233, 52.9837005 ], [ -3.0448843, 52.983795 ], [ -3.0448794, 52.9838269 ], [ -3.0448376, 52.9838601 ] ] ] } },
{ "type": "Feature", "properties": { "stop_id": "osm-way-1050571000", "name": null }, "geometry": { "type": "Polygon", "coordinates": [ [ [ -2.6665016, 53.5518776 ], [ -2.665588, 53.5523341 ], [ -2.6655243, 53.5523383 ], [ -2.6652328, 53.5518421 ], [ -2.6656217, 53.5516626 ], [ -2.6657172, 53.5516301 ], [ -2.6658305, 53.5517646 ], [ -2.6662395, 53.5516429 ], [ -2.6665016, 53.5518776 ] ] ] } },
{ "type": "Feature", "properties": { "stop_id": "osm-way-1050910404", "name": "Rockmount Service Station" }, "geometry": { "type": "Polygon", "coordinates": [ [ [ -2.7264085, 53.3402724 ], [ -2.726318, 53.3403282 ], [ -2.7264542, 53.3405097 ], [ -2.726191, 53.3405527 ], [ -2.7255363, 53.3402204 ], [ -2.7258983, 53.3400162 ], [ -2.7264085, 53.3402724 ] ] ] } },
{ "type": "Feature", "properties": { "stop_id": "osm-way-1050987942", "name": null }, "geometry": { "type": "Polygon", "coordinates": [ [ [ 0.8969397, 51.9256731 ], [ 0.8975257, 51.9248304 ], [ 0.8980696, 51.9249535 ], [ 0.8991725, 51.9252833 ], [ 0.8987125, 51.9259342 ], [ 0.8997187, 51.9261389 ], [ 0.8996662, 51.9262382 ], [ 0.8987704, 51.9260348 ], [ 0.8986926, 51.9261447 ], [ 0.8974721, 51.9258152 ], [ 0.8969397, 51.9256731 ] ] ] } },
{ "type": "Feature", "properties": { "stop_id": "osm-way-1051354886", "name": "Whitchurch Bypass Service Station" }, "geometry": { "type": "Polygon", "coordinates": [ [ [ -2.7043389, 52.9666854 ], [ -2.7044404, 52.9666027 ], [ -2.704842, 52.9662658 ], [ -2.7050381, 52.9661786 ], [ -2.7052089, 52.9661205 ], [ -2.7055272, 52.9665695 ], [ -2.7055724, 52.966659 ], [ -2.7056408, 52.9667588 ], [ -2.7059566, 52.9672979 ], [ -2.7057375, 52.9673802 ], [ -2.7055288, 52.9673617 ], [ -2.7051688, 52.9673297 ], [ -2.7051426, 52.9672518 ], [ -2.7050964, 52.9672063 ], [ -2.7048574, 52.9671363 ], [ -2.7047569, 52.9671129 ], [ -2.7047021, 52.9670572 ], [ -2.7043389, 52.9666854 ] ] ] } },
{ "type": "Feature", "properties": { "stop_id": "osm-way-1060028401", "name": "Rufus Stone" }, "geometry": { "type": "Polygon", "coordinates": [ [ [ -1.6256972, 50.9060866 ], [ -1.6256358, 50.9061486 ], [ -1.6247473, 50.9062031 ], [ -1.6247331, 50.9061857 ], [ -1.6246748, 50.9061191 ], [ -1.6238182, 50.9061748 ], [ -1.6237607, 50.9059001 ], [ -1.6239734, 50.9057678 ], [ -1.6240186, 50.9056712 ], [ -1.6244833, 50.9055499 ], [ -1.6246497, 50.9055548 ], [ -1.6248613, 50.9056542 ], [ -1.6249527, 50.9057441 ], [ -1.6249806, 50.9058409 ], [ -1.6254365, 50.9058208 ], [ -1.625445, 50.9058878 ], [ -1.6256795, 50.9058904 ], [ -1.6256972, 50.9060866 ] ] ] } },
{ "type": "Feature", "properties": { "stop_id": "osm-way-1064210152", "name": null }, "geometry": { "type": "Polygon", "coordinates": [ [ [ -2.1747038, 53.8588285 ], [ -2.1745198, 53.8585115 ], [ -2.1751721, 53.8583797 ], [ -2.1753553, 53.8583953 ], [ -2.1752686, 53.8585879 ], [ -2.1752226, 53.8586604 ], [ -2.1751845, 53.8587126 ], [ -2.1751341, 53.858769 ], [ -2.1750686, 53.8588222 ], [ -2.1749916, 53.8588332 ], [ -2.1748279, 53.8589156 ], [ -2.1748156, 53.8589386 ], [ -2.1747466, 53.8589579 ], [ -2.1746775, 53.8589772 ], [ -2.1746775, 53.8589626 ], [ -2.1747288, 53.8588937 ], [ -2.1747185, 53.8588784 ], [ -2.1746775, 53.858888 ], [ -2.1747038, 53.8588285 ] ] ] } },
{ "type": "Feature", "properties": { "stop_id": "osm-way-1071112396", "name": "High Brough Moor Services" }, "geometry": { "type": "Polygon", "coordinates": [ [ [ -1.6685057, 54.4314929 ], [ -1.6684464, 54.4315821 ], [ -1.6682984, 54.4318047 ], [ -1.6682428, 54.4318977 ], [ -1.6680886, 54.4319118 ], [ -1.6680162, 54.4319469 ], [ -1.6678914, 54.4319594 ], [ -1.6677291, 54.4310794 ], [ -1.6677535, 54.4309331 ], [ -1.6678445, 54.4310014 ], [ -1.668, 54.4310553 ], [ -1.6685057, 54.4314929 ] ] ] } },
{ "type": "Feature", "properties": { "stop_id": "osm-way-1071119256", "name": null }, "geometry": { "type": "Polygon", "coordinates": [ [ [ -1.728779, 54.1490628 ], [ -1.7287635, 54.1491411 ], [ -1.7287152, 54.1491894 ], [ -1.7285798, 54.1492035 ], [ -1.7284651, 54.1491953 ], [ -1.7283759, 54.1491054 ], [ -1.7283765, 54.1490002 ], [ -1.728779, 54.1490628 ] ] ] } },
{ "type": "Feature", "properties": { "stop_id": "osm-way-1073202008", "name": null }, "geometry": { "type": "Polygon", "coordinates": [ [ [ -1.3650306, 54.7434289 ], [ -1.3648434, 54.7435445 ], [ -1.3647133, 54.7438541 ], [ -1.3646127, 54.7441127 ], [ -1.3646127, 54.7442389 ], [ -1.364665, 54.7443165 ], [ -1.3648482, 54.7438642 ], [ -1.365017, 54.7434621 ], [ -1.3650306, 54.7434289 ] ] ] } },
{ "type": "Feature", "properties": { "stop_id": "osm-way-1073202009", "name": null }, "geometry": { "type": "Polygon", "coordinates": [ [ [ -1.3650848, 54.7437549 ], [ -1.3651344, 54.7439207 ], [ -1.3649131, 54.7444688 ], [ -1.3648166, 54.7445795 ], [ -1.3647391, 54.7446086 ], [ -1.3648333, 54.7443792 ], [ -1.3649158, 54.7441745 ], [ -1.3650848, 54.7437549 ] ] ] } },
{ "type": "Feature", "properties": { "stop_id": "osm-way-1073202010", "name": null }, "geometry": { "type": "Polygon", "coordinates": [ [ [ -1.3455016, 54.7290333 ], [ -1.3456844, 54.7290431 ], [ -1.3461712, 54.7292197 ], [ -1.3463147, 54.7293118 ], [ -1.3463322, 54.7293633 ], [ -1.3455016, 54.7290333 ] ] ] } },
{ "type": "Feature", "properties": { "stop_id": "osm-way-1073202011", "name": null }, "geometry": { "type": "Polygon", "coordinates": [ [ [ -1.3220767, 54.7128498 ], [ -1.321865, 54.7127787 ], [ -1.3215418, 54.7124944 ], [ -1.3213353, 54.7123147 ], [ -1.3212307, 54.7121543 ], [ -1.3211992, 54.7120696 ], [ -1.3217501, 54.7125594 ], [ -1.3220767, 54.7128498 ] ] ] } },
{ "type": "Feature", "properties": { "stop_id": "osm-way-1073202012", "name": null }, "geometry": { "type": "Polygon", "coordinates": [ [ [ -1.3223422, 54.712897 ], [ -1.3226281, 54.7129856 ], [ -1.3229245, 54.713249 ], [ -1.3231458, 54.7134504 ], [ -1.3232276, 54.7135798 ], [ -1.3232413, 54.7136944 ], [ -1.3223422, 54.712897 ] ] ] } },
{ "type": "Feature", "properties": { "stop_id": "osm-way-1073276982", "name": null }, "geometry": { "type": "Polygon", "coordinates": [ [ [ -1.3658372, 54.7924316 ], [ -1.3658988, 54.7924813 ], [ -1.3658935, 54.7926228 ], [ -1.3658382, 54.7927738 ], [ -1.3658077, 54.7928571 ], [ -1.3657393, 54.7929614 ], [ -1.3656883, 54.793038 ], [ -1.3656064, 54.7930703 ], [ -1.3658372, 54.7924316 ] ] ] } },
{ "type": "Feature", "properties": { "stop_id": "osm-way-1073276983", "name": null }, "geometry": { "type": "Polygon", "coordinates": [ [ [ -1.3660808, 54.7906806 ], [ -1.3660088, 54.790733 ], [ -1.365923, 54.7909263 ], [ -1.3658693, 54.7912248 ], [ -1.3658774, 54.791381 ], [ -1.3659429, 54.7914472 ], [ -1.3660738, 54.7907893 ], [ -1.3660808, 54.7906806 ] ] ] } },
{ "type": "Feature", "properties": { "stop_id": "osm-way-1073276984", "name": null }, "geometry": { "type": "Polygon", "coordinates": [ [ [ -1.3583401, 54.7747396 ], [ -1.3584021, 54.7747054 ], [ -1.3584182, 54.7745306 ], [ -1.3583699, 54.774249 ], [ -1.3582272, 54.7740618 ], [ -1.3583401, 54.7747396 ] ] ] } },
{ "type": "Feature", "properties": { "stop_id": "osm-way-1073303395", "name": null }, "geometry": { "type": "Polygon", "coordinates": [ [ [ -1.3765191, 54.840219 ], [ -1.3765962, 54.8402433 ], [ -1.376676, 54.8403387 ], [ -1.3767685, 54.8406839 ], [ -1.3767859, 54.8407882 ], [ -1.37679, 54.8409434 ], [ -1.3767229, 54.8410091 ], [ -1.3765191, 54.840219 ] ] ] } },
{ "type": "Feature", "properties": { "stop_id": "osm-way-1073303396", "name": null }, "geometry": { "type": "Polygon", "coordinates": [ [ [ -1.3697665, 54.8231671 ], [ -1.3698243, 54.8229795 ], [ -1.3698082, 54.8227461 ], [ -1.3697612, 54.822349 ], [ -1.3696875, 54.822213 ], [ -1.3697104, 54.8227423 ], [ -1.3697665, 54.8231671 ] ] ] } },
{ "type": "Feature", "properties": { "stop_id": "osm-way-1074330612", "name": "Buck Barn" }, "geometry": { "type": "Polygon", "coordinates": [ [ [ -0.3410142, 50.9912525 ], [ -0.340932, 50.9913251 ], [ -0.3409429, 50.9913389 ], [ -0.340948, 50.9913529 ], [ -0.3409475, 50.9913727 ], [ -0.3409248, 50.9915099 ], [ -0.3409066, 50.9916212 ], [ -0.3409391, 50.9916242 ], [ -0.3409062, 50.9918185 ], [ -0.3408958, 50.9918566 ], [ -0.3415059, 50.9918942 ], [ -0.3415438, 50.9917074 ], [ -0.3416301, 50.9917118 ], [ -0.3416021, 50.9918454 ], [ -0.3417596, 50.9918626 ], [ -0.3417933, 50.9916667 ], [ -0.3418362, 50.9914171 ], [ -0.3418451, 50.9913661 ], [ -0.3418429, 50.9913221 ], [ -0.3418332, 50.9912822 ], [ -0.3410142, 50.9912525 ] ] ] } },
{ "type": "Feature", "properties": { "stop_id": "osm-way-1076017230", "name": null }, "geometry": { "type": "Polygon", "coordinates": [ [ [ -3.0380179, 53.7631042 ], [ -3.0379164, 53.7630014 ], [ -3.0380837, 53.7629458 ], [ -3.0381821, 53.7630501 ], [ -3.0380179, 53.7631042 ] ] ] } },
{ "type": "Feature", "properties": { "stop_id": "osm-way-1076890314", "name": null }, "geometry": { "type": "Polygon", "coordinates": [ [ [ -0.0942313, 52.0325549 ], [ -0.0935232, 52.0324295 ], [ -0.0933306, 52.0324295 ], [ -0.0930946, 52.0324823 ], [ -0.0928263, 52.0325615 ], [ -0.0927298, 52.032654 ], [ -0.0926869, 52.0327728 ], [ -0.0926535, 52.0330848 ], [ -0.0942313, 52.0325549 ] ] ] } },
{ "type": "Feature", "properties": { "stop_id": "osm-way-1079007806", "name": "Adastra Services" }, "geometry": { "type": "Polygon", "coordinates": [ [ [ -2.5327042, 52.8819143 ], [ -2.5322708, 52.882193 ], [ -2.5316007, 52.8817849 ], [ -2.5322396, 52.8813676 ], [ -2.5322641, 52.8813516 ], [ -2.5326021, 52.8811417 ], [ -2.5327115, 52.8810737 ], [ -2.5333937, 52.8814972 ], [ -2.5333759, 52.8815108 ], [ -2.5332134, 52.8816033 ], [ -2.533153, 52.8816376 ], [ -2.5330999, 52.8816678 ], [ -2.5328995, 52.8817871 ], [ -2.5327042, 52.8819143 ] ] ] } },
{ "type": "Feature", "properties": { "stop_id": "osm-way-1079719900", "name": null }, "geometry": { "type": "Polygon", "coordinates": [ [ [ -3.0544943, 53.8170256 ], [ -3.0543556, 53.8170308 ], [ -3.0542627, 53.8170347 ], [ -3.0541276, 53.8170387 ], [ -3.054075, 53.8170416 ], [ -3.0539963, 53.8168442 ], [ -3.0540309, 53.8168375 ], [ -3.0543935, 53.816768 ], [ -3.054489, 53.8167496 ], [ -3.0545225, 53.8168849 ], [ -3.0544943, 53.8170256 ] ] ] } },
{ "type": "Feature", "properties": { "stop_id": "osm-way-1080298429", "name": "Ormskirk Road Service Station" }, "geometry": { "type": "Polygon", "coordinates": [ [ [ -2.7505654, 53.5402754 ], [ -2.7501, 53.5402133 ], [ -2.7500772, 53.5400802 ], [ -2.7500504, 53.540073 ], [ -2.750045, 53.5399925 ], [ -2.7505158, 53.5399582 ], [ -2.7505654, 53.5402754 ] ] ] } },
{ "type": "Feature", "properties": { "stop_id": "osm-way-1080788799", "name": "Tollgate Services" }, "geometry": { "type": "Polygon", "coordinates": [ [ [ 0.3611378, 51.4172976 ], [ 0.3611964, 51.4174722 ], [ 0.3613071, 51.4174629 ], [ 0.3614778, 51.4174485 ], [ 0.3616638, 51.417331 ], [ 0.3617203, 51.4172991 ], [ 0.3617734, 51.4172661 ], [ 0.3617371, 51.417157 ], [ 0.3617012, 51.4170487 ], [ 0.3616947, 51.4170452 ], [ 0.3616849, 51.4170437 ], [ 0.3615893, 51.4170595 ], [ 0.361519, 51.4170771 ], [ 0.3615067, 51.417078 ], [ 0.361393, 51.416949 ], [ 0.3614002, 51.4169465 ], [ 0.3613669, 51.4169125 ], [ 0.3613514, 51.4168966 ], [ 0.3613184, 51.416864 ], [ 0.3612089, 51.416905 ], [ 0.3610599, 51.4169046 ], [ 0.3609786, 51.4169323 ], [ 0.360863, 51.4169895 ], [ 0.36079, 51.4170337 ], [ 0.3606914, 51.4171139 ], [ 0.3605953, 51.4172052 ], [ 0.3606796, 51.4172764 ], [ 0.3606952, 51.4173387 ], [ 0.3611378, 51.4172976 ] ] ] } },
{ "type": "Feature", "properties": { "stop_id": "osm-way-1081155434", "name": null }, "geometry": { "type": "Polygon", "coordinates": [ [ [ -1.9676572, 52.6589892 ], [ -1.9685215, 52.6592102 ], [ -1.9686598, 52.6591625 ], [ -1.9688943, 52.6583535 ], [ -1.9681645, 52.6582136 ], [ -1.9678024, 52.6581365 ], [ -1.9676741, 52.6585413 ], [ -1.9676572, 52.6589892 ] ] ] } },
{ "type": "Feature", "properties": { "stop_id": "osm-way-1082140918", "name": "Parc Cybi" }, "geometry": { "type": "Polygon", "coordinates": [ [ [ -4.6234819, 53.2967411 ], [ -4.6230929, 53.2966417 ], [ -4.6216928, 53.2962089 ], [ -4.6212583, 53.2960421 ], [ -4.6209525, 53.2958979 ], [ -4.6204215, 53.2957215 ], [ -4.6201868, 53.2956502 ], [ -4.6193271, 53.2953175 ], [ -4.6191555, 53.2951412 ], [ -4.6191555, 53.2950835 ], [ -4.6193057, 53.2949777 ], [ -4.6191045, 53.2948735 ], [ -4.6193165, 53.2947276 ], [ -4.6194935, 53.2947789 ], [ -4.6196866, 53.2947372 ], [ -4.6198958, 53.2945961 ], [ -4.6223205, 53.2938041 ], [ -4.6225888, 53.2940158 ], [ -4.6228302, 53.2939356 ], [ -4.6233666, 53.2944967 ], [ -4.6230716, 53.294564 ], [ -4.6231252, 53.2946153 ], [ -4.6228248, 53.2946859 ], [ -4.6227443, 53.294625 ], [ -4.6225137, 53.2946763 ], [ -4.6223313, 53.2947468 ], [ -4.6221972, 53.2948302 ], [ -4.622106, 53.2949456 ], [ -4.6220255, 53.2952117 ], [ -4.6220952, 53.2955195 ], [ -4.6224171, 53.2955099 ], [ -4.6224493, 53.2957343 ], [ -4.6239835, 53.2961896 ], [ -4.6234819, 53.2967411 ] ] ] } },
{ "type": "Feature", "properties": { "stop_id": "osm-way-1082822615", "name": null }, "geometry": { "type": "Polygon", "coordinates": [ [ [ -2.3670342, 51.8659502 ], [ -2.3672781, 51.866062 ], [ -2.3675505, 51.8661514 ], [ -2.3678359, 51.866226 ], [ -2.3681665, 51.8662873 ], [ -2.368034, 51.8663447 ], [ -2.3678007, 51.8663194 ], [ -2.3674862, 51.8662499 ], [ -2.3672401, 51.8661583 ], [ -2.3669965, 51.8660293 ], [ -2.3670342, 51.8659502 ] ] ] } },
{ "type": "Feature", "properties": { "stop_id": "osm-way-1084947190", "name": "Lea Service Station" }, "geometry": { "type": "Polygon", "coordinates": [ [ [ -2.7636758, 53.7670872 ], [ -2.7642229, 53.7670033 ], [ -2.7642889, 53.7673717 ], [ -2.7641331, 53.7673801 ], [ -2.7637076, 53.7673722 ], [ -2.7636758, 53.7670872 ] ] ] } },
{ "type": "Feature", "properties": { "stop_id": "osm-way-1086104408", "name": "Brackley Service Station" }, "geometry": { "type": "Polygon", "coordinates": [ [ [ -1.137127, 52.042887 ], [ -1.1368817, 52.0428329 ], [ -1.1363019, 52.0427178 ], [ -1.1366196, 52.0423686 ], [ -1.1370923, 52.0417595 ], [ -1.1371688, 52.0417054 ], [ -1.137538, 52.0416133 ], [ -1.1378699, 52.0420489 ], [ -1.137127, 52.042887 ] ] ] } },
{ "type": "Feature", "properties": { "stop_id": "osm-way-1087346927", "name": "Roundswell Service Area" }, "geometry": { "type": "Polygon", "coordinates": [ [ [ -4.0848505, 51.0626643 ], [ -4.084613, 51.0634198 ], [ -4.0839781, 51.0633735 ], [ -4.0839029, 51.0634183 ], [ -4.0832797, 51.0633773 ], [ -4.0832785, 51.0632931 ], [ -4.0828817, 51.0628511 ], [ -4.0830929, 51.0627066 ], [ -4.0835762, 51.0625848 ], [ -4.0848505, 51.0626643 ] ] ] } },
{ "type": "Feature", "properties": { "stop_id": "osm-way-1087354523", "name": "Thame Services" }, "geometry": { "type": "Polygon", "coordinates": [ [ [ -0.9803672, 51.7568431 ], [ -0.9789805, 51.7563716 ], [ -0.9777011, 51.756252 ], [ -0.9773577, 51.7573129 ], [ -0.9782858, 51.757376 ], [ -0.9792943, 51.7573046 ], [ -0.9798629, 51.7572067 ], [ -0.9801472, 51.7570772 ], [ -0.9803672, 51.7568431 ] ] ] } },
{ "type": "Feature", "properties": { "stop_id": "osm-way-1090276720", "name": null }, "geometry": { "type": "Polygon", "coordinates": [ [ [ -2.6363318, 53.4718477 ], [ -2.6351469, 53.4719578 ], [ -2.6349382, 53.4719772 ], [ -2.6349101, 53.4719174 ], [ -2.6348857, 53.4718222 ], [ -2.634881, 53.4717722 ], [ -2.6348833, 53.4717354 ], [ -2.6348954, 53.4716939 ], [ -2.6349199, 53.4716555 ], [ -2.6351038, 53.4714711 ], [ -2.6351418, 53.4714499 ], [ -2.6352, 53.471426 ], [ -2.635262, 53.4714063 ], [ -2.6353371, 53.4713896 ], [ -2.6354229, 53.4713792 ], [ -2.6358789, 53.471372 ], [ -2.6360573, 53.4714566 ], [ -2.6363218, 53.4714578 ], [ -2.6363057, 53.4717771 ], [ -2.6363318, 53.4718477 ] ] ] } },
{ "type": "Feature", "properties": { "stop_id": "osm-way-1091646988", "name": null }, "geometry": { "type": "Polygon", "coordinates": [ [ [ -2.8182102, 53.3983788 ], [ -2.8174519, 53.3983595 ], [ -2.8174854, 53.3979418 ], [ -2.8175316, 53.3979433 ], [ -2.8182793, 53.3979674 ], [ -2.8182102, 53.3983788 ] ] ] } },
{ "type": "Feature", "properties": { "stop_id": "osm-way-1093177634", "name": null }, "geometry": { "type": "Polygon", "coordinates": [ [ [ -1.3057758, 54.213492 ], [ -1.3055116, 54.2132227 ], [ -1.3052299, 54.2129621 ], [ -1.3051055, 54.2128491 ], [ -1.3049757, 54.2128614 ], [ -1.3050085, 54.2130098 ], [ -1.3051675, 54.2131471 ], [ -1.3057036, 54.213604 ], [ -1.3057357, 54.2136375 ], [ -1.3057782, 54.2136959 ], [ -1.3059125, 54.2136349 ], [ -1.3057758, 54.213492 ] ] ] } },
{ "type": "Feature", "properties": { "stop_id": "osm-way-1093516968", "name": null }, "geometry": { "type": "Polygon", "coordinates": [ [ [ -0.5044226, 51.1402348 ], [ -0.5047366, 51.1402075 ], [ -0.5047149, 51.1401171 ], [ -0.5044032, 51.1401466 ], [ -0.5044226, 51.1402348 ] ] ] } },
{ "type": "Feature", "properties": { "stop_id": "osm-way-1095364907", "name": null }, "geometry": { "type": "Polygon", "coordinates": [ [ [ -3.2014986, 51.5256241 ], [ -3.201375, 51.5256373 ], [ -3.2010576, 51.5256534 ], [ -3.2006522, 51.5257176 ], [ -3.2007051, 51.5258515 ], [ -3.2008701, 51.5258917 ], [ -3.2010926, 51.5258448 ], [ -3.201273, 51.5257679 ], [ -3.2014795, 51.5256976 ], [ -3.2014733, 51.5256485 ], [ -3.2014775, 51.5256363 ], [ -3.2014986, 51.5256241 ] ] ] } },
{ "type": "Feature", "properties": { "stop_id": "osm-way-1097143215", "name": "Firwood Service Station" }, "geometry": { "type": "Polygon", "coordinates": [ [ [ -2.4086173, 53.5948573 ], [ -2.4087783, 53.5948227 ], [ -2.4090615, 53.5948783 ], [ -2.4091552, 53.595038 ], [ -2.409111, 53.5950716 ], [ -2.4091461, 53.595158 ], [ -2.4091144, 53.5953456 ], [ -2.4090414, 53.5954766 ], [ -2.4086173, 53.5948573 ] ] ] } },
{ "type": "Feature", "properties": { "stop_id": "osm-way-1098693941", "name": null }, "geometry": { "type": "Polygon", "coordinates": [ [ [ -2.0162685, 53.4565411 ], [ -2.0165887, 53.456325 ], [ -2.0166202, 53.4562875 ], [ -2.0165798, 53.4562205 ], [ -2.016874, 53.4561577 ], [ -2.0170132, 53.4561279 ], [ -2.0170227, 53.4561259 ], [ -2.0171576, 53.4560577 ], [ -2.0172978, 53.4563162 ], [ -2.017373, 53.4563259 ], [ -2.0162685, 53.4565411 ] ] ] } },
{ "type": "Feature", "properties": { "stop_id": "osm-way-1098784364", "name": null }, "geometry": { "type": "Polygon", "coordinates": [ [ [ -3.0210762, 53.8548056 ], [ -3.020324, 53.8544272 ], [ -3.0201346, 53.8545316 ], [ -3.0200794, 53.8545683 ], [ -3.0199217, 53.8546732 ], [ -3.0197206, 53.8548775 ], [ -3.0196604, 53.8549458 ], [ -3.01965, 53.8550236 ], [ -3.0208836, 53.8550224 ], [ -3.0208877, 53.8549974 ], [ -3.0210762, 53.8548056 ] ] ] } },
{ "type": "Feature", "properties": { "stop_id": "osm-way-1100767573", "name": null }, "geometry": { "type": "Polygon", "coordinates": [ [ [ -4.0382327, 51.6764742 ], [ -4.0379868, 51.6765132 ], [ -4.0376171, 51.6765427 ], [ -4.037334, 51.6765287 ], [ -4.0372674, 51.6765057 ], [ -4.0373815, 51.6765061 ], [ -4.0381292, 51.6764567 ], [ -4.0383082, 51.6764368 ], [ -4.0382327, 51.6764742 ] ] ] } },
{ "type": "Feature", "properties": { "stop_id": "osm-way-1100849469", "name": null }, "geometry": { "type": "Polygon", "coordinates": [ [ [ -3.0244669, 53.7988007 ], [ -3.0239074, 53.7983271 ], [ -3.0222522, 53.798989 ], [ -3.0223211, 53.7990465 ], [ -3.0228233, 53.7994816 ], [ -3.0244669, 53.7988007 ] ] ] } },
{ "type": "Feature", "properties": { "stop_id": "osm-way-1105859452", "name": "Spaldwick Service Station" }, "geometry": { "type": "Polygon", "coordinates": [ [ [ -0.3379328, 52.3411019 ], [ -0.3377262, 52.3410782 ], [ -0.3375425, 52.3409946 ], [ -0.3370208, 52.3408569 ], [ -0.3369812, 52.3408395 ], [ -0.3369548, 52.3408171 ], [ -0.3369253, 52.3407817 ], [ -0.336905, 52.3407476 ], [ -0.3368989, 52.3407165 ], [ -0.336904, 52.3406799 ], [ -0.3369172, 52.3406426 ], [ -0.3369406, 52.3406023 ], [ -0.336969, 52.3405675 ], [ -0.3370056, 52.3405358 ], [ -0.3370463, 52.3405128 ], [ -0.337094, 52.340493 ], [ -0.3371509, 52.3404781 ], [ -0.3372292, 52.340465 ], [ -0.3373502, 52.3404495 ], [ -0.3382746, 52.3407158 ], [ -0.3379328, 52.3411019 ] ] ] } },
{ "type": "Feature", "properties": { "stop_id": "osm-way-1106326652", "name": "Earlsfield Services" }, "geometry": { "type": "Polygon", "coordinates": [ [ [ -2.8269608, 53.4282701 ], [ -2.8268777, 53.4283543 ], [ -2.8265863, 53.4286496 ], [ -2.8264619, 53.4287144 ], [ -2.8259171, 53.4289982 ], [ -2.8256647, 53.4287333 ], [ -2.8255353, 53.4283331 ], [ -2.8255108, 53.428084 ], [ -2.8256403, 53.4279487 ], [ -2.8261581, 53.4277497 ], [ -2.8269608, 53.4282701 ] ] ] } },
{ "type": "Feature", "properties": { "stop_id": "osm-way-1106470032", "name": null }, "geometry": { "type": "Polygon", "coordinates": [ [ [ -2.4520528, 56.7186942 ], [ -2.4519536, 56.7186589 ], [ -2.4519106, 56.7185853 ], [ -2.4519643, 56.7185426 ], [ -2.4520555, 56.7185294 ], [ -2.4521601, 56.7184602 ], [ -2.4522057, 56.7184057 ], [ -2.4522084, 56.718341 ], [ -2.4521574, 56.7182821 ], [ -2.4521574, 56.7182453 ], [ -2.4522996, 56.7181908 ], [ -2.4527341, 56.7181629 ], [ -2.4527126, 56.7182409 ], [ -2.4527046, 56.7183778 ], [ -2.4524739, 56.7184881 ], [ -2.4522996, 56.7185367 ], [ -2.452195, 56.7186118 ], [ -2.4521386, 56.7186692 ], [ -2.4520528, 56.7186942 ] ] ] } },
{ "type": "Feature", "properties": { "stop_id": "osm-way-1108265352", "name": "Imperial Yard" }, "geometry": { "type": "Polygon", "coordinates": [ [ [ -3.053365, 53.827223 ], [ -3.0526257, 53.8272422 ], [ -3.052611, 53.8271157 ], [ -3.0533581, 53.827096 ], [ -3.053365, 53.827223 ] ] ] } },
{ "type": "Feature", "properties": { "stop_id": "osm-way-1109749689", "name": "Old Meadow Services" }, "geometry": { "type": "Polygon", "coordinates": [ [ [ -2.911821, 53.5149159 ], [ -2.9118389, 53.5149068 ], [ -2.9117074, 53.5147854 ], [ -2.9108832, 53.5140164 ], [ -2.9106635, 53.5138093 ], [ -2.9096282, 53.5128874 ], [ -2.90961, 53.512917 ], [ -2.9092064, 53.5132742 ], [ -2.9087859, 53.5136183 ], [ -2.9087766, 53.5136343 ], [ -2.9087749, 53.5136702 ], [ -2.9087725, 53.5137224 ], [ -2.9087787, 53.5137746 ], [ -2.9088014, 53.5138274 ], [ -2.9088302, 53.5138763 ], [ -2.908863, 53.5139283 ], [ -2.908892, 53.5139769 ], [ -2.9090066, 53.5140697 ], [ -2.9090689, 53.5141092 ], [ -2.9091329, 53.5141482 ], [ -2.9097186, 53.5144294 ], [ -2.9097284, 53.5144341 ], [ -2.9098043, 53.5144736 ], [ -2.9098184, 53.5144809 ], [ -2.9098914, 53.5145011 ], [ -2.9102622, 53.5146034 ], [ -2.9104267, 53.5146488 ], [ -2.9109581, 53.5147659 ], [ -2.9112029, 53.5148078 ], [ -2.9112338, 53.5148137 ], [ -2.9112876, 53.5148225 ], [ -2.9115364, 53.5148659 ], [ -2.911821, 53.5149159 ] ] ] } },
{ "type": "Feature", "properties": { "stop_id": "osm-way-1110507584", "name": null }, "geometry": { "type": "Polygon", "coordinates": [ [ [ -2.6787972, 51.6405977 ], [ -2.6787216, 51.6406419 ], [ -2.6786023, 51.6406394 ], [ -2.6786627, 51.6405971 ], [ -2.678608, 51.6405564 ], [ -2.6784874, 51.6406122 ], [ -2.6783799, 51.640534 ], [ -2.6784467, 51.6404979 ], [ -2.678513, 51.6403707 ], [ -2.6785361, 51.6403669 ], [ -2.6786717, 51.6404587 ], [ -2.6787972, 51.6405977 ] ] ] } },
{ "type": "Feature", "properties": { "stop_id": "osm-way-1116378958", "name": "Exelby Services (Northbound)" }, "geometry": { "type": "Polygon", "coordinates": [ [ [ -1.3218125, 54.4044928 ], [ -1.3230316, 54.4049286 ], [ -1.3227676, 54.405172 ], [ -1.3223198, 54.4055458 ], [ -1.3207385, 54.4055217 ], [ -1.3201632, 54.4052048 ], [ -1.320024, 54.4051375 ], [ -1.3200387, 54.4046189 ], [ -1.320045, 54.4041181 ], [ -1.3202181, 54.4040394 ], [ -1.3203614, 54.4040663 ], [ -1.3218125, 54.4044928 ] ] ] } },
{ "type": "Feature", "properties": { "stop_id": "osm-way-1116967275", "name": "Ron Perry A19 Services (Southbound)" }, "geometry": { "type": "Polygon", "coordinates": [ [ [ -1.3030537, 54.6548576 ], [ -1.3033041, 54.6555863 ], [ -1.3034812, 54.6561759 ], [ -1.3017136, 54.6563932 ], [ -1.3016304, 54.6561449 ], [ -1.3014105, 54.6561666 ], [ -1.3012898, 54.6557989 ], [ -1.301448, 54.6556732 ], [ -1.3016492, 54.6556538 ], [ -1.3016532, 54.6555724 ], [ -1.3016199, 54.6550343 ], [ -1.3030537, 54.6548576 ] ] ] } },
{ "type": "Feature", "properties": { "stop_id": "osm-way-1123154384", "name": "Elgin Services" }, "geometry": { "type": "Polygon", "coordinates": [ [ [ -3.2632531, 57.6402445 ], [ -3.2630625, 57.6404476 ], [ -3.2630092, 57.6405044 ], [ -3.2624506, 57.6406022 ], [ -3.2622508, 57.6406252 ], [ -3.2621705, 57.6406285 ], [ -3.2616053, 57.6405382 ], [ -3.2609129, 57.6404284 ], [ -3.2599014, 57.6400053 ], [ -3.2604905, 57.639565 ], [ -3.2607547, 57.6396259 ], [ -3.2614302, 57.6397816 ], [ -3.261928, 57.6398974 ], [ -3.2620699, 57.6399315 ], [ -3.2622037, 57.6399612 ], [ -3.2622545, 57.6399725 ], [ -3.2622741, 57.639977 ], [ -3.2630385, 57.6401523 ], [ -3.2632531, 57.6402445 ] ] ] } },
{ "type": "Feature", "properties": { "stop_id": "osm-way-1124311743", "name": null }, "geometry": { "type": "Polygon", "coordinates": [ [ [ 0.145181, 51.4815508 ], [ 0.1457598, 51.4816189 ], [ 0.1456438, 51.4816805 ], [ 0.1455769, 51.4817151 ], [ 0.1455243, 51.4817428 ], [ 0.1453655, 51.4816267 ], [ 0.1453386, 51.4816415 ], [ 0.1452901, 51.4816075 ], [ 0.1452751, 51.4816158 ], [ 0.145181, 51.4815508 ] ] ] } },
{ "type": "Feature", "properties": { "stop_id": "osm-way-1126544717", "name": null }, "geometry": { "type": "Polygon", "coordinates": [ [ [ -1.3162807, 54.6194894 ], [ -1.3161761, 54.6194615 ], [ -1.3161895, 54.6193691 ], [ -1.3164523, 54.6189777 ], [ -1.3165677, 54.6189032 ], [ -1.3166749, 54.6189234 ], [ -1.3162807, 54.6194894 ] ] ] } },
{ "type": "Feature", "properties": { "stop_id": "osm-way-1126544720", "name": null }, "geometry": { "type": "Polygon", "coordinates": [ [ [ -1.3016781, 54.6495127 ], [ -1.3015366, 54.6493506 ], [ -1.301389, 54.6489758 ], [ -1.3011315, 54.6480486 ], [ -1.3010873, 54.6477723 ], [ -1.301119, 54.6475869 ], [ -1.3013093, 54.6482459 ], [ -1.3015936, 54.649222 ], [ -1.3016781, 54.6495127 ] ] ] } },
{ "type": "Feature", "properties": { "stop_id": "osm-way-1126568586", "name": null }, "geometry": { "type": "Polygon", "coordinates": [ [ [ -1.3193951, 54.3917922 ], [ -1.3193169, 54.3919389 ], [ -1.3193142, 54.3922029 ], [ -1.3194108, 54.3928509 ], [ -1.3194725, 54.3930977 ], [ -1.319591, 54.3932728 ], [ -1.319526, 54.3927555 ], [ -1.3193951, 54.3917922 ] ] ] } },
{ "type": "Feature", "properties": { "stop_id": "osm-way-1126568587", "name": null }, "geometry": { "type": "Polygon", "coordinates": [ [ [ -1.3194794, 54.3911489 ], [ -1.3196227, 54.3914236 ], [ -1.3196616, 54.3915524 ], [ -1.3197769, 54.3922926 ], [ -1.3197675, 54.3924894 ], [ -1.3197231, 54.3926027 ], [ -1.3195987, 54.391777 ], [ -1.3194794, 54.3911489 ] ] ] } },
{ "type": "Feature", "properties": { "stop_id": "osm-way-1126568590", "name": null }, "geometry": { "type": "Polygon", "coordinates": [ [ [ -1.319678, 54.4078681 ], [ -1.3195449, 54.4077183 ], [ -1.3195449, 54.4068721 ], [ -1.3195905, 54.40651 ], [ -1.3196859, 54.4063913 ], [ -1.3196795, 54.4075887 ], [ -1.319678, 54.4078681 ] ] ] } },
{ "type": "Feature", "properties": { "stop_id": "osm-way-1126568592", "name": null }, "geometry": { "type": "Polygon", "coordinates": [ [ [ -1.320087, 54.4235835 ], [ -1.3199794, 54.4234158 ], [ -1.3199312, 54.4231825 ], [ -1.3198844, 54.4224588 ], [ -1.3198775, 54.4223523 ], [ -1.3199043, 54.4219926 ], [ -1.3199682, 54.4218912 ], [ -1.320087, 54.4235835 ] ] ] } },
{ "type": "Feature", "properties": { "stop_id": "osm-way-1126568594", "name": null }, "geometry": { "type": "Polygon", "coordinates": [ [ [ -1.320347, 54.4236517 ], [ -1.3204488, 54.4237505 ], [ -1.3205065, 54.4240353 ], [ -1.3205325, 54.4244059 ], [ -1.32054, 54.4245121 ], [ -1.3205145, 54.424775 ], [ -1.3204346, 54.4248858 ], [ -1.3203899, 54.424251 ], [ -1.320347, 54.4236517 ] ] ] } },
{ "type": "Feature", "properties": { "stop_id": "osm-way-1126568595", "name": null }, "geometry": { "type": "Polygon", "coordinates": [ [ [ -1.3226768, 54.448257 ], [ -1.3226241, 54.4479759 ], [ -1.3226268, 54.4477857 ], [ -1.3227174, 54.447062 ], [ -1.3227394, 54.4468858 ], [ -1.3227931, 54.4466565 ], [ -1.3228937, 54.4464789 ], [ -1.3227467, 54.4476444 ], [ -1.3226768, 54.448257 ] ] ] } },
{ "type": "Feature", "properties": { "stop_id": "osm-way-1126568598", "name": null }, "geometry": { "type": "Polygon", "coordinates": [ [ [ -1.300363, 54.4913495 ], [ -1.3002142, 54.4914035 ], [ -1.3001118, 54.4915245 ], [ -1.2999702, 54.4916917 ], [ -1.2995195, 54.4923024 ], [ -1.2993693, 54.4925376 ], [ -1.299366, 54.4926498 ], [ -1.2994584, 54.4925311 ], [ -1.3000047, 54.491811 ], [ -1.300363, 54.4913495 ] ] ] } },
{ "type": "Feature", "properties": { "stop_id": "osm-way-1126568603", "name": null }, "geometry": { "type": "Polygon", "coordinates": [ [ [ -1.2941784, 54.4987519 ], [ -1.2942356, 54.498552 ], [ -1.2943724, 54.4983371 ], [ -1.2949437, 54.4976361 ], [ -1.2952682, 54.4973106 ], [ -1.2954214, 54.4972437 ], [ -1.2950713, 54.4976444 ], [ -1.2945546, 54.4982747 ], [ -1.2942522, 54.498655 ], [ -1.2941784, 54.4987519 ] ] ] } },
{ "type": "Feature", "properties": { "stop_id": "osm-way-1126568606", "name": null }, "geometry": { "type": "Polygon", "coordinates": [ [ [ -1.2884742, 54.5804273 ], [ -1.2883532, 54.5804531 ], [ -1.2880381, 54.5804076 ], [ -1.2866779, 54.5800542 ], [ -1.2863832, 54.5799261 ], [ -1.2864116, 54.579877 ], [ -1.2884742, 54.5804273 ] ] ] } },
{ "type": "Feature", "properties": { "stop_id": "osm-way-1129437350", "name": "Ashgrove Services" }, "geometry": { "type": "Polygon", "coordinates": [ [ [ -2.8570721, 57.4842759 ], [ -2.8570721, 57.4842355 ], [ -2.8570292, 57.4842153 ], [ -2.8565196, 57.4842442 ], [ -2.856525, 57.4843682 ], [ -2.8565464, 57.4844864 ], [ -2.8566054, 57.4845239 ], [ -2.8566537, 57.4845844 ], [ -2.8566269, 57.4846133 ], [ -2.8569702, 57.485213 ], [ -2.8574691, 57.4850343 ], [ -2.8573672, 57.4850112 ], [ -2.8572921, 57.4849824 ], [ -2.8571955, 57.4847959 ], [ -2.8574369, 57.4847512 ], [ -2.8575281, 57.4847469 ], [ -2.8576944, 57.4848103 ], [ -2.8578071, 57.4846878 ], [ -2.857964, 57.4845364 ], [ -2.8581658, 57.4843972 ], [ -2.8573011, 57.4841864 ], [ -2.8572411, 57.4842869 ], [ -2.8570721, 57.4842759 ] ] ] } },
{ "type": "Feature", "properties": { "stop_id": "osm-way-1129611600", "name": null }, "geometry": { "type": "Polygon", "coordinates": [ [ [ -1.7019496, 54.8103219 ], [ -1.7021915, 54.8103182 ], [ -1.7024477, 54.8103676 ], [ -1.7029774, 54.8105176 ], [ -1.7030646, 54.8105747 ], [ -1.7031424, 54.8106348 ], [ -1.7019496, 54.8103219 ] ] ] } },
{ "type": "Feature", "properties": { "stop_id": "osm-way-1129611601", "name": null }, "geometry": { "type": "Polygon", "coordinates": [ [ [ -1.6987565, 54.8095047 ], [ -1.6985598, 54.8095151 ], [ -1.6983839, 54.8095065 ], [ -1.6977723, 54.809358 ], [ -1.6976532, 54.8092895 ], [ -1.6975949, 54.8092143 ], [ -1.6978319, 54.8092727 ], [ -1.6987565, 54.8095047 ] ] ] } },
{ "type": "Feature", "properties": { "stop_id": "osm-way-1132247697", "name": null }, "geometry": { "type": "Polygon", "coordinates": [ [ [ -1.6372075, 54.7433738 ], [ -1.6373813, 54.7433734 ], [ -1.6375583, 54.7433091 ], [ -1.6378051, 54.743183 ], [ -1.6379164, 54.7430808 ], [ -1.6378956, 54.7430045 ], [ -1.6372075, 54.7433738 ] ] ] } },
{ "type": "Feature", "properties": { "stop_id": "osm-way-1134372965", "name": null }, "geometry": { "type": "Polygon", "coordinates": [ [ [ -1.4887226, 54.7037607 ], [ -1.4889345, 54.7035639 ], [ -1.488961, 54.7033807 ], [ -1.4888486, 54.703233 ], [ -1.4886099, 54.7029897 ], [ -1.4883839, 54.7027874 ], [ -1.4881915, 54.7027967 ], [ -1.4884275, 54.7030463 ], [ -1.4886233, 54.7033128 ], [ -1.4887118, 54.7034957 ], [ -1.4887175, 54.7036352 ], [ -1.4887226, 54.7037607 ] ] ] } },
{ "type": "Feature", "properties": { "stop_id": "osm-way-1134654852", "name": null }, "geometry": { "type": "Polygon", "coordinates": [ [ [ -1.4572495, 54.6726418 ], [ -1.4574949, 54.6727034 ], [ -1.4578383, 54.6729423 ], [ -1.4579107, 54.6730477 ], [ -1.4579323, 54.6731374 ], [ -1.45756, 54.6728831 ], [ -1.4572495, 54.6726418 ] ] ] } },
{ "type": "Feature", "properties": { "stop_id": "osm-way-1134654853", "name": null }, "geometry": { "type": "Polygon", "coordinates": [ [ [ -1.4609188, 54.6751523 ], [ -1.4606854, 54.6751942 ], [ -1.4604145, 54.6751477 ], [ -1.4595168, 54.6748023 ], [ -1.4593175, 54.674653 ], [ -1.4592344, 54.6745227 ], [ -1.4592746, 54.6742776 ], [ -1.4601275, 54.6748298 ], [ -1.4609188, 54.6751523 ] ] ] } },
{ "type": "Feature", "properties": { "stop_id": "osm-way-1138649762", "name": null }, "geometry": { "type": "Polygon", "coordinates": [ [ [ -3.0396854, 53.8854657 ], [ -3.0392521, 53.8855136 ], [ -3.0390976, 53.8851214 ], [ -3.0393716, 53.8850885 ], [ -3.0392614, 53.8846637 ], [ -3.0392297, 53.8844888 ], [ -3.0392513, 53.8843075 ], [ -3.0391635, 53.8843092 ], [ -3.0391564, 53.8841466 ], [ -3.0393091, 53.8841417 ], [ -3.0395928, 53.8841393 ], [ -3.0396134, 53.8844998 ], [ -3.0394549, 53.8845041 ], [ -3.0394522, 53.8846569 ], [ -3.0395155, 53.8849873 ], [ -3.039542, 53.8850774 ], [ -3.0395962, 53.8852241 ], [ -3.0396854, 53.8854657 ] ] ] } },
{ "type": "Feature", "properties": { "stop_id": "osm-way-1139806702", "name": null }, "geometry": { "type": "Polygon", "coordinates": [ [ [ -0.4736894, 51.5121789 ], [ -0.4735716, 51.5121271 ], [ -0.4734971, 51.512112 ], [ -0.4735466, 51.5119576 ], [ -0.473666, 51.5118867 ], [ -0.4739359, 51.5120032 ], [ -0.473771, 51.5121207 ], [ -0.4736894, 51.5121789 ] ] ] } },
{ "type": "Feature", "properties": { "stop_id": "osm-way-1142923847", "name": null }, "geometry": { "type": "Polygon", "coordinates": [ [ [ -1.3228, 54.5222404 ], [ -1.322802, 54.5222481 ], [ -1.3228, 54.5222599 ], [ -1.3227787, 54.5222793 ], [ -1.3220655, 54.5224965 ], [ -1.3220439, 54.5224726 ], [ -1.3223232, 54.5223875 ], [ -1.3222344, 54.5222894 ], [ -1.3222625, 54.5222812 ], [ -1.3223498, 54.5223776 ], [ -1.3228, 54.5222404 ] ] ] } },
{ "type": "Feature", "properties": { "stop_id": "osm-way-1151588836", "name": null }, "geometry": { "type": "Polygon", "coordinates": [ [ [ -1.5050605, 51.019491 ], [ -1.5050217, 51.0194357 ], [ -1.5049105, 51.0193283 ], [ -1.5048328, 51.019223 ], [ -1.5048265, 51.0192309 ], [ -1.5047834, 51.0192181 ], [ -1.5047599, 51.0192008 ], [ -1.5046673, 51.0190883 ], [ -1.5045959, 51.0190079 ], [ -1.5044955, 51.0188722 ], [ -1.5044532, 51.018815 ], [ -1.5043677, 51.0186684 ], [ -1.5042986, 51.0185461 ], [ -1.5042877, 51.0184873 ], [ -1.5042775, 51.0184602 ], [ -1.5042877, 51.018438 ], [ -1.5041757, 51.0182378 ], [ -1.5041291, 51.0184022 ], [ -1.5041421, 51.0184787 ], [ -1.5041809, 51.0185959 ], [ -1.5042455, 51.0187424 ], [ -1.5043232, 51.0188742 ], [ -1.5045094, 51.0190744 ], [ -1.5046647, 51.0192453 ], [ -1.5048432, 51.0193836 ], [ -1.5050062, 51.0194748 ], [ -1.5050605, 51.019491 ] ] ] } },
{ "type": "Feature", "properties": { "stop_id": "osm-way-1151593399", "name": null }, "geometry": { "type": "Polygon", "coordinates": [ [ [ -1.630075, 50.9780158 ], [ -1.6299932, 50.9779724 ], [ -1.6300319, 50.97791 ], [ -1.6300291, 50.9778755 ], [ -1.6298867, 50.9776925 ], [ -1.6298442, 50.9776582 ], [ -1.6297586, 50.9775015 ], [ -1.6296658, 50.9774297 ], [ -1.6296119, 50.9773989 ], [ -1.6294642, 50.9773499 ], [ -1.6291463, 50.9772014 ], [ -1.6279396, 50.9769492 ], [ -1.6278733, 50.976978 ], [ -1.627856, 50.9770031 ], [ -1.6278528, 50.9770427 ], [ -1.6275312, 50.9769281 ], [ -1.627562, 50.9769126 ], [ -1.627562, 50.9768854 ], [ -1.6275296, 50.9768524 ], [ -1.6274279, 50.9768156 ], [ -1.6273756, 50.9767845 ], [ -1.6273771, 50.9767516 ], [ -1.6274067, 50.9766902 ], [ -1.6275527, 50.9767271 ], [ -1.6278622, 50.9768115 ], [ -1.6292052, 50.9771097 ], [ -1.6295275, 50.9772053 ], [ -1.6298003, 50.9773342 ], [ -1.6299458, 50.9774769 ], [ -1.6301027, 50.9777268 ], [ -1.6301397, 50.9778394 ], [ -1.6301181, 50.9779697 ], [ -1.630075, 50.9780158 ] ] ] } },
{ "type": "Feature", "properties": { "stop_id": "osm-way-1152675473", "name": null }, "geometry": { "type": "Polygon", "coordinates": [ [ [ -2.3679498, 51.4373577 ], [ -2.3677645, 51.4379805 ], [ -2.3676545, 51.438423 ], [ -2.367664, 51.4382977 ], [ -2.3676734, 51.4381058 ], [ -2.3677519, 51.4378512 ], [ -2.3677865, 51.4377279 ], [ -2.3678242, 51.4376084 ], [ -2.3678776, 51.4374948 ], [ -2.3679121, 51.4374165 ], [ -2.3679498, 51.4373577 ] ] ] } },
{ "type": "Feature", "properties": { "stop_id": "osm-way-1152754300", "name": null }, "geometry": { "type": "Polygon", "coordinates": [ [ [ -2.653826, 51.6525208 ], [ -2.6543235, 51.6522812 ], [ -2.6549778, 51.6519451 ], [ -2.654888, 51.6521087 ], [ -2.6545388, 51.6522962 ], [ -2.654439, 51.6523546 ], [ -2.654362, 51.6524006 ], [ -2.6542679, 51.6524342 ], [ -2.6540954, 51.6525014 ], [ -2.654017, 51.6525279 ], [ -2.653923, 51.6525368 ], [ -2.6537918, 51.6525368 ], [ -2.653826, 51.6525208 ] ] ] } },
{ "type": "Feature", "properties": { "stop_id": "osm-way-1153599395", "name": null }, "geometry": { "type": "Polygon", "coordinates": [ [ [ -2.0034542, 52.0273583 ], [ -2.0034208, 52.0274611 ], [ -2.0033457, 52.0275463 ], [ -2.0032021, 52.0276521 ], [ -2.0030034, 52.0277805 ], [ -2.002773, 52.0279089 ], [ -2.0026395, 52.0279706 ], [ -2.0024341, 52.0280199 ], [ -2.0023139, 52.0280538 ], [ -2.002566, 52.0278935 ], [ -2.0030869, 52.027573 ], [ -2.0032739, 52.0274631 ], [ -2.0034542, 52.0273583 ] ] ] } },
{ "type": "Feature", "properties": { "stop_id": "osm-way-1153603094", "name": null }, "geometry": { "type": "Polygon", "coordinates": [ [ [ -2.1027827, 52.1216054 ], [ -2.1026133, 52.1214226 ], [ -2.102769, 52.1215083 ], [ -2.1029018, 52.121604 ], [ -2.1030232, 52.1217291 ], [ -2.1031377, 52.1218697 ], [ -2.1032339, 52.1219977 ], [ -2.1032545, 52.1221369 ], [ -2.1032545, 52.1221833 ], [ -2.1032476, 52.1222648 ], [ -2.1032339, 52.1223225 ], [ -2.1031537, 52.1221341 ], [ -2.1030461, 52.1219667 ], [ -2.1029522, 52.1218332 ], [ -2.1028675, 52.1217207 ], [ -2.1027827, 52.1216054 ] ] ] } },
{ "type": "Feature", "properties": { "stop_id": "osm-way-1153603198", "name": null }, "geometry": { "type": "Polygon", "coordinates": [ [ [ -2.0489126, 52.380704 ], [ -2.0489713, 52.3808042 ], [ -2.0489974, 52.3808673 ], [ -2.0490808, 52.3809498 ], [ -2.0492215, 52.3810752 ], [ -2.0493701, 52.381185 ], [ -2.0494444, 52.3812315 ], [ -2.0494894, 52.3812518 ], [ -2.0495833, 52.3812733 ], [ -2.049376, 52.3811181 ], [ -2.0491492, 52.3809439 ], [ -2.0490299, 52.3808245 ], [ -2.0489595, 52.3807493 ], [ -2.0489126, 52.380704 ] ] ] } },
{ "type": "Feature", "properties": { "stop_id": "osm-way-1153736123", "name": null }, "geometry": { "type": "Polygon", "coordinates": [ [ [ -2.5549127, 52.6921703 ], [ -2.5543897, 52.692193 ], [ -2.5537808, 52.6922158 ], [ -2.553408, 52.6922174 ], [ -2.552893, 52.6922109 ], [ -2.5524049, 52.6921979 ], [ -2.5521554, 52.69218 ], [ -2.5517477, 52.6921589 ], [ -2.5513749, 52.6921264 ], [ -2.5511979, 52.6920955 ], [ -2.5519864, 52.6921426 ], [ -2.5524424, 52.6921573 ], [ -2.5530593, 52.6921719 ], [ -2.5534938, 52.6921784 ], [ -2.5541107, 52.6921817 ], [ -2.5549127, 52.6921703 ] ] ] } },
{ "type": "Feature", "properties": { "stop_id": "osm-way-1153736355", "name": null }, "geometry": { "type": "Polygon", "coordinates": [ [ [ -2.5626831, 52.6912956 ], [ -2.5632839, 52.6912095 ], [ -2.5640242, 52.691138 ], [ -2.5648154, 52.6910794 ], [ -2.5653009, 52.6910437 ], [ -2.5656684, 52.691029 ], [ -2.566127, 52.6910111 ], [ -2.5662987, 52.6910095 ], [ -2.5663577, 52.6910144 ], [ -2.5653519, 52.6910794 ], [ -2.564574, 52.691138 ], [ -2.5639652, 52.6911835 ], [ -2.5633939, 52.6912306 ], [ -2.5630103, 52.6912664 ], [ -2.5626831, 52.6912956 ] ] ] } },
{ "type": "Feature", "properties": { "stop_id": "osm-way-1153737290", "name": null }, "geometry": { "type": "Polygon", "coordinates": [ [ [ -2.6137792, 52.6956426 ], [ -2.6132803, 52.6955386 ], [ -2.6127653, 52.6954166 ], [ -2.6124085, 52.6953305 ], [ -2.6116468, 52.6951257 ], [ -2.6111452, 52.694994 ], [ -2.6104505, 52.6947924 ], [ -2.6102521, 52.6947323 ], [ -2.6101716, 52.6946933 ], [ -2.6117004, 52.6950948 ], [ -2.6129262, 52.6954199 ], [ -2.6135351, 52.6955792 ], [ -2.6137792, 52.6956426 ] ] ] } },
{ "type": "Feature", "properties": { "stop_id": "osm-way-1153737381", "name": null }, "geometry": { "type": "Polygon", "coordinates": [ [ [ -2.6105873, 52.694612 ], [ -2.6110514, 52.6946965 ], [ -2.6117219, 52.6948753 ], [ -2.6125748, 52.695098 ], [ -2.6131837, 52.6952655 ], [ -2.6134868, 52.6953516 ], [ -2.6137201, 52.695428 ], [ -2.6138408, 52.6954752 ], [ -2.6124756, 52.695111 ], [ -2.6113759, 52.6948184 ], [ -2.6105873, 52.694612 ] ] ] } },
{ "type": "Feature", "properties": { "stop_id": "osm-way-1153737500", "name": null }, "geometry": { "type": "Polygon", "coordinates": [ [ [ -2.653637, 52.7015751 ], [ -2.6529021, 52.7015182 ], [ -2.6523495, 52.7014776 ], [ -2.6521511, 52.7014711 ], [ -2.6514295, 52.7014304 ], [ -2.6510701, 52.7013898 ], [ -2.6507885, 52.7013573 ], [ -2.6504881, 52.7013118 ], [ -2.6501796, 52.7012533 ], [ -2.6499087, 52.7011882 ], [ -2.6498202, 52.7011671 ], [ -2.6513925, 52.7013396 ], [ -2.6523362, 52.7014355 ], [ -2.653637, 52.7015751 ] ] ] } },
{ "type": "Feature", "properties": { "stop_id": "osm-way-1153737750", "name": null }, "geometry": { "type": "Polygon", "coordinates": [ [ [ -2.670642, 52.7032056 ], [ -2.6710175, 52.7032332 ], [ -2.6713286, 52.703256 ], [ -2.6718034, 52.7032934 ], [ -2.6725705, 52.7033714 ], [ -2.6730935, 52.7034266 ], [ -2.6735254, 52.7034754 ], [ -2.6740645, 52.7035518 ], [ -2.6742898, 52.7035843 ], [ -2.6743354, 52.7036022 ], [ -2.6726563, 52.703425 ], [ -2.6714306, 52.703295 ], [ -2.670642, 52.7032056 ] ] ] } },
{ "type": "Feature", "properties": { "stop_id": "osm-way-1153737875", "name": null }, "geometry": { "type": "Polygon", "coordinates": [ [ [ -2.6776238, 52.7041288 ], [ -2.6771222, 52.7040979 ], [ -2.6763014, 52.7040491 ], [ -2.675875, 52.7040345 ], [ -2.675124, 52.7039565 ], [ -2.6748182, 52.7039256 ], [ -2.674558, 52.7038801 ], [ -2.6742415, 52.7038021 ], [ -2.6738714, 52.7037322 ], [ -2.6752366, 52.703872 ], [ -2.676449, 52.7040004 ], [ -2.6776238, 52.7041288 ] ] ] } },
{ "type": "Feature", "properties": { "stop_id": "osm-way-1153738180", "name": null }, "geometry": { "type": "Polygon", "coordinates": [ [ [ -2.7063573, 52.7013 ], [ -2.7060887, 52.7016032 ], [ -2.7057686, 52.7019064 ], [ -2.7055479, 52.7021227 ], [ -2.7053271, 52.7022899 ], [ -2.7050732, 52.7024504 ], [ -2.7046648, 52.7027268 ], [ -2.7043999, 52.7028941 ], [ -2.7048488, 52.7025775 ], [ -2.705294, 52.7022453 ], [ -2.7056509, 52.7019488 ], [ -2.7059415, 52.7016946 ], [ -2.7062065, 52.7014404 ], [ -2.7063573, 52.7013 ] ] ] } },
{ "type": "Feature", "properties": { "stop_id": "osm-way-1153860211", "name": null }, "geometry": { "type": "Polygon", "coordinates": [ [ [ -1.7232878, 54.8560574 ], [ -1.7235339, 54.8560069 ], [ -1.7237216, 54.8559343 ], [ -1.7243063, 54.8556255 ], [ -1.7246054, 54.8554395 ], [ -1.7247155, 54.8553037 ], [ -1.7244176, 54.855457 ], [ -1.7237539, 54.8558057 ], [ -1.7232878, 54.8560574 ] ] ] } },
{ "type": "Feature", "properties": { "stop_id": "osm-way-1153860212", "name": null }, "geometry": { "type": "Polygon", "coordinates": [ [ [ -1.7262004, 54.8545476 ], [ -1.725693, 54.8546798 ], [ -1.7249058, 54.8551083 ], [ -1.7248459, 54.8552366 ], [ -1.7249521, 54.8551782 ], [ -1.7262004, 54.8545476 ] ] ] } },
{ "type": "Feature", "properties": { "stop_id": "osm-way-1153886049", "name": null }, "geometry": { "type": "Polygon", "coordinates": [ [ [ -6.1575582, 57.58511 ], [ -6.1576684, 57.585076 ], [ -6.1577369, 57.5850536 ], [ -6.1577786, 57.5849874 ], [ -6.1577986, 57.5848997 ], [ -6.157817, 57.5848397 ], [ -6.157822, 57.5847843 ], [ -6.1578253, 57.5847485 ], [ -6.1577703, 57.5847019 ], [ -6.1577435, 57.5846688 ], [ -6.1577035, 57.5846473 ], [ -6.1576868, 57.5847198 ], [ -6.1577035, 57.5847243 ], [ -6.1577319, 57.5847279 ], [ -6.1577335, 57.5847359 ], [ -6.1576734, 57.5848881 ], [ -6.15763, 57.5850187 ], [ -6.1576133, 57.5850277 ], [ -6.157595, 57.5850205 ], [ -6.1575582, 57.58511 ] ] ] } },
{ "type": "Feature", "properties": { "stop_id": "osm-way-1153897163", "name": null }, "geometry": { "type": "Polygon", "coordinates": [ [ [ -5.6103873, 57.4068779 ], [ -5.6104624, 57.4068222 ], [ -5.6105362, 57.4067688 ], [ -5.6105939, 57.4066987 ], [ -5.6106099, 57.4066481 ], [ -5.6106462, 57.4065405 ], [ -5.6106475, 57.4065087 ], [ -5.6105322, 57.4066807 ], [ -5.6104732, 57.4067688 ], [ -5.6103873, 57.4068779 ] ] ] } },
{ "type": "Feature", "properties": { "stop_id": "osm-way-1154126150", "name": null }, "geometry": { "type": "Polygon", "coordinates": [ [ [ -5.07177, 58.2822459 ], [ -5.0716681, 58.2821105 ], [ -5.0716815, 58.2820725 ], [ -5.0716681, 58.2820273 ], [ -5.0716144, 58.2819639 ], [ -5.0715635, 58.2819117 ], [ -5.0715072, 58.2818821 ], [ -5.0714642, 58.2818708 ], [ -5.0713972, 58.2817495 ], [ -5.0715125, 58.2818045 ], [ -5.0716654, 58.2818948 ], [ -5.0717539, 58.2819667 ], [ -5.0718022, 58.2820541 ], [ -5.0718237, 58.2821585 ], [ -5.0717995, 58.2822092 ], [ -5.07177, 58.2822459 ] ] ] } },
{ "type": "Feature", "properties": { "stop_id": "osm-way-1154126538", "name": null }, "geometry": { "type": "Polygon", "coordinates": [ [ [ -4.9868287, 58.1633035 ], [ -4.9868636, 58.1631988 ], [ -4.9868931, 58.163063 ], [ -4.9868904, 58.1629088 ], [ -4.986869, 58.1628154 ], [ -4.9868368, 58.1627361 ], [ -4.9867724, 58.1626201 ], [ -4.9867161, 58.1625494 ], [ -4.9866544, 58.1624815 ], [ -4.9868314, 58.1625791 ], [ -4.9869199, 58.1627093 ], [ -4.9869736, 58.1629059 ], [ -4.9869709, 58.1630941 ], [ -4.9869038, 58.163213 ], [ -4.986869, 58.1632695 ], [ -4.9868287, 58.1633035 ] ] ] } },
{ "type": "Feature", "properties": { "stop_id": "osm-way-1162632465", "name": null }, "geometry": { "type": "Polygon", "coordinates": [ [ [ -1.8937844, 54.5274295 ], [ -1.8939614, 54.5274824 ], [ -1.8946642, 54.5278373 ], [ -1.8946909, 54.527947 ], [ -1.8941241, 54.5279099 ], [ -1.8939507, 54.5278396 ], [ -1.8939413, 54.5278077 ], [ -1.8938434, 54.527726 ], [ -1.8937683, 54.5276163 ], [ -1.8937629, 54.5275151 ], [ -1.8937844, 54.5274295 ] ] ] } },
{ "type": "Feature", "properties": { "stop_id": "osm-way-1165076949", "name": "Cobham (South) Service Station" }, "geometry": { "type": "Polygon", "coordinates": [ [ [ 0.3946147, 51.4046911 ], [ 0.3948963, 51.4050957 ], [ 0.3950478, 51.4052546 ], [ 0.3962307, 51.4048648 ], [ 0.3962964, 51.4046715 ], [ 0.3958632, 51.4042432 ], [ 0.3956902, 51.4041854 ], [ 0.3952745, 51.4042574 ], [ 0.3946012, 51.4044774 ], [ 0.3946147, 51.4046911 ] ] ] } },
{ "type": "Feature", "properties": { "stop_id": "osm-way-1165340599", "name": null }, "geometry": { "type": "Polygon", "coordinates": [ [ [ -3.0504778, 53.8201123 ], [ -3.0503014, 53.8201661 ], [ -3.0501521, 53.8199956 ], [ -3.050105, 53.8199418 ], [ -3.0502863, 53.8198865 ], [ -3.0503225, 53.8199279 ], [ -3.050232, 53.8199555 ], [ -3.0503287, 53.8200659 ], [ -3.0504143, 53.8200398 ], [ -3.0504778, 53.8201123 ] ] ] } },
{ "type": "Feature", "properties": { "stop_id": "osm-way-1167189764", "name": null }, "geometry": { "type": "Polygon", "coordinates": [ [ [ -6.2602866, 54.17427 ], [ -6.2597273, 54.1743092 ], [ -6.2598977, 54.174259 ], [ -6.2600935, 54.1742449 ], [ -6.2602866, 54.17427 ] ] ] } },
{ "type": "Feature", "properties": { "stop_id": "osm-way-1167189766", "name": null }, "geometry": { "type": "Polygon", "coordinates": [ [ [ -6.2588596, 54.1744741 ], [ -6.2594041, 54.17427 ], [ -6.2594403, 54.1743077 ], [ -6.2595946, 54.1743226 ], [ -6.2588596, 54.1744741 ] ] ] } },
{ "type": "Feature", "properties": { "stop_id": "osm-way-1167198187", "name": null }, "geometry": { "type": "Polygon", "coordinates": [ [ [ -3.180716, 51.5188196 ], [ -3.1807552, 51.5187959 ], [ -3.1807868, 51.5187728 ], [ -3.1808271, 51.5187404 ], [ -3.1808631, 51.5187099 ], [ -3.1808979, 51.5186775 ], [ -3.1809243, 51.5186498 ], [ -3.1809307, 51.5186432 ], [ -3.1809623, 51.5186056 ], [ -3.180991, 51.5185625 ], [ -3.1810248, 51.5184944 ], [ -3.1810354, 51.5184594 ], [ -3.1806517, 51.5184405 ], [ -3.1806429, 51.5184863 ], [ -3.1806122, 51.5185102 ], [ -3.1805549, 51.5184815 ], [ -3.1805254, 51.5185018 ], [ -3.1805134, 51.5185095 ], [ -3.1803805, 51.5185944 ], [ -3.1805512, 51.518709 ], [ -3.1806024, 51.5187434 ], [ -3.180716, 51.5188196 ] ] ] } },
{ "type": "Feature", "properties": { "stop_id": "osm-way-1167786888", "name": null }, "geometry": { "type": "Polygon", "coordinates": [ [ [ -1.7799085, 54.8384505 ], [ -1.7797127, 54.8384844 ], [ -1.7794096, 54.8383485 ], [ -1.7791414, 54.8382527 ], [ -1.7788035, 54.8381724 ], [ -1.7785165, 54.8381801 ], [ -1.7781356, 54.8382296 ], [ -1.7778862, 54.8382697 ], [ -1.7776367, 54.8382867 ], [ -1.7774329, 54.8382064 ], [ -1.7783421, 54.838072 ], [ -1.7786157, 54.8380303 ], [ -1.7788598, 54.8380102 ], [ -1.7790905, 54.8380396 ], [ -1.7795035, 54.8382002 ], [ -1.7799246, 54.8383624 ], [ -1.7799085, 54.8384505 ] ] ] } },
{ "type": "Feature", "properties": { "stop_id": "osm-way-1169734525", "name": null }, "geometry": { "type": "Polygon", "coordinates": [ [ [ -1.4969382, 54.5189969 ], [ -1.4969073, 54.5190475 ], [ -1.4972374, 54.5190525 ], [ -1.497843, 54.5189355 ], [ -1.4979963, 54.5188739 ], [ -1.4979968, 54.5188372 ], [ -1.4979498, 54.5188464 ], [ -1.4972195, 54.5189898 ], [ -1.496948, 54.5189967 ], [ -1.4969382, 54.5189969 ] ] ] } },
{ "type": "Feature", "properties": { "stop_id": "osm-way-1172767019", "name": null }, "geometry": { "type": "Polygon", "coordinates": [ [ [ -2.7174191, 52.7469116 ], [ -2.7175939, 52.7469461 ], [ -2.7177281, 52.7469756 ], [ -2.7178378, 52.7469855 ], [ -2.7180371, 52.7469756 ], [ -2.7180736, 52.747079 ], [ -2.7181143, 52.7472513 ], [ -2.7181387, 52.7474924 ], [ -2.7181753, 52.7477779 ], [ -2.7181184, 52.748056 ], [ -2.7180211, 52.748316 ], [ -2.7175629, 52.7483553 ], [ -2.7168133, 52.7484497 ], [ -2.7164718, 52.7480191 ], [ -2.7158702, 52.7479477 ], [ -2.7159534, 52.7473793 ], [ -2.7163133, 52.747298 ], [ -2.716793, 52.7471257 ], [ -2.7172687, 52.7469412 ], [ -2.71735, 52.7469092 ], [ -2.7174191, 52.7469116 ] ] ] } },
{ "type": "Feature", "properties": { "stop_id": "osm-way-1174861135", "name": null }, "geometry": { "type": "Polygon", "coordinates": [ [ [ -3.1758993, 51.4656765 ], [ -3.1754788, 51.4655284 ], [ -3.1751552, 51.4654238 ], [ -3.175058, 51.4655282 ], [ -3.1749122, 51.4656636 ], [ -3.1756567, 51.4659371 ], [ -3.1758993, 51.4656765 ] ] ] } },
{ "type": "Feature", "properties": { "stop_id": "osm-way-1184633909", "name": null }, "geometry": { "type": "Polygon", "coordinates": [ [ [ -3.5772617, 56.558656 ], [ -3.5773033, 56.5585708 ], [ -3.577279, 56.5585661 ], [ -3.5772597, 56.5585579 ], [ -3.5772478, 56.5585477 ], [ -3.5771951, 56.5585409 ], [ -3.5771798, 56.5585787 ], [ -3.5771861, 56.5586131 ], [ -3.5772166, 56.5586349 ], [ -3.5772617, 56.558656 ] ] ] } },
{ "type": "Feature", "properties": { "stop_id": "osm-way-1190019639", "name": null }, "geometry": { "type": "Polygon", "coordinates": [ [ [ -1.4556186, 54.8835232 ], [ -1.4555168, 54.883197 ], [ -1.4549321, 54.8823191 ], [ -1.4546138, 54.8820159 ], [ -1.4547791, 54.882266 ], [ -1.4551118, 54.8828005 ], [ -1.455478, 54.8833244 ], [ -1.4556186, 54.8835232 ] ] ] } },
{ "type": "Feature", "properties": { "stop_id": "osm-way-1190019640", "name": null }, "geometry": { "type": "Polygon", "coordinates": [ [ [ -1.4536461, 54.880726 ], [ -1.4533791, 54.8804799 ], [ -1.4529526, 54.8796312 ], [ -1.4528373, 54.879247 ], [ -1.4528356, 54.8790447 ], [ -1.4528897, 54.8791832 ], [ -1.4533496, 54.8801589 ], [ -1.4536461, 54.880726 ] ] ] } },
{ "type": "Feature", "properties": { "stop_id": "osm-way-1190019641", "name": null }, "geometry": { "type": "Polygon", "coordinates": [ [ [ -1.4516571, 54.8747162 ], [ -1.4515176, 54.8744539 ], [ -1.4514667, 54.8742532 ], [ -1.451354, 54.8735017 ], [ -1.4513513, 54.8731884 ], [ -1.4514157, 54.8730046 ], [ -1.4515486, 54.8739398 ], [ -1.4516571, 54.8747162 ] ] ] } },
{ "type": "Feature", "properties": { "stop_id": "osm-way-1190019642", "name": null }, "geometry": { "type": "Polygon", "coordinates": [ [ [ -1.4516072, 54.8730684 ], [ -1.4516839, 54.8731822 ], [ -1.4517698, 54.8734492 ], [ -1.4519092, 54.874298 ], [ -1.4518539, 54.8747426 ], [ -1.4517457, 54.8740565 ], [ -1.4516072, 54.8730684 ] ] ] } },
{ "type": "Feature", "properties": { "stop_id": "osm-way-1190020845", "name": null }, "geometry": { "type": "Polygon", "coordinates": [ [ [ -1.4563191, 54.9015128 ], [ -1.4563449, 54.9013428 ], [ -1.456131, 54.9008713 ], [ -1.4559245, 54.900404 ], [ -1.4557475, 54.8999829 ], [ -1.4555922, 54.899818 ], [ -1.4556453, 54.9000122 ], [ -1.4557783, 54.9004155 ], [ -1.4559482, 54.900813 ], [ -1.4561257, 54.9011589 ], [ -1.4563191, 54.9015128 ] ] ] } },
{ "type": "Feature", "properties": { "stop_id": "osm-way-1194016132", "name": null }, "geometry": { "type": "Polygon", "coordinates": [ [ [ -0.451574, 52.6429118 ], [ -0.4515942, 52.6428945 ], [ -0.4516115, 52.6428647 ], [ -0.4516291, 52.6428128 ], [ -0.4515025, 52.642797 ], [ -0.4514982, 52.6428097 ], [ -0.45128, 52.6427826 ], [ -0.4512879, 52.6427592 ], [ -0.4512494, 52.6427544 ], [ -0.4512559, 52.6427315 ], [ -0.4512623, 52.6427114 ], [ -0.4512866, 52.6427147 ], [ -0.4513264, 52.6426062 ], [ -0.4513736, 52.6424772 ], [ -0.4513393, 52.6424726 ], [ -0.4513621, 52.6424168 ], [ -0.4517021, 52.6425023 ], [ -0.4516949, 52.6425119 ], [ -0.4517293, 52.6425199 ], [ -0.4517638, 52.6425278 ], [ -0.4517706, 52.6425144 ], [ -0.4518135, 52.6425226 ], [ -0.4518084, 52.6425347 ], [ -0.4518316, 52.6425376 ], [ -0.4518137, 52.6425812 ], [ -0.4518185, 52.6426065 ], [ -0.4517602, 52.6427607 ], [ -0.4517681, 52.6427773 ], [ -0.4518142, 52.6427836 ], [ -0.4518105, 52.6427946 ], [ -0.4517998, 52.6428169 ], [ -0.4516922, 52.6428055 ], [ -0.4516601, 52.6428731 ], [ -0.4518201, 52.6428909 ], [ -0.4518091, 52.6429199 ], [ -0.4517357, 52.6429091 ], [ -0.4516961, 52.6429214 ], [ -0.4516639, 52.6429387 ], [ -0.4516128, 52.6429222 ], [ -0.451574, 52.6429118 ] ] ] } },
{ "type": "Feature", "properties": { "stop_id": "osm-way-1194016134", "name": null }, "geometry": { "type": "Polygon", "coordinates": [ [ [ -0.4512187, 52.642526 ], [ -0.451239, 52.6424708 ], [ -0.4511913, 52.6424641 ], [ -0.4511734, 52.6425195 ], [ -0.4512187, 52.642526 ] ] ] } },
{ "type": "Feature", "properties": { "stop_id": "osm-way-1194016135", "name": null }, "geometry": { "type": "Polygon", "coordinates": [ [ [ -0.4512623, 52.6427114 ], [ -0.451156, 52.642697 ], [ -0.4511883, 52.642609 ], [ -0.4511379, 52.6426023 ], [ -0.4510828, 52.642761 ], [ -0.4510267, 52.6427537 ], [ -0.450966, 52.6427459 ], [ -0.4510084, 52.6426297 ], [ -0.4509393, 52.6426203 ], [ -0.450923, 52.6426613 ], [ -0.450826, 52.642649 ], [ -0.4507963, 52.6427287 ], [ -0.4507848, 52.6427624 ], [ -0.450847, 52.6427699 ], [ -0.4509463, 52.6427819 ], [ -0.451017, 52.6427904 ], [ -0.4511309, 52.6428049 ], [ -0.4511432, 52.6427686 ], [ -0.4512281, 52.6427792 ], [ -0.451237, 52.6427528 ], [ -0.4512494, 52.6427544 ], [ -0.4512559, 52.6427315 ], [ -0.4512623, 52.6427114 ] ] ] } },
{ "type": "Feature", "properties": { "stop_id": "osm-way-1194016136", "name": null }, "geometry": { "type": "Polygon", "coordinates": [ [ [ -0.451111, 52.6428736 ], [ -0.4511346, 52.6428333 ], [ -0.4511309, 52.6428049 ], [ -0.451017, 52.6427904 ], [ -0.4509463, 52.6427819 ], [ -0.4509169, 52.6428039 ], [ -0.4508777, 52.6428091 ], [ -0.4508301, 52.6428092 ], [ -0.451111, 52.6428736 ] ] ] } },
{ "type": "Feature", "properties": { "stop_id": "osm-way-1194016137", "name": null }, "geometry": { "type": "Polygon", "coordinates": [ [ [ -0.4502381, 52.6426644 ], [ -0.4502516, 52.6426239 ], [ -0.4502669, 52.642578 ], [ -0.4503844, 52.6422628 ], [ -0.4509124, 52.6423347 ], [ -0.4507938, 52.6426455 ], [ -0.450826, 52.642649 ], [ -0.4507963, 52.6427287 ], [ -0.4507068, 52.6427184 ], [ -0.4505915, 52.6427051 ], [ -0.4505406, 52.6426989 ], [ -0.4504962, 52.6426941 ], [ -0.4502381, 52.6426644 ] ] ] } },
{ "type": "Feature", "properties": { "stop_id": "osm-way-1194016163", "name": null }, "geometry": { "type": "Polygon", "coordinates": [ [ [ -0.4502516, 52.6426239 ], [ -0.4500056, 52.6425659 ], [ -0.4500186, 52.6425442 ], [ -0.4499698, 52.6425327 ], [ -0.4500067, 52.6424716 ], [ -0.449886, 52.642442 ], [ -0.4497699, 52.6424134 ], [ -0.4496549, 52.6423852 ], [ -0.4496306, 52.6424218 ], [ -0.4494044, 52.6423669 ], [ -0.4493946, 52.6423815 ], [ -0.4487029, 52.6422139 ], [ -0.4485514, 52.6421781 ], [ -0.4486084, 52.6420785 ], [ -0.4486931, 52.6419304 ], [ -0.4487219, 52.6418799 ], [ -0.4486597, 52.6418663 ], [ -0.4487, 52.6417957 ], [ -0.4487307, 52.6417763 ], [ -0.4488054, 52.6417779 ], [ -0.4492135, 52.6418941 ], [ -0.4494351, 52.6419572 ], [ -0.4494718, 52.6419637 ], [ -0.4495103, 52.6419705 ], [ -0.4494729, 52.6420616 ], [ -0.4494992, 52.6420653 ], [ -0.4494828, 52.6421136 ], [ -0.449514, 52.6421176 ], [ -0.449509, 52.6421368 ], [ -0.4498167, 52.6421805 ], [ -0.4498212, 52.6421691 ], [ -0.4502112, 52.6422233 ], [ -0.4501324, 52.6424222 ], [ -0.4501551, 52.6424255 ], [ -0.4501237, 52.6425227 ], [ -0.4501631, 52.6425279 ], [ -0.4501489, 52.6425627 ], [ -0.4502669, 52.642578 ], [ -0.4502516, 52.6426239 ] ] ] } },
{ "type": "Feature", "properties": { "stop_id": "osm-way-1194020559", "name": null }, "geometry": { "type": "Polygon", "coordinates": [ [ [ -0.4588568, 52.638499 ], [ -0.458881, 52.6384948 ], [ -0.4588846, 52.6384704 ], [ -0.4588897, 52.6384472 ], [ -0.4586312, 52.6384325 ], [ -0.4586123, 52.6384171 ], [ -0.4585942, 52.6383323 ], [ -0.4585355, 52.6383247 ], [ -0.4585183, 52.6384196 ], [ -0.458498, 52.6384182 ], [ -0.4584971, 52.638423 ], [ -0.4584031, 52.6384168 ], [ -0.458404, 52.6384119 ], [ -0.4583861, 52.6384107 ], [ -0.4584032, 52.6383159 ], [ -0.4583038, 52.6383104 ], [ -0.4582866, 52.6384052 ], [ -0.4582663, 52.6384038 ], [ -0.4582654, 52.6384087 ], [ -0.4581713, 52.6384024 ], [ -0.4581722, 52.6383975 ], [ -0.4581543, 52.6383964 ], [ -0.4581589, 52.638371 ], [ -0.458081, 52.6383665 ], [ -0.4580115, 52.6384373 ], [ -0.4580016, 52.6385001 ], [ -0.4581284, 52.6385109 ], [ -0.4581399, 52.6384409 ], [ -0.4585016, 52.6384627 ], [ -0.4584969, 52.6384911 ], [ -0.4587032, 52.6385009 ], [ -0.4587537, 52.638485 ], [ -0.4588568, 52.638499 ] ] ] } },
{ "type": "Feature", "properties": { "stop_id": "osm-way-1194020562", "name": null }, "geometry": { "type": "Polygon", "coordinates": [ [ [ -0.4581212, 52.6377653 ], [ -0.458158, 52.6377566 ], [ -0.4581879, 52.6377201 ], [ -0.4582057, 52.6376626 ], [ -0.4583049, 52.6376609 ], [ -0.4585377, 52.6376444 ], [ -0.458602, 52.6376473 ], [ -0.4586304, 52.6376074 ], [ -0.458725, 52.6376207 ], [ -0.4587097, 52.6376686 ], [ -0.4588064, 52.6376868 ], [ -0.4587907, 52.6377475 ], [ -0.4586624, 52.6377223 ], [ -0.4585268, 52.6376957 ], [ -0.4583978, 52.6376891 ], [ -0.4583015, 52.6377032 ], [ -0.4582623, 52.637785 ], [ -0.458234, 52.6379748 ], [ -0.4582099, 52.6381065 ], [ -0.4581832, 52.6382523 ], [ -0.4582043, 52.6382587 ], [ -0.4581992, 52.6382961 ], [ -0.4581906, 52.6382956 ], [ -0.4581893, 52.6383027 ], [ -0.4581715, 52.6383015 ], [ -0.4581589, 52.638371 ], [ -0.458081, 52.6383665 ], [ -0.4580115, 52.6384373 ], [ -0.4579451, 52.6384334 ], [ -0.45801, 52.638007 ], [ -0.4580186, 52.6379929 ], [ -0.4580865, 52.6379961 ], [ -0.4581146, 52.6379213 ], [ -0.4581177, 52.6378699 ], [ -0.4580966, 52.637853 ], [ -0.4581212, 52.6377653 ] ] ] } },
{ "type": "Feature", "properties": { "stop_id": "osm-way-1194217215", "name": null }, "geometry": { "type": "Polygon", "coordinates": [ [ [ -0.4181234, 52.6466864 ], [ -0.4181355, 52.6466075 ], [ -0.4174692, 52.6465759 ], [ -0.4173452, 52.6465414 ], [ -0.4173249, 52.6466512 ], [ -0.4181234, 52.6466864 ] ] ] } },
{ "type": "Feature", "properties": { "stop_id": "osm-way-1195019479", "name": null }, "geometry": { "type": "Polygon", "coordinates": [ [ [ -0.4681835, 52.6360352 ], [ -0.4681764, 52.6359613 ], [ -0.4681446, 52.6359613 ], [ -0.4680627, 52.6358887 ], [ -0.4680259, 52.6358905 ], [ -0.4680418, 52.6359585 ], [ -0.4680131, 52.6359805 ], [ -0.4680232, 52.6360412 ], [ -0.4681835, 52.6360352 ] ] ] } },
{ "type": "Feature", "properties": { "stop_id": "osm-way-1195161973", "name": null }, "geometry": { "type": "Polygon", "coordinates": [ [ [ -4.9935617, 54.9145437 ], [ -4.993715, 54.9145928 ], [ -4.9936924, 54.9147545 ], [ -4.9932376, 54.9151184 ], [ -4.9921196, 54.9163227 ], [ -4.9918986, 54.9162809 ], [ -4.9918835, 54.9161437 ], [ -4.9921473, 54.9158159 ], [ -4.9925568, 54.9153928 ], [ -4.9931195, 54.9149105 ], [ -4.9935617, 54.9145437 ] ] ] } },
{ "type": "Feature", "properties": { "stop_id": "osm-way-1195173008", "name": null }, "geometry": { "type": "Polygon", "coordinates": [ [ [ -4.9906901, 54.9217642 ], [ -4.9907925, 54.9212082 ], [ -4.9903606, 54.9212273 ], [ -4.9903577, 54.9216399 ], [ -4.9904546, 54.921705 ], [ -4.9906901, 54.9217642 ] ] ] } },
{ "type": "Feature", "properties": { "stop_id": "osm-way-1196147168", "name": null }, "geometry": { "type": "Polygon", "coordinates": [ [ [ 0.9697472, 52.1316956 ], [ 0.9698644, 52.1316202 ], [ 0.9698113, 52.1315716 ], [ 0.9696806, 52.1316567 ], [ 0.9697472, 52.1316956 ] ] ] } },
{ "type": "Feature", "properties": { "stop_id": "osm-way-1196147183", "name": null }, "geometry": { "type": "Polygon", "coordinates": [ [ [ 0.9738625, 52.1326669 ], [ 0.9739076, 52.1327223 ], [ 0.9735901, 52.1326662 ], [ 0.9736884, 52.1326341 ], [ 0.9738625, 52.1326669 ] ] ] } },
{ "type": "Feature", "properties": { "stop_id": "osm-way-1196147184", "name": null }, "geometry": { "type": "Polygon", "coordinates": [ [ [ 0.9702602, 52.1322473 ], [ 0.9704529, 52.1322857 ], [ 0.9704709, 52.132289 ], [ 0.9704868, 52.1322914 ], [ 0.9705003, 52.1322919 ], [ 0.9705199, 52.13229 ], [ 0.9705392, 52.1322866 ], [ 0.9705447, 52.132285 ], [ 0.9705568, 52.1322815 ], [ 0.9705614, 52.1322802 ], [ 0.9705762, 52.1322728 ], [ 0.9705891, 52.1322597 ], [ 0.970597, 52.1322452 ], [ 0.9706021, 52.1322275 ], [ 0.9706045, 52.1322091 ], [ 0.9706045, 52.1321975 ], [ 0.9706026, 52.1321848 ], [ 0.9705974, 52.132152 ], [ 0.9706345, 52.1321566 ], [ 0.9706788, 52.1321878 ], [ 0.9707074, 52.1322068 ], [ 0.9707298, 52.1322205 ], [ 0.9707538, 52.1322275 ], [ 0.9707782, 52.1322279 ], [ 0.9708053, 52.1322246 ], [ 0.9708356, 52.1322183 ], [ 0.9708525, 52.1322129 ], [ 0.9708683, 52.1322048 ], [ 0.9708822, 52.1321952 ], [ 0.9708932, 52.1321844 ], [ 0.9709015, 52.1321708 ], [ 0.9709058, 52.1321599 ], [ 0.9709067, 52.1321508 ], [ 0.9709013, 52.1321435 ], [ 0.9707174, 52.1320364 ], [ 0.9706818, 52.1320297 ], [ 0.9706687, 52.1320249 ], [ 0.9706576, 52.1320167 ], [ 0.9706521, 52.1320068 ], [ 0.9706483, 52.1319897 ], [ 0.9706484, 52.1319701 ], [ 0.9705824, 52.1319637 ], [ 0.9705764, 52.1319781 ], [ 0.970564, 52.1319903 ], [ 0.9705421, 52.1320041 ], [ 0.9705217, 52.1320147 ], [ 0.9705057, 52.1320232 ], [ 0.970491, 52.1320288 ], [ 0.9704793, 52.1320305 ], [ 0.9704625, 52.1320305 ], [ 0.970449, 52.1320287 ], [ 0.9704368, 52.1320255 ], [ 0.9704233, 52.1320164 ], [ 0.9703952, 52.1319958 ], [ 0.9701983, 52.131857 ], [ 0.9700608, 52.1319242 ], [ 0.9701228, 52.131971 ], [ 0.9700617, 52.1320016 ], [ 0.9700882, 52.1320212 ], [ 0.9700132, 52.132058 ], [ 0.9701567, 52.1321635 ], [ 0.970116, 52.1321672 ], [ 0.9701318, 52.1322564 ], [ 0.9702602, 52.1322473 ] ] ] } },
{ "type": "Feature", "properties": { "stop_id": "osm-way-1197161491", "name": null }, "geometry": { "type": "Polygon", "coordinates": [ [ [ 0.2179815, 51.5493083 ], [ 0.2182205, 51.5492494 ], [ 0.2183387, 51.5492264 ], [ 0.2183771, 51.5492189 ], [ 0.218382, 51.549218 ], [ 0.2184867, 51.5491976 ], [ 0.2185393, 51.5491874 ], [ 0.2186147, 51.5491783 ], [ 0.2186847, 51.5491778 ], [ 0.2187602, 51.5491909 ], [ 0.2188022, 51.5492006 ], [ 0.2188959, 51.549184 ], [ 0.2188535, 51.5491777 ], [ 0.2189003, 51.5490342 ], [ 0.2185178, 51.5489871 ], [ 0.2185249, 51.5489663 ], [ 0.2184279, 51.5489541 ], [ 0.2184151, 51.5489907 ], [ 0.2184004, 51.5490167 ], [ 0.21837, 51.5490254 ], [ 0.2183342, 51.549024 ], [ 0.2183023, 51.5490167 ], [ 0.2182603, 51.5490201 ], [ 0.2182136, 51.5490312 ], [ 0.218163, 51.5490501 ], [ 0.2181295, 51.5490985 ], [ 0.2181295, 51.549145 ], [ 0.2181233, 51.5491808 ], [ 0.2181023, 51.549205 ], [ 0.218033, 51.5492311 ], [ 0.2179565, 51.549252 ], [ 0.2179815, 51.5493083 ] ] ] } },
{ "type": "Feature", "properties": { "stop_id": "osm-way-1198807712", "name": null }, "geometry": { "type": "Polygon", "coordinates": [ [ [ -2.4124656, 51.5409722 ], [ -2.412412, 51.5409536 ], [ -2.4123945, 51.5409296 ], [ -2.4123696, 51.5408744 ], [ -2.4123429, 51.5408393 ], [ -2.4123143, 51.5408122 ], [ -2.4123669, 51.5407345 ], [ -2.4117183, 51.5406151 ], [ -2.4114637, 51.5405658 ], [ -2.4114645, 51.5405601 ], [ -2.4114955, 51.5404941 ], [ -2.4117644, 51.5405444 ], [ -2.4117929, 51.5404679 ], [ -2.4118002, 51.5404521 ], [ -2.4118865, 51.5404691 ], [ -2.4120103, 51.5404853 ], [ -2.4120461, 51.5404152 ], [ -2.4121176, 51.540427 ], [ -2.4122035, 51.540446 ], [ -2.4122928, 51.5404606 ], [ -2.4123858, 51.5404767 ], [ -2.4124727, 51.5404906 ], [ -2.4125464, 51.5403272 ], [ -2.4125852, 51.5403357 ], [ -2.4125005, 51.5405121 ], [ -2.4125773, 51.5405263 ], [ -2.4126551, 51.5405408 ], [ -2.4127329, 51.5405553 ], [ -2.4128107, 51.5405697 ], [ -2.4128886, 51.5405842 ], [ -2.4129664, 51.5405987 ], [ -2.4131998, 51.5406421 ], [ -2.4131874, 51.5406665 ], [ -2.412943, 51.5406222 ], [ -2.4129225, 51.540665 ], [ -2.412902, 51.5407077 ], [ -2.4128816, 51.5407505 ], [ -2.4128611, 51.5407932 ], [ -2.4128407, 51.540836 ], [ -2.4128202, 51.5408787 ], [ -2.4127998, 51.5409215 ], [ -2.4127793, 51.5409642 ], [ -2.4127588, 51.541007 ], [ -2.4130027, 51.5410523 ], [ -2.4129913, 51.5410761 ], [ -2.4128055, 51.5410407 ], [ -2.4124656, 51.5409722 ] ] ] } },
{ "type": "Feature", "properties": { "stop_id": "osm-way-1202608515", "name": null }, "geometry": { "type": "Polygon", "coordinates": [ [ [ 0.2571127, 51.8837186 ], [ 0.2578423, 51.8844628 ], [ 0.2586019, 51.8841792 ], [ 0.2578725, 51.8834349 ], [ 0.2571127, 51.8837186 ] ] ] } },
{ "type": "Feature", "properties": { "stop_id": "osm-way-1202908869", "name": null }, "geometry": { "type": "Polygon", "coordinates": [ [ [ -1.4423928, 54.5417454 ], [ -1.4422721, 54.5418481 ], [ -1.4413172, 54.5417781 ], [ -1.4400861, 54.5415447 ], [ -1.4395925, 54.541428 ], [ -1.4393646, 54.5413673 ], [ -1.4393377, 54.5412615 ], [ -1.4407995, 54.5415027 ], [ -1.4416578, 54.5416443 ], [ -1.4423928, 54.5417454 ] ] ] } },
{ "type": "Feature", "properties": { "stop_id": "osm-way-1202908870", "name": null }, "geometry": { "type": "Polygon", "coordinates": [ [ [ -1.4370364, 54.540706 ], [ -1.4371169, 54.5406204 ], [ -1.4367333, 54.5404975 ], [ -1.4362934, 54.5403824 ], [ -1.4359018, 54.5403186 ], [ -1.4354593, 54.5402765 ], [ -1.4348879, 54.5402501 ], [ -1.4345124, 54.5402594 ], [ -1.4346546, 54.5403435 ], [ -1.4370364, 54.540706 ] ] ] } },
{ "type": "Feature", "properties": { "stop_id": "osm-way-1202908872", "name": null }, "geometry": { "type": "Polygon", "coordinates": [ [ [ -1.3222321, 54.5510546 ], [ -1.3223612, 54.550794 ], [ -1.322431, 54.5506726 ], [ -1.3228507, 54.5502993 ], [ -1.323249, 54.5500457 ], [ -1.3234581, 54.5499471 ], [ -1.3222321, 54.5510546 ] ] ] } },
{ "type": "Feature", "properties": { "stop_id": "osm-way-1204246664", "name": null }, "geometry": { "type": "Polygon", "coordinates": [ [ [ -0.4828787, 53.7241299 ], [ -0.4809938, 53.7236469 ], [ -0.4801905, 53.7234618 ], [ -0.4802126, 53.7234482 ], [ -0.4803681, 53.7232063 ], [ -0.48042, 53.7231602 ], [ -0.480555, 53.7230129 ], [ -0.4816477, 53.723275 ], [ -0.4817387, 53.723265 ], [ -0.4831066, 53.723611 ], [ -0.482817, 53.7240601 ], [ -0.4828787, 53.7241299 ] ] ] } },
{ "type": "Feature", "properties": { "stop_id": "osm-way-1204564443", "name": "Greyhound Service Station" }, "geometry": { "type": "Polygon", "coordinates": [ [ [ -2.4996975, 53.4802911 ], [ -2.4990189, 53.4804251 ], [ -2.4989809, 53.4803221 ], [ -2.4988767, 53.4800397 ], [ -2.4992522, 53.4798066 ], [ -2.4994561, 53.4799798 ], [ -2.4997418, 53.4798689 ], [ -2.4999483, 53.4800764 ], [ -2.4996975, 53.4802911 ] ] ] } },
{ "type": "Feature", "properties": { "stop_id": "osm-way-1205328195", "name": "Six Hills Services Northbound" }, "geometry": { "type": "Polygon", "coordinates": [ [ [ -1.0597831, 52.7541838 ], [ -1.0600473, 52.7536059 ], [ -1.06016, 52.7536659 ], [ -1.0604014, 52.7537211 ], [ -1.0604912, 52.7538421 ], [ -1.0602954, 52.7542942 ], [ -1.0597831, 52.7541838 ] ] ] } },
{ "type": "Feature", "properties": { "stop_id": "osm-way-1205328198", "name": null }, "geometry": { "type": "Polygon", "coordinates": [ [ [ -1.0616281, 52.7489817 ], [ -1.0609471, 52.7488353 ], [ -1.0611728, 52.7484452 ], [ -1.0614919, 52.7481191 ], [ -1.0617948, 52.7481696 ], [ -1.0619147, 52.7484083 ], [ -1.0616281, 52.7489817 ] ] ] } },
{ "type": "Feature", "properties": { "stop_id": "osm-way-1205520095", "name": "Glinton Service Station" }, "geometry": { "type": "Polygon", "coordinates": [ [ [ -0.2983573, 52.6319693 ], [ -0.2970625, 52.6320182 ], [ -0.2963339, 52.6320054 ], [ -0.2957082, 52.6319558 ], [ -0.2957782, 52.6315448 ], [ -0.2957292, 52.6314229 ], [ -0.2962943, 52.6313252 ], [ -0.2969574, 52.6315973 ], [ -0.2969831, 52.6317234 ], [ -0.2983047, 52.6316341 ], [ -0.2983573, 52.6319693 ] ] ] } },
{ "type": "Feature", "properties": { "stop_id": "osm-way-1207453196", "name": "Springfield Services" }, "geometry": { "type": "Polygon", "coordinates": [ [ [ -0.1227315, 52.7988148 ], [ -0.1220407, 52.7983724 ], [ -0.1221951, 52.798291 ], [ -0.1222861, 52.7982424 ], [ -0.1223115, 52.798229 ], [ -0.1226871, 52.7980664 ], [ -0.1231924, 52.7978743 ], [ -0.1234344, 52.7981244 ], [ -0.1234685, 52.7982362 ], [ -0.1235687, 52.7985648 ], [ -0.1228362, 52.7988321 ], [ -0.1227833, 52.7988273 ], [ -0.1227315, 52.7988148 ] ] ] } },
{ "type": "Feature", "properties": { "stop_id": "osm-way-1207621765", "name": "Gemini Service Station" }, "geometry": { "type": "Polygon", "coordinates": [ [ [ -2.6331347, 53.4161211 ], [ -2.63241, 53.4158982 ], [ -2.6327574, 53.4156836 ], [ -2.6328868, 53.415656 ], [ -2.6330517, 53.4156638 ], [ -2.6331688, 53.4157006 ], [ -2.6331942, 53.4156776 ], [ -2.6334152, 53.4157469 ], [ -2.6333779, 53.4157889 ], [ -2.6334021, 53.4157965 ], [ -2.6334491, 53.4158654 ], [ -2.633245, 53.4161046 ], [ -2.6331347, 53.4161211 ] ] ] } },
{ "type": "Feature", "properties": { "stop_id": "osm-way-1211810323", "name": null }, "geometry": { "type": "Polygon", "coordinates": [ [ [ -2.2086282, 53.5815821 ], [ -2.2082795, 53.5814794 ], [ -2.2082165, 53.5814595 ], [ -2.2081616, 53.5814359 ], [ -2.2081279, 53.581418 ], [ -2.2081038, 53.5814014 ], [ -2.208079, 53.5813801 ], [ -2.2080579, 53.5813563 ], [ -2.2080417, 53.5813298 ], [ -2.2080335, 53.5813044 ], [ -2.2080112, 53.581133 ], [ -2.208097, 53.5811305 ], [ -2.2081053, 53.5811293 ], [ -2.2081126, 53.5811269 ], [ -2.2081185, 53.5811234 ], [ -2.2081224, 53.5811182 ], [ -2.2081234, 53.5811129 ], [ -2.2081223, 53.5811023 ], [ -2.2081162, 53.5810574 ], [ -2.2081548, 53.5810556 ], [ -2.2081933, 53.5810537 ], [ -2.2082316, 53.5810519 ], [ -2.2082699, 53.58105 ], [ -2.2083587, 53.5811046 ], [ -2.2084226, 53.5810801 ], [ -2.2086271, 53.5811455 ], [ -2.2087345, 53.5811548 ], [ -2.2086107, 53.5813025 ], [ -2.2088115, 53.5813621 ], [ -2.2086282, 53.5815821 ] ] ] } },
{ "type": "Feature", "properties": { "stop_id": "osm-way-1213735469", "name": "Ringwood Service Station" }, "geometry": { "type": "Polygon", "coordinates": [ [ [ -1.8002046, 50.8457337 ], [ -1.8004976, 50.8456185 ], [ -1.8002416, 50.8453496 ], [ -1.8001653, 50.8452695 ], [ -1.8000461, 50.8451818 ], [ -1.7999566, 50.8452599 ], [ -1.7997976, 50.8453178 ], [ -1.79979, 50.8453206 ], [ -1.79965, 50.8454419 ], [ -1.7995985, 50.8455639 ], [ -1.7997853, 50.845755 ], [ -1.7998754, 50.8457575 ], [ -1.7999334, 50.8458201 ], [ -1.8000506, 50.8457872 ], [ -1.8000948, 50.8457751 ], [ -1.8002046, 50.8457337 ] ] ] } },
{ "type": "Feature", "properties": { "stop_id": "osm-way-1213736225", "name": "Picket Post Services (Westbound)" }, "geometry": { "type": "Polygon", "coordinates": [ [ [ -1.7297843, 50.8540146 ], [ -1.7300258, 50.8539449 ], [ -1.7303833, 50.853806 ], [ -1.7305491, 50.8537404 ], [ -1.73036, 50.8537067 ], [ -1.7303405, 50.8536758 ], [ -1.7301751, 50.8537173 ], [ -1.7297564, 50.8538188 ], [ -1.7296795, 50.8538654 ], [ -1.729772, 50.8539167 ], [ -1.7297843, 50.8540146 ] ] ] } },
{ "type": "Feature", "properties": { "stop_id": "osm-way-1220388730", "name": null }, "geometry": { "type": "Polygon", "coordinates": [ [ [ 1.0524806, 52.5337637 ], [ 1.0530546, 52.5338877 ], [ 1.0532906, 52.5335907 ], [ 1.0537703, 52.5330784 ], [ 1.0516962, 52.5324582 ], [ 1.0514292, 52.5329152 ], [ 1.05209, 52.5330888 ], [ 1.0520042, 52.5332455 ], [ 1.0527338, 52.533389 ], [ 1.0524806, 52.5337637 ] ] ] } },
{ "type": "Feature", "properties": { "stop_id": "osm-way-1222838895", "name": null }, "geometry": { "type": "Polygon", "coordinates": [ [ [ -1.5491742, 54.6515022 ], [ -1.5491527, 54.6516388 ], [ -1.5482542, 54.6518266 ], [ -1.5480034, 54.6518436 ], [ -1.547298, 54.6518917 ], [ -1.5464638, 54.6518871 ], [ -1.5448867, 54.6518902 ], [ -1.5447083, 54.6516931 ], [ -1.5448853, 54.6516388 ], [ -1.5450623, 54.6516124 ], [ -1.5491688, 54.6514588 ], [ -1.5491742, 54.6515022 ] ] ] } },
{ "type": "Feature", "properties": { "stop_id": "osm-way-1222838896", "name": null }, "geometry": { "type": "Polygon", "coordinates": [ [ [ -1.5536843, 54.6515821 ], [ -1.5536441, 54.6514456 ], [ -1.5535086, 54.6513959 ], [ -1.5531009, 54.6513292 ], [ -1.5526986, 54.6512819 ], [ -1.5523821, 54.6512648 ], [ -1.5518725, 54.6512501 ], [ -1.551619, 54.6512532 ], [ -1.5513884, 54.6513005 ], [ -1.5516834, 54.6513858 ], [ -1.5521689, 54.6514161 ], [ -1.5527093, 54.6514611 ], [ -1.5532458, 54.6515209 ], [ -1.5536843, 54.6515821 ] ] ] } },
{ "type": "Feature", "properties": { "stop_id": "osm-way-1225653420", "name": null }, "geometry": { "type": "Polygon", "coordinates": [ [ [ -3.1566088, 56.2344074 ], [ -3.1565872, 56.2343271 ], [ -3.1565808, 56.2343035 ], [ -3.1565687, 56.2342783 ], [ -3.1565517, 56.2342587 ], [ -3.1565327, 56.2342435 ], [ -3.1564942, 56.2342139 ], [ -3.1562779, 56.2340872 ], [ -3.1560643, 56.2342677 ], [ -3.1563031, 56.2343599 ], [ -3.1563924, 56.2343834 ], [ -3.1564624, 56.2343948 ], [ -3.1565272, 56.2344041 ], [ -3.1566088, 56.2344074 ] ] ] } },
{ "type": "Feature", "properties": { "stop_id": "osm-way-1227474483", "name": "Coedgain Garage" }, "geometry": { "type": "Polygon", "coordinates": [ [ [ -4.215674, 51.8396399 ], [ -4.215749, 51.8392353 ], [ -4.2165321, 51.8392907 ], [ -4.2165676, 51.8393631 ], [ -4.2192583, 51.8395532 ], [ -4.2191961, 51.8398892 ], [ -4.215674, 51.8396399 ] ] ] } },
{ "type": "Feature", "properties": { "stop_id": "osm-way-1227691457", "name": null }, "geometry": { "type": "Polygon", "coordinates": [ [ [ 0.2472958, 51.8757633 ], [ 0.2481412, 51.8757487 ], [ 0.248549, 51.8757416 ], [ 0.2496857, 51.8757219 ], [ 0.2498092, 51.8757446 ], [ 0.2498109, 51.8757071 ], [ 0.2498003, 51.875672 ], [ 0.2502468, 51.8757576 ], [ 0.2503265, 51.8757592 ], [ 0.2503738, 51.8757483 ], [ 0.2506156, 51.8754404 ], [ 0.2506128, 51.8751987 ], [ 0.2504467, 51.8751813 ], [ 0.2476457, 51.8751932 ], [ 0.2472743, 51.875186 ], [ 0.2472958, 51.8757633 ] ] ] } },
{ "type": "Feature", "properties": { "stop_id": "osm-way-1228048981", "name": "Minster Services" }, "geometry": { "type": "Polygon", "coordinates": [ [ [ 1.319484, 51.3430839 ], [ 1.3179304, 51.3434941 ], [ 1.3177116, 51.3434726 ], [ 1.3171236, 51.3430035 ], [ 1.3174026, 51.3427703 ], [ 1.3177888, 51.3425826 ], [ 1.3182952, 51.3425638 ], [ 1.3191964, 51.3425933 ], [ 1.319484, 51.3430839 ] ] ] } },
{ "type": "Feature", "properties": { "stop_id": "osm-way-1228460477", "name": null }, "geometry": { "type": "Polygon", "coordinates": [ [ [ 1.293273, 51.3635679 ], [ 1.2927598, 51.3637016 ], [ 1.292734, 51.3637811 ], [ 1.2920252, 51.3635621 ], [ 1.2928108, 51.3633207 ], [ 1.2928791, 51.3634543 ], [ 1.292964, 51.3634682 ], [ 1.2932003, 51.3634301 ], [ 1.293273, 51.3635679 ] ] ] } },
{ "type": "Feature", "properties": { "stop_id": "osm-way-1234314368", "name": "GRIDSERVE London Gatwick Electric Forecourt" }, "geometry": { "type": "Polygon", "coordinates": [ [ [ -0.1530969, 51.1561991 ], [ -0.1533715, 51.156108 ], [ -0.1534401, 51.1560856 ], [ -0.1534229, 51.1560627 ], [ -0.1535077, 51.1560313 ], [ -0.1535481, 51.1560749 ], [ -0.15356, 51.1560877 ], [ -0.1536468, 51.1560548 ], [ -0.1536508, 51.1560533 ], [ -0.1536739, 51.1560714 ], [ -0.1537301, 51.1560486 ], [ -0.1537667, 51.1560911 ], [ -0.1538337, 51.1561691 ], [ -0.1540551, 51.1564213 ], [ -0.1540103, 51.1564388 ], [ -0.1540001, 51.1564449 ], [ -0.1539939, 51.1564518 ], [ -0.1539911, 51.15646 ], [ -0.1539902, 51.1565319 ], [ -0.1539878, 51.1565847 ], [ -0.1539873, 51.1566012 ], [ -0.1539848, 51.1566145 ], [ -0.1539759, 51.1566267 ], [ -0.1539671, 51.1566365 ], [ -0.1537679, 51.1568158 ], [ -0.1536565, 51.156916 ], [ -0.1534353, 51.1567928 ], [ -0.1535473, 51.1566932 ], [ -0.1532816, 51.1564031 ], [ -0.1530969, 51.1561991 ] ] ] } },
{ "type": "Feature", "properties": { "stop_id": "osm-way-1236136502", "name": null }, "geometry": { "type": "Polygon", "coordinates": [ [ [ -1.5924165, 54.8034374 ], [ -1.5924275, 54.8036022 ], [ -1.5922478, 54.8037862 ], [ -1.5921298, 54.8039006 ], [ -1.592005, 54.8039663 ], [ -1.5918457, 54.8040035 ], [ -1.5920341, 54.8038447 ], [ -1.592169, 54.8037089 ], [ -1.5924165, 54.8034374 ] ] ] } },
{ "type": "Feature", "properties": { "stop_id": "osm-way-1238200892", "name": "Astwick Service Station" }, "geometry": { "type": "Polygon", "coordinates": [ [ [ -0.2160381, 52.0287503 ], [ -0.2158629, 52.028917 ], [ -0.2147235, 52.0291871 ], [ -0.2142308, 52.028305 ], [ -0.215445, 52.0280765 ], [ -0.2156505, 52.028111 ], [ -0.2157602, 52.0281627 ], [ -0.2158793, 52.028292 ], [ -0.2160194, 52.0286455 ], [ -0.2160381, 52.0287503 ] ] ] } },
{ "type": "Feature", "properties": { "stop_id": "osm-way-1238200893", "name": null }, "geometry": { "type": "Polygon", "coordinates": [ [ [ -0.2140954, 52.0287115 ], [ -0.2136774, 52.0285047 ], [ -0.2133832, 52.0284817 ], [ -0.2132374, 52.0285068 ], [ -0.2127687, 52.0285876 ], [ -0.2124992, 52.0281363 ], [ -0.2134729, 52.0279053 ], [ -0.213577, 52.0278812 ], [ -0.2140954, 52.0287115 ] ] ] } },
{ "type": "Feature", "properties": { "stop_id": "osm-way-1239264988", "name": null }, "geometry": { "type": "Polygon", "coordinates": [ [ [ -2.1240605, 52.4924626 ], [ -2.1240096, 52.4925034 ], [ -2.1239829, 52.4925247 ], [ -2.1234877, 52.4922956 ], [ -2.1235654, 52.4922334 ], [ -2.1240605, 52.4924626 ] ] ] } },
{ "type": "Feature", "properties": { "stop_id": "osm-way-1239264989", "name": null }, "geometry": { "type": "Polygon", "coordinates": [ [ [ -2.1237857, 52.4920546 ], [ -2.1239358, 52.4919345 ], [ -2.1244356, 52.4921659 ], [ -2.1243391, 52.4922432 ], [ -2.1242854, 52.4922862 ], [ -2.1237857, 52.4920546 ] ] ] } },
{ "type": "Feature", "properties": { "stop_id": "osm-way-1239464437", "name": null }, "geometry": { "type": "Polygon", "coordinates": [ [ [ -1.8194765, 53.7404509 ], [ -1.8195441, 53.7405245 ], [ -1.8194815, 53.7405591 ], [ -1.8197254, 53.7407668 ], [ -1.8197608, 53.7407815 ], [ -1.8199711, 53.7406838 ], [ -1.820068, 53.7406328 ], [ -1.8198663, 53.7405021 ], [ -1.8197361, 53.7404312 ], [ -1.8199174, 53.7403335 ], [ -1.820035, 53.7404011 ], [ -1.820173, 53.7403186 ], [ -1.8201635, 53.7403067 ], [ -1.8200015, 53.7402077 ], [ -1.8197032, 53.7403752 ], [ -1.8196346, 53.7403333 ], [ -1.8195795, 53.7403602 ], [ -1.8196095, 53.7403893 ], [ -1.8194765, 53.7404509 ] ] ] } },
{ "type": "Feature", "properties": { "stop_id": "osm-way-1241249676", "name": null }, "geometry": { "type": "Polygon", "coordinates": [ [ [ -2.1205282, 52.4880802 ], [ -2.1201713, 52.48797 ], [ -2.1201691, 52.4879756 ], [ -2.1201366, 52.4880222 ], [ -2.12006, 52.488141 ], [ -2.120206, 52.4881859 ], [ -2.1202216, 52.4881907 ], [ -2.1202329, 52.4881942 ], [ -2.1202436, 52.4881975 ], [ -2.1202553, 52.488201 ], [ -2.1202681, 52.488205 ], [ -2.1202804, 52.4882088 ], [ -2.1202945, 52.4882131 ], [ -2.1203086, 52.4882174 ], [ -2.1203205, 52.4882211 ], [ -2.1203325, 52.4882248 ], [ -2.1203436, 52.4882282 ], [ -2.1203869, 52.4882422 ], [ -2.1204188, 52.4882056 ], [ -2.1204508, 52.488169 ], [ -2.1204749, 52.4881414 ], [ -2.1205016, 52.4881108 ], [ -2.1205282, 52.4880802 ] ] ] } },
{ "type": "Feature", "properties": { "stop_id": "osm-way-1248227987", "name": null }, "geometry": { "type": "Polygon", "coordinates": [ [ [ -3.9833043, 51.7923175 ], [ -3.9831167, 51.7923984 ], [ -3.9828607, 51.7925098 ], [ -3.9828461, 51.7925961 ], [ -3.9818749, 51.792963 ], [ -3.9816959, 51.7928027 ], [ -3.9817958, 51.7927615 ], [ -3.9824799, 51.7924585 ], [ -3.9826008, 51.7924709 ], [ -3.9827284, 51.7924154 ], [ -3.9827315, 51.792366 ], [ -3.9827371, 51.7923403 ], [ -3.9830912, 51.7921577 ], [ -3.9833043, 51.7923175 ] ] ] } },
{ "type": "Feature", "properties": { "stop_id": "osm-way-1250657875", "name": null }, "geometry": { "type": "Polygon", "coordinates": [ [ [ -2.1057483, 52.4959469 ], [ -2.1057695, 52.4959755 ], [ -2.1057783, 52.4960198 ], [ -2.1057654, 52.4960881 ], [ -2.1060357, 52.4961277 ], [ -2.1059893, 52.4960915 ], [ -2.1058581, 52.4960754 ], [ -2.1058941, 52.495973 ], [ -2.1058255, 52.495913 ], [ -2.1057483, 52.4959469 ] ] ] } },
{ "type": "Feature", "properties": { "stop_id": "osm-way-1250924860", "name": "Bedford Services" }, "geometry": { "type": "Polygon", "coordinates": [ [ [ -0.4761225, 52.1067649 ], [ -0.4762296, 52.1067761 ], [ -0.4764018, 52.1068481 ], [ -0.4765465, 52.1068854 ], [ -0.4766705, 52.1068791 ], [ -0.4776385, 52.106707 ], [ -0.4784067, 52.1065272 ], [ -0.4790141, 52.1064143 ], [ -0.4794738, 52.1063328 ], [ -0.4794169, 52.1060988 ], [ -0.4790413, 52.1060769 ], [ -0.4789752, 52.1060249 ], [ -0.4789791, 52.1059681 ], [ -0.4788826, 52.1059494 ], [ -0.4788548, 52.1059802 ], [ -0.4783946, 52.1060389 ], [ -0.4777181, 52.1062215 ], [ -0.4777417, 52.1062586 ], [ -0.4774766, 52.1063198 ], [ -0.4773847, 52.1063128 ], [ -0.4765901, 52.1064877 ], [ -0.4762055, 52.106616 ], [ -0.4759257, 52.1067188 ], [ -0.4759848, 52.1067802 ], [ -0.4760511, 52.106766 ], [ -0.4761225, 52.1067649 ] ] ] } },
{ "type": "Feature", "properties": { "stop_id": "osm-way-1253723873", "name": null }, "geometry": { "type": "Polygon", "coordinates": [ [ [ -1.459987, 54.9156174 ], [ -1.4598969, 54.9152201 ], [ -1.4600015, 54.9143629 ], [ -1.4602085, 54.9139391 ], [ -1.460057, 54.9149167 ], [ -1.459987, 54.9156174 ] ] ] } },
{ "type": "Feature", "properties": { "stop_id": "osm-way-1253723874", "name": null }, "geometry": { "type": "Polygon", "coordinates": [ [ [ -1.4760585, 54.9729655 ], [ -1.4758654, 54.9727753 ], [ -1.4756387, 54.972011 ], [ -1.4757033, 54.9717875 ], [ -1.4759402, 54.9726161 ], [ -1.4760585, 54.9729655 ] ] ] } },
{ "type": "Feature", "properties": { "stop_id": "osm-way-1256662665", "name": "Gridserve Stevenage Electric Forecourt" }, "geometry": { "type": "Polygon", "coordinates": [ [ [ -0.2077003, 51.8875143 ], [ -0.2080093, 51.8874292 ], [ -0.2082856, 51.8873589 ], [ -0.208405, 51.8873142 ], [ -0.2085029, 51.8872612 ], [ -0.208586, 51.8872008 ], [ -0.208677, 51.8871016 ], [ -0.2087745, 51.8869146 ], [ -0.2087986, 51.8868287 ], [ -0.2089924, 51.8867944 ], [ -0.2091976, 51.8868647 ], [ -0.2094778, 51.8873754 ], [ -0.2093276, 51.8877827 ], [ -0.2090997, 51.887935 ], [ -0.2081715, 51.888131 ], [ -0.2078778, 51.8881984 ], [ -0.207666, 51.8877943 ], [ -0.2077003, 51.8875143 ] ] ] } },
{ "type": "Feature", "properties": { "stop_id": "osm-way-1258403553", "name": "Hollin Bank Service Station" }, "geometry": { "type": "Polygon", "coordinates": [ [ [ -2.2277067, 53.8307787 ], [ -2.2281238, 53.8306212 ], [ -2.2284436, 53.8309163 ], [ -2.2280266, 53.8310738 ], [ -2.2277067, 53.8307787 ] ] ] } },
{ "type": "Feature", "properties": { "stop_id": "osm-way-1259532317", "name": null }, "geometry": { "type": "Polygon", "coordinates": [ [ [ -1.5661208, 54.702995 ], [ -1.5661472, 54.7028301 ], [ -1.5658964, 54.7024302 ], [ -1.5657292, 54.702369 ], [ -1.5661208, 54.702995 ] ] ] } },
{ "type": "Feature", "properties": { "stop_id": "osm-way-1259759362", "name": null }, "geometry": { "type": "Polygon", "coordinates": [ [ [ -1.5589261, 54.6382257 ], [ -1.5588596, 54.6382951 ], [ -1.5588248, 54.6384589 ], [ -1.5589388, 54.6388547 ], [ -1.5591416, 54.639017 ], [ -1.5589261, 54.6382257 ] ] ] } },
{ "type": "Feature", "properties": { "stop_id": "osm-way-1259759363", "name": null }, "geometry": { "type": "Polygon", "coordinates": [ [ [ -1.5594688, 54.6402493 ], [ -1.5595624, 54.6400267 ], [ -1.5594417, 54.6395471 ], [ -1.5592282, 54.6393349 ], [ -1.5592861, 54.639558 ], [ -1.5594688, 54.6402493 ] ] ] } },
{ "type": "Feature", "properties": { "stop_id": "osm-way-1259770446", "name": null }, "geometry": { "type": "Polygon", "coordinates": [ [ [ -1.5553607, 54.6187595 ], [ -1.5554731, 54.6186865 ], [ -1.5553743, 54.6194607 ], [ -1.5552803, 54.6194258 ], [ -1.5552574, 54.6192914 ], [ -1.5553178, 54.6188573 ], [ -1.5553607, 54.6187595 ] ] ] } },
{ "type": "Feature", "properties": { "stop_id": "osm-way-1259770447", "name": null }, "geometry": { "type": "Polygon", "coordinates": [ [ [ -1.5553602, 54.6195716 ], [ -1.5554564, 54.6196246 ], [ -1.5554988, 54.6198148 ], [ -1.555427, 54.6202272 ], [ -1.5553465, 54.6203374 ], [ -1.5552565, 54.6203839 ], [ -1.5553602, 54.6195716 ] ] ] } },
{ "type": "Feature", "properties": { "stop_id": "osm-way-1261792224", "name": null }, "geometry": { "type": "Polygon", "coordinates": [ [ [ -0.3088277, 52.5313025 ], [ -0.3087317, 52.5313358 ], [ -0.3085241, 52.531129 ], [ -0.3086224, 52.5310943 ], [ -0.3088277, 52.5313025 ] ] ] } },
{ "type": "Feature", "properties": { "stop_id": "osm-way-1263048965", "name": null }, "geometry": { "type": "Polygon", "coordinates": [ [ [ -4.102088, 50.4029195 ], [ -4.1019747, 50.4026073 ], [ -4.1021021, 50.4026533 ], [ -4.1021758, 50.4028401 ], [ -4.102088, 50.4029195 ] ] ] } },
{ "type": "Feature", "properties": { "stop_id": "osm-way-1266935998", "name": null }, "geometry": { "type": "Polygon", "coordinates": [ [ [ -0.2425672, 52.6120945 ], [ -0.2415194, 52.612786 ], [ -0.2415993, 52.6128365 ], [ -0.2416449, 52.6128054 ], [ -0.2426343, 52.6121311 ], [ -0.2425672, 52.6120945 ] ] ] } },
{ "type": "Feature", "properties": { "stop_id": "osm-way-1266935999", "name": null }, "geometry": { "type": "Polygon", "coordinates": [ [ [ -0.2415194, 52.612786 ], [ -0.2415993, 52.6128365 ], [ -0.2416449, 52.6128054 ], [ -0.2422981, 52.6131713 ], [ -0.2421101, 52.6132983 ], [ -0.2421014, 52.6133041 ], [ -0.2415997, 52.613017 ], [ -0.2414678, 52.6129435 ], [ -0.2414252, 52.6129213 ], [ -0.2414033, 52.6129095 ], [ -0.2413984, 52.6128903 ], [ -0.2413996, 52.6128747 ], [ -0.2414215, 52.6128548 ], [ -0.2415194, 52.612786 ] ] ] } },
{ "type": "Feature", "properties": { "stop_id": "osm-way-1266936015", "name": null }, "geometry": { "type": "Polygon", "coordinates": [ [ [ -0.2431507, 52.6138731 ], [ -0.2431254, 52.6138574 ], [ -0.2431083, 52.6138507 ], [ -0.2430926, 52.6138495 ], [ -0.2430776, 52.6138516 ], [ -0.243066, 52.6138565 ], [ -0.2430605, 52.6138611 ], [ -0.2430564, 52.6138673 ], [ -0.2430557, 52.6138768 ], [ -0.2430612, 52.6138864 ], [ -0.2430817, 52.6138984 ], [ -0.2431923, 52.6139618 ], [ -0.2432087, 52.6139701 ], [ -0.243221, 52.6139734 ], [ -0.243236, 52.6139743 ], [ -0.243253, 52.6139702 ], [ -0.2432661, 52.6139618 ], [ -0.2432743, 52.6139537 ], [ -0.2432729, 52.6139434 ], [ -0.2432422, 52.6139254 ], [ -0.2431991, 52.6139519 ], [ -0.243109, 52.6139005 ], [ -0.2431507, 52.6138731 ] ] ] } },
{ "type": "Feature", "properties": { "stop_id": "osm-way-1268245462", "name": "Tesco Petrol Station" }, "geometry": { "type": "Polygon", "coordinates": [ [ [ -3.2739364, 51.4659338 ], [ -3.2739617, 51.4659474 ], [ -3.2739948, 51.4659549 ], [ -3.2740286, 51.4659545 ], [ -3.274059, 51.465947 ], [ -3.2740189, 51.4659761 ], [ -3.2740019, 51.4659895 ], [ -3.2739527, 51.4660296 ], [ -3.2739536, 51.4660184 ], [ -3.2739477, 51.4660087 ], [ -3.2739333, 51.4660029 ], [ -3.2738697, 51.4659929 ], [ -3.2738424, 51.4659881 ], [ -3.2737525, 51.4659282 ], [ -3.273709, 51.465952 ], [ -3.2737008, 51.4659462 ], [ -3.2736664, 51.4659222 ], [ -3.273606, 51.4658803 ], [ -3.273633, 51.4658665 ], [ -3.2735917, 51.4658375 ], [ -3.2736087, 51.4658283 ], [ -3.2735612, 51.4657905 ], [ -3.2735377, 51.4657634 ], [ -3.2735308, 51.4657372 ], [ -3.2735398, 51.4657191 ], [ -3.2735639, 51.4657023 ], [ -3.2738917, 51.4655171 ], [ -3.2739094, 51.4655129 ], [ -3.2739377, 51.4655151 ], [ -3.2739536, 51.4655211 ], [ -3.2740195, 51.4655695 ], [ -3.2740595, 51.4655468 ], [ -3.2741123, 51.4655184 ], [ -3.2742166, 51.4655925 ], [ -3.2741601, 51.4656244 ], [ -3.2741701, 51.46563 ], [ -3.2741346, 51.4656489 ], [ -3.274148, 51.4656542 ], [ -3.2741613, 51.4656532 ], [ -3.2741893, 51.4656439 ], [ -3.2742108, 51.4656394 ], [ -3.2742537, 51.4656412 ], [ -3.2742833, 51.4656456 ], [ -3.2743202, 51.4656521 ], [ -3.2743435, 51.4656539 ], [ -3.2743581, 51.4656505 ], [ -3.2743786, 51.4656388 ], [ -3.2743956, 51.4656233 ], [ -3.2743983, 51.4656053 ], [ -3.2743925, 51.4655893 ], [ -3.2743784, 51.4655683 ], [ -3.2743604, 51.4655416 ], [ -3.2743424, 51.4655123 ], [ -3.274328, 51.4654767 ], [ -3.2743013, 51.4654378 ], [ -3.2743868, 51.4654858 ], [ -3.274418, 51.4655271 ], [ -3.2744361, 51.4655597 ], [ -3.2744587, 51.4656003 ], [ -3.2744574, 51.4656262 ], [ -3.2744448, 51.4656472 ], [ -3.2744231, 51.4656666 ], [ -3.2744052, 51.4656776 ], [ -3.2743871, 51.4656887 ], [ -3.2743648, 51.4656991 ], [ -3.2743381, 51.4657062 ], [ -3.2743067, 51.4657114 ], [ -3.2743003, 51.4657152 ], [ -3.2743019, 51.4657206 ], [ -3.2743074, 51.4657243 ], [ -3.2743405, 51.4657243 ], [ -3.2743544, 51.4657376 ], [ -3.2742866, 51.4657784 ], [ -3.2742798, 51.4657646 ], [ -3.2742678, 51.4657585 ], [ -3.2742244, 51.4657415 ], [ -3.2741966, 51.465742 ], [ -3.2741791, 51.4657491 ], [ -3.2739199, 51.4658896 ], [ -3.2739133, 51.4659049 ], [ -3.2739183, 51.4659184 ], [ -3.2739364, 51.4659338 ] ] ] } },
{ "type": "Feature", "properties": { "stop_id": "osm-way-1270657984", "name": null }, "geometry": { "type": "Polygon", "coordinates": [ [ [ -3.2042371, 51.4988994 ], [ -3.2042359, 51.498827 ], [ -3.2042334, 51.498653 ], [ -3.2042327, 51.4985684 ], [ -3.2042287, 51.4985516 ], [ -3.2042179, 51.4985258 ], [ -3.2042233, 51.4985008 ], [ -3.2042393, 51.4984707 ], [ -3.204254, 51.498464 ], [ -3.2042648, 51.498459 ], [ -3.2043098, 51.4984362 ], [ -3.2042836, 51.4984304 ], [ -3.2042691, 51.4984204 ], [ -3.2042407, 51.4983997 ], [ -3.2041884, 51.498368 ], [ -3.2041419, 51.4983383 ], [ -3.2032613, 51.4983556 ], [ -3.2033619, 51.4984916 ], [ -3.2037023, 51.4989577 ], [ -3.2040661, 51.4990424 ], [ -3.2041597, 51.4989353 ], [ -3.2041836, 51.4989049 ], [ -3.2041897, 51.4988955 ], [ -3.204201, 51.49889 ], [ -3.2042144, 51.49889 ], [ -3.2042172, 51.4988906 ], [ -3.2042279, 51.4988932 ], [ -3.2042371, 51.4988994 ] ] ] } },
{ "type": "Feature", "properties": { "stop_id": "osm-way-1271175281", "name": null }, "geometry": { "type": "Polygon", "coordinates": [ [ [ -0.6303282, 52.8624669 ], [ -0.630264, 52.8619652 ], [ -0.6296502, 52.8618645 ], [ -0.6297167, 52.8625524 ], [ -0.629854, 52.8625044 ], [ -0.6303282, 52.8624669 ] ] ] } },
{ "type": "Feature", "properties": { "stop_id": "osm-way-1274496065", "name": null }, "geometry": { "type": "Polygon", "coordinates": [ [ [ -3.1466278, 51.4958775 ], [ -3.1467457, 51.4959222 ], [ -3.1467506, 51.4959354 ], [ -3.1467555, 51.4959487 ], [ -3.1467653, 51.4959618 ], [ -3.14678, 51.4959776 ], [ -3.1468029, 51.4959939 ], [ -3.1468438, 51.4960091 ], [ -3.1468952, 51.4960117 ], [ -3.1469337, 51.4960069 ], [ -3.146923, 51.4960129 ], [ -3.1469059, 51.4960271 ], [ -3.1469002, 51.4960463 ], [ -3.1469017, 51.4960605 ], [ -3.1469091, 51.4960731 ], [ -3.1469205, 51.4960848 ], [ -3.1469255, 51.4960974 ], [ -3.1469273, 51.4961185 ], [ -3.1469245, 51.496133 ], [ -3.1469082, 51.4961556 ], [ -3.1467955, 51.4962736 ], [ -3.1467383, 51.4963288 ], [ -3.1467015, 51.4963509 ], [ -3.1466836, 51.4963555 ], [ -3.1466558, 51.4963583 ], [ -3.1466158, 51.4963552 ], [ -3.1465432, 51.4963437 ], [ -3.1464843, 51.4963352 ], [ -3.1464461, 51.4963228 ], [ -3.1464088, 51.4962942 ], [ -3.1463133, 51.4962591 ], [ -3.1463391, 51.4962323 ], [ -3.1463364, 51.4962192 ], [ -3.1463356, 51.4962006 ], [ -3.1463458, 51.4961801 ], [ -3.1462948, 51.4961712 ], [ -3.1462776, 51.4960928 ], [ -3.1462522, 51.4960843 ], [ -3.1462481, 51.4960843 ], [ -3.1462995, 51.4959884 ], [ -3.1463179, 51.4959653 ], [ -3.1463424, 51.4959272 ], [ -3.1463743, 51.4958777 ], [ -3.1463973, 51.4958631 ], [ -3.1464337, 51.4958489 ], [ -3.1464592, 51.4958434 ], [ -3.1464858, 51.4958405 ], [ -3.1465189, 51.4958406 ], [ -3.1465516, 51.4958466 ], [ -3.146585, 51.4958583 ], [ -3.1466133, 51.4958711 ], [ -3.1466278, 51.4958775 ] ] ] } },
{ "type": "Feature", "properties": { "stop_id": "osm-way-1275058980", "name": null }, "geometry": { "type": "Polygon", "coordinates": [ [ [ -3.1925553, 51.4968229 ], [ -3.1924214, 51.496754 ], [ -3.1924121, 51.4967463 ], [ -3.1922882, 51.4966325 ], [ -3.1922802, 51.4966346 ], [ -3.1923363, 51.4967345 ], [ -3.1923992, 51.4968509 ], [ -3.1924178, 51.4968853 ], [ -3.1924965, 51.4970268 ], [ -3.1925229, 51.4970744 ], [ -3.1925434, 51.4971119 ], [ -3.1925683, 51.4971605 ], [ -3.1925937, 51.4972132 ], [ -3.1926002, 51.4972113 ], [ -3.192614, 51.4972068 ], [ -3.1926869, 51.4971823 ], [ -3.1928375, 51.4971589 ], [ -3.192858, 51.4971561 ], [ -3.1927395, 51.4970691 ], [ -3.1928625, 51.4969788 ], [ -3.1927854, 51.4969391 ], [ -3.1926813, 51.4968861 ], [ -3.1925926, 51.4968428 ], [ -3.1925553, 51.4968229 ] ] ] } },
{ "type": "Feature", "properties": { "stop_id": "osm-way-1275876033", "name": "Eashing Service Station" }, "geometry": { "type": "Polygon", "coordinates": [ [ [ -0.650036, 51.1869458 ], [ -0.6506449, 51.1864482 ], [ -0.6507483, 51.186821 ], [ -0.6507647, 51.1869776 ], [ -0.650718, 51.1870611 ], [ -0.6506292, 51.1871137 ], [ -0.6505428, 51.1871328 ], [ -0.6504494, 51.1871328 ], [ -0.6502066, 51.1870391 ], [ -0.650036, 51.1869458 ] ] ] } },
{ "type": "Feature", "properties": { "stop_id": "osm-way-1279297091", "name": "Delph Service Station" }, "geometry": { "type": "Polygon", "coordinates": [ [ [ -0.128227, 52.5618195 ], [ -0.1278462, 52.5620094 ], [ -0.1277481, 52.5620915 ], [ -0.1276571, 52.5622002 ], [ -0.1276609, 52.5625027 ], [ -0.1278853, 52.562443 ], [ -0.1283565, 52.5624788 ], [ -0.128309, 52.5622095 ], [ -0.128282, 52.5618358 ], [ -0.128227, 52.5618195 ] ] ] } },
{ "type": "Feature", "properties": { "stop_id": "osm-way-1280716248", "name": "Welford Truck Stop" }, "geometry": { "type": "Polygon", "coordinates": [ [ [ -1.0337558, 52.3990144 ], [ -1.0327946, 52.3982662 ], [ -1.0314081, 52.3985707 ], [ -1.0316422, 52.399225 ], [ -1.0322276, 52.39971 ], [ -1.0325419, 52.399725 ], [ -1.0337558, 52.3990144 ] ] ] } },
{ "type": "Feature", "properties": { "stop_id": "osm-way-1282238904", "name": null }, "geometry": { "type": "Polygon", "coordinates": [ [ [ -1.1749041, 54.2327236 ], [ -1.1748907, 54.2326531 ], [ -1.1744428, 54.2323521 ], [ -1.1738339, 54.2320495 ], [ -1.1734879, 54.231888 ], [ -1.1734933, 54.2320118 ], [ -1.1739814, 54.2322784 ], [ -1.1744642, 54.2325276 ], [ -1.1749041, 54.2327236 ] ] ] } },
{ "type": "Feature", "properties": { "stop_id": "osm-way-1283385560", "name": null }, "geometry": { "type": "Polygon", "coordinates": [ [ [ -3.2785942, 51.3961365 ], [ -3.2782423, 51.3961645 ], [ -3.2779557, 51.39618 ], [ -3.2778981, 51.3961883 ], [ -3.2778058, 51.3962066 ], [ -3.2777366, 51.3962221 ], [ -3.2776869, 51.3962414 ], [ -3.2777211, 51.3962408 ], [ -3.2777453, 51.3962448 ], [ -3.277763, 51.3962539 ], [ -3.2777712, 51.3962633 ], [ -3.277828, 51.3963855 ], [ -3.2778374, 51.3963957 ], [ -3.2778528, 51.3964032 ], [ -3.2778709, 51.3964072 ], [ -3.2778913, 51.3964099 ], [ -3.2779141, 51.3964091 ], [ -3.2779198, 51.3964432 ], [ -3.2779749, 51.3964415 ], [ -3.2779722, 51.3964212 ], [ -3.2780235, 51.3964185 ], [ -3.2780218, 51.3964033 ], [ -3.2783874, 51.3963844 ], [ -3.2783858, 51.3963706 ], [ -3.2785099, 51.3963649 ], [ -3.2785029, 51.3963141 ], [ -3.2785117, 51.3963135 ], [ -3.2785007, 51.396244 ], [ -3.2784814, 51.396245 ], [ -3.2784813, 51.3962392 ], [ -3.2784204, 51.3962409 ], [ -3.2784132, 51.3962386 ], [ -3.2784101, 51.3962339 ], [ -3.2784094, 51.3962277 ], [ -3.2784511, 51.396184 ], [ -3.278471, 51.3961657 ], [ -3.2784918, 51.3961547 ], [ -3.2785155, 51.3961462 ], [ -3.2785942, 51.3961365 ] ] ] } },
{ "type": "Feature", "properties": { "stop_id": "osm-way-1284642040", "name": null }, "geometry": { "type": "Polygon", "coordinates": [ [ [ -3.2714834, 51.4016998 ], [ -3.2716098, 51.4016847 ], [ -3.271631, 51.4017356 ], [ -3.2716429, 51.4017425 ], [ -3.2716565, 51.4017425 ], [ -3.2718707, 51.4017123 ], [ -3.2718778, 51.4017068 ], [ -3.2718779, 51.4016997 ], [ -3.2718757, 51.401693 ], [ -3.2718671, 51.401688 ], [ -3.2719628, 51.4016746 ], [ -3.2719651, 51.4016876 ], [ -3.2719777, 51.40176 ], [ -3.2719726, 51.4017791 ], [ -3.2719607, 51.4017923 ], [ -3.2719344, 51.4018035 ], [ -3.2716106, 51.4018501 ], [ -3.2716672, 51.402013 ], [ -3.2716792, 51.4020114 ], [ -3.2717099, 51.4021023 ], [ -3.2716977, 51.4021039 ], [ -3.2717117, 51.402147 ], [ -3.27171, 51.4021799 ], [ -3.271693, 51.4022117 ], [ -3.2716539, 51.4022393 ], [ -3.2716191, 51.4022567 ], [ -3.2714202, 51.402288 ], [ -3.271195, 51.4021984 ], [ -3.2711747, 51.4021778 ], [ -3.2711653, 51.4021629 ], [ -3.271133, 51.4020776 ], [ -3.271082, 51.4019058 ], [ -3.2710905, 51.4018734 ], [ -3.2711182, 51.4018311 ], [ -3.2711453, 51.4018014 ], [ -3.2711768, 51.4017733 ], [ -3.2712187, 51.4017504 ], [ -3.2712457, 51.4017383 ], [ -3.271294, 51.4017271 ], [ -3.271343, 51.4017195 ], [ -3.2714834, 51.4016998 ] ] ] } },
{ "type": "Feature", "properties": { "stop_id": "osm-way-1287862404", "name": null }, "geometry": { "type": "Polygon", "coordinates": [ [ [ -3.2264629, 51.4845683 ], [ -3.2258091, 51.4844035 ], [ -3.2256405, 51.4843597 ], [ -3.2257815, 51.4844948 ], [ -3.2258877, 51.4845964 ], [ -3.2261957, 51.4846738 ], [ -3.2262056, 51.4846668 ], [ -3.226426, 51.4846719 ], [ -3.226453, 51.4846703 ], [ -3.2265219, 51.4846515 ], [ -3.2266497, 51.4846157 ], [ -3.2264629, 51.4845683 ] ] ] } },
{ "type": "Feature", "properties": { "stop_id": "osm-way-1288201416", "name": "Chippenham Pit Stop" }, "geometry": { "type": "Polygon", "coordinates": [ [ [ -2.1100712, 51.5139879 ], [ -2.1099776, 51.5140028 ], [ -2.1097974, 51.5140208 ], [ -2.1091912, 51.5136322 ], [ -2.1087492, 51.5134099 ], [ -2.1076474, 51.5129459 ], [ -2.1076581, 51.5127382 ], [ -2.1080448, 51.5127133 ], [ -2.109697, 51.5126068 ], [ -2.1097261, 51.5127307 ], [ -2.1097825, 51.5129716 ], [ -2.1108297, 51.5129746 ], [ -2.1109218, 51.5134226 ], [ -2.1098867, 51.5135225 ], [ -2.1100712, 51.5139879 ] ] ] } },
{ "type": "Feature", "properties": { "stop_id": "osm-way-1298885700", "name": null }, "geometry": { "type": "Polygon", "coordinates": [ [ [ -3.1779503, 51.4207922 ], [ -3.1781376, 51.4209059 ], [ -3.178397, 51.4210645 ], [ -3.1786876, 51.420784 ], [ -3.1781816, 51.4204513 ], [ -3.1780725, 51.4206181 ], [ -3.178004, 51.4207188 ], [ -3.1779503, 51.4207922 ] ] ] } },
{ "type": "Feature", "properties": { "stop_id": "osm-way-1299084241", "name": null }, "geometry": { "type": "Polygon", "coordinates": [ [ [ -3.5530962, 55.0685466 ], [ -3.5529692, 55.0680515 ], [ -3.5528074, 55.0679076 ], [ -3.5528095, 55.0677845 ], [ -3.5542018, 55.0678028 ], [ -3.5541678, 55.0681405 ], [ -3.5550632, 55.0681461 ], [ -3.5551995, 55.068566 ], [ -3.5543564, 55.0685514 ], [ -3.5530962, 55.0685466 ] ] ] } },
{ "type": "Feature", "properties": { "stop_id": "osm-way-1299117068", "name": null }, "geometry": { "type": "Polygon", "coordinates": [ [ [ -0.7819842, 53.0965824 ], [ -0.7830099, 53.0960065 ], [ -0.7834723, 53.0957469 ], [ -0.783968, 53.0960826 ], [ -0.7834507, 53.0963706 ], [ -0.7824905, 53.0969052 ], [ -0.7820123, 53.0965995 ], [ -0.7819842, 53.0965824 ] ] ] } },
{ "type": "Feature", "properties": { "stop_id": "osm-way-1299337644", "name": null }, "geometry": { "type": "Polygon", "coordinates": [ [ [ -2.3495409, 54.4813826 ], [ -2.3496084, 54.4814497 ], [ -2.3495038, 54.4816008 ], [ -2.3493572, 54.4816417 ], [ -2.3495409, 54.4813826 ] ] ] } },
{ "type": "Feature", "properties": { "stop_id": "osm-way-1300748552", "name": null }, "geometry": { "type": "Polygon", "coordinates": [ [ [ -2.3032072, 54.5258905 ], [ -2.3030345, 54.5260239 ], [ -2.3027529, 54.5261453 ], [ -2.302144, 54.5263796 ], [ -2.3015017, 54.5265191 ], [ -2.3032072, 54.5258905 ] ] ] } },
{ "type": "Feature", "properties": { "stop_id": "osm-way-1303162549", "name": "Moto Southwaite Southbound Services" }, "geometry": { "type": "Polygon", "coordinates": [ [ [ -2.8699041, 54.7959034 ], [ -2.8695372, 54.7959906 ], [ -2.8692897, 54.7960494 ], [ -2.8690855, 54.796098 ], [ -2.869343, 54.7969392 ], [ -2.8682916, 54.7975082 ], [ -2.8677337, 54.7980525 ], [ -2.8677551, 54.7990667 ], [ -2.8681414, 54.8001552 ], [ -2.8687545, 54.8006791 ], [ -2.869343, 54.8009221 ], [ -2.8704373, 54.8012066 ], [ -2.8707807, 54.8015776 ], [ -2.8710333, 54.8015475 ], [ -2.871496, 54.8014923 ], [ -2.870881, 54.7984121 ], [ -2.8699041, 54.7959034 ] ] ] } },
{ "type": "Feature", "properties": { "stop_id": "osm-way-1303490745", "name": "Moto Birch Services" }, "geometry": { "type": "Polygon", "coordinates": [ [ [ -2.2343458, 53.5665224 ], [ -2.2339279, 53.5664028 ], [ -2.2334042, 53.5664084 ], [ -2.2329834, 53.5664546 ], [ -2.2325388, 53.5663828 ], [ -2.2322701, 53.5662387 ], [ -2.2313045, 53.5663916 ], [ -2.2303818, 53.5664681 ], [ -2.2296925, 53.5663196 ], [ -2.2283648, 53.5670542 ], [ -2.2283719, 53.5671348 ], [ -2.2284422, 53.567938 ], [ -2.2283443, 53.5683328 ], [ -2.2281274, 53.56855 ], [ -2.22776, 53.5687208 ], [ -2.2280949, 53.5691038 ], [ -2.2312493, 53.5678817 ], [ -2.2343458, 53.5665224 ] ] ] } },
{ "type": "Feature", "properties": { "stop_id": "osm-way-1303496668", "name": "Moto Winchester Services" }, "geometry": { "type": "Polygon", "coordinates": [ [ [ -1.2533032, 51.1193052 ], [ -1.2534385, 51.1185419 ], [ -1.253451, 51.1183517 ], [ -1.2535266, 51.1180993 ], [ -1.2535476, 51.117988 ], [ -1.2535473, 51.1175966 ], [ -1.2534655, 51.1170923 ], [ -1.2534375, 51.1170486 ], [ -1.2530796, 51.1163918 ], [ -1.2529211, 51.1159952 ], [ -1.2528931, 51.1157049 ], [ -1.2530422, 51.1148689 ], [ -1.2529912, 51.114613 ], [ -1.2557577, 51.1147031 ], [ -1.2562047, 51.1147202 ], [ -1.2554144, 51.1155702 ], [ -1.2549209, 51.1164659 ], [ -1.2547678, 51.1167806 ], [ -1.2541265, 51.1178401 ], [ -1.2533032, 51.1193052 ] ] ] } },
{ "type": "Feature", "properties": { "stop_id": "osm-way-1303497410", "name": null }, "geometry": { "type": "Polygon", "coordinates": [ [ [ -0.9662887, 53.2728532 ], [ -0.9663933, 53.2726485 ], [ -0.9660339, 53.2725835 ], [ -0.9660562, 53.2725455 ], [ -0.9656936, 53.2725201 ], [ -0.9656911, 53.2724659 ], [ -0.9654695, 53.272491 ], [ -0.9654677, 53.2725042 ], [ -0.9654447, 53.2726764 ], [ -0.9656319, 53.272718 ], [ -0.9662887, 53.2728532 ] ] ] } },
{ "type": "Feature", "properties": { "stop_id": "osm-way-1303499822", "name": null }, "geometry": { "type": "Polygon", "coordinates": [ [ [ -0.8056886, 53.1548666 ], [ -0.8062147, 53.1546917 ], [ -0.8062176, 53.1544826 ], [ -0.8061297, 53.1544817 ], [ -0.8061297, 53.1543209 ], [ -0.8060403, 53.1543147 ], [ -0.8057545, 53.1535826 ], [ -0.8056842, 53.154247 ], [ -0.8056886, 53.1548666 ] ] ] } },
{ "type": "Feature", "properties": { "stop_id": "osm-way-1303534402", "name": "Foston Service Station" }, "geometry": { "type": "Polygon", "coordinates": [ [ [ -0.7246381, 52.9725039 ], [ -0.724736, 52.9720326 ], [ -0.7246972, 52.9719479 ], [ -0.7245729, 52.9718239 ], [ -0.7244078, 52.9717699 ], [ -0.7240409, 52.9716631 ], [ -0.7239736, 52.9717392 ], [ -0.7240266, 52.9719295 ], [ -0.7231114, 52.9716103 ], [ -0.7228831, 52.9719466 ], [ -0.7246381, 52.9725039 ] ] ] } },
{ "type": "Feature", "properties": { "stop_id": "osm-way-1303632357", "name": "Peterborough Services" }, "geometry": { "type": "Polygon", "coordinates": [ [ [ -0.3199291, 52.5330384 ], [ -0.3187521, 52.5324459 ], [ -0.3174257, 52.5309958 ], [ -0.3215706, 52.5297944 ], [ -0.3220448, 52.5298005 ], [ -0.3221977, 52.5302133 ], [ -0.3223624, 52.5304548 ], [ -0.3250913, 52.5298145 ], [ -0.3254736, 52.5304251 ], [ -0.3226297, 52.5319226 ], [ -0.3199291, 52.5330384 ] ] ] } },
{ "type": "Feature", "properties": { "stop_id": "osm-way-1304464316", "name": null }, "geometry": { "type": "Polygon", "coordinates": [ [ [ -1.8294831, 53.7399531 ], [ -1.82929, 53.7399023 ], [ -1.8292149, 53.7399737 ], [ -1.8290057, 53.7399452 ], [ -1.8289226, 53.7401768 ], [ -1.8290942, 53.7402085 ], [ -1.829036, 53.7403962 ], [ -1.829203, 53.7403742 ], [ -1.8292504, 53.7403774 ], [ -1.8293294, 53.7403828 ], [ -1.8294831, 53.7399531 ] ] ] } },
{ "type": "Feature", "properties": { "stop_id": "osm-way-1304819012", "name": "Whitfield Services" }, "geometry": { "type": "Polygon", "coordinates": [ [ [ 1.330839, 51.1437137 ], [ 1.3310243, 51.1438468 ], [ 1.331094, 51.1439919 ], [ 1.331094, 51.1441926 ], [ 1.3310385, 51.1443635 ], [ 1.3308707, 51.1445354 ], [ 1.3303147, 51.1449497 ], [ 1.3301516, 51.1450421 ], [ 1.3291189, 51.1457158 ], [ 1.3283603, 51.1462067 ], [ 1.3282193, 51.1462732 ], [ 1.327882, 51.1460874 ], [ 1.328647, 51.1454664 ], [ 1.329385, 51.1448583 ], [ 1.330839, 51.1437137 ] ] ] } },
{ "type": "Feature", "properties": { "stop_id": "osm-way-1305144242", "name": null }, "geometry": { "type": "Polygon", "coordinates": [ [ [ -3.1945369, 51.5381053 ], [ -3.1945272, 51.5381125 ], [ -3.1945272, 51.5381234 ], [ -3.194631, 51.5382384 ], [ -3.1946708, 51.5382951 ], [ -3.1946802, 51.5383168 ], [ -3.1946867, 51.5383418 ], [ -3.1948334, 51.538408 ], [ -3.1948565, 51.5383941 ], [ -3.1948925, 51.5384043 ], [ -3.1950147, 51.5383242 ], [ -3.1950568, 51.538293 ], [ -3.1951036, 51.5382517 ], [ -3.1951341, 51.538217 ], [ -3.1951403, 51.5382059 ], [ -3.1951516, 51.5381859 ], [ -3.1951613, 51.5381533 ], [ -3.1951574, 51.5381241 ], [ -3.1951568, 51.5381198 ], [ -3.1951458, 51.5380879 ], [ -3.1951224, 51.5380508 ], [ -3.1950479, 51.5379448 ], [ -3.1950143, 51.537943 ], [ -3.1949791, 51.5379411 ], [ -3.1946094, 51.5380784 ], [ -3.1945369, 51.5381053 ] ] ] } },
{ "type": "Feature", "properties": { "stop_id": "osm-way-1305216268", "name": "Crossways" }, "geometry": { "type": "Polygon", "coordinates": [ [ [ -3.0585003, 54.9953277 ], [ -3.0585388, 54.9952015 ], [ -3.0582654, 54.9949149 ], [ -3.0581515, 54.9946921 ], [ -3.057598, 54.9948117 ], [ -3.0571429, 54.9949161 ], [ -3.0578229, 54.9951387 ], [ -3.058074, 54.9952372 ], [ -3.0583623, 54.995312 ], [ -3.0585003, 54.9953277 ] ] ] } },
{ "type": "Feature", "properties": { "stop_id": "osm-way-1305235367", "name": "The 'fechan Truckstop" }, "geometry": { "type": "Polygon", "coordinates": [ [ [ -3.2787934, 55.0655655 ], [ -3.2784464, 55.0659336 ], [ -3.2801297, 55.066363 ], [ -3.2808343, 55.0664924 ], [ -3.2810768, 55.0664401 ], [ -3.2811596, 55.0663364 ], [ -3.2790794, 55.0656355 ], [ -3.2787934, 55.0655655 ] ] ] } },
{ "type": "Feature", "properties": { "stop_id": "osm-way-1305971951", "name": null }, "geometry": { "type": "Polygon", "coordinates": [ [ [ -0.2019783, 51.0509639 ], [ -0.2017314, 51.0510879 ], [ -0.2017249, 51.0510816 ], [ -0.2016922, 51.0509465 ], [ -0.201654, 51.0507884 ], [ -0.2016043, 51.050583 ], [ -0.2015754, 51.0504636 ], [ -0.2015643, 51.0504181 ], [ -0.2015599, 51.0503916 ], [ -0.2015579, 51.0503637 ], [ -0.2015577, 51.0503325 ], [ -0.201557, 51.0502319 ], [ -0.201658, 51.0502369 ], [ -0.2016571, 51.0503109 ], [ -0.2016606, 51.0503359 ], [ -0.2016677, 51.0503581 ], [ -0.2016845, 51.0503943 ], [ -0.2016987, 51.0504204 ], [ -0.2017137, 51.050441 ], [ -0.2017297, 51.0504627 ], [ -0.2017491, 51.0504844 ], [ -0.2017686, 51.0505027 ], [ -0.2017827, 51.0504972 ], [ -0.20195, 51.0506357 ], [ -0.2021853, 51.0508242 ], [ -0.2022075, 51.0508448 ], [ -0.2021922, 51.0508525 ], [ -0.2020243, 51.0509372 ], [ -0.2019703, 51.0508938 ], [ -0.2019217, 51.0509194 ], [ -0.2019783, 51.0509639 ] ] ] } },
{ "type": "Feature", "properties": { "stop_id": "osm-way-1306023394", "name": "The Buck Services" }, "geometry": { "type": "Polygon", "coordinates": [ [ [ -1.4125148, 51.1887852 ], [ -1.4123795, 51.1888571 ], [ -1.4124913, 51.1889586 ], [ -1.412285, 51.1892316 ], [ -1.4118555, 51.1890376 ], [ -1.411065, 51.1886979 ], [ -1.4109502, 51.1881909 ], [ -1.4111973, 51.1881748 ], [ -1.4124446, 51.1887077 ], [ -1.4125148, 51.1887852 ] ] ] } },
{ "type": "Feature", "properties": { "stop_id": "osm-way-1307003095", "name": null }, "geometry": { "type": "Polygon", "coordinates": [ [ [ -1.2354377, 53.6734501 ], [ -1.2353553, 53.6734541 ], [ -1.2353701, 53.6735614 ], [ -1.2349536, 53.6735815 ], [ -1.2349338, 53.6734374 ], [ -1.2353158, 53.673419 ], [ -1.2353068, 53.6733537 ], [ -1.2354236, 53.673348 ], [ -1.2354335, 53.6734199 ], [ -1.2354377, 53.6734501 ] ] ] } },
{ "type": "Feature", "properties": { "stop_id": "osm-way-1307158990", "name": null }, "geometry": { "type": "Polygon", "coordinates": [ [ [ -0.4340183, 51.8670146 ], [ -0.4336756, 51.8668051 ], [ -0.4336048, 51.8668414 ], [ -0.4334403, 51.8669256 ], [ -0.4334148, 51.8669525 ], [ -0.4334054, 51.866974 ], [ -0.4334141, 51.867003 ], [ -0.433441, 51.8670262 ], [ -0.4334902, 51.8670585 ], [ -0.4336542, 51.8671665 ], [ -0.4337025, 51.8671732 ], [ -0.4337507, 51.8671703 ], [ -0.4337863, 51.8671591 ], [ -0.4340183, 51.8670146 ] ] ] } },
{ "type": "Feature", "properties": { "stop_id": "osm-way-1307203392", "name": "Hare Bushes Service Station" }, "geometry": { "type": "Polygon", "coordinates": [ [ [ -1.9485984, 51.7249009 ], [ -1.9488199, 51.7250946 ], [ -1.9488647, 51.7251573 ], [ -1.9489007, 51.7252301 ], [ -1.9489283, 51.7253704 ], [ -1.9489451, 51.7254557 ], [ -1.9489264, 51.7255497 ], [ -1.948859, 51.7257736 ], [ -1.9480742, 51.7256338 ], [ -1.9479505, 51.7256744 ], [ -1.9477022, 51.7256381 ], [ -1.9475931, 51.7256177 ], [ -1.9475577, 51.7256086 ], [ -1.9475277, 51.7255946 ], [ -1.9474968, 51.7255707 ], [ -1.947474, 51.7255469 ], [ -1.9469463, 51.7245821 ], [ -1.9469396, 51.7245517 ], [ -1.9469463, 51.7245214 ], [ -1.946979, 51.7244679 ], [ -1.9470467, 51.7244259 ], [ -1.9471121, 51.7243869 ], [ -1.9471417, 51.7243812 ], [ -1.9471176, 51.7243081 ], [ -1.9473227, 51.7243059 ], [ -1.9473419, 51.7243555 ], [ -1.9473704, 51.7243983 ], [ -1.9474214, 51.7244478 ], [ -1.947461, 51.7244707 ], [ -1.9475147, 51.7244915 ], [ -1.9479253, 51.7246136 ], [ -1.948309, 51.7247775 ], [ -1.9485984, 51.7249009 ] ] ] } },
{ "type": "Feature", "properties": { "stop_id": "osm-way-1307305829", "name": "Centurion Services" }, "geometry": { "type": "Polygon", "coordinates": [ [ [ -2.0370497, 51.7828329 ], [ -2.037568, 51.7832643 ], [ -2.0375464, 51.7832744 ], [ -2.0372533, 51.7834115 ], [ -2.0372104, 51.7833758 ], [ -2.0371325, 51.7833746 ], [ -2.0370577, 51.7833748 ], [ -2.0370293, 51.7833858 ], [ -2.0369633, 51.7834192 ], [ -2.0369102, 51.7833899 ], [ -2.0366966, 51.7831972 ], [ -2.0363943, 51.7829162 ], [ -2.0362827, 51.7828119 ], [ -2.0363657, 51.7827827 ], [ -2.0364662, 51.7828044 ], [ -2.0365414, 51.7828142 ], [ -2.0366207, 51.7828175 ], [ -2.036685, 51.7828263 ], [ -2.0367388, 51.7828397 ], [ -2.0367844, 51.7828559 ], [ -2.0368382, 51.7828895 ], [ -2.036866, 51.7829132 ], [ -2.0368819, 51.7829061 ], [ -2.0368913, 51.782902 ], [ -2.0369914, 51.7828582 ], [ -2.0370258, 51.7828432 ], [ -2.0370497, 51.7828329 ] ] ] } },
{ "type": "Feature", "properties": { "stop_id": "osm-way-1307592210", "name": null }, "geometry": { "type": "Polygon", "coordinates": [ [ [ -4.3355844, 55.8031826 ], [ -4.3354345, 55.8033072 ], [ -4.3352929, 55.8032534 ], [ -4.3354446, 55.8031319 ], [ -4.3355844, 55.8031826 ] ] ] } },
{ "type": "Feature", "properties": { "stop_id": "osm-way-1307598679", "name": null }, "geometry": { "type": "Polygon", "coordinates": [ [ [ -1.5075197, 53.6975297 ], [ -1.5074061, 53.6975236 ], [ -1.5073939, 53.6976612 ], [ -1.5068277, 53.6976437 ], [ -1.5068169, 53.6976408 ], [ -1.5064307, 53.6976247 ], [ -1.5064247, 53.6976753 ], [ -1.5062599, 53.6976685 ], [ -1.5062658, 53.6976193 ], [ -1.5060519, 53.6976104 ], [ -1.5060432, 53.6979013 ], [ -1.5064171, 53.697916 ], [ -1.5065701, 53.6978427 ], [ -1.50658, 53.6978841 ], [ -1.5074345, 53.6977942 ], [ -1.5074483, 53.6977244 ], [ -1.5074904, 53.6976957 ], [ -1.5075066, 53.6976719 ], [ -1.5075169, 53.6976437 ], [ -1.5075197, 53.6975297 ] ] ] } },
{ "type": "Feature", "properties": { "stop_id": "osm-way-1307865606", "name": null }, "geometry": { "type": "Polygon", "coordinates": [ [ [ -3.2149359, 51.5172028 ], [ -3.2155608, 51.5171051 ], [ -3.2155931, 51.5171003 ], [ -3.2160681, 51.5170302 ], [ -3.2160921, 51.5170272 ], [ -3.2161941, 51.5170143 ], [ -3.2162487, 51.5170028 ], [ -3.2162841, 51.5169894 ], [ -3.2163127, 51.5169643 ], [ -3.2163221, 51.5169364 ], [ -3.2163225, 51.5169135 ], [ -3.2163128, 51.5168938 ], [ -3.2162991, 51.5168836 ], [ -3.216245, 51.5168588 ], [ -3.2161838, 51.5168306 ], [ -3.2161034, 51.5167908 ], [ -3.2159605, 51.51672 ], [ -3.2159356, 51.5167204 ], [ -3.2158206, 51.5167406 ], [ -3.2158316, 51.5167692 ], [ -3.2157588, 51.5167788 ], [ -3.2157659, 51.5168008 ], [ -3.2148679, 51.5169264 ], [ -3.2149223, 51.5170827 ], [ -3.2148932, 51.5170866 ], [ -3.2149359, 51.5172028 ] ] ] } },
{ "type": "Feature", "properties": { "stop_id": "osm-way-1308715153", "name": "Hexham Service Station" }, "geometry": { "type": "Polygon", "coordinates": [ [ [ -2.0915015, 54.9786314 ], [ -2.0915263, 54.9786051 ], [ -2.0918635, 54.978608 ], [ -2.0927554, 54.9786105 ], [ -2.0927123, 54.979209 ], [ -2.0927485, 54.9793257 ], [ -2.0918419, 54.9794167 ], [ -2.0917085, 54.979092 ], [ -2.0915015, 54.9786314 ] ] ] } },
{ "type": "Feature", "properties": { "stop_id": "osm-way-1312040341", "name": null }, "geometry": { "type": "Polygon", "coordinates": [ [ [ -2.1105921, 53.5433114 ], [ -2.1106102, 53.5433186 ], [ -2.1106366, 53.5433236 ], [ -2.1106651, 53.5433242 ], [ -2.1106876, 53.5433227 ], [ -2.1107003, 53.5433218 ], [ -2.1107191, 53.543323 ], [ -2.1107345, 53.5433258 ], [ -2.1107493, 53.5433308 ], [ -2.110764, 53.5433393 ], [ -2.1107728, 53.5433451 ], [ -2.1107811, 53.5433465 ], [ -2.1107905, 53.5433475 ], [ -2.1107989, 53.5433463 ], [ -2.1108063, 53.5433445 ], [ -2.110811, 53.5433411 ], [ -2.110815, 53.5433335 ], [ -2.1108257, 53.5433347 ], [ -2.1108271, 53.5433224 ], [ -2.1108402, 53.5433236 ], [ -2.1108452, 53.543277 ], [ -2.1108452, 53.5432606 ], [ -2.1108378, 53.5432469 ], [ -2.1108197, 53.5432307 ], [ -2.110809, 53.5432343 ], [ -2.1108003, 53.5432248 ], [ -2.1107909, 53.5432291 ], [ -2.1107661, 53.5432088 ], [ -2.1106625, 53.5432194 ], [ -2.1106544, 53.5432226 ], [ -2.1106441, 53.5432328 ], [ -2.1105921, 53.5433114 ] ] ] } },
{ "type": "Feature", "properties": { "stop_id": "osm-way-1317102620", "name": null }, "geometry": { "type": "Polygon", "coordinates": [ [ [ -1.9417872, 54.8719752 ], [ -1.9420226, 54.872115 ], [ -1.9424987, 54.8725818 ], [ -1.9425434, 54.872743 ], [ -1.9420948, 54.8722752 ], [ -1.9417872, 54.8719752 ] ] ] } },
{ "type": "Feature", "properties": { "stop_id": "osm-way-1322638845", "name": null }, "geometry": { "type": "Polygon", "coordinates": [ [ [ -3.9576396, 50.7387043 ], [ -3.9558506, 50.7382341 ], [ -3.9555234, 50.7387637 ], [ -3.9565748, 50.7389199 ], [ -3.956896, 50.7389666 ], [ -3.9572306, 50.7389505 ], [ -3.9573741, 50.7389165 ], [ -3.9576396, 50.7387043 ] ] ] } },
{ "type": "Feature", "properties": { "stop_id": "osm-way-1322639607", "name": null }, "geometry": { "type": "Polygon", "coordinates": [ [ [ -3.8521323, 50.7190301 ], [ -3.8517755, 50.7191048 ], [ -3.8515475, 50.719407 ], [ -3.8507026, 50.7197093 ], [ -3.850075, 50.7198706 ], [ -3.8497236, 50.7204497 ], [ -3.8504559, 50.7206739 ], [ -3.8525775, 50.7199233 ], [ -3.8521323, 50.7190301 ] ] ] } },
{ "type": "Feature", "properties": { "stop_id": "osm-way-1324264889", "name": null }, "geometry": { "type": "Polygon", "coordinates": [ [ [ -0.415216, 51.6315506 ], [ -0.4152107, 51.6314813 ], [ -0.415216, 51.6314193 ], [ -0.415328, 51.6314209 ], [ -0.4154261, 51.6314033 ], [ -0.4160187, 51.6313437 ], [ -0.4162563, 51.6318344 ], [ -0.4156405, 51.6318846 ], [ -0.4154805, 51.6318923 ], [ -0.4154735, 51.6319187 ], [ -0.4154591, 51.6319287 ], [ -0.4154326, 51.6319389 ], [ -0.4154004, 51.6319402 ], [ -0.4153756, 51.6319343 ], [ -0.4153562, 51.6319262 ], [ -0.4153448, 51.6319264 ], [ -0.4153293, 51.6319223 ], [ -0.4153089, 51.6319083 ], [ -0.4152958, 51.6318888 ], [ -0.4152482, 51.631704 ], [ -0.4152465, 51.6316929 ], [ -0.415216, 51.6315506 ] ] ] } },
{ "type": "Feature", "properties": { "stop_id": "osm-way-1325487619", "name": "RoadChef Sutton Scotney Services Northbound" }, "geometry": { "type": "Polygon", "coordinates": [ [ [ -1.3441123, 51.1593137 ], [ -1.3441592, 51.1593168 ], [ -1.3443371, 51.1593271 ], [ -1.3458531, 51.1594152 ], [ -1.3476327, 51.1594463 ], [ -1.3479439, 51.1574984 ], [ -1.348079, 51.1563784 ], [ -1.3481424, 51.1558532 ], [ -1.3481262, 51.1555571 ], [ -1.3492715, 51.1551769 ], [ -1.350113, 51.1547945 ], [ -1.3502344, 51.1547394 ], [ -1.3501888, 51.1546499 ], [ -1.3501151, 51.1545342 ], [ -1.348719, 51.1531311 ], [ -1.3478151, 51.1534239 ], [ -1.3468656, 51.1529864 ], [ -1.3463438, 51.1548896 ], [ -1.3441123, 51.1593137 ] ] ] } },
{ "type": "Feature", "properties": { "stop_id": "osm-way-1325489127", "name": "Tibshelf Services Southbound" }, "geometry": { "type": "Polygon", "coordinates": [ [ [ -1.330459, 53.13929 ], [ -1.3291956, 53.1399997 ], [ -1.3285411, 53.1404309 ], [ -1.3275862, 53.1401348 ], [ -1.3274468, 53.1398581 ], [ -1.3267858, 53.1393524 ], [ -1.3259931, 53.1387863 ], [ -1.3268903, 53.1384177 ], [ -1.3272189, 53.1380865 ], [ -1.3279699, 53.1373528 ], [ -1.3288175, 53.1370052 ], [ -1.3296865, 53.1366126 ], [ -1.3301517, 53.1364405 ], [ -1.330459, 53.13929 ] ] ] } },
{ "type": "Feature", "properties": { "stop_id": "osm-way-1325490908", "name": "Rownhams Services" }, "geometry": { "type": "Polygon", "coordinates": [ [ [ -1.4517676, 50.9569286 ], [ -1.4513969, 50.9571766 ], [ -1.4509844, 50.9583472 ], [ -1.449778, 50.9586572 ], [ -1.4496417, 50.9586922 ], [ -1.4483636, 50.9589412 ], [ -1.4474366, 50.9589109 ], [ -1.4474028, 50.9588748 ], [ -1.4473975, 50.9588514 ], [ -1.4473618, 50.9586942 ], [ -1.4463588, 50.9588887 ], [ -1.4462747, 50.958905 ], [ -1.4459445, 50.958709 ], [ -1.4458072, 50.95867 ], [ -1.4456673, 50.9586454 ], [ -1.4453598, 50.9586168 ], [ -1.4453325, 50.9584487 ], [ -1.4470625, 50.9581395 ], [ -1.4492807, 50.9576259 ], [ -1.4517676, 50.9569286 ] ] ] } },
{ "type": "Feature", "properties": { "stop_id": "osm-way-1325498601", "name": "RoadChef Clacket Lane Services" }, "geometry": { "type": "Polygon", "coordinates": [ [ [ 0.0408706, 51.2723827 ], [ 0.0408943, 51.2719481 ], [ 0.0409071, 51.2718452 ], [ 0.0409448, 51.2716829 ], [ 0.0410123, 51.2714893 ], [ 0.0410423, 51.271418 ], [ 0.0410781, 51.2713458 ], [ 0.0411253, 51.2712696 ], [ 0.0411832, 51.2711945 ], [ 0.0413599, 51.2710089 ], [ 0.0414541, 51.2708924 ], [ 0.0415103, 51.2708359 ], [ 0.0415955, 51.2707683 ], [ 0.0410025, 51.2704454 ], [ 0.0409545, 51.2704128 ], [ 0.0409075, 51.2703864 ], [ 0.0408483, 51.2703719 ], [ 0.0407231, 51.2703289 ], [ 0.0408098, 51.2700109 ], [ 0.0390363, 51.2698081 ], [ 0.0390141, 51.2698782 ], [ 0.0389717, 51.2700176 ], [ 0.0389222, 51.2701774 ], [ 0.0388824, 51.2703193 ], [ 0.0388181, 51.2704762 ], [ 0.0387901, 51.2705547 ], [ 0.0385069, 51.2710599 ], [ 0.0384702, 51.2711138 ], [ 0.0384271, 51.2711654 ], [ 0.0383028, 51.2712598 ], [ 0.0382424, 51.2712892 ], [ 0.0381417, 51.2713383 ], [ 0.0379834, 51.2713998 ], [ 0.0377963, 51.271443 ], [ 0.0368401, 51.2715464 ], [ 0.0365115, 51.2715993 ], [ 0.0361672, 51.2716625 ], [ 0.0358747, 51.2717353 ], [ 0.0355759, 51.2718151 ], [ 0.0355327, 51.2719494 ], [ 0.0403404, 51.2725649 ], [ 0.0408706, 51.2723827 ] ] ] } },
{ "type": "Feature", "properties": { "stop_id": "osm-way-1326180406", "name": "Ashford International Truckstop" }, "geometry": { "type": "Polygon", "coordinates": [ [ [ 0.9042636, 51.1256247 ], [ 0.9044362, 51.1253115 ], [ 0.9042636, 51.1252775 ], [ 0.9042486, 51.1253066 ], [ 0.9041714, 51.1252913 ], [ 0.9041467, 51.1253463 ], [ 0.9041897, 51.125355 ], [ 0.9041727, 51.1253763 ], [ 0.9036437, 51.1251591 ], [ 0.9038164, 51.1249978 ], [ 0.9037644, 51.1249733 ], [ 0.9039864, 51.1247725 ], [ 0.9043197, 51.1246777 ], [ 0.9045795, 51.1247152 ], [ 0.9059921, 51.1221766 ], [ 0.906251, 51.1223016 ], [ 0.9083282, 51.1227634 ], [ 0.9081397, 51.1231739 ], [ 0.9064267, 51.1262866 ], [ 0.9045158, 51.1258218 ], [ 0.9042636, 51.1256247 ] ] ] } },
{ "type": "Feature", "properties": { "stop_id": "osm-way-1326211051", "name": "Red Lion Truckstop" }, "geometry": { "type": "Polygon", "coordinates": [ [ [ -1.006246, 52.232014 ], [ -1.0065447, 52.2312002 ], [ -1.0033719, 52.2307653 ], [ -1.0034256, 52.2309743 ], [ -1.0036371, 52.2316115 ], [ -1.0037757, 52.2321139 ], [ -1.0051367, 52.2320019 ], [ -1.006246, 52.232014 ] ] ] } },
{ "type": "Feature", "properties": { "stop_id": "osm-way-1326213817", "name": "Junction 29" }, "geometry": { "type": "Polygon", "coordinates": [ [ [ -1.3475696, 53.1883806 ], [ -1.3470967, 53.1876132 ], [ -1.3501002, 53.1877093 ], [ -1.3489716, 53.1888869 ], [ -1.3486838, 53.1885481 ], [ -1.3489593, 53.1884237 ], [ -1.3475696, 53.1883806 ] ] ] } },
{ "type": "Feature", "properties": { "stop_id": "osm-way-1326215112", "name": "Avon Lodge" }, "geometry": { "type": "Polygon", "coordinates": [ [ [ -2.6890339, 51.5050987 ], [ -2.6892052, 51.5039419 ], [ -2.6902986, 51.5040112 ], [ -2.6904492, 51.5040671 ], [ -2.6903079, 51.5046003 ], [ -2.6905413, 51.5046376 ], [ -2.6903186, 51.5052493 ], [ -2.6890339, 51.5050987 ] ] ] } },
{ "type": "Feature", "properties": { "stop_id": "osm-way-1326215745", "name": "Onroute Truckstops - Swindon J15" }, "geometry": { "type": "Polygon", "coordinates": [ [ [ -1.7301484, 51.5767495 ], [ -1.7298266, 51.5768629 ], [ -1.7294711, 51.5768702 ], [ -1.728755, 51.5762578 ], [ -1.7293871, 51.5759693 ], [ -1.7297477, 51.5758603 ], [ -1.7297889, 51.5758427 ], [ -1.7300602, 51.5757269 ], [ -1.7302155, 51.5758599 ], [ -1.7309053, 51.5764507 ], [ -1.7304967, 51.5766297 ], [ -1.7301484, 51.5767495 ] ] ] } },
{ "type": "Feature", "properties": { "stop_id": "osm-way-1326216191", "name": "Ulceby Truckstop" }, "geometry": { "type": "Polygon", "coordinates": [ [ [ -0.2807037, 53.6240509 ], [ -0.2802063, 53.623712 ], [ -0.2813866, 53.6226456 ], [ -0.2828705, 53.6235096 ], [ -0.2807037, 53.6240509 ] ] ] } },
{ "type": "Feature", "properties": { "stop_id": "osm-way-1326227189", "name": null }, "geometry": { "type": "Polygon", "coordinates": [ [ [ 0.6259687, 52.2621654 ], [ 0.6258947, 52.2618799 ], [ 0.6227094, 52.2623958 ], [ 0.622777, 52.2627404 ], [ 0.6236135, 52.262642 ], [ 0.6250485, 52.2623781 ], [ 0.6259687, 52.2621654 ] ] ] } },
{ "type": "Feature", "properties": { "stop_id": "osm-way-1327039718", "name": null }, "geometry": { "type": "Polygon", "coordinates": [ [ [ -1.3817625, 54.9145865 ], [ -1.3816037, 54.9145885 ], [ -1.3816071, 54.9145363 ], [ -1.3810358, 54.9145318 ], [ -1.3810229, 54.9147671 ], [ -1.3810398, 54.9147698 ], [ -1.3811844, 54.9148059 ], [ -1.3812073, 54.9148489 ], [ -1.3817874, 54.9147297 ], [ -1.3817599, 54.9146466 ], [ -1.3817615, 54.9146099 ], [ -1.3817625, 54.9145865 ] ] ] } },
{ "type": "Feature", "properties": { "stop_id": "osm-way-1327598107", "name": null }, "geometry": { "type": "Polygon", "coordinates": [ [ [ -1.133692, 54.5334995 ], [ -1.1332467, 54.5335679 ], [ -1.1327666, 54.5336053 ], [ -1.1321658, 54.5336738 ], [ -1.1317125, 54.5337469 ], [ -1.1311868, 54.5338387 ], [ -1.1310285, 54.5338527 ], [ -1.1308837, 54.5338372 ], [ -1.1306986, 54.5337967 ], [ -1.1305243, 54.5337376 ], [ -1.1304089, 54.5336847 ], [ -1.1310768, 54.533652 ], [ -1.1320531, 54.5335742 ], [ -1.1329785, 54.5335135 ], [ -1.133295, 54.5334901 ], [ -1.133692, 54.5334995 ] ] ] } },
{ "type": "Feature", "properties": { "stop_id": "osm-way-1327620598", "name": null }, "geometry": { "type": "Polygon", "coordinates": [ [ [ -1.1127002, 54.5332972 ], [ -1.1121511, 54.5333096 ], [ -1.1116093, 54.5332754 ], [ -1.1112016, 54.533238 ], [ -1.1106893, 54.5331571 ], [ -1.1102709, 54.5330621 ], [ -1.1100968, 54.5329947 ], [ -1.1104189, 54.5330384 ], [ -1.1112533, 54.5331489 ], [ -1.1118369, 54.5332189 ], [ -1.1127002, 54.5332972 ] ] ] } },
{ "type": "Feature", "properties": { "stop_id": "osm-way-1328441991", "name": "The Stage Services" }, "geometry": { "type": "Polygon", "coordinates": [ [ [ -1.1100932, 52.594614 ], [ -1.1102766, 52.594814 ], [ -1.1105739, 52.5951418 ], [ -1.1106105, 52.5951755 ], [ -1.1106486, 52.5951928 ], [ -1.1106852, 52.595202 ], [ -1.1107442, 52.5952061 ], [ -1.1108179, 52.5952057 ], [ -1.1108732, 52.5952036 ], [ -1.1113859, 52.5952072 ], [ -1.1113863, 52.5952002 ], [ -1.111414, 52.594855 ], [ -1.1114134, 52.5948471 ], [ -1.1110486, 52.5948369 ], [ -1.1110702, 52.5945549 ], [ -1.1101531, 52.5945365 ], [ -1.1101232, 52.5945436 ], [ -1.1101003, 52.5945541 ], [ -1.1100881, 52.5945683 ], [ -1.1100815, 52.5945843 ], [ -1.1100835, 52.5946007 ], [ -1.1100932, 52.594614 ] ] ] } },
{ "type": "Feature", "properties": { "stop_id": "osm-way-1329194917", "name": "Formula Services" }, "geometry": { "type": "Polygon", "coordinates": [ [ [ -2.8756485, 53.2804472 ], [ -2.8759751, 53.2786818 ], [ -2.8731934, 53.2784978 ], [ -2.8729855, 53.2796211 ], [ -2.8724699, 53.279587 ], [ -2.8723511, 53.2802291 ], [ -2.8756485, 53.2804472 ] ] ] } },
{ "type": "Feature", "properties": { "stop_id": "osm-way-1329196417", "name": "The Trucker's Rest" }, "geometry": { "type": "Polygon", "coordinates": [ [ [ -2.0652258, 52.6823306 ], [ -2.0658052, 52.6812639 ], [ -2.0659339, 52.6806297 ], [ -2.0640323, 52.6800329 ], [ -2.0635521, 52.6802264 ], [ -2.064094, 52.6808817 ], [ -2.0641181, 52.681724 ], [ -2.0639733, 52.6821615 ], [ -2.0652258, 52.6823306 ] ] ] } },
{ "type": "Feature", "properties": { "stop_id": "osm-way-1340838691", "name": "Moto Washington Services Southbound" }, "geometry": { "type": "Polygon", "coordinates": [ [ [ -1.5586401, 54.8884715 ], [ -1.5584856, 54.8885083 ], [ -1.5574856, 54.8886227 ], [ -1.5571936, 54.8888001 ], [ -1.5571042, 54.8906924 ], [ -1.5582995, 54.8909137 ], [ -1.5584642, 54.8909798 ], [ -1.5585512, 54.8908199 ], [ -1.5585673, 54.8899128 ], [ -1.5585908, 54.8890262 ], [ -1.558625, 54.8886285 ], [ -1.5586401, 54.8884715 ] ] ] } },
{ "type": "Feature", "properties": { "stop_id": "osm-way-1341417402", "name": "Picket Post Services (Eastbound)" }, "geometry": { "type": "Polygon", "coordinates": [ [ [ -1.7311818, 50.8540924 ], [ -1.7310772, 50.8540987 ], [ -1.7309557, 50.8541153 ], [ -1.7305531, 50.8542877 ], [ -1.7304203, 50.854344 ], [ -1.7302051, 50.8544333 ], [ -1.7298923, 50.8545769 ], [ -1.7298817, 50.8547087 ], [ -1.7298872, 50.8547872 ], [ -1.7298992, 50.8548834 ], [ -1.7299759, 50.8548804 ], [ -1.7299797, 50.8549184 ], [ -1.7300667, 50.8549149 ], [ -1.730064, 50.8548882 ], [ -1.7301373, 50.8548853 ], [ -1.7307104, 50.854864 ], [ -1.7307753, 50.8548492 ], [ -1.7308082, 50.8548261 ], [ -1.7308117, 50.85476 ], [ -1.7307977, 50.8547145 ], [ -1.7307562, 50.8546658 ], [ -1.7306951, 50.8546105 ], [ -1.7308533, 50.854523 ], [ -1.7311083, 50.8544038 ], [ -1.7311514, 50.8543592 ], [ -1.7312109, 50.8543226 ], [ -1.7312402, 50.8542721 ], [ -1.7312432, 50.8542407 ], [ -1.7312632, 50.8542311 ], [ -1.7313053, 50.854216 ], [ -1.73132, 50.8541969 ], [ -1.731277, 50.8541011 ], [ -1.7312312, 50.854094 ], [ -1.7311818, 50.8540924 ] ] ] } },
{ "type": "Feature", "properties": { "stop_id": "osm-way-1344053678", "name": null }, "geometry": { "type": "Polygon", "coordinates": [ [ [ -1.883517, 52.4037105 ], [ -1.8835161, 52.4037734 ], [ -1.8838298, 52.4037759 ], [ -1.8838288, 52.4037132 ], [ -1.883517, 52.4037105 ] ] ] } },
{ "type": "Feature", "properties": { "stop_id": "osm-way-1344281875", "name": null }, "geometry": { "type": "Polygon", "coordinates": [ [ [ -3.4021213, 51.7565081 ], [ -3.4023044, 51.7565965 ], [ -3.4029561, 51.7568456 ], [ -3.4032847, 51.7569585 ], [ -3.4034269, 51.7570049 ], [ -3.4034034, 51.7570369 ], [ -3.4031083, 51.7569883 ], [ -3.4028199, 51.7568846 ], [ -3.402364, 51.7567164 ], [ -3.402149, 51.7565998 ], [ -3.402081, 51.7565629 ], [ -3.4021213, 51.7565081 ] ] ] } },
{ "type": "Feature", "properties": { "stop_id": "osm-way-1344281877", "name": null }, "geometry": { "type": "Polygon", "coordinates": [ [ [ -3.4054231, 51.7575313 ], [ -3.404898, 51.7572984 ], [ -3.4043395, 51.7570834 ], [ -3.4043697, 51.7570465 ], [ -3.4045239, 51.7570643 ], [ -3.4053205, 51.7573955 ], [ -3.4054754, 51.7575055 ], [ -3.4054231, 51.7575313 ] ] ] } },
{ "type": "Feature", "properties": { "stop_id": "osm-way-1347293964", "name": "Teesside Truck Stop" }, "geometry": { "type": "Polygon", "coordinates": [ [ [ -1.171605, 54.5843149 ], [ -1.1715621, 54.5834227 ], [ -1.1719054, 54.5822103 ], [ -1.1701454, 54.5821324 ], [ -1.1698656, 54.5834404 ], [ -1.1697563, 54.5834303 ], [ -1.1697992, 54.583731 ], [ -1.1698133, 54.5840248 ], [ -1.1700441, 54.5840203 ], [ -1.1700356, 54.5841335 ], [ -1.1701516, 54.5844282 ], [ -1.171605, 54.5843149 ] ] ] } },
{ "type": "Feature", "properties": { "stop_id": "osm-way-1353291092", "name": null }, "geometry": { "type": "Polygon", "coordinates": [ [ [ -0.305485, 51.6373069 ], [ -0.3052676, 51.6372598 ], [ -0.3050342, 51.6372082 ], [ -0.3046761, 51.6371561 ], [ -0.304654, 51.6372111 ], [ -0.3044532, 51.6372156 ], [ -0.3043365, 51.6372263 ], [ -0.3041887, 51.6372533 ], [ -0.3041075, 51.6372806 ], [ -0.3040616, 51.6373016 ], [ -0.3040398, 51.6373338 ], [ -0.3037924, 51.6377022 ], [ -0.3038962, 51.6377454 ], [ -0.3043234, 51.6378711 ], [ -0.3044508, 51.6377221 ], [ -0.3045407, 51.6376314 ], [ -0.3049817, 51.6374665 ], [ -0.305485, 51.6373069 ] ] ] } },
{ "type": "Feature", "properties": { "stop_id": "osm-way-1360217959", "name": null }, "geometry": { "type": "Polygon", "coordinates": [ [ [ -1.5195989, 51.7829803 ], [ -1.5196244, 51.7830133 ], [ -1.5194992, 51.7830479 ], [ -1.519433, 51.782963 ], [ -1.5194931, 51.7829465 ], [ -1.5195141, 51.7829738 ], [ -1.5195436, 51.7829658 ], [ -1.5195625, 51.7829909 ], [ -1.5195989, 51.7829803 ] ] ] } },
{ "type": "Feature", "properties": { "stop_id": "osm-way-1366622751", "name": null }, "geometry": { "type": "Polygon", "coordinates": [ [ [ 0.1201041, 52.2041799 ], [ 0.1200559, 52.2042679 ], [ 0.1201177, 52.2043219 ], [ 0.1201934, 52.2043001 ], [ 0.1201842, 52.2042196 ], [ 0.1202234, 52.204087 ], [ 0.1201041, 52.2041799 ] ] ] } },
{ "type": "Feature", "properties": { "stop_id": "osm-way-1367119990", "name": null }, "geometry": { "type": "Polygon", "coordinates": [ [ [ -4.4032274, 58.0184328 ], [ -4.4031586, 58.0181688 ], [ -4.4031895, 58.0181683 ], [ -4.4032005, 58.0180988 ], [ -4.4031961, 58.0179851 ], [ -4.4031707, 58.017876 ], [ -4.4031564, 58.0178223 ], [ -4.4031146, 58.0177698 ], [ -4.4030672, 58.0177167 ], [ -4.4030143, 58.0176794 ], [ -4.4029989, 58.0176706 ], [ -4.4029648, 58.0176823 ], [ -4.4028629, 58.0174774 ], [ -4.4029175, 58.0175278 ], [ -4.4030964, 58.01764 ], [ -4.403175, 58.0177086 ], [ -4.4032309, 58.0177785 ], [ -4.4032753, 58.0178685 ], [ -4.4033007, 58.0179512 ], [ -4.4033032, 58.0180527 ], [ -4.4032918, 58.018179 ], [ -4.4032702, 58.0183235 ], [ -4.4032437, 58.0183775 ], [ -4.4032274, 58.0184328 ] ] ] } },
{ "type": "Feature", "properties": { "stop_id": "osm-way-1368124732", "name": null }, "geometry": { "type": "Polygon", "coordinates": [ [ [ -3.3177062, 57.6372724 ], [ -3.3176893, 57.6371701 ], [ -3.317707, 57.6370642 ], [ -3.3177499, 57.6369363 ], [ -3.3176616, 57.6370512 ], [ -3.3176489, 57.6371485 ], [ -3.3176897, 57.6372526 ], [ -3.3177062, 57.6372724 ] ] ] } },
{ "type": "Feature", "properties": { "stop_id": "osm-way-1379318781", "name": "Pierrepont" }, "geometry": { "type": "Polygon", "coordinates": [ [ [ -1.0790221, 52.9354182 ], [ -1.0789644, 52.9350359 ], [ -1.0784585, 52.9351009 ], [ -1.0769284, 52.9353296 ], [ -1.0770712, 52.9353522 ], [ -1.0771376, 52.9353716 ], [ -1.0771624, 52.935389 ], [ -1.0772147, 52.9354937 ], [ -1.0772643, 52.9355458 ], [ -1.0770893, 52.9355749 ], [ -1.077037, 52.935568 ], [ -1.0769954, 52.93553 ], [ -1.0769492, 52.9355397 ], [ -1.0769143, 52.9355426 ], [ -1.0769277, 52.9355741 ], [ -1.0770361, 52.935826 ], [ -1.0780859, 52.9356717 ], [ -1.0780603, 52.9356141 ], [ -1.0781613, 52.9355946 ], [ -1.0786453, 52.935512 ], [ -1.0790221, 52.9354182 ] ] ] } },
{ "type": "Feature", "properties": { "stop_id": "osm-way-1379450358", "name": null }, "geometry": { "type": "Polygon", "coordinates": [ [ [ -3.0080796, 51.616602 ], [ -3.0077224, 51.6162103 ], [ -3.0075483, 51.6160753 ], [ -3.0070185, 51.616206 ], [ -3.0074459, 51.6167886 ], [ -3.0080796, 51.616602 ] ] ] } },
{ "type": "Feature", "properties": { "stop_id": "osm-way-1382349231", "name": "Bicker Bar Services" }, "geometry": { "type": "Polygon", "coordinates": [ [ [ -0.1566952, 52.9324672 ], [ -0.1576409, 52.9317571 ], [ -0.1582754, 52.9312807 ], [ -0.157903, 52.9308349 ], [ -0.1577168, 52.930751 ], [ -0.1574418, 52.9310195 ], [ -0.157139, 52.9312545 ], [ -0.1565072, 52.9316783 ], [ -0.1564097, 52.9317591 ], [ -0.1563558, 52.9318556 ], [ -0.1563401, 52.9319563 ], [ -0.1563558, 52.9320308 ], [ -0.1564532, 52.9321682 ], [ -0.1565402, 52.9322757 ], [ -0.1566952, 52.9324672 ] ] ] } },
{ "type": "Feature", "properties": { "stop_id": "osm-way-1382406333", "name": null }, "geometry": { "type": "Polygon", "coordinates": [ [ [ -4.4253926, 50.427153 ], [ -4.4251999, 50.4270083 ], [ -4.4248838, 50.4267711 ], [ -4.4246201, 50.4265857 ], [ -4.4238972, 50.4264442 ], [ -4.4234507, 50.4263568 ], [ -4.4232391, 50.4263833 ], [ -4.4232975, 50.4264766 ], [ -4.4233591, 50.4265749 ], [ -4.4235186, 50.4266209 ], [ -4.4237518, 50.4266883 ], [ -4.4242947, 50.426845 ], [ -4.4245852, 50.4269453 ], [ -4.4251358, 50.4271355 ], [ -4.4253926, 50.427153 ] ] ] } },
{ "type": "Feature", "properties": { "stop_id": "osm-way-1383580404", "name": "Gibbet Nook Service Station" }, "geometry": { "type": "Polygon", "coordinates": [ [ [ -0.1571657, 53.1129329 ], [ -0.1564603, 53.1127486 ], [ -0.1561613, 53.1131608 ], [ -0.1567118, 53.1132964 ], [ -0.1567915, 53.1132866 ], [ -0.1568922, 53.113234 ], [ -0.1571657, 53.1129329 ] ] ] } },
{ "type": "Feature", "properties": { "stop_id": "osm-way-1383588883", "name": null }, "geometry": { "type": "Polygon", "coordinates": [ [ [ -0.2102747, 52.9784728 ], [ -0.2099448, 52.9783177 ], [ -0.2090248, 52.9779124 ], [ -0.2086439, 52.9777573 ], [ -0.2086734, 52.9779269 ], [ -0.2088397, 52.9781207 ], [ -0.2090704, 52.9783727 ], [ -0.2093949, 52.9785132 ], [ -0.2095612, 52.9785293 ], [ -0.2097705, 52.9785002 ], [ -0.2098241, 52.9784534 ], [ -0.2102747, 52.9784728 ] ] ] } },
{ "type": "Feature", "properties": { "stop_id": "osm-way-1383588884", "name": "Four Winds Service Station" }, "geometry": { "type": "Polygon", "coordinates": [ [ [ -0.2152878, 52.9799682 ], [ -0.2143839, 52.9797066 ], [ -0.2139252, 52.9796178 ], [ -0.2129811, 52.9793917 ], [ -0.2129676, 52.9792298 ], [ -0.2144911, 52.9792685 ], [ -0.215328, 52.9792491 ], [ -0.2168085, 52.9797336 ], [ -0.2165487, 52.9801188 ], [ -0.2154836, 52.9797373 ], [ -0.2152878, 52.9799682 ] ] ] } },
{ "type": "Feature", "properties": { "stop_id": "osm-way-1383593024", "name": "Sutterton Truck Stop" }, "geometry": { "type": "Polygon", "coordinates": [ [ [ -0.0877085, 52.8895964 ], [ -0.0877064, 52.8890944 ], [ -0.0879017, 52.8888196 ], [ -0.0880898, 52.8886333 ], [ -0.0871667, 52.8886163 ], [ -0.0864103, 52.8883638 ], [ -0.0854501, 52.8880402 ], [ -0.0842753, 52.8895193 ], [ -0.0842645, 52.8896941 ], [ -0.0843933, 52.8897653 ], [ -0.0848439, 52.889788 ], [ -0.0857934, 52.8896812 ], [ -0.0877085, 52.8895964 ] ] ] } },
{ "type": "Feature", "properties": { "stop_id": "osm-way-1387190877", "name": null }, "geometry": { "type": "Polygon", "coordinates": [ [ [ -1.8006096, 53.9306824 ], [ -1.8001435, 53.9306205 ], [ -1.8001536, 53.9305605 ], [ -1.8006096, 53.9306824 ] ] ] } },
{ "type": "Feature", "properties": { "stop_id": "osm-way-1387646689", "name": null }, "geometry": { "type": "Polygon", "coordinates": [ [ [ -2.2489419, 51.242022 ], [ -2.2491803, 51.2421328 ], [ -2.2494194, 51.2422514 ], [ -2.2495863, 51.2423799 ], [ -2.2497175, 51.2424975 ], [ -2.2498753, 51.2426585 ], [ -2.2499565, 51.2427743 ], [ -2.2498979, 51.2427898 ], [ -2.2498122, 51.2426754 ], [ -2.2497085, 51.242554 ], [ -2.2495844, 51.2424566 ], [ -2.2494401, 51.2423358 ], [ -2.2493138, 51.2422765 ], [ -2.249077, 51.2421481 ], [ -2.2489462, 51.2420775 ], [ -2.2489167, 51.2420586 ], [ -2.2489419, 51.242022 ] ] ] } },
{ "type": "Feature", "properties": { "stop_id": "osm-way-1388294802", "name": null }, "geometry": { "type": "Polygon", "coordinates": [ [ [ 0.0527779, 52.0664726 ], [ 0.0529325, 52.0662323 ], [ 0.0532576, 52.0663114 ], [ 0.0533532, 52.0662701 ], [ 0.053593, 52.0662651 ], [ 0.053715, 52.0662976 ], [ 0.0535565, 52.066505 ], [ 0.0534609, 52.0664926 ], [ 0.0533628, 52.0666302 ], [ 0.0527779, 52.0664726 ] ] ] } },
{ "type": "Feature", "properties": { "stop_id": "osm-way-1388660433", "name": "Welcome Break Fleet Services" }, "geometry": { "type": "Polygon", "coordinates": [ [ [ -0.8496612, 51.2973235 ], [ -0.8496635, 51.2973317 ], [ -0.8496655, 51.2973386 ], [ -0.84976, 51.2973327 ], [ -0.8498445, 51.2973369 ], [ -0.8501369, 51.297347 ], [ -0.8504936, 51.2973931 ], [ -0.8507281, 51.2974926 ], [ -0.8511172, 51.2976639 ], [ -0.8513398, 51.2977578 ], [ -0.8515356, 51.2978459 ], [ -0.8521744, 51.2981266 ], [ -0.8526747, 51.2983486 ], [ -0.8534545, 51.2982392 ], [ -0.8544427, 51.2980988 ], [ -0.8544467, 51.2979409 ], [ -0.8546598, 51.2979305 ], [ -0.8547426, 51.2980287 ], [ -0.8549299, 51.2979438 ], [ -0.8551194, 51.2978516 ], [ -0.8551755, 51.2978243 ], [ -0.855256, 51.2977874 ], [ -0.8560789, 51.2974107 ], [ -0.8561571, 51.2973763 ], [ -0.8561987, 51.2973444 ], [ -0.8567002, 51.2971088 ], [ -0.8573303, 51.2968137 ], [ -0.8584353, 51.2962912 ], [ -0.8592229, 51.2959407 ], [ -0.8593436, 51.2958895 ], [ -0.8595005, 51.2958325 ], [ -0.8596145, 51.2957981 ], [ -0.8585671, 51.2960052 ], [ -0.8581768, 51.2961176 ], [ -0.858103, 51.2959927 ], [ -0.8580534, 51.2958979 ], [ -0.8570167, 51.2960849 ], [ -0.8568518, 51.2961184 ], [ -0.8564977, 51.2961864 ], [ -0.8561035, 51.2962535 ], [ -0.855787, 51.2963105 ], [ -0.8549233, 51.2964413 ], [ -0.8546591, 51.296474 ], [ -0.85436, 51.2965092 ], [ -0.85425, 51.2965268 ], [ -0.8539671, 51.296557 ], [ -0.8531436, 51.2966727 ], [ -0.8521365, 51.2968128 ], [ -0.8514699, 51.2969 ], [ -0.8514069, 51.2969151 ], [ -0.8508517, 51.2970065 ], [ -0.8501798, 51.2971172 ], [ -0.8499578, 51.2972128 ], [ -0.849811, 51.2972685 ], [ -0.8496612, 51.2973235 ] ] ] } },
{ "type": "Feature", "properties": { "stop_id": "osm-way-1395831153", "name": null }, "geometry": { "type": "Polygon", "coordinates": [ [ [ -1.5075957, 54.8719517 ], [ -1.5078494, 54.872017 ], [ -1.5081404, 54.8721482 ], [ -1.5087399, 54.8724375 ], [ -1.5092053, 54.872666 ], [ -1.5097377, 54.8729306 ], [ -1.5099067, 54.8730387 ], [ -1.5099602, 54.8731395 ], [ -1.5075957, 54.8719517 ] ] ] } },
{ "type": "Feature", "properties": { "stop_id": "osm-way-1409740204", "name": "Service Yard" }, "geometry": { "type": "Polygon", "coordinates": [ [ [ -5.691219, 57.7278032 ], [ -5.6912066, 57.7278299 ], [ -5.691195, 57.7278604 ], [ -5.6910732, 57.7278471 ], [ -5.6910955, 57.7277887 ], [ -5.691219, 57.7278032 ] ] ] } },
{ "type": "Feature", "properties": { "stop_id": "osm-way-1409854522", "name": null }, "geometry": { "type": "Polygon", "coordinates": [ [ [ -0.1961126, 52.3425062 ], [ -0.1962829, 52.3426971 ], [ -0.1962068, 52.3427228 ], [ -0.1960867, 52.3427663 ], [ -0.1960165, 52.3428016 ], [ -0.1959651, 52.3428277 ], [ -0.1958732, 52.3428755 ], [ -0.1958357, 52.3429186 ], [ -0.1958347, 52.3429602 ], [ -0.195855, 52.3430095 ], [ -0.1959683, 52.343166 ], [ -0.1960685, 52.3432968 ], [ -0.1961002, 52.3433373 ], [ -0.1959858, 52.343371 ], [ -0.1954727, 52.3426945 ], [ -0.1961126, 52.3425062 ] ] ] } },
{ "type": "Feature", "properties": { "stop_id": "osm-way-1409876149", "name": null }, "geometry": { "type": "Polygon", "coordinates": [ [ [ -1.0879151, 52.6947394 ], [ -1.0866671, 52.6948065 ], [ -1.0870273, 52.6943175 ], [ -1.0871843, 52.6943805 ], [ -1.087308, 52.6942701 ], [ -1.0878516, 52.6945139 ], [ -1.0879151, 52.6947394 ] ] ] } },
{ "type": "Feature", "properties": { "stop_id": "osm-way-1411181966", "name": "Moto Reading Westbound" }, "geometry": { "type": "Polygon", "coordinates": [ [ [ -1.031457, 51.4232314 ], [ -1.0313141, 51.423184 ], [ -1.0310988, 51.4231263 ], [ -1.0309316, 51.4230966 ], [ -1.030986, 51.4230117 ], [ -1.030956, 51.4229781 ], [ -1.0308225, 51.4228277 ], [ -1.0307389, 51.4227809 ], [ -1.030722, 51.4220629 ], [ -1.0319587, 51.4213053 ], [ -1.0321378, 51.4212232 ], [ -1.0322896, 51.4211757 ], [ -1.0324441, 51.4211421 ], [ -1.032581, 51.4211203 ], [ -1.0326809, 51.4211108 ], [ -1.0328389, 51.421108 ], [ -1.0330201, 51.4211177 ], [ -1.0331919, 51.4211352 ], [ -1.0333296, 51.4211582 ], [ -1.0334847, 51.4211965 ], [ -1.0341216, 51.4214183 ], [ -1.0342078, 51.4215298 ], [ -1.034282, 51.4216855 ], [ -1.035585, 51.4220879 ], [ -1.0358367, 51.422049 ], [ -1.0362408, 51.4220915 ], [ -1.0367835, 51.4222291 ], [ -1.0371561, 51.4223491 ], [ -1.0391884, 51.4231295 ], [ -1.0395081, 51.4232651 ], [ -1.0398597, 51.4234321 ], [ -1.0399823, 51.4235092 ], [ -1.0400755, 51.4235822 ], [ -1.0401396, 51.4236508 ], [ -1.0401721, 51.4237127 ], [ -1.0401815, 51.42378 ], [ -1.0401785, 51.4238299 ], [ -1.0401191, 51.4241018 ], [ -1.0401071, 51.4241441 ], [ -1.0400896, 51.4241911 ], [ -1.0400418, 51.4242806 ], [ -1.0398546, 51.4245995 ], [ -1.0398063, 51.4246662 ], [ -1.0397037, 51.424763 ], [ -1.0396391, 51.4248133 ], [ -1.0395736, 51.4248496 ], [ -1.0394543, 51.4249098 ], [ -1.0393342, 51.4249621 ], [ -1.039159, 51.4250211 ], [ -1.0390205, 51.4250641 ], [ -1.0389248, 51.4250865 ], [ -1.0387001, 51.4250838 ], [ -1.0385632, 51.4250629 ], [ -1.0383928, 51.4250255 ], [ -1.0381837, 51.4249631 ], [ -1.0324423, 51.4230767 ], [ -1.0317945, 51.4230316 ], [ -1.031793, 51.4231002 ], [ -1.0316904, 51.4231259 ], [ -1.0315687, 51.4231713 ], [ -1.0315283, 51.4231863 ], [ -1.031457, 51.4232314 ] ] ] } },
{ "type": "Feature", "properties": { "stop_id": "osm-way-1411404789", "name": null }, "geometry": { "type": "Polygon", "coordinates": [ [ [ 0.3639162, 52.2494829 ], [ 0.3638851, 52.2493303 ], [ 0.3640704, 52.2491231 ], [ 0.3640751, 52.249024 ], [ 0.3638879, 52.2488822 ], [ 0.3634209, 52.2486198 ], [ 0.3632923, 52.248592 ], [ 0.3626545, 52.2486188 ], [ 0.3639162, 52.2494829 ] ] ] } },
{ "type": "Feature", "properties": { "stop_id": "osm-way-1412793050", "name": "Service Yard 7" }, "geometry": { "type": "Polygon", "coordinates": [ [ [ -0.1098533, 51.5937821 ], [ -0.1098411, 51.5937866 ], [ -0.1094425, 51.5939518 ], [ -0.1089388, 51.5935047 ], [ -0.108848, 51.5935444 ], [ -0.1088081, 51.59351 ], [ -0.1087488, 51.5934589 ], [ -0.1088905, 51.5933937 ], [ -0.1094205, 51.5935969 ], [ -0.1094983, 51.5936268 ], [ -0.1095626, 51.5936523 ], [ -0.109621, 51.5936769 ], [ -0.1096587, 51.5936942 ], [ -0.1098051, 51.5937567 ], [ -0.1098369, 51.5937736 ], [ -0.1098456, 51.593778 ], [ -0.1098533, 51.5937821 ] ] ] } },
{ "type": "Feature", "properties": { "stop_id": "osm-way-1415723072", "name": "Welcome Break Hickling" }, "geometry": { "type": "Polygon", "coordinates": [ [ [ -1.0286736, 52.850927 ], [ -1.0306766, 52.8504636 ], [ -1.0307785, 52.8504349 ], [ -1.0312165, 52.8503611 ], [ -1.0312878, 52.8503488 ], [ -1.0319341, 52.8502262 ], [ -1.0318957, 52.8502668 ], [ -1.0320046, 52.8502782 ], [ -1.0317205, 52.8510045 ], [ -1.0315501, 52.8515707 ], [ -1.0314945, 52.8517285 ], [ -1.0313928, 52.8518364 ], [ -1.0312572, 52.8518848 ], [ -1.0309954, 52.8519182 ], [ -1.0308505, 52.8519592 ], [ -1.0306349, 52.852015 ], [ -1.030487, 52.8520262 ], [ -1.030336, 52.8520262 ], [ -1.0298461, 52.8518475 ], [ -1.0290042, 52.8512287 ], [ -1.0288109, 52.8510866 ], [ -1.0287649, 52.8510393 ], [ -1.0286736, 52.850927 ] ] ] } },
{ "type": "Feature", "properties": { "stop_id": "osm-way-1416029860", "name": null }, "geometry": { "type": "Polygon", "coordinates": [ [ [ -1.543462, 53.8013738 ], [ -1.5435977, 53.801397 ], [ -1.5433933, 53.8017916 ], [ -1.5432601, 53.801769 ], [ -1.5432921, 53.8017165 ], [ -1.5432669, 53.8017149 ], [ -1.5433134, 53.8016264 ], [ -1.5433742, 53.8015105 ], [ -1.5433986, 53.8014655 ], [ -1.5434099, 53.8014424 ], [ -1.5434428, 53.8014465 ], [ -1.5434564, 53.8014163 ], [ -1.5434441, 53.8014136 ], [ -1.543462, 53.8013738 ] ] ] } },
{ "type": "Feature", "properties": { "stop_id": "osm-way-1416376393", "name": "The Library" }, "geometry": { "type": "Polygon", "coordinates": [ [ [ -1.5445766, 53.8014609 ], [ -1.5445418, 53.8013983 ], [ -1.5442836, 53.8014483 ], [ -1.5443004, 53.8014793 ], [ -1.5443174, 53.8015106 ], [ -1.5445766, 53.8014609 ] ] ] } },
{ "type": "Feature", "properties": { "stop_id": "osm-way-1417398175", "name": null }, "geometry": { "type": "Polygon", "coordinates": [ [ [ -3.7009934, 51.7137695 ], [ -3.7005193, 51.7139016 ], [ -3.6999468, 51.7140159 ], [ -3.6996281, 51.71382 ], [ -3.699706, 51.7137762 ], [ -3.699883, 51.713706 ], [ -3.7000316, 51.7135964 ], [ -3.7001732, 51.713513 ], [ -3.7004705, 51.7134034 ], [ -3.7006333, 51.7134166 ], [ -3.7009934, 51.7137695 ] ] ] } },
{ "type": "Feature", "properties": { "stop_id": "osm-way-1419976079", "name": "Morcott Services" }, "geometry": { "type": "Polygon", "coordinates": [ [ [ -0.644588, 52.5937516 ], [ -0.6446294, 52.5934782 ], [ -0.643016, 52.5934203 ], [ -0.6430165, 52.5934896 ], [ -0.6430812, 52.5936017 ], [ -0.6431796, 52.593646 ], [ -0.6433996, 52.5937017 ], [ -0.6438327, 52.593734 ], [ -0.644588, 52.5937516 ] ] ] } },
{ "type": "Feature", "properties": { "stop_id": "osm-way-1420427016", "name": "Beacon Hill Services" }, "geometry": { "type": "Polygon", "coordinates": [ [ [ 1.0790365, 52.1475033 ], [ 1.0796615, 52.1477782 ], [ 1.0796883, 52.1483592 ], [ 1.080225, 52.1486855 ], [ 1.0807693, 52.1484184 ], [ 1.0808229, 52.1484629 ], [ 1.0819762, 52.147923 ], [ 1.0809356, 52.1472663 ], [ 1.0808015, 52.1471972 ], [ 1.0806486, 52.1471429 ], [ 1.0804501, 52.1470869 ], [ 1.0802919, 52.1470622 ], [ 1.0801309, 52.1470441 ], [ 1.0799351, 52.1470441 ], [ 1.0797849, 52.1470589 ], [ 1.0796615, 52.1470902 ], [ 1.0795194, 52.1471544 ], [ 1.0793021, 52.1472877 ], [ 1.0790365, 52.1475033 ] ] ] } },
{ "type": "Feature", "properties": { "stop_id": "osm-way-1421111309", "name": null }, "geometry": { "type": "Polygon", "coordinates": [ [ [ 1.7392119, 52.4896119 ], [ 1.7390591, 52.4896213 ], [ 1.7390244, 52.4895126 ], [ 1.7392262, 52.4894983 ], [ 1.7392498, 52.4896094 ], [ 1.7392119, 52.4896119 ] ] ] } },
{ "type": "Feature", "properties": { "stop_id": "osm-way-1421741371", "name": null }, "geometry": { "type": "Polygon", "coordinates": [ [ [ 1.1382411, 52.0259634 ], [ 1.1383469, 52.0258085 ], [ 1.1385494, 52.0258605 ], [ 1.1386769, 52.0256938 ], [ 1.1389963, 52.0253142 ], [ 1.1387761, 52.025145 ], [ 1.1373894, 52.0249909 ], [ 1.137089, 52.0251912 ], [ 1.1368033, 52.0256434 ], [ 1.1368017, 52.0257152 ], [ 1.1375959, 52.0259323 ], [ 1.1380371, 52.0259248 ], [ 1.1382411, 52.0259634 ] ] ] } },
{ "type": "Feature", "properties": { "stop_id": "osm-way-1424428836", "name": "Wangford Service Station" }, "geometry": { "type": "Polygon", "coordinates": [ [ [ 1.6304372, 52.3608134 ], [ 1.6303098, 52.3610223 ], [ 1.6305254, 52.3610892 ], [ 1.6303698, 52.3613091 ], [ 1.630585, 52.3613659 ], [ 1.6307428, 52.3611429 ], [ 1.6309133, 52.3610042 ], [ 1.6306799, 52.3609117 ], [ 1.6304372, 52.3608134 ] ] ] } },
{ "type": "Feature", "properties": { "stop_id": "osm-way-1425645696", "name": null }, "geometry": { "type": "Polygon", "coordinates": [ [ [ -1.4765373, 54.6498092 ], [ -1.4763254, 54.6498977 ], [ -1.4761001, 54.6499737 ], [ -1.4754483, 54.6500637 ], [ -1.4749682, 54.6501522 ], [ -1.4745846, 54.650222 ], [ -1.4743352, 54.6502623 ], [ -1.4739677, 54.6502825 ], [ -1.4733964, 54.6502903 ], [ -1.4730853, 54.6502887 ], [ -1.4729539, 54.6502763 ], [ -1.4727607, 54.6501801 ], [ -1.4731604, 54.6501118 ], [ -1.4747804, 54.6499613 ], [ -1.4759499, 54.6498604 ], [ -1.4765373, 54.6498092 ] ] ] } },
{ "type": "Feature", "properties": { "stop_id": "osm-way-1425645697", "name": null }, "geometry": { "type": "Polygon", "coordinates": [ [ [ -1.4786321, 54.649519 ], [ -1.4772508, 54.6496385 ], [ -1.477299, 54.6495485 ], [ -1.4773575, 54.6494797 ], [ -1.4775254, 54.6494224 ], [ -1.4778663, 54.6493545 ], [ -1.4782298, 54.6493436 ], [ -1.4784631, 54.6494011 ], [ -1.4786321, 54.649519 ] ] ] } },
{ "type": "Feature", "properties": { "stop_id": "osm-way-1429543094", "name": null }, "geometry": { "type": "Polygon", "coordinates": [ [ [ -0.3303606, 52.544376 ], [ -0.3297947, 52.5445799 ], [ -0.3308878, 52.5454797 ], [ -0.3314067, 52.5452976 ], [ -0.3303606, 52.544376 ] ] ] } },
{ "type": "Feature", "properties": { "stop_id": "osm-way-1430380966", "name": "Stibbington Diner Lorry Park" }, "geometry": { "type": "Polygon", "coordinates": [ [ [ -0.39738, 52.5719944 ], [ -0.3967692, 52.5718121 ], [ -0.395342, 52.5713735 ], [ -0.3950656, 52.5712726 ], [ -0.3950817, 52.5711324 ], [ -0.3955341, 52.5706983 ], [ -0.3960894, 52.5707145 ], [ -0.3962959, 52.5708596 ], [ -0.3970486, 52.5714956 ], [ -0.39738, 52.5719944 ] ] ] } },
{ "type": "Feature", "properties": { "stop_id": "osm-way-1430380971", "name": null }, "geometry": { "type": "Polygon", "coordinates": [ [ [ -0.2706523, 52.5167725 ], [ -0.2706799, 52.5167022 ], [ -0.2707285, 52.516559 ], [ -0.2707466, 52.5164906 ], [ -0.270536, 52.5164669 ], [ -0.2705374, 52.5164473 ], [ -0.2704033, 52.516431 ], [ -0.27041, 52.5164024 ], [ -0.2702785, 52.5163853 ], [ -0.2701605, 52.5167338 ], [ -0.2706523, 52.5167725 ] ] ] } },
{ "type": "Feature", "properties": { "stop_id": "osm-way-1430504879", "name": null }, "geometry": { "type": "Polygon", "coordinates": [ [ [ -3.2262677, 51.5029714 ], [ -3.22611, 51.5028882 ], [ -3.2260467, 51.5028577 ], [ -3.226003, 51.5028961 ], [ -3.2258903, 51.5029923 ], [ -3.2258464, 51.5030304 ], [ -3.2258156, 51.5030582 ], [ -3.2258456, 51.5031106 ], [ -3.225851, 51.5031624 ], [ -3.2258368, 51.5032302 ], [ -3.2258076, 51.5032803 ], [ -3.2257616, 51.5033354 ], [ -3.2256784, 51.5033992 ], [ -3.226035, 51.503511 ], [ -3.2262674, 51.5033247 ], [ -3.2264059, 51.5031942 ], [ -3.2263668, 51.5031756 ], [ -3.2263807, 51.503162 ], [ -3.2263348, 51.5031459 ], [ -3.2263407, 51.5031405 ], [ -3.2262671, 51.5031136 ], [ -3.2262613, 51.5031201 ], [ -3.2262105, 51.5031023 ], [ -3.2262864, 51.5030278 ], [ -3.2263304, 51.5030044 ], [ -3.2262677, 51.5029714 ] ] ] } },
{ "type": "Feature", "properties": { "stop_id": "osm-way-1430626327", "name": null }, "geometry": { "type": "Polygon", "coordinates": [ [ [ -6.9399705, 54.5511928 ], [ -6.9400136, 54.5513348 ], [ -6.9401523, 54.5518325 ], [ -6.9403602, 54.5515636 ], [ -6.940257, 54.5513429 ], [ -6.9399705, 54.5511928 ] ] ] } },
{ "type": "Feature", "properties": { "stop_id": "osm-way-1435646359", "name": null }, "geometry": { "type": "Polygon", "coordinates": [ [ [ -2.1365631, 55.2197505 ], [ -2.1363887, 55.2197205 ], [ -2.1358789, 55.2194522 ], [ -2.1352929, 55.2192232 ], [ -2.1350556, 55.2191555 ], [ -2.1353134, 55.2191388 ], [ -2.1355947, 55.219214 ], [ -2.1359053, 55.2193143 ], [ -2.1361748, 55.2194455 ], [ -2.1364752, 55.2196703 ], [ -2.1365631, 55.2197505 ] ] ] } },
{ "type": "Feature", "properties": { "stop_id": "osm-way-1436509786", "name": null }, "geometry": { "type": "Polygon", "coordinates": [ [ [ -1.5602499, 52.7630499 ], [ -1.5602803, 52.7630074 ], [ -1.5602133, 52.7629897 ], [ -1.5601828, 52.7630323 ], [ -1.5602499, 52.7630499 ] ] ] } },
{ "type": "Feature", "properties": { "stop_id": "osm-way-1436509787", "name": null }, "geometry": { "type": "Polygon", "coordinates": [ [ [ -1.5601783, 52.7630381 ], [ -1.5601828, 52.7630323 ], [ -1.5602133, 52.7629897 ], [ -1.5601478, 52.7629691 ], [ -1.5601069, 52.7630194 ], [ -1.5601176, 52.7630226 ], [ -1.5601783, 52.7630381 ] ] ] } },
{ "type": "Feature", "properties": { "stop_id": "osm-way-1444705902", "name": "Caxton Gibbet Services" }, "geometry": { "type": "Polygon", "coordinates": [ [ [ -0.1056783, 52.2285263 ], [ -0.1056354, 52.2282749 ], [ -0.1039301, 52.228404 ], [ -0.1038275, 52.2284129 ], [ -0.1035065, 52.2284402 ], [ -0.1033697, 52.2284352 ], [ -0.1032324, 52.2284632 ], [ -0.1034309, 52.2285963 ], [ -0.1038439, 52.2287015 ], [ -0.104265, 52.2286768 ], [ -0.1056866, 52.2285552 ], [ -0.1056783, 52.2285263 ] ] ] } },
{ "type": "Feature", "properties": { "stop_id": "osm-way-1447087233", "name": null }, "geometry": { "type": "Polygon", "coordinates": [ [ [ -3.2471316, 51.5047862 ], [ -3.2468284, 51.5046433 ], [ -3.2466123, 51.5045463 ], [ -3.2465942, 51.5045527 ], [ -3.2462941, 51.5047485 ], [ -3.2465494, 51.5049496 ], [ -3.2471316, 51.5047862 ] ] ] } },
{ "type": "Feature", "properties": { "stop_id": "osm-way-1451579782", "name": null }, "geometry": { "type": "Polygon", "coordinates": [ [ [ -1.4652428, 50.9175969 ], [ -1.4651702, 50.9176552 ], [ -1.4646651, 50.9180644 ], [ -1.4640035, 50.917753 ], [ -1.4641063, 50.9176529 ], [ -1.4642188, 50.9175462 ], [ -1.4644106, 50.9176425 ], [ -1.4645759, 50.9175072 ], [ -1.4643852, 50.9174147 ], [ -1.4644497, 50.917362 ], [ -1.4645591, 50.9172748 ], [ -1.4652428, 50.9175969 ] ] ] } },
{ "type": "Feature", "properties": { "stop_id": "osm-way-1452456959", "name": null }, "geometry": { "type": "Polygon", "coordinates": [ [ [ -3.2383248, 52.0129626 ], [ -3.2386071, 52.0128425 ], [ -3.2386109, 52.0128205 ], [ -3.2386118, 52.0128152 ], [ -3.2386688, 52.0127731 ], [ -3.2388123, 52.0126852 ], [ -3.2390618, 52.0125783 ], [ -3.2392488, 52.0125218 ], [ -3.2392837, 52.0125263 ], [ -3.2392763, 52.0125403 ], [ -3.2394567, 52.0124595 ], [ -3.2394051, 52.0124652 ], [ -3.2393588, 52.0124623 ], [ -3.23933, 52.0124318 ], [ -3.2392636, 52.0124479 ], [ -3.2391784, 52.0124673 ], [ -3.2391456, 52.0124483 ], [ -3.2389189, 52.0125548 ], [ -3.2386891, 52.012651 ], [ -3.2386782, 52.0126815 ], [ -3.23852, 52.0128012 ], [ -3.238463, 52.0128165 ], [ -3.2384328, 52.0128491 ], [ -3.2384167, 52.0128841 ], [ -3.2383248, 52.0129626 ] ] ] } },
{ "type": "Feature", "properties": { "stop_id": "osm-way-1452456960", "name": null }, "geometry": { "type": "Polygon", "coordinates": [ [ [ -3.2376409, 52.0134009 ], [ -3.2373579, 52.0135783 ], [ -3.2373304, 52.0136151 ], [ -3.2369985, 52.0138491 ], [ -3.236517, 52.0141363 ], [ -3.2364251, 52.0141784 ], [ -3.236403, 52.0141685 ], [ -3.2361227, 52.0143443 ], [ -3.2363252, 52.0143072 ], [ -3.2367651, 52.014076 ], [ -3.2370588, 52.013892 ], [ -3.237213, 52.0137979 ], [ -3.2374451, 52.013632 ], [ -3.2375577, 52.0135271 ], [ -3.2376409, 52.0134009 ] ] ] } },
{ "type": "Feature", "properties": { "stop_id": "osm-way-1453297792", "name": null }, "geometry": { "type": "Polygon", "coordinates": [ [ [ 0.2626249, 51.8948538 ], [ 0.2627577, 51.8948961 ], [ 0.2627917, 51.8949064 ], [ 0.262816, 51.8949111 ], [ 0.2628493, 51.8949119 ], [ 0.2628723, 51.8949081 ], [ 0.2628903, 51.8949017 ], [ 0.2629021, 51.894891 ], [ 0.2629049, 51.8948798 ], [ 0.2628993, 51.894864 ], [ 0.2628792, 51.8948438 ], [ 0.2628487, 51.8948211 ], [ 0.2628257, 51.8948057 ], [ 0.2627706, 51.8947771 ], [ 0.2627466, 51.8947677 ], [ 0.262721, 51.8947606 ], [ 0.2626913, 51.8947783 ], [ 0.2626394, 51.8948094 ], [ 0.2626104, 51.8948268 ], [ 0.2626019, 51.8948333 ], [ 0.2625997, 51.8948388 ], [ 0.2626022, 51.8948434 ], [ 0.2626093, 51.894848 ], [ 0.2626249, 51.8948538 ] ] ] } },
{ "type": "Feature", "properties": { "stop_id": "osm-way-1454521274", "name": null }, "geometry": { "type": "Polygon", "coordinates": [ [ [ -4.3095924, 52.2109731 ], [ -4.3091603, 52.2110347 ], [ -4.3088493, 52.2110555 ], [ -4.3085778, 52.2110641 ], [ -4.3087391, 52.211215 ], [ -4.3096105, 52.21106 ], [ -4.3095924, 52.2109731 ] ] ] } },
{ "type": "Feature", "properties": { "stop_id": "osm-way-1456528855", "name": null }, "geometry": { "type": "Polygon", "coordinates": [ [ [ -1.497885, 54.5230632 ], [ -1.4978099, 54.5232656 ], [ -1.4976999, 54.5234321 ], [ -1.4976329, 54.5234991 ], [ -1.4975645, 54.5234851 ], [ -1.4977844, 54.5229293 ], [ -1.4978769, 54.5226507 ], [ -1.4979507, 54.5226678 ], [ -1.4979427, 54.5228414 ], [ -1.4979172, 54.5229745 ], [ -1.497885, 54.5230632 ] ] ] } },
{ "type": "Feature", "properties": { "stop_id": "osm-way-1456542356", "name": null }, "geometry": { "type": "Polygon", "coordinates": [ [ [ -1.5636997, 54.507625 ], [ -1.5635575, 54.5075377 ], [ -1.5631673, 54.507498 ], [ -1.5627703, 54.5074692 ], [ -1.5626094, 54.5074692 ], [ -1.5625209, 54.5075268 ], [ -1.5630198, 54.5075619 ], [ -1.5636997, 54.507625 ] ] ] } },
{ "type": "Feature", "properties": { "stop_id": "osm-way-1456542357", "name": null }, "geometry": { "type": "Polygon", "coordinates": [ [ [ -1.5536964, 54.5065901 ], [ -1.5534684, 54.5066236 ], [ -1.553113, 54.5065528 ], [ -1.5527844, 54.5064671 ], [ -1.5526852, 54.5064251 ], [ -1.5526889, 54.5063503 ], [ -1.5531506, 54.5064663 ], [ -1.5536964, 54.5065901 ] ] ] } },
{ "type": "Feature", "properties": { "stop_id": "osm-way-1456542490", "name": null }, "geometry": { "type": "Polygon", "coordinates": [ [ [ -1.5269393, 54.5084655 ], [ -1.5268622, 54.508543 ], [ -1.5264854, 54.5086395 ], [ -1.5259664, 54.5087446 ], [ -1.5256204, 54.5087773 ], [ -1.5255976, 54.5087158 ], [ -1.5265846, 54.5085352 ], [ -1.5269393, 54.5084655 ] ] ] } },
{ "type": "Feature", "properties": { "stop_id": "osm-way-1456542491", "name": null }, "geometry": { "type": "Polygon", "coordinates": [ [ [ -1.5185916, 54.5098027 ], [ -1.5184549, 54.5097436 ], [ -1.517964, 54.5098027 ], [ -1.5174222, 54.5098837 ], [ -1.5170024, 54.5099592 ], [ -1.5169649, 54.5100433 ], [ -1.5176851, 54.5099343 ], [ -1.5185916, 54.5098027 ] ] ] } },
{ "type": "Feature", "properties": { "stop_id": "osm-way-1456542492", "name": null }, "geometry": { "type": "Polygon", "coordinates": [ [ [ -1.5129429, 54.5107121 ], [ -1.5129523, 54.5106514 ], [ -1.5140708, 54.5105346 ], [ -1.5140601, 54.5105899 ], [ -1.5138307, 54.5106499 ], [ -1.5132219, 54.5107137 ], [ -1.5129429, 54.5107121 ] ] ] } },
{ "type": "Feature", "properties": { "stop_id": "osm-way-1458544001", "name": "Aerodrome Service Station" }, "geometry": { "type": "Polygon", "coordinates": [ [ [ 0.1303514, 52.0965083 ], [ 0.1307955, 52.0960135 ], [ 0.131327, 52.0961946 ], [ 0.1309705, 52.0967101 ], [ 0.1303514, 52.0965083 ] ] ] } },
{ "type": "Feature", "properties": { "stop_id": "osm-way-1466089079", "name": null }, "geometry": { "type": "Polygon", "coordinates": [ [ [ -1.4000847, 51.5933763 ], [ -1.400234, 51.5933479 ], [ -1.4001121, 51.5932769 ], [ -1.3999628, 51.5932533 ], [ -1.3997952, 51.5932589 ], [ -1.3993031, 51.5933205 ], [ -1.3989786, 51.5934056 ], [ -1.3988521, 51.5934851 ], [ -1.3988384, 51.5935523 ], [ -1.3990807, 51.5935325 ], [ -1.3990791, 51.5934908 ], [ -1.3991416, 51.5934577 ], [ -1.399524, 51.5933848 ], [ -1.3998501, 51.593347 ], [ -1.3999689, 51.5933422 ], [ -1.4000329, 51.5933488 ], [ -1.4000847, 51.5933763 ] ] ] } },
{ "type": "Feature", "properties": { "stop_id": "osm-way-1466494932", "name": "No. 14: Special Features O-R" }, "geometry": { "type": "Polygon", "coordinates": [ [ [ -1.449359, 52.5594205 ], [ -1.4493393, 52.5594065 ], [ -1.4492651, 52.5593537 ], [ -1.4460099, 52.5609499 ], [ -1.4460871, 52.5610041 ], [ -1.4461087, 52.5610192 ], [ -1.449359, 52.5594205 ] ] ] } },
{ "type": "Feature", "properties": { "stop_id": "osm-way-1466494936", "name": "No. 14: Special Features R" }, "geometry": { "type": "Polygon", "coordinates": [ [ [ -1.4501177, 52.558725 ], [ -1.4500453, 52.5587875 ], [ -1.4499332, 52.5583744 ], [ -1.4500336, 52.5583616 ], [ -1.4501177, 52.558725 ] ] ] } },
{ "type": "Feature", "properties": { "stop_id": "osm-way-1466494941", "name": null }, "geometry": { "type": "Polygon", "coordinates": [ [ [ -1.4355807, 52.5628982 ], [ -1.4353178, 52.5630172 ], [ -1.4352561, 52.562952 ], [ -1.4353956, 52.5628949 ], [ -1.4354251, 52.5629047 ], [ -1.4355082, 52.5629063 ], [ -1.4355807, 52.5628982 ] ] ] } },
{ "type": "Feature", "properties": { "stop_id": "osm-way-1466494943", "name": null }, "geometry": { "type": "Polygon", "coordinates": [ [ [ -1.4385857, 52.56161 ], [ -1.4387564, 52.5615334 ], [ -1.4387727, 52.5616001 ], [ -1.4386466, 52.561647 ], [ -1.4385857, 52.56161 ] ] ] } },
{ "type": "Feature", "properties": { "stop_id": "osm-way-1466494944", "name": null }, "geometry": { "type": "Polygon", "coordinates": [ [ [ -1.4405552, 52.5606761 ], [ -1.4405174, 52.5606553 ], [ -1.4404761, 52.5606358 ], [ -1.4404156, 52.560633 ], [ -1.4403785, 52.5606507 ], [ -1.4403523, 52.5606708 ], [ -1.4403501, 52.5607054 ], [ -1.4403407, 52.5607358 ], [ -1.4403257, 52.560782 ], [ -1.4405552, 52.5606761 ] ] ] } },
{ "type": "Feature", "properties": { "stop_id": "osm-way-1470854737", "name": "Pace Sawtry Service Station" }, "geometry": { "type": "Polygon", "coordinates": [ [ [ -0.2627759, 52.4100737 ], [ -0.2623202, 52.4087357 ], [ -0.2638512, 52.4085751 ], [ -0.2641839, 52.4095901 ], [ -0.2627759, 52.4100737 ] ] ] } },
{ "type": "Feature", "properties": { "stop_id": "osm-way-1472990179", "name": "Jacks Hill Cafe & Truck Stop" }, "geometry": { "type": "Polygon", "coordinates": [ [ [ -0.9997692, 52.1442869 ], [ -0.9999753, 52.1442691 ], [ -1.0000987, 52.1442314 ], [ -1.0002251, 52.1441585 ], [ -1.000319, 52.1440779 ], [ -1.0008125, 52.1438952 ], [ -1.0009654, 52.1440367 ], [ -1.00118, 52.1439725 ], [ -1.0014952, 52.1443758 ], [ -1.0007509, 52.1446326 ], [ -1.0001433, 52.1448194 ], [ -0.999863, 52.1444762 ], [ -0.9997692, 52.1442869 ] ] ] } },
{ "type": "Feature", "properties": { "stop_id": "osm-way-1481460969", "name": null }, "geometry": { "type": "Polygon", "coordinates": [ [ [ -0.2201875, 52.2890638 ], [ -0.2201412, 52.2890492 ], [ -0.2201772, 52.2890104 ], [ -0.220224, 52.2890243 ], [ -0.2201875, 52.2890638 ] ] ] } },
{ "type": "Feature", "properties": { "stop_id": "osm-way-1490163192", "name": null }, "geometry": { "type": "Polygon", "coordinates": [ [ [ 0.2798805, 51.4484307 ], [ 0.2798853, 51.4484413 ], [ 0.2798885, 51.4484488 ], [ 0.2798893, 51.4484549 ], [ 0.2798885, 51.4484609 ], [ 0.2798893, 51.44847 ], [ 0.2798917, 51.448477 ], [ 0.2799135, 51.4484966 ], [ 0.2800361, 51.4485971 ], [ 0.2801312, 51.4486132 ], [ 0.2802207, 51.4485579 ], [ 0.2802425, 51.4485036 ], [ 0.2805981, 51.4482795 ], [ 0.2804199, 51.4481634 ], [ 0.2803884, 51.448172 ], [ 0.2803545, 51.448181 ], [ 0.2803611, 51.4481863 ], [ 0.280443, 51.4482447 ], [ 0.2804546, 51.4482543 ], [ 0.2804591, 51.4482623 ], [ 0.2804602, 51.4482707 ], [ 0.2804574, 51.4482792 ], [ 0.2804462, 51.4482937 ], [ 0.2804256, 51.4483096 ], [ 0.2800998, 51.4485158 ], [ 0.2800608, 51.4485165 ], [ 0.2800123, 51.4484828 ], [ 0.2799899, 51.4484702 ], [ 0.2799568, 51.4484583 ], [ 0.2799083, 51.4484437 ], [ 0.2798881, 51.4484348 ], [ 0.2798805, 51.4484307 ] ] ] } },
{ "type": "Feature", "properties": { "stop_id": "osm-way-1510396169", "name": null }, "geometry": { "type": "Polygon", "coordinates": [ [ [ -1.9289324, 51.9865286 ], [ -1.9288801, 51.9865282 ], [ -1.9288821, 51.9864413 ], [ -1.9289344, 51.9864417 ], [ -1.9289324, 51.9865286 ] ] ] } },
{ "type": "Feature", "properties": { "stop_id": "osm-way-1518457305", "name": null }, "geometry": { "type": "Polygon", "coordinates": [ [ [ 0.3998697, 51.4314973 ], [ 0.399877, 51.4314382 ], [ 0.4002321, 51.4314426 ], [ 0.4002364, 51.4314494 ], [ 0.4002375, 51.4314951 ], [ 0.4001798, 51.4314951 ], [ 0.3998697, 51.4314973 ] ] ] } },
{ "type": "Feature", "properties": { "stop_id": "osm-way-1520104115", "name": "Swift Service Station" }, "geometry": { "type": "Polygon", "coordinates": [ [ [ -2.2222829, 52.9808549 ], [ -2.222219, 52.9808546 ], [ -2.2219864, 52.9808526 ], [ -2.2218008, 52.9808522 ], [ -2.2218058, 52.9807144 ], [ -2.2218139, 52.9804546 ], [ -2.2218147, 52.9803804 ], [ -2.2218135, 52.9803128 ], [ -2.2221388, 52.9803174 ], [ -2.2223024, 52.9803302 ], [ -2.2222829, 52.9808549 ] ] ] } },
{ "type": "Feature", "properties": { "stop_id": "osm-way-1526778885", "name": null }, "geometry": { "type": "Polygon", "coordinates": [ [ [ -2.4284866, 52.6543974 ], [ -2.4286261, 52.6543493 ], [ -2.4288406, 52.6543402 ], [ -2.4292569, 52.6543402 ], [ -2.4295895, 52.654292 ], [ -2.4294174, 52.6544794 ], [ -2.4288578, 52.6550886 ], [ -2.4285166, 52.6547723 ], [ -2.428405, 52.6546213 ], [ -2.4284115, 52.6545432 ], [ -2.4284437, 52.6544495 ], [ -2.4284866, 52.6543974 ] ] ] } },
{ "type": "Feature", "properties": { "stop_id": "osm-way-1530153192", "name": "Bilbrough Top Service Area" }, "geometry": { "type": "Polygon", "coordinates": [ [ [ -1.1877392, 53.9057875 ], [ -1.1868079, 53.9052516 ], [ -1.1866148, 53.9052958 ], [ -1.185882, 53.9053893 ], [ -1.1859568, 53.9057864 ], [ -1.1856512, 53.9059447 ], [ -1.1855132, 53.9058344 ], [ -1.1852396, 53.9059229 ], [ -1.1853406, 53.9060406 ], [ -1.1850128, 53.9061146 ], [ -1.1853933, 53.9065221 ], [ -1.1846814, 53.9067784 ], [ -1.1850424, 53.9071177 ], [ -1.1852736, 53.9071381 ], [ -1.1861999, 53.9066835 ], [ -1.1865736, 53.9065009 ], [ -1.1866401, 53.9063741 ], [ -1.1868624, 53.9062757 ], [ -1.1873182, 53.906043 ], [ -1.1877392, 53.9057875 ] ] ] } },
{ "type": "Feature", "properties": { "stop_id": "osm-way-1530155333", "name": null }, "geometry": { "type": "Polygon", "coordinates": [ [ [ 1.0581383, 52.0032025 ], [ 1.0583677, 52.0031392 ], [ 1.0589467, 52.0029794 ], [ 1.0596414, 52.0036851 ], [ 1.0596825, 52.003761 ], [ 1.0589054, 52.0043659 ], [ 1.0581383, 52.0032025 ] ] ] } },
{ "type": "Feature", "properties": { "stop_id": "osm-way-1530777329", "name": null }, "geometry": { "type": "Polygon", "coordinates": [ [ [ -2.465864, 52.6937593 ], [ -2.465225, 52.6937435 ], [ -2.4652379, 52.6933846 ], [ -2.4651564, 52.6933196 ], [ -2.4655169, 52.6933586 ], [ -2.4658146, 52.6933428 ], [ -2.465864, 52.6937593 ] ] ] } },
{ "type": "Feature", "properties": { "stop_id": "osm-way-1530864710", "name": null }, "geometry": { "type": "Polygon", "coordinates": [ [ [ 0.5359217, 51.8685792 ], [ 0.5369653, 51.8681258 ], [ 0.5380103, 51.867825 ], [ 0.5388944, 51.8676515 ], [ 0.5396368, 51.8676038 ], [ 0.5397506, 51.8677151 ], [ 0.5397935, 51.8678489 ], [ 0.5378366, 51.8685325 ], [ 0.5374366, 51.868649 ], [ 0.5370886, 51.8687273 ], [ 0.5368381, 51.8687775 ], [ 0.5365806, 51.8687778 ], [ 0.5364327, 51.8687717 ], [ 0.5362872, 51.8687489 ], [ 0.5360876, 51.8686986 ], [ 0.5359217, 51.8685792 ] ] ] } },
{ "type": "Feature", "properties": { "stop_id": "osm-way-1536356760", "name": null }, "geometry": { "type": "Polygon", "coordinates": [ [ [ 0.1783642, 51.720982 ], [ 0.178104, 51.7210543 ], [ 0.1776642, 51.7205433 ], [ 0.1777419, 51.7205151 ], [ 0.1778231, 51.7204972 ], [ 0.1783642, 51.720982 ] ] ] } },
{ "type": "Feature", "properties": { "stop_id": "osm-way-1539102211", "name": null }, "geometry": { "type": "Polygon", "coordinates": [ [ [ -3.2680234, 53.3198986 ], [ -3.268054, 53.3198749 ], [ -3.2683402, 53.3200073 ], [ -3.2683089, 53.3200314 ], [ -3.2682551, 53.3200066 ], [ -3.2682291, 53.3199945 ], [ -3.2682556, 53.3199741 ], [ -3.2681861, 53.3199419 ], [ -3.2681602, 53.3199619 ], [ -3.2681406, 53.3199528 ], [ -3.2680234, 53.3198986 ] ] ] } },
{ "type": "Feature", "properties": { "stop_id": "osm-way-1539326830", "name": null }, "geometry": { "type": "Polygon", "coordinates": [ [ [ -0.0124564, 51.9365462 ], [ -0.0121464, 51.9365321 ], [ -0.0120284, 51.936547 ], [ -0.0118285, 51.9366041 ], [ -0.0117186, 51.9366562 ], [ -0.011622, 51.9367397 ], [ -0.0115871, 51.936805 ], [ -0.0115858, 51.9368331 ], [ -0.0116088, 51.9370588 ], [ -0.0118709, 51.9370444 ], [ -0.0122526, 51.9369431 ], [ -0.0126219, 51.9368328 ], [ -0.0126541, 51.9367798 ], [ -0.0126326, 51.9367104 ], [ -0.0125468, 51.9365814 ], [ -0.0124564, 51.9365462 ] ] ] } },
{ "type": "Feature", "properties": { "stop_id": "osm-way-1539851068", "name": "Crawley Crossing Truck Stop" }, "geometry": { "type": "Polygon", "coordinates": [ [ [ -0.6051042, 52.0226332 ], [ -0.6052047, 52.0228179 ], [ -0.6050706, 52.0229717 ], [ -0.6050417, 52.0232135 ], [ -0.6036294, 52.0234432 ], [ -0.6033917, 52.0229482 ], [ -0.603509, 52.0229192 ], [ -0.6035166, 52.0228967 ], [ -0.6035121, 52.0228779 ], [ -0.6034938, 52.0228348 ], [ -0.6034496, 52.022696 ], [ -0.6034511, 52.0226613 ], [ -0.6034648, 52.0226417 ], [ -0.6034892, 52.0226248 ], [ -0.6035136, 52.0226154 ], [ -0.6035395, 52.0226088 ], [ -0.6040255, 52.0226388 ], [ -0.6040773, 52.0226276 ], [ -0.6041322, 52.0226173 ], [ -0.6041672, 52.0226342 ], [ -0.6041946, 52.0226717 ], [ -0.6042159, 52.0226932 ], [ -0.6042281, 52.0227082 ], [ -0.6042464, 52.0227167 ], [ -0.6049704, 52.0224964 ], [ -0.6050435, 52.0224702 ], [ -0.6050953, 52.0224599 ], [ -0.605141, 52.0224533 ], [ -0.6051639, 52.0224524 ], [ -0.6051882, 52.0224524 ], [ -0.6052339, 52.0224636 ], [ -0.6051042, 52.0226332 ] ] ] } }
]
}
